"email","quality","result","free","role"
"a.whippie@wgsglobalservices.com","good","ok","no","no"
"aakash@virtualitics.com","good","ok","no","no"
"aarav@milieuskin.com","good","ok","no","no"
"aaron.anliker@vivo-us.com","good","ok","no","no"
"aaron.dean@redstagfulfillment.com","good","ok","no","no"
"aaron.farrell@civmec.com.au","risky","catch_all","no","no"
"aaron.greene@pillarfour.com","good","ok","no","no"
"aaron.hawkins@molsoncoors.com","good","ok","no","no"
"aaron.nation@redriverbank.net","good","ok","no","no"
"aaron.parker@hillmangroup.com","good","ok","no","no"
"aaron.perdomo@pivotmanagementconsulting.com","good","ok","no","no"
"aaron@mindgard.ai","good","ok","no","no"
"aaron@perpetuals.com","good","ok","no","no"
"aaron@sproutmarketing.com","risky","catch_all","no","no"
"aaron@villitaavocados.com","good","ok","no","no"
"aaron@welltel.com","good","ok","no","no"
"aaron@whiskeysocial.app","risky","catch_all","no","no"
"aaronjunod@trabian.com","good","ok","no","no"
"aarroyo@ussecurityassociates.com","risky","catch_all","no","no"
"abakhle@numem.com","good","ok","no","no"
"abalfour@seekwell.com","good","ok","no","no"
"abastian@liberty.com.au","good","ok","no","no"
"abayiates@nasuni.com","good","ok","no","no"
"abbyadmete@economist.com","good","ok","no","no"
"abenavides@nemetschek.com","good","ok","no","no"
"abhas.jain@nexthink.com","good","ok","no","no"
"abhatt@petsafe.net","bad","invalid","no","no"
"abhishek.nishis@youcoach.it","good","ok","no","no"
"abitter@snetconnect.com","good","ok","no","no"
"ablair@libertyglobal.com","good","ok","no","no"
"abraham.gage@uoflhealth.org","good","ok","no","no"
"abroughton@veryon.com","good","ok","no","no"
"abuckman@messengerllc.com","good","ok","no","no"
"acameron@mercuria.com","good","ok","no","no"
"achen@virtuosgames.com","good","ok","no","no"
"acolon@simplifiesgroup.com","risky","unknown","no","no"
"aconnell@ludex.ai","risky","unknown","no","no"
"acravens@republicbank.com","bad","invalid","no","no"
"acuomo@radiantcu.org","good","ok","no","no"
"acusco@oleinteractive.com","risky","catch_all","no","no"
"adam.benjamin@umony.com","good","ok","no","no"
"adam.g@nhance.ai","good","ok","no","no"
"adam.hollinshead@winedirect.com.au","good","ok","no","no"
"adam@onsetto.com","good","ok","no","no"
"adammarsh@signpostcanceranalytics.com","risky","unknown","no","no"
"adi.andrews@your-waste-solutions.com","risky","catch_all","no","no"
"adi.k@quali.com","bad","invalid","no","no"
"adi@simip.io","good","ok","no","no"
"aditya@pickup-coffee.com","good","ok","no","no"
"adonis.rucker@parkingpinllc.com","risky","catch_all","no","no"
"adrian@loop.com","risky","catch_all","no","no"
"adriana.bokelherde@risepoint.com","good","ok","no","no"
"afarneti@wm.com","good","ok","no","no"
"afierro@riveroak.org","good","ok","no","no"
"afionda@rmrgroup.com","good","ok","no","no"
"afowler@soundphysicians.com","good","ok","no","no"
"afukuda@wave-electronics.com","good","ok","no","no"
"agarland@nicus.com","good","ok","no","no"
"agupta@zoolarity.com","risky","catch_all","no","no"
"ahampton@mantisinnovation.com","good","ok","no","no"
"ahastert@boelter.com","risky","catch_all","no","no"
"ahendry@midmark.com","good","ok","no","no"
"ahilfers@miccommunity.org","good","ok","no","no"
"ahmad.shahba@ssaihq.com","risky","catch_all","no","no"
"ahoppock@yfainc.org","good","ok","no","no"
"aiga.ono@rapidus.co.jp","good","ok","no","no"
"aiko.hatano@segasammycreation.com","good","ok","no","no"
"aileen_ding@umc.com","risky","unknown","no","no"
"aimee.harvey@mdpanel.com","good","ok","no","no"
"aj.henry@luminaryhospice.com","good","ok","no","no"
"ajay.ramchandran@oracle.com","good","ok","no","no"
"ajeffryes@paperclip.com","good","ok","no","no"
"ajit.singh@encorecapital.com","risky","unknown","no","no"
"ajohnson@nctd.org","good","ok","no","no"
"ajoy.ranga@ust.com","good","ok","no","no"
"akash.pugalia@teleperformance.com","good","ok","no","no"
"akash.sen@sohoexp.com","good","ok","no","no"
"akeating@ords.com.au","risky","catch_all","no","no"
"akeller@orsinihc.com","risky","catch_all","no","no"
"akey@yhautah.com","good","ok","no","no"
"akhalil@spotcoffee.com","bad","invalid","no","no"
"akimbley@micron.com","risky","catch_all","no","no"
"akishore@sparkflows.io","risky","catch_all","no","no"
"akmieciak@slb.com","good","ok","no","no"
"alaborde@milestone.tech","good","ok","no","no"
"alain.sergile@spectracyber.com","good","ok","no","no"
"alana.mcnary@pec1.com","good","ok","no","no"
"alarnzen@micron.com","good","ok","no","no"
"alazore@thetmg.com","good","ok","no","no"
"alejandra@puzzle.tech","risky","catch_all","no","no"
"alejandroj.reyes@aes.com","good","ok","no","no"
"alex.brockway@scaleboss.ai","good","ok","no","no"
"alex.forman@wvumedicine.org","good","ok","no","no"
"alex.grubman@native.io","good","ok","no","no"
"alex.hamilton@nbl.com.au","good","ok","no","no"
"alex.wilson@protegas.com.au","good","ok","no","no"
"alex@corridor.dev","good","ok","no","no"
"alexander.jung@unikraft.com","good","ok","no","no"
"alexander.qu@umc-usa.com","risky","unknown","no","no"
"alexander.vickers@mbakerintl.com","risky","catch_all","no","no"
"alexis.kearns@tractcapital.com","good","ok","no","no"
"alexis@manifestor.ai","good","ok","no","no"
"alexis@zkxsolutions.com","good","ok","no","no"
"ali.irturk@uniuni.com","good","ok","no","no"
"alice@spinellikilcollin.com","good","ok","no","no"
"alicia.guscott@uwginc.com","good","ok","no","no"
"aliciahart@merchantsfleet.com","good","ok","no","no"
"alison.maclaren@zurichna.com","good","ok","no","no"
"alison.roelke@pivotal.aero","good","ok","no","no"
"alison@peakactivity.com","good","ok","no","no"
"alison_m_kosup@uhc.com","good","ok","no","no"
"alissa.abdullah@mastercard.com","risky","catch_all","no","no"
"alissa.stayn@simplybusiness.com","good","ok","no","no"
"alister.ryan@ultrafast.co.nz","good","ok","no","no"
"allan.lightbourne@port-tauranga.co.nz","good","ok","no","no"
"allan@nitos.com","risky","catch_all","no","no"
"allison@hillhousehome.com","bad","invalid","no","no"
"allison@livingwellvillage.org","good","ok","no","no"
"allison@sunstonehr.co","good","ok","no","no"
"alon@firewater.co.za","risky","catch_all","no","no"
"alycia@rigil.com","good","ok","no","no"
"alyssa.correale@tingooselogistics.com","risky","catch_all","no","no"
"amanda.peck@popstroke.com","good","ok","no","no"
"amanda.piwonka@tebra.com","good","ok","no","no"
"amanda.richards@voyager.nz","good","ok","no","no"
"amanda.sarti@trilongroup.com","good","ok","no","no"
"amanda.thompson@malibuboats.com","good","ok","no","no"
"amanda@nowwhathr.com","good","ok","no","no"
"amanda@ztcorporate.com","risky","catch_all","no","no"
"amandadavis@savatree.com","good","ok","no","no"
"amandav@vbarbershop.com","good","ok","no","no"
"amar.singh@loreal.com","good","ok","no","no"
"amariz@pillowph.com","good","ok","no","no"
"amartin@mvphealthcare.com","good","ok","no","no"
"amassman@netchexonline.com","good","ok","no","no"
"amber.jefferson@hain.com","good","ok","no","no"
"amber.kristof@smartgroup.com.au","good","ok","no","no"
"amber@opioconnect.com","risky","catch_all","no","no"
"amcelman@plymouthcapearc.org","good","ok","no","no"
"amckewan@timeline.com","good","ok","no","no"
"amclaurin@synergipartners.com","good","ok","no","no"
"amclendon@skldjobs.com","good","ok","no","no"
"amie.ortiz@lifeworksaustin.org","good","ok","no","no"
"amiller@southcoastmedical.com","good","ok","no","no"
"amir@parcellewine.com","good","ok","no","no"
"amit@meow.com","good","ok","no","no"
"amnon.benalon@peacecoin.io","bad","invalid","no","no"
"amol@quant-insight.com","good","ok","no","no"
"amoody@metrocu.org","good","ok","no","no"
"amy.karroum@tshc.com","good","ok","no","no"
"amy.orzechowski@realmone.com","good","ok","no","no"
"amy.rossi@posit.co","good","ok","no","no"
"amy.taylor@francisclark.co.uk","good","ok","no","no"
"amy.whaley@pitchbook.com","good","ok","no","no"
"amy@relaypayments.com","good","ok","no","no"
"amy@sanity.io","good","ok","no","no"
"amys@micron.com","risky","catch_all","no","no"
"anand.swaminathan@sage.com","risky","catch_all","no","no"
"ananya.gaur@techeagle.in","bad","invalid","no","no"
"anastasim@reninc.com","good","ok","no","no"
"andre@mayedaconsulting.com","good","ok","no","no"
"andre@pulnovomed.com","risky","catch_all","no","no"
"andrea.cooper@talkspace.com","good","ok","no","no"
"andrea.hoffman@getstern.com","good","ok","no","no"
"andrea.mcalister@plexusworldwide.com","risky","catch_all","no","no"
"andrea.parnell@banksouthern.com","good","ok","no","no"
"andrew.blake@openingbellventures.com","risky","catch_all","no","no"
"andrew.bland@sylvamo.com","risky","unknown","no","no"
"andrew.cunningham@optimalticketing.com","good","ok","no","no"
"andrew.dobbs@wesbanco.com","good","ok","no","no"
"andrew.golden@retailnext.net","good","ok","no","no"
"andrew.hogben@transgrid.com.au","risky","catch_all","no","no"
"andrew.james@sonartech.com.au","good","ok","no","no"
"andrew.lapp@mass.gov","good","ok","no","no"
"andrew.murphy@leadershiplanding.com","good","ok","no","no"
"andrew.reiskind@mastercard.com","risky","catch_all","no","no"
"andrew.tuerk@syndigo.com","good","ok","no","no"
"andrew.vanherpt@skope.com","good","ok","no","no"
"andrew@sofloelevator.com","good","ok","no","no"
"andrew@traveltrottr.com","good","ok","no","no"
"andrsd@sawtoothsim.com","good","ok","no","no"
"andy.bourke@tributetech.com","good","ok","no","no"
"andy@rbmsoft.com","good","ok","no","no"
"angela.diiorio@ororagroup.com","good","ok","no","no"
"angela.edwards@thekids.org.au","risky","catch_all","no","no"
"angela.santone@regions.com","good","ok","no","no"
"angela@tariffrefundpartnersllc.com","good","ok","no","no"
"angelo@marianaminerals.com","good","ok","no","no"
"angie@thrivenevada.com","good","ok","no","no"
"ani.hoxha@mastercard.com","risky","catch_all","no","no"
"anisha@rocainc.com","good","ok","no","no"
"anitageorge@titanlendingsolutions.com","good","ok","no","no"
"anjana.sivakumar@upstack.com","good","ok","no","no"
"anjli.patel@mcclabel.com","good","ok","no","no"
"anju.c@xoxoday.com","risky","catch_all","no","no"
"ann-stanton.gore@primisbank.com","good","ok","no","no"
"ann.varanakis@lifestance.com","good","ok","no","no"
"anna.bruns@playonsports.com","good","ok","no","no"
"anna.ferguson@vista.co","good","ok","no","no"
"anna.goranson@terraytx.com","good","ok","no","no"
"anna.pearson@orchard.com","good","ok","no","no"
"anna@ruxsoftware.com","good","ok","no","no"
"annamarie@moraleshr.com","good","ok","no","no"
"anne.ogara@mongodb.com","good","ok","no","no"
"annemarie.s@meetwestwoodinternational.com","good","ok","no","no"
"annette.alexander@wpengine.com","good","ok","no","no"
"annette.wolf@zimperium.com","good","ok","no","no"
"annie.brown@trademe.co.nz","good","ok","no","no"
"annie.kingston@prothena.com","bad","invalid","no","no"
"anthony.calamito@t-kartorusa.com","good","ok","no","no"
"anthony.waters@mployeradvisor.com","good","ok","no","no"
"anthony@runwayml.com","good","ok","no","no"
"anthony@solarenergy.partners","bad","invalid","no","no"
"ao@subsense-bci.com","good","ok","no","no"
"aparsons@nine.com.au","risky","catch_all","no","no"
"apeters@twochairs.com","good","ok","no","no"
"apng@hoffman.com","good","ok","no","no"
"april@oven.ly","risky","catch_all","no","no"
"aqeel@xbow.com","good","ok","no","no"
"ar@portsamerica.com","risky","catch_all","no","no"
"ari.murray@saltandstone.com","good","ok","no","no"
"arica.westmeyer@mysafehaven.com","good","ok","no","no"
"aritchie@need2say.com","risky","catch_all","no","no"
"arjun.ahluwalia@relativity.com","good","ok","no","no"
"arjun@tabs.com","risky","catch_all","no","no"
"arman@wyngapp.com","risky","catch_all","no","no"
"armen@petermichaelwinery.com","bad","invalid","no","no"
"armer@rushstreetinteractive.com","good","ok","no","no"
"arnes@minding.health","good","ok","no","no"
"arobinson@luxwall.com","good","ok","no","no"
"aromao@orlandomagic.com","good","ok","no","no"
"arose@newlifectr.org","good","ok","no","no"
"arose@suresteel.com","good","ok","no","no"
"arthur@medely.com","good","ok","no","no"
"ascott@royalcaribbean.com","bad","invalid","no","no"
"asezen@multitech.com","good","ok","no","no"
"asher.lohman@trace3.com","good","ok","no","no"
"ashish@votal.ai","good","ok","no","no"
"ashley.maple@trilongroup.com","good","ok","no","no"
"ashley.richards@woodsbagot.com","risky","catch_all","no","no"
"ashley.skinner-maxwell@standforchildren.org.nz","good","ok","no","no"
"ashley.smith2@tagww.com","good","ok","no","no"
"asif.jan@owkin.com","bad","invalid","no","no"
"astoll@staffingnetwork.com","good","ok","no","no"
"astubbs@trunorthhvac.com","good","ok","no","no"
"astuiber@vestaequity.net","risky","catch_all","no","no"
"asullivan@capecodfive.com","risky","unknown","no","no"
"ataylor@primefinancial.com","risky","catch_all","no","no"
"atif@vantagescore.com","good","ok","no","no"
"atoubman@lsent.com","good","ok","no","no"
"audrey.grolig@umpartners.com","good","ok","no","no"
"auro.trinicastelli@otherworldly.is","good","ok","no","no"
"austin.jabs@agvance.net","good","ok","no","no"
"austin@rewiredtx.com","risky","catch_all","no","no"
"avi@realtimebookings.com.au","good","ok","no","no"
"avi@rxdco.com","good","ok","no","no"
"aviva.lazar@unybrands.com","good","ok","no","no"
"avon.lau@sayconcepts.com","risky","catch_all","no","no"
"awhite@rapidworks.com","good","ok","no","no"
"awillingham@theparkingspot.com","good","ok","no","no"
"ayadav@xceleratorgroup.com","good","ok","no","no"
"ayse@paycloudinnovations.com","risky","unknown","no","no"
"b.schafer@meridian.ch","good","ok","no","no"
"bakamine@globalchange.gov","bad","invalid","no","no"
"ballsbrook@lakeshorelearning.com","risky","catch_all","no","no"
"barry.newton@teamsparq.com","good","ok","no","no"
"bbanik@tonikbank.com","good","ok","no","no"
"bberg@vcloan.com","good","ok","no","no"
"bbrazeel@millcreeklumber.com","good","ok","no","no"
"bbrelsford@piedmontplastics.com","risky","catch_all","no","no"
"bburke@mafgrp.com","good","ok","no","no"
"bcallaghan@empara.io","good","ok","no","no"
"bcohn@xentity.com","risky","catch_all","no","no"
"bconway@ptc.com","good","ok","no","no"
"bdiedrich@micromine.com","good","ok","no","no"
"bdubose@pathstone.com","good","ok","no","no"
"bear.evans@pipemovers.com","risky","catch_all","no","no"
"bellis@officeworks.com.au","good","ok","no","no"
"ben.boutcher-west@connectedkerb.co.uk","good","ok","no","no"
"ben.chartier@maxmine.com.au","risky","catch_all","no","no"
"ben.oster@threatmodeler.com","good","ok","no","no"
"ben.strawbridge@unitedctm.com","risky","catch_all","no","no"
"ben@mantl.com","risky","catch_all","no","no"
"ben@shorebird.com.au","good","ok","no","no"
"ben@socialcurrant.co","good","ok","no","no"
"bentessone@micron.com","good","ok","no","no"
"bernadette.gates@teachershealth.com.au","good","ok","no","no"
"bernie@spot49.com","risky","catch_all","no","no"
"bessie.williams@prysmian.com","risky","catch_all","no","no"
"bet.rosa@vnahg.org","good","ok","no","no"
"beth.garland@marinemax.com","good","ok","no","no"
"beth.keamy@mediaartslab.com","good","ok","no","no"
"beth@spothero.com","good","ok","no","no"
"beth@system1.com","good","ok","no","no"
"bfontanella@siepe.com","good","ok","no","no"
"bgallick@billhighway.com","good","ok","no","no"
"bgava@rmdavis.com","good","ok","no","no"
"bgroc@eatpdq.com","good","ok","no","no"
"bharat.khatri@omnicommediagroup.com","good","ok","no","no"
"bhargis@vantagesvcs.net","good","ok","no","no"
"bhennig@transpecos.bank","good","ok","no","no"
"bhoffman@amenitycollective.com","good","ok","no","no"
"bibhishan.karadkar@longhealth.io","good","ok","no","no"
"bick@nalumed.com","good","ok","no","no"
"bill.clark@nationalvision.com","good","ok","no","no"
"bill.reilly@schwans.com","good","ok","no","no"
"billy@qualitycorrectional.com","good","ok","no","no"
"billy@tarkingtonharwell.com","risky","catch_all","no","no"
"birju.patel@vytalizehealth.com","good","ok","no","no"
"bkrol@orangecountyscu.org","risky","catch_all","no","no"
"blake@topshelfprinters.com","good","ok","no","no"
"blane@precast-solutions.com","good","ok","no","no"
"blochd@nibco.com","good","ok","no","no"
"bmccoy@rlx.us","good","ok","no","no"
"bmclarney@mclarney.com","good","ok","no","no"
"bmencin@xceleratesolutions.com","good","ok","no","no"
"bns@threeplusone.us","good","ok","no","no"
"bob.follo@nyct.com","risky","catch_all","no","no"
"bob.pusanik@nab.com.au","risky","catch_all","no","no"
"bob@partnershiptc.com","risky","catch_all","no","no"
"bob@winrdata.com","good","ok","no","no"
"bpanchisin@westreet.org","good","ok","no","no"
"bpearson@solvenergy.com","good","ok","no","no"
"bphillips@tropicalefoods.com","good","ok","no","no"
"brad.cottrell@livsafe.com","risky","catch_all","no","no"
"brad.dillahunty@quantumepay.com","good","ok","no","no"
"brad.pace@gbsbenefits.com","good","ok","no","no"
"brad.slappey@haskell.com","risky","catch_all","no","no"
"brad@merinoenergy.com","risky","catch_all","no","no"
"bram.hutchinson@purefishing.com","good","ok","no","no"
"bram.rosenfeld@semeris.com","good","ok","no","no"
"brandi.sparkman@wesbanco.com","good","ok","no","no"
"brandi@stewardsla.com","good","ok","no","no"
"brandi@treasuryprime.com","risky","catch_all","no","no"
"brandon.claridge@portcitylogistics.com","good","ok","no","no"
"brannon@squarerootsgrow.com","good","ok","no","no"
"bray@maverickpwr.com","good","ok","no","no"
"breev@peacocks.com.au","risky","catch_all","no","no"
"brendan.laing@onenet.co.nz","good","ok","no","no"
"brendon.bielat@onwardrobotics.com","risky","unknown","no","no"
"brent.janss@platinumderm.com","good","ok","no","no"
"brett@navasana.ai","good","ok","no","no"
"brian.kennedy@teasdalefoods.com","good","ok","no","no"
"brian.shepard@wabtec.com","good","ok","no","no"
"brian.wolf@mgstover.com","good","ok","no","no"
"brian@percix.ai","risky","catch_all","no","no"
"brian@rootedinproduct.com","good","ok","no","no"
"briana@truenorthgear.com","good","ok","no","no"
"brianb@metrotampabay.org","good","ok","no","no"
"brianp@skydellmedical.com","good","ok","no","no"
"brianroche@westfieldgrp.com","good","ok","no","no"
"brigid.macdonald@tributetech.com","good","ok","no","no"
"brittany.paone@steamlogistics.com","good","ok","no","no"
"brittanyflanagan@oshihealth.com","good","ok","no","no"
"brock.forrest@mantelcapture.com","good","ok","no","no"
"brojas@rtrip.xyz","risky","catch_all","no","no"
"brooke.hue@udc.dental","good","ok","no","no"
"brooke.potvin@qlik.com","good","ok","no","no"
"brooke.roberts@profileservices.com.au","good","ok","no","no"
"brooke.shreeve@getweave.com","good","ok","no","no"
"brooke@privateer.com","good","ok","no","no"
"brosenberg@rccl.com","good","ok","no","no"
"bruno@orchestraos.com","good","ok","no","no"
"bryan.duffy@wesbanco.com","good","ok","no","no"
"bryan.exner@officeally.com","risky","catch_all","no","no"
"bryan.gess@ulteig.com","good","ok","no","no"
"bryan.thomas@texasbank.com","good","ok","no","no"
"bryant.tow@leapfrogservices.com","good","ok","no","no"
"bspiegel@polywood.com","good","ok","no","no"
"bsteddum@trapptechnology.com","good","ok","no","no"
"bsymonds@optimumhit.com","good","ok","no","no"
"btong@vibrant.org","good","ok","no","no"
"btryon@partneresi.com","good","ok","no","no"
"buck.woody@straightpathsql.com","good","ok","no","no"
"buffy@lifeknight.ai","good","ok","no","no"
"burke.walker@springventuregroup.com","good","ok","no","no"
"bvivian@workskil.com.au","good","ok","no","no"
"bwallace@newmansown.com","good","ok","no","no"
"c.barrett@morrowsodali.com","good","ok","no","no"
"c.willemse@tasracing.com.au","good","ok","no","no"
"cabralm@metro.net","good","ok","no","no"
"caitlin.shetter@nuvei.com","good","ok","no","no"
"calista.corley@trajektory.com","good","ok","no","no"
"cambuhl@resiliant.com","good","ok","no","no"
"campbell.r.hockaday@nab.com.au","good","ok","no","no"
"candace@maccbenefitsolutions.com","risky","catch_all","no","no"
"candress@sacyr.com","risky","catch_all","no","no"
"cara@tour24.io","good","ok","no","no"
"carla.poulson@prokidney.com","good","ok","no","no"
"carlas@peoplein.com.au","good","ok","no","no"
"carlie.herbert@veridapt.com","good","ok","no","no"
"carlo.marcelino@sago.com","good","ok","no","no"
"carltonm@masciadunkin.com","risky","catch_all","no","no"
"carlyhaugen@rxlandscape.com","good","ok","no","no"
"carol.danoff@wbd.com","good","ok","no","no"
"carol.obrien@nzcr.co.nz","good","ok","no","no"
"carol@moptions.com","good","ok","no","no"
"carol@thirdeyesoftware.com","good","ok","no","no"
"carolina.fernandez@sumitomocorp.com","good","ok","no","no"
"caroline.handley@stand.org.au","good","ok","no","no"
"caroline.henshaw@mantelgroup.com.au","good","ok","no","no"
"caroline.hudson@medhealth.com.au","good","ok","no","no"
"carolwu@uqpay.com","good","ok","no","no"
"carrie@paigegroup.com","risky","catch_all","no","no"
"carrie@paperlesspost.com","good","ok","no","no"
"carter.gilman@schultehospitality.com","good","ok","no","no"
"carter@parcelrecharge.com","good","ok","no","no"
"casi.nestelroad@sightview.com","good","ok","no","no"
"cat.boyd@tmnz.co.nz","good","ok","no","no"
"cate@nainorthstar.com","good","ok","no","no"
"catherine.scott@plexusworldwide.com","risky","catch_all","no","no"
"catherine@myroofhero.com","risky","unknown","no","no"
"catherine@oncoverycare.com","risky","catch_all","no","no"
"cathy.lanier@nfl.com","good","ok","no","no"
"cathyd@nobleoak.com.au","good","ok","no","no"
"cbarkes@powersupportpartners.com","good","ok","no","no"
"cbejar@slb.com","good","ok","no","no"
"cbendana@njrcenter.com","good","ok","no","no"
"cbingaman@sibanking.com","good","ok","no","no"
"cbooker@broadfoundation.org","good","ok","no","no"
"cbridgeland@orotongroup.com","good","ok","no","no"
"cbrogan@tpni.com","good","ok","no","no"
"cburkland@wesbanco.com","good","ok","no","no"
"ccallow@xsbrokers.com","good","ok","no","no"
"ccapano@snaplogic.com","good","ok","no","no"
"cchafey@zetaglobal.com","good","ok","no","no"
"cchristiansen@kctech.us","good","ok","no","no"
"ccorkern@lacapfcu.org","good","ok","no","no"
"cdavey@stlukes.com.au","risky","catch_all","no","no"
"cdupont@related.com","good","ok","no","no"
"cecilia@mexc.com","good","ok","no","no"
"cedfunches@setlister.ai","risky","catch_all","no","no"
"cedric.brehaut@powerup-technology.com","good","ok","no","no"
"cedric.buettner@raytheon.com","good","ok","no","no"
"celeste.little@precedent.com","good","ok","no","no"
"celia.garforth@specialgroup.com","good","ok","no","no"
"celia.huang@swireshipping.com","good","ok","no","no"
"cfoster@specialty1partners.com","good","ok","no","no"
"cgamber@lsent.com","good","ok","no","no"
"cgreen@sscpmanagement.com","risky","catch_all","no","no"
"cguisewite@sanusom.com","good","ok","no","no"
"chad.predmore@thinkvast.com","good","ok","no","no"
"chad.wittenborn@sbigrowth.com","good","ok","no","no"
"chad@nanolivingsystems.com","good","ok","no","no"
"chakkhiam@novalexp.com","good","ok","no","no"
"chancellor@voxo.co","good","ok","no","no"
"chandler@willsmithaviation.com","risky","catch_all","no","no"
"charles.joseph@metalpowderworks.com","good","ok","no","no"
"charlotte.jones@sound.health","good","ok","no","no"
"chastenk@wellmark.com","good","ok","no","no"
"chatelle.lynch@vertexinc.com","good","ok","no","no"
"chayhoon.lee@seatrium.com","good","ok","no","no"
"chelsea.bailey@plooto.com","good","ok","no","no"
"chelsey@leadforliberation.com","risky","catch_all","no","no"
"cherie.coenen@steelebrands.com","risky","catch_all","no","no"
"cheriec@trilogycare.com.au","good","ok","no","no"
"cheryl_montowski@researchresults.com","risky","catch_all","no","no"
"chihiro.yamashita@timefolio.sg","good","ok","no","no"
"chloe.brault@samsaraeco.com","good","ok","no","no"
"chongwu.du@securitize.io","risky","catch_all","no","no"
"chris.balt@subsplash.com","good","ok","no","no"
"chris.brown@range.energy","risky","catch_all","no","no"
"chris.hughes@nielseniq.com","good","ok","no","no"
"chris.jones@unitedparks.com","good","ok","no","no"
"chris.lowe@valocityglobal.com","good","ok","no","no"
"chris.mendes@theyield.com","good","ok","no","no"
"chris.mesrobian@monolith-corp.com","good","ok","no","no"
"chris.moore@stuartsteel.com","good","ok","no","no"
"chris.murawski@sodexo.com","good","ok","no","no"
"chris.reaburn@nextiva.com","good","ok","no","no"
"chris.steele@whitefoxdefense.com","good","ok","no","no"
"chris@metagen.com.au","good","ok","no","no"
"chris@piertwo.com","good","ok","no","no"
"chris@ridezum.com","good","ok","no","no"
"chris@vrecd.com","good","ok","no","no"
"chris@wmt.digital","good","ok","no","no"
"chrislee@shinefusion.com","good","ok","no","no"
"chrispappas@safeguardglobal.com","good","ok","no","no"
"chrisread@shearers.com","good","ok","no","no"
"christie.mcneill@ntgfreight.com","good","ok","no","no"
"christina.giese@pancapmgmt.com","good","ok","no","no"
"christina.shaw@moranwm.com","good","ok","no","no"
"christina@thirdandgrove.com","good","ok","no","no"
"christina@vetclaims.ai","risky","catch_all","no","no"
"christinaf@span-transit.org","good","ok","no","no"
"christinaherrmann@oliver.agency","good","ok","no","no"
"christine.ivankovic@leaplegalsoftware.com","good","ok","no","no"
"christine.lawton@novasystems.com","good","ok","no","no"
"christine@nianticspatial.com","good","ok","no","no"
"christinehanson@vybond.com","good","ok","no","no"
"christinel@weisersecurity.com","good","ok","no","no"
"christoph@trent.ai","good","ok","no","no"
"christopher.gatty@molekule.com","good","ok","no","no"
"christopher.laing@starboard.nz","good","ok","no","no"
"christopher.r.lomascola@nm.com","good","ok","no","no"
"christopher.szluk@lordiagnostics.com","good","ok","no","no"
"christopher.vause@phaidra.ai","good","ok","no","no"
"christy.good@ricardo.com","good","ok","no","no"
"christy.poynton@perfection.com.au","good","ok","no","no"
"christylee@thedoux.com","good","ok","no","no"
"ciarah@tetonleather.com","good","ok","no","no"
"cindy@strategicpartners-hr.com","good","ok","no","no"
"cinfante@margaritaville.com","good","ok","no","no"
"cjohn@sdfs.org","good","ok","no","no"
"cjuarez@suntecconcrete.com","good","ok","no","no"
"ckaszubski@pindrop.com","good","ok","no","no"
"ckinahan@welchs.com","good","ok","no","no"
"clare.hogarth@prpimaging.com.au","good","ok","no","no"
"claudia.devereaux@readypac.com","risky","unknown","no","no"
"claudia.reese@netdocuments.com","good","ok","no","no"
"claudio@maptaskr.com","good","ok","no","no"
"clayton@merchantim.com","good","ok","no","no"
"clindley@queenslandcountry.bank","good","ok","no","no"
"clinthicum@lemongrasscloud.com","good","ok","no","no"
"cmann@paradigm.xyz","good","ok","no","no"
"cmarshall@premier-homepros.com","good","ok","no","no"
"cmccue@our-home.com","good","ok","no","no"
"cmcnulty@reveillesoftware.com","good","ok","no","no"
"cmills@summit.ventures","good","ok","no","no"
"cnannemann@empyreallogistics.com","good","ok","no","no"
"coby@yatesflooring.com","good","ok","no","no"
"cody@riskrator.com","risky","catch_all","no","no"
"cole.hahn@trustone.org","good","ok","no","no"
"colin.bowern@octopus.com","good","ok","no","no"
"colin.cole@scaling.com","risky","catch_all","no","no"
"colinh@morantug.com","good","ok","no","no"
"colleen.doherty@ust.com","good","ok","no","no"
"colleen.maring@nahealth.com","good","ok","no","no"
"colleen@mediscan.ai","bad","invalid","no","no"
"connor@mopdog.com","good","ok","no","no"
"connor@purpose.app","good","ok","no","no"
"connor@trenchsports.ai","good","ok","no","no"
"corey.little@wesbanco.com","good","ok","no","no"
"coreyo'brien@oliver.agency","good","ok","no","no"
"cortney.endecott@swissport.com","good","ok","no","no"
"courtenay.pearson@octave.com","risky","catch_all","no","no"
"courtney.martinez@wearesouthwind.com","good","ok","no","no"
"courtney.sayles@scout.space","good","ok","no","no"
"courtney.seals@lifeworksaustin.org","good","ok","no","no"
"courtney@technium.com.au","good","ok","no","no"
"cp@vpmgmt.org","risky","catch_all","no","no"
"cpatrick@vitalitynaturalwellness.com","good","ok","no","no"
"cpavel@womenscareusa.com","good","ok","no","no"
"cpayne@goprecise.com","good","ok","no","no"
"cpeffer@pressed.com","good","ok","no","no"
"cphillips@prestigehcm.com","good","ok","no","no"
"cplested@wastemanagement.co.nz","risky","catch_all","no","no"
"cpo@phusionai.com","good","ok","no","no"
"cpo@servwork.co","good","ok","no","no"
"cponcedeleon@samiotes.com","good","ok","no","no"
"cprest@msa-ps.com","good","ok","no","no"
"craig.blanch@pmtsecurity.com.au","good","ok","no","no"
"craig.elston@marsunitedcommerce.com","good","ok","no","no"
"craig.jordan@myfoodbag.co.nz","good","ok","no","no"
"craig.perler@sperryrail.com","good","ok","no","no"
"crister@rebelrecoveryfl.com","good","ok","no","no"
"cristina.cipolla@townsquaremedia.com","good","ok","no","no"
"crogers@sundialmg.com","risky","unknown","no","no"
"cromero@proinso.net","good","ok","no","no"
"crystal.boysen@sproutsocial.com","good","ok","no","no"
"crystal@paulstreet.co","good","ok","no","no"
"cskelding@rmcrisispartners.org","good","ok","no","no"
"cso@purpleperimeter.com","good","ok","no","no"
"csteinberg@starcandle.com","good","ok","no","no"
"cstephens@origin.bank","bad","invalid","no","no"
"cstockel@sikorsky.com","bad","invalid","no","no"
"csullivan@veson.com","good","ok","no","no"
"curt.white@mattel.com","good","ok","no","no"
"curtis.pate@sparktx.com","good","ok","no","no"
"curtispartridge@lotusmserv.com","good","ok","no","no"
"cvanallen@republicbank.com","risky","unknown","no","no"
"cwarren@pyramidhotelgroup.com","good","ok","no","no"
"cweigle@trayinc.com","good","ok","no","no"
"cwright@porthouston.com","good","ok","no","no"
"cynthia.parr@ars.usda.gov","good","ok","no","no"
"cyrus@sparkmembership.com","risky","catch_all","no","no"
"d.tran@srest.com.au","good","ok","no","no"
"d.wilken@vmpms.com","good","ok","no","no"
"d9l5@pge.com","good","ok","no","no"
"dafna@mngcity.com","good","ok","no","no"
"daisy@peerspace.com","risky","catch_all","no","no"
"dale.bohman@marzetti.com","good","ok","no","no"
"dale@foodbytano.com","risky","catch_all","no","no"
"dallas@manoshomecare.com","good","ok","no","no"
"damian.tarry@morgans.com.au","risky","catch_all","no","no"
"damien.aparicio@latecoere.aero","good","ok","no","no"
"damien.trippeda@qlik.com","good","ok","no","no"
"damion.moore@viasat.com","good","ok","no","no"
"damon.campbell@wellsouth.org.nz","risky","catch_all","no","no"
"dan.feola@qnovate.com","good","ok","no","no"
"dan.hang@virtahealth.com","good","ok","no","no"
"dan@locolabco.com","good","ok","no","no"
"dana.streck@wellsky.com","good","ok","no","no"
"dangelo@profitlink.com.br","risky","catch_all","no","no"
"dani@thethreethousands.com","good","ok","no","no"
"daniel.craner@posital.com","good","ok","no","no"
"daniel.holden@nestle.com","good","ok","no","no"
"daniel.nelson@parkplacetech.com","good","ok","no","no"
"daniel.poloche@joinworth.com","risky","catch_all","no","no"
"daniel.vega@westpac.com.au","good","ok","no","no"
"daniel.wong@skyflow.com","good","ok","no","no"
"daniel@rubicmanagement.com","risky","catch_all","no","no"
"daniel@unmannedunited.com","good","ok","no","no"
"daniela.moody@parallaxresearch.org","good","ok","no","no"
"dans@zillowgroup.com","good","ok","no","no"
"darcy.ursulescu@performancehealth.com","good","ok","no","no"
"darin.brown@testlio.com","good","ok","no","no"
"darren.niller@n-able.com","good","ok","no","no"
"daune@rseden.org","good","ok","no","no"
"dave.burchfield@trilongroup.com","good","ok","no","no"
"dave.ford@omnicell.com","good","ok","no","no"
"dave.robertson@unison.co.nz","good","ok","no","no"
"dave.scott@primeft.com","bad","invalid","no","no"
"dave.shuman@precisely.com","good","ok","no","no"
"dave@biosciencela.org","good","ok","no","no"
"dave@getsuperagent.com","risky","catch_all","no","no"
"dave_z@oakhillbrands.com","risky","catch_all","no","no"
"david.attermann@twism.com","risky","catch_all","no","no"
"david.cook@r2pos.com","risky","catch_all","no","no"
"david.glusick@mcgannconstruction.com","good","ok","no","no"
"david.godfrey@transpower.co.nz","good","ok","no","no"
"david.hand@teceze.com","good","ok","no","no"
"david.holyoke@serko.com","good","ok","no","no"
"david.jenkins@openmarkets.com.au","good","ok","no","no"
"david.johnson@moraph.com","risky","catch_all","no","no"
"david.long@pinnacletreatment.com","good","ok","no","no"
"david.lynch@rpmliving.com","good","ok","no","no"
"david.marks@lucent-energy.com","risky","catch_all","no","no"
"david.martin@summerset.co.nz","good","ok","no","no"
"david.nolan@trimont.com","risky","unknown","no","no"
"david.scullin@zespri.com","good","ok","no","no"
"david.vandeventer@aarons.com","good","ok","no","no"
"david@rootedcreativeagency.com","good","ok","no","no"
"davidw@endeavour.co.nz","good","ok","no","no"
"davy@trilithfunding.com","good","ok","no","no"
"dawn.nocera@valverus.com","risky","unknown","no","no"
"dawn.watz@mhcautomation.com","good","ok","no","no"
"db@thought-leader.com","risky","catch_all","no","no"
"dbongratz@sunshine.org","bad","invalid","no","no"
"dbow@power-h2.com","good","ok","no","no"
"dbrazell@legenthealth.com","good","ok","no","no"
"dcameron@thuro.ai","good","ok","no","no"
"dchilds@rancoresponse.com","risky","catch_all","no","no"
"dcoote@linkly.com.au","good","ok","no","no"
"dcorbett@qualitysausage.com","good","ok","no","no"
"dcrane@onestreamsoftware.com","good","ok","no","no"
"dcunningham@procedesoftware.com","good","ok","no","no"
"ddegarcia@socialimpact.com","good","ok","no","no"
"ddeming@ucu.org","good","ok","no","no"
"dds.dobson-smith@trilliad.com","good","ok","no","no"
"ddunham@sentechas.com","good","ok","no","no"
"ddunlop@sfopera.com","risky","catch_all","no","no"
"dean.harrelson@truist.com","good","ok","no","no"
"dean.wenner@richardepc.com","good","ok","no","no"
"dean@ptbsales.com","good","ok","no","yes"
"deb.drake@noblis.org","good","ok","no","no"
"deb.myers@newfold.com","good","ok","no","no"
"debanks@mycoachingtree.com","good","ok","no","no"
"debbie.healy@rockvalleypt.com","good","ok","no","no"
"debbie.manktelow@healthshare.co.nz","good","ok","no","no"
"debbie.thompson@srvhr.com","good","ok","no","no"
"deborah.grace@prpimaging.com.au","good","ok","no","no"
"deborah.seeber@nandos.com.au","good","ok","no","no"
"deborah.snow@sprbrk.com","good","ok","no","no"
"deborah_butters@orbia.com","good","ok","no","no"
"deckerreger@mideast-fabrication.com","good","ok","no","no"
"decoffette.ward@sherpa-library.com","good","ok","no","no"
"deidre.butler@switchedon.net.nz","good","ok","no","no"
"denise.stalker@talentprocure.com","good","ok","no","no"
"dennis@syncfab.com","risky","catch_all","no","no"
"dennisf@radiosound.com","good","ok","no","no"
"derek@qwerky.ai","good","ok","no","no"
"derek@tayloredexpressions.com","risky","catch_all","no","no"
"derekp@steelbuildingusa.com","risky","catch_all","no","no"
"derrick@nyhardware.com","good","ok","no","no"
"derrickharmon@laigic.com","good","ok","no","no"
"devin@mahlet.net","good","ok","no","no"
"dfarrow@nesnahventures.com","good","ok","no","no"
"dgarroway@meridianbanker.com","good","ok","no","no"
"dgorlick@masttro.com","bad","invalid","no","no"
"dgorman@wedgwood.org","good","ok","no","no"
"dgrams@tunein.com","good","ok","no","no"
"dgrave@pamhc.org","good","ok","no","no"
"dhavaln@netcare.net.au","good","ok","no","no"
"dhenderson@pdisoftware.com","good","ok","no","no"
"dhenne@travelers.com","good","ok","no","no"
"dhennessy@rekor.ai","good","ok","no","no"
"dholt@titanelco.com","good","ok","no","no"
"dhummell@signaturemd.com","good","ok","no","no"
"dhuneryager@mwec-pc.com","good","ok","no","no"
"diana.brunelle@snyk.io","good","ok","no","no"
"diana.rehnberg@pacificlife.com","good","ok","no","no"
"diane@relyhealth.care","good","ok","no","no"
"diego.guayan@luminlending.com","risky","unknown","no","no"
"dikla@younity.io","good","ok","no","no"
"dilip.advani@simco.com","good","ok","no","no"
"dina.kotsopoulos@ubank.com.au","good","ok","no","no"
"dinesh.gupta@msci.com","good","ok","no","no"
"dionna.armstrong@tourneau.com","good","ok","no","no"
"dionne.woo@siteminder.com","good","ok","no","no"
"djost@vso-inc.com","good","ok","no","no"
"dkolman@wonderworks.gg","good","ok","no","no"
"dkonduru@srisaibiopharma.com","good","ok","no","no"
"dlinton@soilserdem.com","good","ok","no","no"
"dludwig@steelcase.com","good","ok","no","no"
"dmacmillan@pax8.com","good","ok","no","no"
"dmaloon@spectraholdings.com","good","ok","no","no"
"dmansell@subcontractorhub.com","risky","catch_all","no","no"
"dmassave@whatchefswant.com","good","ok","no","no"
"dmccoy@teamraft.com","good","ok","no","no"
"dmiller@picarro.com","good","ok","no","no"
"dmitchell@sunrisemgmt.com","good","ok","no","no"
"dmoroz@pressed.com","good","ok","no","no"
"dobrien@virtu.com","good","ok","no","no"
"dogrodowicz@noteworthy.ai","good","ok","no","no"
"don@helmethouse.com","good","ok","no","no"
"donal@welcomehospitality.com.au","good","ok","no","no"
"donald.trimming@medwatersystems.com","bad","invalid","no","no"
"donald@wermcg.com","risky","catch_all","no","no"
"donna.dean@richemont.com","good","ok","no","no"
"donna.tiner@libertymutual.com","good","ok","no","no"
"dori.petrides@tsariley.au","good","ok","no","no"
"doron@pruvo.com","risky","catch_all","no","no"
"doug.anderson@luerssen.com.au","good","ok","no","no"
"doug.battista@signanthealth.com","good","ok","no","no"
"doug@lenovo.com","good","ok","no","no"
"doug@sagehealth.com","good","ok","no","no"
"dougpetitt@vectren.com","risky","catch_all","no","no"
"dp@millrock-cap.com","good","ok","no","no"
"dpercelay@post.harvard.edu","good","ok","no","no"
"drake.paben@siemens.com","good","ok","no","no"
"drudolph@unbridled.com","good","ok","no","no"
"dstreich@ncd.com","good","ok","no","no"
"dsutherland@realtafusion.com","good","ok","no","no"
"dthayer@mauicountyfcu.org","good","ok","no","no"
"dthomas@thespring.org","good","ok","no","no"
"dthornton@strivehealth.com","good","ok","no","no"
"duc@plana.aero","risky","catch_all","no","no"
"duron@ksapro.net","risky","catch_all","no","no"
"dwagner@lee-associates.com","good","ok","no","no"
"dwalker@smc3.com","good","ok","no","no"
"dwhite@tyro.com","good","ok","no","no"
"dwightn@zoeller.com","good","ok","no","no"
"dwilkinson@pacers.com","good","ok","no","no"
"dwilliams2@shelter-inc.org","good","ok","no","no"
"dylan@thevaleregroup.com","good","ok","no","no"
"e.wright@bankofcherokeecounty.net","good","ok","no","no"
"ealga@patchmypc.com","good","ok","no","no"
"ebollet@sac.shiseido.com","risky","catch_all","no","no"
"ebouldin@springboardmd.org","good","ok","no","no"
"ebrinson@pgwautoglass.com","good","ok","no","no"
"ebrown@officespacesoftware.com","good","ok","no","no"
"ecampany@mirumpharma.com","good","ok","no","no"
"ecarlson@dutchtest.com","good","ok","no","no"
"ed@absolutethinking.us","risky","unknown","no","no"
"eden@teammobot.com","good","ok","no","no"
"edenner@mergeworld.com","good","ok","no","no"
"edith.sykes@zespri.com","good","ok","no","no"
"edouard.benveniste@sothebys.com","good","ok","no","no"
"edwin.lemus@softeq.com","good","ok","no","no"
"egasser@tandemdiabetes.com","risky","catch_all","no","no"
"egibson@providencebank.com","risky","catch_all","no","no"
"ehardaker@nexbg.com.au","good","ok","no","no"
"ehove@lehr.com","good","ok","no","no"
"elain.vaughan@seafolly.com.au","good","ok","no","no"
"elaine.cameron@whybrands.com","bad","invalid","no","no"
"elaine@match2.jobs","good","ok","no","no"
"eleak@tesoconsultinggroup.org","good","ok","no","no"
"elena.b@wingalpha.com","risky","catch_all","no","no"
"eli.durant@mhospitalityfl.com","good","ok","no","no"
"elie.sakr@lendlease.com","risky","catch_all","no","no"
"elizabeth.schwert@trinetx.com","bad","invalid","no","no"
"elizabeth@lalalandkindcafe.com","good","ok","no","no"
"elkot@teknikos.com","good","ok","no","no"
"ellen.weiner@wellist.com","risky","catch_all","no","no"
"elyce.mcleay@lms.com.au","good","ok","no","no"
"emacwilliam@healthsharedigital.com","good","ok","no","no"
"emanuela@yubico.com","good","ok","no","no"
"emaxwell@laphil.org","good","ok","no","no"
"emcbride@tgisport.com","good","ok","no","no"
"emilcojocaru@versalift.com","good","ok","no","no"
"emilee.rank@playershealth.com","good","ok","no","no"
"emily.andrews@veracityselfcare.com","risky","catch_all","no","no"
"emily.nahas@solobrands.com","good","ok","no","no"
"emily.olinger@nelnet.net","good","ok","no","no"
"emily.pitcher@smilesolutions.com.au","risky","catch_all","no","no"
"emily.roberts@tivityhealth.com","risky","catch_all","no","no"
"emily.roccheggiani@versapay.com","good","ok","no","no"
"emily.russell@thekey.com","good","ok","no","no"
"emily@consultmle.com","good","ok","no","no"
"emma.norman@orikan.com","good","ok","no","no"
"emma.rausch@weissasset.com","good","ok","no","no"
"eoin.byrne@poppulo.com","good","ok","no","no"
"epallante@seniorcaretherapy.com","good","ok","no","no"
"erdoan@syntaxtechs.com","risky","catch_all","no","no"
"eric.beck1@vw.com","good","ok","no","no"
"eric.brickman@quility.com","good","ok","no","no"
"eric.chicoine@netstock.co","good","ok","no","no"
"eric.holtzclaw@urnet.com","good","ok","no","no"
"eric.lears@sensience.com","good","ok","no","no"
"eric.steimel@ze.com","risky","catch_all","no","no"
"eric.winn@salary.com","good","ok","no","no"
"eric.wong@mcxxm.com","good","ok","no","no"
"eric@miyi.io","good","ok","no","no"
"erica.alioto@retool.com","good","ok","no","no"
"erica.raether@ofd.com","good","ok","no","no"
"erin.b@pixibeauty.com","good","ok","no","no"
"erin.kindelan@lovelytics.com","good","ok","no","no"
"ernie.manansala@neftbrands.com","good","ok","no","no"
"eschipman@viliving.com","risky","catch_all","no","no"
"ethan@palella.com","good","ok","no","no"
"ethan@relaydesk.io","risky","catch_all","no","no"
"ethen@tesolife.com","good","ok","no","no"
"eugene.bolatau@ten8.ai","risky","catch_all","no","no"
"eva.choe@clorox.com","good","ok","no","no"
"eva.glanzer@taxfix.de","good","ok","no","no"
"evam@nandosperiperi.com","risky","catch_all","no","no"
"evans.chiyombwe@victoryhs.com","good","ok","no","no"
"f.balestrieri@lagardereawpl.com","good","ok","no","no"
"f.jaskolski@livechatinc.com","good","ok","no","no"
"fabio.gori@onstak.com","good","ok","no","no"
"fangfang.weng@wpc.com.au","good","ok","no","no"
"fatima.almubbad@novustech.com.sg","good","ok","no","no"
"faye.restall@lesmills.com","good","ok","no","no"
"fbellarmin@wyzard.app","risky","catch_all","no","no"
"felipe@scrapmetalservices.com","good","ok","no","no"
"felipe@solarservicescompany.com","good","ok","no","no"
"fellas@lovisa.com","good","ok","no","no"
"fernando.arroyo@wacofamilymedicine.org","good","ok","no","no"
"fiona.murphy@mycar.com.au","good","ok","no","no"
"fiona.odonnell@mapbox.com","good","ok","no","no"
"fionao@nobleoak.com.au","good","ok","no","no"
"fionna@turtletree.com","good","ok","no","no"
"fletcherds@stanleymartin.com","risky","catch_all","no","no"
"francesca.calandra@corp.nexon.com.au","good","ok","no","no"
"francesco.fabbri@theris.ai","good","ok","no","no"
"franco@synergev.com","good","ok","no","no"
"frank.sinacori@mlp.com","good","ok","no","no"
"franklin@trelevate.com","good","ok","no","no"
"frelde@lidp.com","good","ok","no","no"
"fzecri@marianaoncology.com","good","ok","no","no"
"gabriele.famous@radaro.com.au","risky","catch_all","no","no"
"gabriele.rossi@pentagram.com","good","ok","no","no"
"gabrielle.curtin@snowyhydro.com.au","good","ok","no","no"
"gajanan.chandraghatgi@ubs.com","good","ok","no","no"
"galle@linkrestaurantgroup.com","good","ok","no","no"
"garage@mondaynightbrewing.com","risky","catch_all","no","no"
"garo@winboard.com","risky","catch_all","no","no"
"garret.munzing@tristategt.org","good","ok","no","no"
"gaurav.luthra@digitality.com.au","risky","catch_all","no","no"
"gayle.hilgendorff@stagsecurities.com","good","ok","no","no"
"gbhalla@sghl.com.au","good","ok","no","no"
"gcarmona@silverventures.com","risky","catch_all","no","no"
"gchung@locusrobotics.com","good","ok","no","no"
"gdaily@optimo-it.com","good","ok","no","no"
"gdraetta@orionisbio.com","good","ok","no","no"
"gdyer@paralleltech.com","good","ok","no","no"
"gemma.mulready@pupal.com.au","risky","catch_all","no","no"
"gene.linetsky@patracorp.com","good","ok","no","no"
"gengle@verobroadband.com","good","ok","no","no"
"gennefermuzzy@mprcred.com","good","ok","no","no"
"george.bentinck@lvt.com","risky","catch_all","no","no"
"george.clark@oneamerica.com","good","ok","no","no"
"george.hines@pinewood.ai","good","ok","no","no"
"george.rifford@mazzzing.com","good","ok","no","no"
"george.stellweg@symtoolsystems.com","risky","catch_all","no","no"
"gerard@theramgroup.com","risky","catch_all","no","no"
"gerrit.lansing@netwrix.com","good","ok","no","no"
"gijo.varghese@secolve.com","good","ok","no","no"
"gina@loop.com","risky","catch_all","no","no"
"giyom@step.com","good","ok","no","no"
"gjohnson@nexxen.com","good","ok","no","no"
"glehid@pyrotek.com","good","ok","no","no"
"gloria@icuniforms.com","bad","invalid","no","no"
"gmorse@swiftcurrentenergy.com","good","ok","no","no"
"grahme@meetkai.com","risky","catch_all","no","no"
"grant.mcivor@southerncross.co.nz","risky","catch_all","no","no"
"grant@oldwell-labs.com","good","ok","no","no"
"grant@youxpowered.com.au","good","ok","no","no"
"greg.costley@tcsjerky.com","good","ok","no","no"
"greg@melioraeng.com","good","ok","no","no"
"greg@searchlabdigital.com","risky","catch_all","no","no"
"gregg.kunes@pattersoncompanies.com","good","ok","no","no"
"gregory.licholai@syneoshealth.com","good","ok","no","no"
"gregory.sorensen@radnet.com","good","ok","no","no"
"gricelp@spectrumoandp.com","good","ok","no","no"
"gshinozaki@seminex.com","risky","catch_all","no","no"
"gurpreet.atwal@truist.com","good","ok","no","no"
"guru.sankaranarayanan@mip.com.au","risky","catch_all","no","no"
"guy@athenian.io","good","ok","no","no"
"h.miller@md-aircraft.com","good","ok","no","no"
"h.spellmeyer@slingshotaerospace.com","good","ok","no","no"
"haemisegger@northparkcenter.com","good","ok","no","no"
"hal@officespacecopier.com","good","ok","no","no"
"hames@montecito.bank","good","ok","no","no"
"hamish.archer@wel.co.nz","good","ok","no","no"
"hamutal@snappy.com","good","ok","no","no"
"hani@stepone.life","good","ok","no","no"
"hannah.lentz@kyu.com","good","ok","no","no"
"hannah.poferl@umusic.com","good","ok","no","no"
"hannah.roth@predictiveroi.com","risky","catch_all","no","no"
"hannah@salesmate.ca","risky","catch_all","no","no"
"hannah@windover.com","good","ok","no","no"
"hannes.greim@levelats.com","good","ok","no","no"
"harpreet.basran@49ers.com","good","ok","no","no"
"harry.hilliar@vline.com.au","good","ok","no","no"
"harshaja@cmctas.com.au","good","ok","no","no"
"hart@purveyorsports.com","risky","catch_all","no","no"
"harvey@sierrasvs.com","good","ok","no","no"
"hayden.saunders@mas.co.nz","good","ok","no","no"
"hbesonen@lifeworks.org","good","ok","no","no"
"hcarter@trovebrands.com","bad","invalid","no","no"
"hchristianson@marqeta.com","good","ok","no","no"
"hdanko@yieldmo.com","good","ok","no","no"
"heather.bailey@unlock.com","good","ok","no","no"
"heather.brown@platinumderm.com","good","ok","no","no"
"heather.prowd@mindpath.com","good","ok","no","no"
"heather.r.laychak@aero.org","good","ok","no","no"
"heather.terhark@vivasl.com","good","ok","no","no"
"heather@metridata.com","good","ok","no","no"
"heather@viqiai.com","risky","catch_all","no","no"
"hector@legacy-fusion.com","good","ok","no","no"
"heim@sdwheel.com","good","ok","no","no"
"helen.lin@publicis.com","good","ok","no","no"
"helen.whitehouse@mccain.com","good","ok","no","no"
"helena@tetratech.com","good","ok","no","no"
"helene.gordon@mmsg.com.au","risky","catch_all","no","no"
"helenl@nrch.com.au","good","ok","no","no"
"hennie.peters@opencountry.co.nz","good","ok","no","no"
"henrya@ushealthgroup.com","good","ok","no","no"
"herve@nousresearch.com","good","ok","no","no"
"hgadon@wellnesspet.com","good","ok","no","no"
"hgentili@shepleybulfinch.com","good","ok","no","no"
"hherr@marimnhealth.org","good","ok","no","no"
"hhowe@sequoiacare.com","good","ok","no","no"
"hide.seguchi@sekisuihouse.com.au","good","ok","no","no"
"hillary.hermanns@metaltek.com","good","ok","no","no"
"hjohnson@smartcommunications.com","good","ok","no","no"
"hlane@om1.com","good","ok","no","no"
"hmccurley@nsfertility.com","good","ok","no","no"
"hollie.delaney@powerhrg.com","good","ok","no","no"
"holly@rain.tech","risky","catch_all","no","no"
"hope.lawry@moneyme.com.au","risky","catch_all","no","no"
"houston@sperityhealth.com","good","ok","no","no"
"howard.rees@nine.com.au","risky","catch_all","no","no"
"hpaison@westviewventures.com","good","ok","no","no"
"hpierson@radiopharmacy.com","good","ok","no","no"
"hqualls@pppl.gov","good","ok","no","no"
"hroot@landdesign.com","good","ok","no","no"
"hsink@southmountain.org","good","ok","no","no"
"huang.pan@cryptopond.xyz","good","ok","no","no"
"huda@nomadpower.com","good","ok","no","no"
"hugo.sparidans@vanderlande.com","good","ok","no","no"
"humale@scan.com","good","ok","no","no"
"ian.colle@penguinsolutions.com","good","ok","no","no"
"ian@rothera.io","risky","catch_all","no","no"
"iball@mastercontrol.com","good","ok","no","no"
"icferrer@ncl.com","good","ok","no","no"
"idelgado@realclearpolitics.com","good","ok","no","no"
"ignacio.zuleta@ororatech.com","good","ok","no","no"
"ihateithere@workweek.com","good","ok","no","no"
"ilya.bass@motif.io","good","ok","no","no"
"inessa@thezyro.com","risky","catch_all","no","no"
"irene.bekerman@pacebus.com","good","ok","no","no"
"irfan@tekrevol.com","good","ok","no","no"
"iris.sullivan@priorilegal.com","good","ok","no","no"
"iris.tok@spa-esprit.com","good","ok","no","no"
"is@sdggroup.com","good","ok","no","no"
"isaac@masco.com","good","ok","no","no"
"isaac@telegent.com","good","ok","no","no"
"isabella.britton@sampled.com","good","ok","no","no"
"isabella.minutillo@stahmannwebster.com.au","good","ok","no","no"
"isalinas@mebc.com.mx","good","ok","no","no"
"iva.colter@thewonderproject.com","good","ok","no","no"
"ivan.herrera@gamecoderstudios.com","good","ok","no","no"
"ivonne_ml@hotmail.com","good","ok","yes","no"
"j.collins@nucleusnetwork.com.au","good","ok","no","no"
"j.johnson@mansueto.com","good","ok","no","no"
"j.sullivan@summit-az.com","good","ok","no","no"
"jack.bernstein@unitedmasters.com","good","ok","no","no"
"jack.r@purple.com","good","ok","no","no"
"jackie.richards@maritz.com","good","ok","no","no"
"jackie.salmon@suncorp.com.au","good","ok","no","no"
"jacob.harris@testequity.com","good","ok","no","no"
"jacqueline.opal@stvinc.com","good","ok","no","no"
"jacqui.levings@nuix.com","good","ok","no","no"
"jacquie.shuker@lic.co.nz","good","ok","no","no"
"jaden@slatermarketing.co.uk","risky","catch_all","no","no"
"jagan@seattleorcas.com","risky","catch_all","no","no"
"jagbariana@linearsystems.com","good","ok","no","no"
"jahanzeb.jabbar@m3as.com","good","ok","no","no"
"jaime@wintermusicconference.com","good","ok","no","no"
"jake.green@romexpest.com","good","ok","no","no"
"jake.vellinga@sparsolutions.com","good","ok","no","no"
"jake@lapulga.com","good","ok","no","no"
"jalgie@petersoncos.com","good","ok","no","no"
"james.hulbert@tattebakery.com","good","ok","no","no"
"james.martin@riotinto.com","risky","catch_all","no","no"
"james.poulin@personal.ai","good","ok","no","no"
"james.watts@yum.com","good","ok","no","no"
"james.wolf@seattlerep.org","good","ok","no","no"
"james@lucimedical.com","risky","catch_all","no","no"
"james@patriotexteriorcleaningtx.com","good","ok","no","no"
"james@sentryms.com","good","ok","no","no"
"james@theagentic.ai","risky","catch_all","no","no"
"james_mckenney@rpsins.com","good","ok","no","no"
"jamesd@semperis.com","good","ok","no","no"
"jamesl@primefinancial.com.au","good","ok","no","no"
"jamesmeehan@wadams.com.au","good","ok","no","no"
"jamesonpickett@theoriq.ai","risky","catch_all","no","no"
"jamie.cohen@salemmedia.com","good","ok","no","no"
"jamie.kent@overfuel.com","risky","catch_all","no","no"
"jamie@leap-products.com","good","ok","no","no"
"jamie@truevault.com.au","risky","catch_all","no","no"
"jan.womble@slgsav.com","good","ok","no","no"
"janalee@middlewayinstitute.com","risky","catch_all","no","no"
"jane.stumbles@mtf.co.nz","good","ok","no","no"
"janel@yuvohealth.com","good","ok","no","no"
"janelle.rolph@stbank.com","good","ok","no","no"
"janelle@oasisadvisors.com","good","ok","no","no"
"janet.gill@thehartford.com","good","ok","no","no"
"jani.koskinen@trimaxmowers.com","good","ok","no","no"
"janne.salminen@siftwallet.com","risky","catch_all","no","no"
"jannie.goods@sapience.net","good","ok","no","no"
"jarceneaux@mstarliving.com","good","ok","no","no"
"jaredgreer@qualitymomentsohio.com","good","ok","no","no"
"jason.doyle@publicinsight.io","good","ok","no","no"
"jason.huxtable@metso.com","good","ok","no","no"
"jason.qu@neurovaai.com","risky","catch_all","no","no"
"jason.richardson@serco-ap.com","risky","catch_all","no","no"
"jason.stein@meridianenergy.co.nz","good","ok","no","no"
"jason@nexus-datacenters.com","good","ok","no","no"
"jason@simplyai.biz","bad","invalid","no","no"
"jason@staywithstay.com","risky","catch_all","no","no"
"jasonw@purecars.com","good","ok","no","no"
"jasper.ossentjuk@nielseniq.com","good","ok","no","no"
"javier.feliciano@meritagehomes.com","good","ok","no","no"
"jay@mfs.team","good","ok","no","no"
"jay_rajaee@ucbi.com","good","ok","no","no"
"jayson@fulfillengine.com","good","ok","no","no"
"jbailey@stackoverflow.com","good","ok","no","no"
"jballardcroft@resource-innovations.com","good","ok","no","no"
"jbamman@nfg.com","good","ok","no","no"
"jberg@upchurchus.com","good","ok","no","no"
"jbiddell@theimg.com.au","good","ok","no","no"
"jboesen@planatechnologies.com","good","ok","no","no"
"jbosl@soleraseniorliving.com","good","ok","no","no"
"jboyles@sparusholdings.com","good","ok","no","no"
"jbrobbins@tastespecific.com","good","ok","no","no"
"jbroughton@visitowa.com","good","ok","no","no"
"jcarbone@vantageptr.com","good","ok","no","no"
"jcastania@southwindfoods.com","good","ok","no","no"
"jcatalano@palmerint.com","good","ok","no","no"
"jchernesky@ncl.com","good","ok","no","no"
"jcimmino@merkleyandpartners.com","good","ok","no","no"
"jconnelly@pmc.com","good","ok","no","no"
"jdurkin@nicmapvision.com","good","ok","no","no"
"jean.kouremetis@modop.com","good","ok","no","no"
"jeff.batuhan@tinuiti.com","good","ok","no","no"
"jeff.behl@siderolabs.com","good","ok","no","no"
"jeff.branagh@scriptologyhealth.com","good","ok","no","no"
"jeff.ma@troon.com","good","ok","no","no"
"jeff.scott@wearesouthwind.com","good","ok","no","no"
"jeff@plastomics.com","risky","catch_all","no","no"
"jeff@torchlight.ai","good","ok","no","no"
"jegan@polygon.technology","good","ok","no","no"
"jen.hullett@lightspeeddms.com","good","ok","no","no"
"jen.obrien@midwestfamilylacrosse.com","good","ok","no","no"
"jenean@paramount-machine.com","good","ok","no","no"
"jennifer.brown@toyotaconnected.com","good","ok","no","no"
"jennifer.burnett@landcare.com","good","ok","no","no"
"jennifer.congdon@mfin.com","good","ok","no","no"
"jennifer.garay@versantmedia.com","good","ok","no","no"
"jennifer.hensley@nobelus.com","good","ok","no","no"
"jennifer.seidner@torchystacos.com","good","ok","no","no"
"jennifer.speights@vphealth.org","good","ok","no","no"
"jennifer.trzepacz@transcarent.com","good","ok","no","no"
"jennifer@northpointadvisers.com","good","ok","no","no"
"jennifer@nwconfections.com","good","ok","no","no"
"jennifer@veneerchip.com","good","ok","no","no"
"jensen.chen@uromedtech.com","good","ok","no","no"
"jeremi@vastassembly.ai","bad","invalid","no","no"
"jeremy.hill@pedders.com.au","good","ok","no","no"
"jeremy.hutchinson@transgrid.com.au","risky","catch_all","no","no"
"jeremy.maxwell@veradigm.com","good","ok","no","no"
"jeremy@nursa.com","good","ok","no","no"
"jeremy@projectomega.com","good","ok","no","no"
"jerry.cochran@pnnl.gov","good","ok","no","no"
"jess@reframinghr.com","good","ok","no","no"
"jessamyn.lovell@sandstonecare.com","good","ok","no","no"
"jesse.larrison@syntriqhealth.com","good","ok","no","no"
"jessica.farrell@publicisgroupe.com","risky","catch_all","no","no"
"jessica.furolo@merivale.com","good","ok","no","no"
"jessica.ozella@thereformation.com","good","ok","no","no"
"jessica.s@montaguefarms.com.au","good","ok","no","no"
"jessica.tuck@more.com.au","risky","catch_all","no","no"
"jessica_sawalich@starkey.com","good","ok","no","no"
"jessicab@lpbrandsnyc.com","good","ok","no","no"
"jessicar@gosquaredaway.com","good","ok","no","no"
"jfaverty@qcu.org","good","ok","no","no"
"jfink@opalitehealth.com","good","ok","no","no"
"jforeman@memberloyaltygroup.com","risky","catch_all","no","no"
"jgaron@mnee.io","good","ok","no","no"
"jgemar@mepce.com","good","ok","no","no"
"jgirouard@reputation.com","good","ok","no","no"
"jgladden@mhnchicago.org","good","ok","no","no"
"jgochis@thesynergydp.com","good","ok","no","no"
"jgrant@l3campus.com","good","ok","no","no"
"jhawley@orionfamilyservices.org","good","ok","no","no"
"jhaye@sazerac.com","good","ok","no","no"
"jhildebrand@mb2dental.com","good","ok","no","no"
"jhill@visanteinc.com","good","ok","no","no"
"jhudson@sportsmanboatsmfg.com","good","ok","no","no"
"jhughes@systemsengineering.com","good","ok","no","no"
"jill.sutton@oversight.com","good","ok","no","no"
"jill@parkplaceus.com","good","ok","no","no"
"jillian.bye@publicissapient.com","risky","catch_all","no","no"
"jillscanlon@odellbrewing.com","risky","catch_all","no","no"
"jim.bennett@meillc.com","good","ok","no","no"
"jim.denholm@mylsb.com","good","ok","no","no"
"jim.doran@redis.com","good","ok","no","no"
"jim.gensheimer@lukeslobster.com","good","ok","no","no"
"jim@truckerl.com","good","ok","no","no"
"jitendramishra@westpac.com.au","good","ok","no","no"
"jjackson@sikorsky.com","bad","invalid","no","no"
"jjohnson@meetings-incentives.com","good","ok","no","no"
"jjohnson@thnb.bank","good","ok","no","no"
"jjussif@nhhfa.org","good","ok","no","no"
"jking@odysseyhousenyc.org","good","ok","no","no"
"jkoepke@getluna.com","good","ok","no","no"
"jkohler@specterops.io","good","ok","no","no"
"jkrishnamurthy@obe.com","good","ok","no","no"
"jlarkin@titanhospitality.com","good","ok","no","no"
"jlatzman@thorne.com","good","ok","no","no"
"jlaw@rocketsoftware.com","good","ok","no","no"
"jlcaldwell@valvoline.com","good","ok","no","no"
"jlester@ma-cf.org","good","ok","no","no"
"jlewandowski@usradiology.com","good","ok","no","no"
"jlnicholson@wmata.com","risky","catch_all","no","no"
"jlochner@tidiproducts.com","good","ok","no","no"
"jmachera@thelakestudios.com","good","ok","no","no"
"jmathew@zrgpartners.com","good","ok","no","no"
"jmazurovsky@onyxcares.com","good","ok","no","no"
"jmbaker1@tva.gov","good","ok","no","no"
"jmclaine@veritasit.net","bad","invalid","no","no"
"jmiles@zpi.com","good","ok","no","no"
"jmiller@zivianhealth.com","risky","catch_all","no","no"
"jminski@naturmega.com","good","ok","no","no"
"jmnussbaum@cfafs.com","good","ok","no","no"
"jmonger@tricordintl.com","risky","catch_all","no","no"
"jmorgan@teamlogicit.com","good","ok","no","no"
"jmorrison@tssiusa.com","good","ok","no","no"
"jnadaskay@onevalor.com","good","ok","no","no"
"jnett@whiteoutsolutions.com","risky","catch_all","no","no"
"jneves@missionwealth.com","risky","unknown","no","no"
"jo-anne@oneviewcommerce.com","good","ok","no","no"
"joanna.vanderpoel@wheda.com","bad","invalid","no","no"
"joanne.barela-contractor@procore.com","good","ok","no","no"
"jocelyne.loh@trustbank.sg","good","ok","no","no"
"jodi.taylor@reliant-rehab.com","good","ok","no","no"
"joe.clossin@wesbanco.com","good","ok","no","no"
"joe.crowley@world50.com","good","ok","no","no"
"joe.giannelli@partnerwithventura.com","good","ok","no","no"
"joe.santos@smartbeings.com","good","ok","no","no"
"joe@lererhippeau.com","good","ok","no","no"
"joe@ots.health","good","ok","no","no"
"joe@powerpony.com","good","ok","no","no"
"joe@vetclaims.ai","risky","catch_all","no","no"
"joel.hornberger@cherokeehealth.com","good","ok","no","no"
"joel.petersen@labr.com","good","ok","no","no"
"joet@repfitness.com","good","ok","no","no"
"john.alford@quant.ai","good","ok","no","no"
"john.blenman@ubc.com","good","ok","no","no"
"john.buchanan@payarc.com","good","ok","no","no"
"john.chermside@veoneer.com","good","ok","no","no"
"john.cistaro@unifiedlaborrx.com","good","ok","no","no"
"john.foster@tala.co","good","ok","no","no"
"john.henry@medzown.com","good","ok","no","no"
"john.mcclure@syenta.com","good","ok","no","no"
"john.millard@onetier.com","good","ok","no","no"
"john.sence@sagesure.com","good","ok","no","no"
"john.sims@techguard.com","good","ok","no","no"
"john.tatge@therabody.com","good","ok","no","no"
"john.taylor@spinberry.com","good","ok","no","no"
"john.wilbanks@owkin.com","good","ok","no","no"
"john.winer@openfarmpet.com","good","ok","no","no"
"john@mandala.exhcange","bad","invalid","no","no"
"john@mininatortilla.com","good","ok","no","no"
"john@nimbal.co.nz","good","ok","no","no"
"john@seabreeze.com","good","ok","no","no"
"john@sesio.com","risky","catch_all","no","no"
"john@svdsols.com","good","ok","no","no"
"john_k@vezamfg.com","good","ok","no","no"
"jomana@momenticstudios.com","good","ok","no","no"
"jon.owens@rmcare.com","good","ok","no","no"
"jon@markermetro.com","bad","invalid","no","no"
"jonathan.prahl@wesbanco.com","good","ok","no","no"
"jonathan.su@procurify.com","good","ok","no","no"
"jonathan.swift@rea-group.com","good","ok","no","no"
"jonathan@southshorepr.com","good","ok","no","no"
"jonathan@troopers.com.my","good","ok","no","no"
"jonathan@voltaicmarine.com","good","ok","no","no"
"jonathanp@woodlandsmarket.com","good","ok","no","no"
"jonpaul.sundell@vw.com","good","ok","no","no"
"joona@soilwatch.eu","good","ok","no","no"
"jordan.spellis@wesbanco.com","good","ok","no","no"
"jordan@playlucra.com","good","ok","no","no"
"jordan@sobersidekick.com","risky","catch_all","no","no"
"jordan@victrola.com","good","ok","no","no"
"josef.bobinac@oncallinterpreters.com","good","ok","no","no"
"joseph.albitar@mastercard.com","risky","catch_all","no","no"
"joseph.hunsaker@usurance.com","good","ok","no","no"
"joseph.lopresti@straxnetworks.com","risky","catch_all","no","no"
"josh.haynes@wymerbrownlee.com","good","ok","no","no"
"josh@lawpro.ai","good","ok","no","no"
"joshua.atterbury@vitalissolutions.com.au","good","ok","no","no"
"josu@one7communications.com","risky","catch_all","no","no"
"joy.clark@worldwide.com","good","ok","no","no"
"joy.salvatore@sagepub.com","good","ok","no","no"
"joyce.myers@mtsi-va.com","risky","unknown","no","no"
"jpanarey@rafequity.com","good","ok","no","no"
"jpapillion@primehealthservices.com","risky","catch_all","no","no"
"jparker@tricemedical.com","good","ok","no","no"
"jpeterson@obsidiantx.com","good","ok","no","no"
"jpluempe@rivianvw.tech","good","ok","no","no"
"jrameas@nephronpharm.com","good","ok","no","no"
"jrayen@peercore.com.au","good","ok","no","no"
"jrees@rmfp.com","good","ok","no","no"
"jsavage@trialcard.com","risky","catch_all","no","no"
"jscore@tridentseafoods.com","good","ok","no","no"
"jsenner@dataclean.com","good","ok","no","no"
"jshaw@eqc.govt.nz","risky","catch_all","no","no"
"jsisemore@prochemgs.com","good","ok","no","no"
"jskitt.consultant@soapyjoescw.com","good","ok","no","no"
"jsmith@underarmour.com","good","ok","no","no"
"jsmithco@totalancillary.com","risky","catch_all","no","no"
"jsponaugle@utzsnacks.com","good","ok","no","no"
"jstilwell@seconddinner.com","good","ok","no","no"
"jstratford@seek.com.au","risky","unknown","no","no"
"jt@kwikkart.co","risky","catch_all","no","no"
"jterzini@pinnacleholdingco.com","good","ok","no","no"
"jtyra@pepperpointe.com","good","ok","no","no"
"juan.venegas@milvik.se","good","ok","no","no"
"juda.kram@meetingfull.com","risky","catch_all","no","no"
"judy.gilbert@ouraring.com","good","ok","no","no"
"julia@textla.com","good","ok","no","no"
"julian@alliedok.com","good","ok","no","no"
"julie.fairchild@leafstarservices.com","good","ok","no","no"
"julie.person@veratx.com","good","ok","no","no"
"julie@vendiadvertising.com","good","ok","no","no"
"julien.grout@sbm-company.com","good","ok","no","no"
"jumitchell@vipservices.org","good","ok","no","no"
"justin.long@discoverlyt.com","good","ok","no","no"
"justin.nikbakhsh@weyerhaeuser.com","good","ok","no","no"
"justin.weiss@moraph.com","risky","catch_all","no","no"
"justin@sproutpharma.com","good","ok","no","no"
"jvollmer@withersravenel.com","good","ok","no","no"
"jwiltz@midlandcc.org","risky","catch_all","no","no"
"jwoodgate@ssoe.com","risky","catch_all","no","no"
"jzamorano@sehinc.com","good","ok","no","no"
"jziegler@worldwidetravelstaffing.com","good","ok","no","no"
"k.kuo@vastspace.com","good","ok","no","no"
"k.lee@lek.com","good","ok","no","no"
"kabir.bazliel@oiteam.com","good","ok","no","no"
"kailee@onechangegroup.org","good","ok","no","no"
"kaiss@nexgentek.com","good","ok","no","no"
"kamil@theexpansivegroup.com","good","ok","no","no"
"kanish.nadarajah@mccain.com.au","good","ok","no","no"
"karen.ancira@mattel.com","good","ok","no","no"
"karen.cho@signetjewelers.com","good","ok","no","no"
"karen.edwards@vvmf.com.au","good","ok","no","no"
"karen.francois@natbank.com","good","ok","no","no"
"karen.kaminski@onestratus.com","good","ok","no","no"
"karen@roofingse.com","good","ok","no","no"
"karnold.chan@trinetx.com","bad","invalid","no","no"
"karri.zaremba@yum.com","good","ok","no","no"
"karyn.verret@ledgerinvesting.com","good","ok","no","no"
"kat.koutsantonis@realtor.com","good","ok","no","no"
"kat@lucid.co","good","ok","no","no"
"kate.gorr@wcenters.org","good","ok","no","no"
"kate.masen@publicis.com","good","ok","no","no"
"kate.mckenzie@moddex.com","good","ok","no","no"
"kate.parente@pega.com","good","ok","no","no"
"kate.pearson@peoplecare.com.au","good","ok","no","no"
"kate.zahra@moosetoys.com","good","ok","no","no"
"kate@svip.news","risky","catch_all","no","no"
"katherine@planet9studio.com","risky","catch_all","no","no"
"katherineloranger@safeguardworld.com","good","ok","no","no"
"kathleen.creech@quorumsoftware.com","good","ok","no","no"
"kathleen.larkin@yptc.com","good","ok","no","no"
"kathy.dekam@modemobile.com","good","ok","no","no"
"kathy@richeymay.com","good","ok","no","no"
"katie.cummings@reshop.com","good","ok","no","no"
"katie.grinberg@pointchealth.com","good","ok","no","no"
"katie.thomas@ziwipets.com","good","ok","no","no"
"katrina.benedettiforastieri@ravensdown.co.nz","good","ok","no","no"
"katyanne@rbogroup.com.au","good","ok","no","no"
"kaureflynn@youngslegacygroup.com","good","ok","no","no"
"kay.taylor@sigmahealthcare.com.au","good","ok","no","no"
"kbarela@redpocket.com","good","ok","no","no"
"kbassett@masrgllc.com","good","ok","no","no"
"kboenker@lyfecapital.com","good","ok","no","no"
"kbolin@weifieldgroup.com","good","ok","no","no"
"kbond@partssource.com","good","ok","no","no"
"kbright@vworldc.com","risky","catch_all","no","no"
"kbrown@wabe.org","risky","catch_all","no","no"
"kbyrd@sportandhealth.com","good","ok","no","no"
"kconnor@pbsradiology.com","risky","catch_all","no","no"
"kcortez@pioneermedicalpl.com","good","ok","no","no"
"kcubberly@transverseinsurance.com","good","ok","no","no"
"kdifulgo@peregrinehg.com","risky","catch_all","no","no"
"keira.howlett@nab.com.au","risky","catch_all","no","no"
"keith.wiley@layer8security.com","good","ok","no","no"
"kejones@sertasimmons.com","good","ok","no","no"
"keli.hull@renewhome.com","good","ok","no","no"
"kelly.carr@modigent.com","bad","invalid","no","no"
"kelly.earnest@seattlecu.com","good","ok","no","no"
"kelly.laferriere@timberwolves.com","good","ok","no","no"
"kelly.tobey@wkkellogg.com","risky","catch_all","no","no"
"kelly@renewrx.health","good","ok","no","no"
"kelly@seagrassbhg.com","good","ok","no","no"
"kelly@treefort.fm","risky","catch_all","no","no"
"kelsey@vipmedicalgroup.com","good","ok","no","no"
"kendra.kamholtz@resion.com","good","ok","no","no"
"kendra@tapihq.com","good","ok","no","no"
"kenneth.omeara@ottobock.com","good","ok","no","no"
"kenny.ng@loreal.com","good","ok","no","no"
"kennyw@dontdrivedirty.com","good","ok","no","no"
"kenta@seedooh.com","good","ok","no","no"
"keri.martin@morrisonindustries.com","good","ok","no","no"
"kerrye.wasserman@psabdp.com","good","ok","no","no"
"kevin.chua@locstoc.com","good","ok","no","no"
"kevin.hause@rheaspaceactivity.com","good","ok","no","no"
"kevin.simons@truescape.com","good","ok","no","no"
"kevin.socha@resolutionlife.us","risky","unknown","no","no"
"kevin.stapp@labgolf.com","good","ok","no","no"
"kevin@montechristomh.com","good","ok","no","no"
"kevin@power-champions.com","good","ok","no","no"
"kevin@tayloredexpressions.com","risky","catch_all","no","no"
"kevin@teleray.com","good","ok","no","no"
"kevin@weclay.com","risky","catch_all","no","no"
"kevin@wtta.org","good","ok","no","no"
"kevron@rccl.com","good","ok","no","no"
"kforrestall@tripadvisor.com","good","ok","no","no"
"kfraser@nuclearcarepartners.com","good","ok","no","no"
"kfricker@xgsenergy.com","good","ok","no","no"
"kfrost@tse-inc.org","good","ok","no","no"
"kgrattan@wsaco.com.au","good","ok","no","no"
"kheidt@steffes.com","good","ok","no","no"
"khelms@thomas-and-company.com","bad","invalid","no","no"
"khickey@sanborn.com","good","ok","no","no"
"khock@sbandcompany.com","good","ok","no","no"
"kiersten.mutchnick@trueanomaly.space","risky","catch_all","no","no"
"kila.sweeney@ovationhc.com","good","ok","no","no"
"kim.bunting@springeq.com","good","ok","no","no"
"kim.diorio@questco.net","good","ok","no","no"
"kim.hegarty@n4l.co.nz","risky","unknown","no","no"
"kim@leadership-amplified.com","good","ok","no","no"
"kimberley.a@polynovo.com","good","ok","no","no"
"kimberly.shephard@lifestyles.com","good","ok","no","no"
"kirsten.schreiter@gomomentus.com","good","ok","no","no"
"kisha.smith@teppersportsentertainment.com","good","ok","no","no"
"kisullivan@proofpoint.com","good","ok","no","no"
"kjcotlove@sbgtv.com","risky","catch_all","no","no"
"kjustis@carelinehealthgroup.com","good","ok","no","no"
"kk@qubitronic.com","good","ok","no","no"
"kkling@tnsi.com","good","ok","no","no"
"klangdon@joinupside.com","good","ok","no","no"
"kldanforth@sbec.com","risky","catch_all","no","no"
"kliles@sonrava.com","good","ok","no","no"
"klincoln@personcenteredservices.com","good","ok","no","no"
"kmayerh@lirr.org","risky","catch_all","no","no"
"kmcgrath@southworthcap.com","good","ok","no","no"
"kmeskill@solventum.com","good","ok","no","no"
"kmiller@lakeshorelearning.com","good","ok","no","no"
"kmiller@xpansiv.com","good","ok","no","no"
"kmorneau@tersera.com","good","ok","no","no"
"knasser-fenn@lineasolutions.com","good","ok","no","no"
"knazemetz@mdvip.com","good","ok","no","no"
"knelson@wheelerclinic.org","good","ok","no","no"
"knichols@risetekglobal.com","good","ok","no","no"
"korr@lss-sw.org","bad","invalid","no","no"
"kparker@wearpact.com","good","ok","no","no"
"kris.narayanan@verizon.com","risky","unknown","no","no"
"kris.reynolds@planetinnovation.com.au","risky","catch_all","no","no"
"krisa@topwater-es.com","good","ok","no","no"
"krishna.gidwani@servicenow.com","good","ok","no","no"
"krishnan.anand@merlinlabs.com","good","ok","no","no"
"krissie@playabeauty.com","risky","catch_all","no","no"
"kristen.bessette@zurichna.com","good","ok","no","no"
"kristen.mccoy@precisionocular.org","good","ok","no","no"
"kristen.zervis@legitscript.com","good","ok","no","no"
"kristian.lawson@pitcher.com.au","good","ok","no","no"
"kristie.rodenbush@pdw.ai","good","ok","no","no"
"kristin@1ssb.com","good","ok","no","no"
"kristinw@oreana.com.au","risky","catch_all","no","no"
"kristof.batizy@sierraspace.com","good","ok","no","no"
"kristopher.neff@menasha.com","good","ok","no","no"
"kristy.drollinger@lucemhealth.com","good","ok","no","no"
"krittanutt@nilasolutions.co","good","ok","no","no"
"krummer@phillipsedison.com","good","ok","no","no"
"ksadler@redoak.com","good","ok","no","no"
"kschermer@millercooper.com","risky","catch_all","no","no"
"kschultz@triumphaba.com","good","ok","no","no"
"ksheridan@qventus.com","good","ok","no","no"
"kstants@parabilismed.com","good","ok","no","no"
"ksudi@royalcaribbean.com","bad","invalid","no","no"
"ksullivan@mohegangaming.com","risky","catch_all","no","no"
"ktheobald@vectorworks.net","good","ok","no","no"
"ktipton@lionstonecare.com","risky","catch_all","no","no"
"ktrecker@visteon.com","good","ok","no","no"
"ktregenza@lts.com","good","ok","no","no"
"ktudela@parlordoughnuts.com","good","ok","no","no"
"kuljit.dharni@panopto.com","good","ok","no","no"
"kunal.datta@unit21.ai","good","ok","no","no"
"kunle@tappengine.com","good","ok","no","no"
"kurt@leanback.digital","good","ok","no","no"
"kurt@xcaliber.us","risky","catch_all","no","no"
"kurtc@truescripts.com","good","ok","no","no"
"kushnmi@metroplus.org","good","ok","no","no"
"kvolrath@veryon.com","good","ok","no","no"
"kwatts@tocafootball.com","risky","catch_all","no","no"
"kworster@sweetser.org","good","ok","no","no"
"kyle.olson@leftlaneautollc.com","good","ok","no","no"
"kyle.s@madtech.ai","good","ok","no","no"
"kyle.tuczynski@pulsarbeyond.com","good","ok","no","no"
"kyle@trex-arms.com","good","ok","no","no"
"kyndal.gannon@tpx.com","good","ok","no","no"
"l.johnson@maddkitchen.com","risky","catch_all","no","no"
"l.miucin@merkurxtip.rs","good","ok","no","no"
"l.toplic@southpole.com","good","ok","no","no"
"lacie.gilbert@upstartcyber.com","good","ok","no","no"
"lana@rubywell.com","risky","catch_all","no","no"
"lane.mcfarland@mattermost.com","good","ok","no","no"
"larkland.morley@getoppos.com","good","ok","no","no"
"laskar@womenindistress.org","good","ok","no","no"
"latasha.kempadoo@vevo.com","good","ok","no","no"
"laura.bednasz@pentair.com","good","ok","no","no"
"laura.click@whitehouseclinics.com","good","ok","no","no"
"laura.remaker@getthread.com","good","ok","no","no"
"laura.scavone@smoothieking.com","good","ok","no","no"
"laura.thiele@optimizely.com","good","ok","no","no"
"laura@madtech.io","good","ok","no","no"
"laura@telletire.com","good","ok","no","no"
"lauren@mybizniche.com","good","ok","no","no"
"lauren@steadyrack.com","good","ok","no","no"
"lauren_crutsinger@senecacenter.org","good","ok","no","no"
"laurent.mambourg@swift.com","good","ok","no","no"
"lavpet@qai37.com","risky","catch_all","no","no"
"lbaskerville@qtc.com.au","good","ok","no","no"
"lbride@revmed.com","good","ok","no","no"
"lbryant@vgsi.com","bad","invalid","no","no"
"lceaser@newnarrativepdx.org","good","ok","no","no"
"lchaiken@perspectivepv.com","good","ok","no","no"
"lcopeland@provenir.com","bad","invalid","no","no"
"lcruz@seattleu.edu","risky","catch_all","no","no"
"lday@pineservicesgroup.com","good","ok","no","no"
"ldunn@wiss.com","good","ok","no","no"
"leah.paff@scyne.com.au","good","ok","no","no"
"leah.roberts@stannards.com.au","good","ok","no","no"
"leanne.whicker@wsp.com","risky","catch_all","no","no"
"lee@teamturing.com","good","ok","no","no"
"lei.cochran@megaprobio.com","good","ok","no","no"
"leigh.robinson@uberfreight.com","good","ok","no","no"
"leigh@theryzosphere.io","good","ok","no","no"
"leivac@metro.net","good","ok","no","no"
"len.jessen@espressive.com","good","ok","no","no"
"leo.pham1@syncsoftvn.com","risky","catch_all","no","no"
"leonid.kanopka@zurichna.com","good","ok","no","no"
"leslie.guckertneitzel@talkiatry.com","good","ok","no","no"
"leslie.peabody@wowinc.com","risky","catch_all","no","no"
"leslie.pendergrast@outreach.io","good","ok","no","no"
"lexi.burns@tprest.com","good","ok","no","no"
"lfleming@thetrust.com","good","ok","no","no"
"lgarciawalton@silverchair.com","good","ok","no","no"
"lgardner@tennesseechildren.org","good","ok","no","no"
"lgravley@thetailwindgroup.com","good","ok","no","no"
"lgreen@thebridgeny.org","good","ok","no","no"
"lgross@providencecanhelp.com","risky","catch_all","no","no"
"lhale@l3av.com","good","ok","no","no"
"lhawkins@raafawa.org.au","good","ok","no","no"
"lhe@ntracts.com","good","ok","no","no"
"liauw.lee.jiat@prudential.com.sg","good","ok","no","no"
"libby.erensen@sollishealth.com","good","ok","no","no"
"lilla@seed.com","good","ok","no","no"
"linab@spectrumoandp.com","good","ok","no","no"
"linda.huseby@myspringhouse.com","good","ok","no","no"
"linda.redmann@strattec.com","good","ok","no","no"
"lindsey.bernard@woodmac.com","good","ok","no","no"
"lindsey.roundtree@people-science.com","good","ok","no","no"
"lindsey@tensorblack.ai","risky","unknown","no","no"
"lisa.hershkowitz@extremereach.com","good","ok","no","no"
"lisa.king@wafd.com","good","ok","no","no"
"lisa.quinn@servicenow.com","good","ok","no","no"
"lisa.versacio@obeetee.com","good","ok","no","no"
"lisa.whittington@sunbeltmodular.com","good","ok","no","no"
"lisa@oatsovernight.com","good","ok","no","no"
"lissa@summitanimalhealth.com","good","ok","no","no"
"liz.rieveley@meridianlink.com","good","ok","no","no"
"liz.sweet@snorkel.ai","good","ok","no","no"
"liz@cryptopond.xyz","good","ok","no","no"
"liz@zoobaeats.com","good","ok","no","no"
"lizetten@ownersbank.com","good","ok","no","no"
"lizh@physicianschoice.com","good","ok","no","no"
"ljiang@spence-chapin.org","good","ok","no","no"
"ljimenez@tlc4kids.org","good","ok","no","no"
"ljohnson@milwaukee.org","good","ok","no","no"
"lkelly@moira.org.au","good","ok","no","no"
"lkobza@sonidaliving.com","good","ok","no","no"
"llanday@tririnse.com","good","ok","no","no"
"llatronico@skender.com","good","ok","no","no"
"llawson@uwm.com","good","ok","no","no"
"lloydp@themaccu.com.au","good","ok","no","no"
"lmarks@proofpudding.com","good","ok","no","no"
"lmcgann@prosci.com","good","ok","no","no"
"lmorales@nba.com","good","ok","no","no"
"lois.lyons@tdisecurity.com","good","ok","no","no"
"lolivieri@varsitybrands.com","good","ok","no","no"
"loren@levelengineering.com","risky","catch_all","no","no"
"lorenceau@longshotspace.com","bad","invalid","no","no"
"lori.melander@medica.com","good","ok","no","no"
"lori.rochelle@pathwaylending.org","good","ok","no","no"
"lori@stretchai.com","good","ok","no","no"
"lorna.hagen@revecore.com","good","ok","no","no"
"louise.welch@vista.com","good","ok","no","no"
"lparker@mcopro.com","good","ok","no","no"
"lpaul@pulmonx.com","good","ok","no","no"
"lriitano@nowfinance.com.au","good","ok","no","no"
"lsalguero@unissant.com","good","ok","no","no"
"lsalom@mindden.com","good","ok","no","no"
"lsanders@novaentertainment.com.au","good","ok","no","no"
"lsharpes@mhanc.org","good","ok","no","no"
"lshea@s2nhealth.com","risky","catch_all","no","no"
"lspence@tandmassociates.com","good","ok","no","no"
"lstarnes@transformhospitality.com","good","ok","no","no"
"lucas@readyblock.io","good","ok","no","no"
"lucas@sofiadigitalmarketing.com","good","ok","no","no"
"lucyharris@westerngraphicsinc.com","good","ok","no","no"
"luke.manion@westsideauto.com.au","good","ok","no","no"
"luke.raymond@precisebh.com","good","ok","no","no"
"lwyatt@sourcetechnologiesllc.com","risky","catch_all","no","no"
"lynne.borthwick@thras.io","good","ok","no","no"
"lynne.powers@redclay.com","good","ok","no","no"
"m.davies@prepacmfg.com","risky","unknown","no","no"
"m.king@wolfpack-security.com","good","ok","no","no"
"m_sufka@obhs.com","good","ok","no","no"
"maano.masisi@orange.com","good","ok","no","no"
"madan.moudgal@sagility.com","good","ok","no","no"
"madhusudan@segmental.ai","good","ok","no","no"
"maduri.asokan@raise.com","good","ok","no","no"
"mageng@nisos.com","good","ok","no","no"
"mahesh.kodumudi@scoutmotors.com","good","ok","no","no"
"maia.mccarron@wovencare.com","good","ok","no","no"
"malcolm.hawker@profisee.com","good","ok","no","no"
"mallory.martino@wella.com","good","ok","no","no"
"mandrews@solvd.com","good","ok","no","no"
"mandy.holloway@montage.com","good","ok","no","no"
"manesh@kurahealth.ai","risky","catch_all","no","no"
"mangantyr@wasabirabbit.com","risky","catch_all","no","no"
"mani@vogo.com","good","ok","no","no"
"manny.oppong@openskycs.org","risky","catch_all","no","no"
"manoj.sujanani@sappi.com","risky","catch_all","no","no"
"manu@plenitas.com","good","ok","no","no"
"maral.kazanjian@moodys.com","good","ok","no","no"
"marc.alvarez@nationaldigital.com","good","ok","no","no"
"marc.mercuri@layerlens.ai","good","ok","no","no"
"marcia.vargas@sylvamo.com","good","ok","no","no"
"marcus@northeast-extracts.com","risky","catch_all","no","no"
"mardi.sparrow@trilogyhotels.com.au","good","ok","no","no"
"margaux@sponsorunited.com","good","ok","no","no"
"margot.allan-georgas@newplumbing.com.au","good","ok","no","no"
"maria.chung@paxos.com","good","ok","no","no"
"maria.kalogredis@wawa.com","bad","invalid","no","no"
"marianne.silver@mastery.net","good","ok","no","no"
"marianne@nomadmktg.com","good","ok","no","no"
"marie.burke@simsmm.com","good","ok","no","no"
"marilyn@mrp.io","risky","catch_all","no","no"
"marina.golemis@linnworks.com","good","ok","no","no"
"mark.berinato@tattebakery.com","good","ok","no","no"
"mark.brincat@rch.org.au","good","ok","no","no"
"mark.carl@pditechnologies.com","good","ok","no","no"
"mark.coburn@revecast.io","risky","catch_all","no","no"
"mark.cuezon@sivers-semiconductors.com","good","ok","no","no"
"mark.graham@rgfstaffing.com.au","good","ok","no","no"
"mark.hopkins@purple.us","good","ok","no","no"
"mark.lareau@libertymutual.com","good","ok","no","no"
"mark.street@westpac.co.nz","good","ok","no","no"
"mark.subotnick@probablymonsters.com","good","ok","no","no"
"mark@maryfreebed.com","bad","invalid","no","no"
"mark@ncsu.edu","good","ok","no","no"
"mark@recon-supply.com","good","ok","no","no"
"mark@summitmgmtpartners.com","risky","catch_all","no","no"
"marko@m1.com.sg","good","ok","no","no"
"marla.spitzer@tiaa.org","good","ok","no","no"
"marsha.espinosa@securin.io","good","ok","no","no"
"marti.romances@territorystudio.com","good","ok","no","no"
"martin.holste@trellix.com","risky","catch_all","no","no"
"martin.kearns@innodev.com.au","bad","invalid","no","no"
"martin.metzker@spglobal.com","good","ok","no","no"
"martin@mythical.games","good","ok","no","no"
"marty.hungerford@bigredgroup.com","good","ok","no","no"
"marty.miracle@thread.bank","good","ok","no","no"
"martys@thetrakgroup.com","good","ok","no","no"
"mary@hrperos.com","risky","unknown","no","no"
"mary@nexacommunications.com","good","ok","no","no"
"mary@withinreach.biz","good","ok","no","no"
"marybeth.reisinger@openworksweb.com","good","ok","no","no"
"maryliz.finn@signetjewelers.com","good","ok","no","no"
"masaki.hieda@linder.com","good","ok","no","no"
"masayuki.kimura@sompo-hd.com","good","ok","no","no"
"mason.mercy@matterhealthcare.com","good","ok","no","no"
"matt.barron@tokiomarine.com.au","good","ok","no","no"
"matt.carter@silverfernfarms.co.nz","good","ok","no","no"
"matt.ivester@talkiatry.com","good","ok","no","no"
"matt.kaplan@llhhc.com","good","ok","no","no"
"matt.mahar@previ.com","good","ok","no","no"
"matt.oneill@trillianthealth.com","good","ok","no","no"
"matt.peoples@regimentsecurities.com","good","ok","no","no"
"matt.schiff@psd.com","good","ok","no","no"
"matt@midaspayments.com","risky","catch_all","no","no"
"matt@sunapp.ai","risky","catch_all","no","no"
"mattheadland@mediaworks.co.nz","risky","catch_all","no","no"
"mattheston@thesaxtongroup.com","good","ok","no","no"
"matthew.adams@nolongerbound.com","good","ok","no","no"
"matthew.carroll@lioinsurance.com","good","ok","no","no"
"matthew.freeborn@nmsgroup.llc","good","ok","no","no"
"matthew@tabonollc.org","bad","invalid","no","no"
"matthewc@phoenixems.com.au","good","ok","no","no"
"maureencole@35capital.com","good","ok","no","no"
"maurice.riley@publicisgroupe.net","risky","catch_all","no","no"
"mauricio@parkmp.com","good","ok","no","no"
"maya@drnsouli.com","risky","catch_all","no","no"
"mbarrick@watertrucks.com","good","ok","no","no"
"mbarry@phoenixintnl.com","good","ok","no","no"
"mbauer@bankofmissouri.com","good","ok","no","no"
"mbenson@leprinofoods.com","good","ok","no","no"
"mbevan@tfehotels.com","good","ok","no","no"
"mblanks@telecarecorp.com","risky","catch_all","no","no"
"mbracho@firststopstaffing.com","good","ok","no","no"
"mbrennan@tdsclinical.com","good","ok","no","no"
"mbruskin@tcco.com","good","ok","no","no"
"mbunter@rixindustries.com","good","ok","no","no"
"mcampbell@michigansaves.org","good","ok","no","no"
"mcarpenter@wesbanco.com","good","ok","no","no"
"mcashdollar@valenzhealth.com","good","ok","no","no"
"mcasillas@vertexautonomy.com","good","ok","no","no"
"mcata@noven.com","good","ok","no","no"
"mchopra@trex.com","good","ok","no","no"
"mckayela@nextlevelpractice.com","good","ok","no","no"
"mckee@sawbones.com","bad","invalid","no","no"
"mckenzie@renaissancecompanies.com","good","ok","no","no"
"mconners@sikorsky.com","bad","invalid","no","no"
"mcook@rothcocpa.com","good","ok","no","no"
"mcormier@nav.com","good","ok","no","no"
"mcors@fnbarenzville.com","good","ok","no","no"
"mcush@visionsvcb.org","good","ok","no","no"
"mdesarbo@produceone.com","good","ok","no","no"
"mdunn@kwi.com","good","ok","no","no"
"medwards@starrez.com","good","ok","no","no"
"meg.cuthbertson@performancesportevents.com","good","ok","no","no"
"meg@namasteadvice.com","good","ok","no","no"
"megan.p@myoutdesk.com","good","ok","no","no"
"megan.rybar@periscope365.com","good","ok","no","no"
"megan.tidwell@lvt.com","good","ok","no","no"
"meghan@tjmlabs.com","good","ok","no","no"
"mehreen.shams@yum.com","good","ok","no","no"
"mejones@lincolncenter.org","risky","catch_all","no","no"
"mel.brandon@wetaworkshop.co.nz","good","ok","no","no"
"melanie.welch@servicenow.com","good","ok","no","no"
"melanie@novaworks.ai","good","ok","no","no"
"melinda.sellers@mkcorp.com","good","ok","no","no"
"melisa@swop.trade","risky","catch_all","no","no"
"melissa.benavides@thomasprintworks.com","good","ok","no","no"
"melissa.duffey@sundale.org.au","risky","catch_all","no","no"
"melissa.kee@temus.com","good","ok","no","no"
"melissa.knotts@vasion.com","good","ok","no","no"
"melissa.maguire@efiscal.net","risky","catch_all","no","no"
"melissa.newsom@velocys.com","good","ok","no","no"
"melissa.zellner@organon.com","good","ok","no","no"
"melissab@recastsoftware.com","good","ok","no","no"
"melissad@qualitechco.com","good","ok","no","no"
"memontana@nclcorp.com","good","ok","no","no"
"merran.anderson@mitre10.co.nz","risky","catch_all","no","no"
"mfiumara@tyro.com","good","ok","no","no"
"mforouzanfar@novelna.com","risky","catch_all","no","no"
"mfranks@vital4.net","good","ok","no","no"
"mfrodyma@newleafsym.com","good","ok","no","no"
"mgiovengo@vpi.org","good","ok","no","no"
"mgunn@racetrac.com","good","ok","no","no"
"mhaley@truefit.com","good","ok","no","no"
"mhassan@rccl.com","good","ok","no","no"
"mhay@mindgram.ai","risky","catch_all","no","no"
"mhenagan@msefilms.com","good","ok","no","no"
"mhoang@vulcanforms.com","bad","invalid","no","no"
"mhocking@lasermech.com","risky","catch_all","no","no"
"mhoffman@promiles.com","good","ok","no","no"
"mhuerta@sunstreet.org","good","ok","no","no"
"michael.archibald@salesrabbit.com","good","ok","no","no"
"michael.files@zuirail.com","good","ok","no","no"
"michael.finnegan@lasko.com","good","ok","no","no"
"michael.gaunt@mottmac.com","risky","catch_all","no","no"
"michael.jones@optyx.com","good","ok","no","no"
"michael.klimavicius@scientificgames.com","risky","catch_all","no","no"
"michael.lashlee@mastercard.com","risky","catch_all","no","no"
"michael.laudon@quest.com","good","ok","no","no"
"michael.mcmanus@prevalonenergy.com","good","ok","no","no"
"michael.moeller@unitedveincenters.com","good","ok","no","no"
"michael.mraz@time.com","good","ok","no","no"
"michael.nash@umusic.com","good","ok","no","no"
"michael.romanko@petco.com","risky","catch_all","no","no"
"michael.woody@mativ.com","good","ok","no","no"
"michael.zuccato@sourcebooks.com","good","ok","no","no"
"michael@gettallyho.com","risky","catch_all","no","no"
"michael@numer.ai","good","ok","no","no"
"michael@remedyplan.com","good","ok","no","no"
"michael@wilburlabs.com","good","ok","no","no"
"michael_barras@campbellsoup.com","good","ok","no","no"
"michaelclark@packexusa.com","good","ok","no","no"
"michaelhoitt@windowrama.com","good","ok","no","no"
"michaels@spscommerce.com","good","ok","no","no"
"michaels@truveta.com","good","ok","no","no"
"michal.sroka@truist.com","good","ok","no","no"
"michel.jones@ovationmr.com","good","ok","no","no"
"michele.asch@twincraft.com","good","ok","no","no"
"michele.mauger@mercury.co.nz","risky","catch_all","no","no"
"michele.myers@lakecitybank.com","good","ok","no","no"
"michele.salle@syneoshealth.com","good","ok","no","no"
"michele@sixpoint.io","risky","unknown","no","no"
"michelle.ansley@wellstreet.com","good","ok","no","no"
"michelle.battersby@webjetgroup.com","good","ok","no","no"
"michelle.marge@ehospice.org","good","ok","no","no"
"michelle.meier@lfcs.org","good","ok","no","no"
"michelle.monaco@wheel.com","good","ok","no","no"
"michelle.morrison@treasure-data.com","good","ok","no","no"
"michelle.super@mnautism.org","good","ok","no","no"
"michelle@proservice.com","good","ok","no","no"
"michelle@roundriverprovisions.com","risky","catch_all","no","no"
"micmetz@nyct.com","risky","catch_all","no","no"
"mike.enoka@springload.co.nz","good","ok","no","no"
"mike.hendricks@tailoredbrands.com","bad","invalid","no","no"
"mike.hilton@ninjaconcepts.ai","good","ok","no","no"
"mike.katz@t-mobile.com","good","ok","no","no"
"mike.knott@wilkersoncranerental.com","good","ok","no","no"
"mike.lamm@rethinkfirst.com","good","ok","no","no"
"mike.lichtfuss@stakecenter.com","good","ok","no","no"
"mike.marelli@sce.com","good","ok","no","no"
"mike.maziarz@mindbridge.ai","good","ok","no","no"
"mike.scariano@neudesic.com","good","ok","no","no"
"mike.stevens@efiia.com","good","ok","no","no"
"mike.sturgill@brittfest.org","good","ok","no","no"
"mike@longjourney.vc","good","ok","no","no"
"mike@notubes.com","good","ok","no","no"
"mike@specterops.io","good","ok","no","no"
"mike@waldensecurity.com","good","ok","no","no"
"mimi@mimigordon.com","risky","catch_all","no","no"
"mirjana.juka@nswlrs.com.au","good","ok","no","no"
"mitch.hulst@marketboomer.com","good","ok","no","no"
"mj@ovation.io","good","ok","no","no"
"mjagroop@parisbaguette.com","good","ok","no","no"
"mjimenez@txg.aero","good","ok","no","no"
"mkemling@privatehealth.com","good","ok","no","no"
"mkimbro@qdusa.com","good","ok","no","no"
"mkramer@roadwayassetservices.com","risky","catch_all","no","no"
"mlafleur@shawmut.com","good","ok","no","no"
"mlloyd@rmipc.net","good","ok","no","no"
"mlundgren@solventum.com","good","ok","no","no"
"mluu@maidpro.com","good","ok","no","no"
"mmaddox@steamboatis.com","good","ok","no","no"
"mmaples@stikp.com","good","ok","no","no"
"mmartin@thompsoncff.org","good","ok","no","no"
"mmcardle@vhb.com","good","ok","no","no"
"mmcmahon@nacintl.com","good","ok","no","no"
"mmeacham@tortoisecapital.com","good","ok","no","no"
"mmiller@quanterix.com","good","ok","no","no"
"mmonico@m2innovate.net","good","ok","no","no"
"mmovitz@gingerpeople.com","good","ok","no","no"
"mobrien@tnsi.com","good","ok","no","no"
"molly@mobileproduction.net","good","ok","no","no"
"monica.wezwick@sublimationhealth.com","good","ok","no","no"
"monique@zkyc.tech","risky","catch_all","no","no"
"montana@urthfitness.com.au","good","ok","no","no"
"monteerritt@vermeersoutheast.com","good","ok","no","no"
"morelld@shapecorp.com","risky","catch_all","no","no"
"morgan.henderson@visuallab.au","good","ok","no","no"
"mpadhi@splashfinancial.com","risky","catch_all","no","no"
"mreed@walleyecapital.com","good","ok","no","no"
"mrenella@sbg-commercial.com","good","ok","no","no"
"mrichards@renasant.com","good","ok","no","no"
"mrichards@usffcu.org","good","ok","no","no"
"mroeth@mercerlandmark.com","risky","catch_all","no","no"
"mruna.asoori@newrez.com","good","ok","no","no"
"msimons@whetstonedist.com","bad","invalid","no","no"
"msnerse@lirr.org","risky","catch_all","no","no"
"mspellman@vermontfederal.org","good","ok","no","no"
"msullivan@strongpointpartners.com","good","ok","no","no"
"mtagani@ridgewoodbank.com","good","ok","no","no"
"mthorne@mmb-co.com","good","ok","no","no"
"mtrimble@teamwireless.com","good","ok","no","no"
"muni.bajpai@stempractice.ai","good","ok","no","no"
"mupholz@m-controls.com","good","ok","no","no"
"mwaggoner@modeln.com","good","ok","no","no"
"mwalker@ncg-net.com","good","ok","no","no"
"mwallace1@tssiusa.com","risky","catch_all","no","no"
"mwardian@youngoneusa.com","good","ok","no","no"
"mwelch@plaid.com","good","ok","no","no"
"mwilson@om1.com","good","ok","no","no"
"mwolf@nba.com","good","ok","no","no"
"mwood@raptortech.com","good","ok","no","no"
"mwoodard@ntitech.com","good","ok","no","no"
"mzachary@spirashealth.com","good","ok","no","no"
"mzhu@tkogrp.com","risky","catch_all","no","no"
"nadia.krivickova@sodali.com","risky","catch_all","no","no"
"nancy@localhivehoney.com","good","ok","no","no"
"nanzhu.lc@lynx-nsw.com","good","ok","no","no"
"nash.prince@wildflowerhealth.com","good","ok","no","no"
"natalia.claytor@veredhcg.com","good","ok","no","no"
"natalie.firth@leaveplus.com.au","good","ok","no","no"
"natalie.park@tjmlabs.com","good","ok","no","no"
"natalie@multi-business-solutions.com","risky","catch_all","no","no"
"nate.wilbanks@revolonefinancial.com","good","ok","no","no"
"nathan.james@planetdds.com","good","ok","no","no"
"nathan.mondragon@probotalent.ai","good","ok","no","no"
"nathandiller@machindustries.com","good","ok","no","no"
"nbarrett@theroc.co","good","ok","no","no"
"nbhat@quanterix.com","good","ok","no","no"
"nbrady@vmscems.com","good","ok","no","no"
"ncummings@duckhorn.com","good","ok","no","no"
"ndavis@tmhcc.com","risky","catch_all","no","no"
"ndetor@miratechcorp.com","good","ok","no","no"
"neal@morganmurphymedia.com","good","ok","no","no"
"nebersole@miradortx.com","good","ok","no","no"
"nehal@scamnetic.com","good","ok","no","no"
"neil.armstrong@mercedes-benz.com","good","ok","no","no"
"neil.katz@valantor.com","risky","catch_all","no","no"
"nena.kay@suncorp.com.au","good","ok","no","no"
"nholland@prrbiz.com","good","ok","no","no"
"nicholas.holland@pindrop.com","good","ok","no","no"
"nick.brezonik@minevisionsystems.com","risky","catch_all","no","no"
"nick.degney@pmtsecurity.com.au","good","ok","no","no"
"nick.eurek@maptician.com","good","ok","no","no"
"nick.hammond@zespri.com","good","ok","no","no"
"nick.ioli@ameri-pharma.com","good","ok","no","no"
"nick.route@gotosage.com","good","ok","no","no"
"nickward@micron.com","risky","catch_all","no","no"
"nicola.simpson@rhcnz.com","good","ok","no","no"
"nicole.davies@valetliving.com","good","ok","no","no"
"nicole.francis@quadrent.co.nz","good","ok","no","no"
"nicole.h@oxcarcare.com","good","ok","no","no"
"nicole.hart@northcott.com.au","good","ok","no","no"
"nicole.ivory@xamplify.com.au","good","ok","no","no"
"nicole.jones@spurtherapeutics.com","good","ok","no","no"
"nicole.logue@procurementpartners.com","good","ok","no","no"
"nicole.portello@volvo.com","good","ok","no","no"
"nicole.thorley@sandridge.com","good","ok","no","no"
"nicole@northcarolinafc.com","good","ok","no","no"
"nicole@pboadvisory.com","good","ok","no","no"
"nicole@productivebusinesswomen.org","risky","catch_all","no","no"
"nikita@thecognitive.io","risky","catch_all","no","no"
"nikkistead@ricart.com","good","ok","no","no"
"niloo.amendra@resilientfutures.com","risky","catch_all","no","no"
"nina@pedders.com.au","good","ok","no","no"
"nita@groupcpo.com","good","ok","no","no"
"nithya.lakshmanan@outreach.io","good","ok","no","no"
"niti@modelrocket.ai","risky","catch_all","no","no"
"nitin.saraswat@sessionmate.ai","good","ok","no","no"
"njohnson@owen-ames-kimball.com","good","ok","no","no"
"nmaggio@lexipol.com","good","ok","no","no"
"nmarlowe@myvoicecomm.com","good","ok","no","no"
"nmink@sharedhealthservices.com","good","ok","no","no"
"noah@madengine.com","risky","catch_all","no","no"
"noah@tackletrading.com","risky","catch_all","no","no"
"nolanmariano@theoncologyinstitute.com","good","ok","no","no"
"nolsen@tvhs.com.au","good","ok","no","no"
"nora.black@telletire.com","good","ok","no","no"
"norbert.riezler@sands.com","good","ok","no","no"
"norberto@usapayments.com","risky","catch_all","no","no"
"noreen.naroo@merrell.com","good","ok","no","no"
"npadavano@throttlecarclub.com","risky","unknown","no","no"
"nroy@universalperfumes.com","good","ok","no","no"
"nswabe@promiseresourcenetwork.org","good","ok","no","no"
"nthurlow@vestmark.com","good","ok","no","no"
"nurcan.dueman@transit-technologies.com","good","ok","no","no"
"nwallace@xifin.com","good","ok","no","no"
"nwelch@pacificbiosciences.com","good","ok","no","no"
"nwilkinson@sfjazz.org","good","ok","no","no"
"odeluca@cityofwoburn.com","good","ok","no","no"
"ohad.sternberg@upnonstop.com","good","ok","no","no"
"olivia.barlow@utahsteel.com","good","ok","no","no"
"olivia.richardson@peterwarren.com.au","good","ok","no","no"
"olivia@modernevolutionhomes.com","good","ok","no","no"
"orit.kendal@versapay.com","good","ok","no","no"
"ortiz@muskminers.com","good","ok","no","no"
"oscar@stilta.com","good","ok","no","no"
"pablo.fourez@mastercard.com","risky","catch_all","no","no"
"pablo.stern@mongodb.com","good","ok","no","no"
"pablo@tupl.com","good","ok","no","no"
"padma.hari@purina.nestle.com","good","ok","no","no"
"paige.maisonet@newfront.com","good","ok","no","no"
"palphanso@ncl.com","good","ok","no","no"
"pamg@sihb.org","good","ok","no","no"
"pandikuthira@nissan-global.com","bad","invalid","no","no"
"paola.atkins@micfood.com","bad","invalid","no","no"
"parag@netskope.com","good","ok","no","no"
"pat.deskin@levelaccess.com","good","ok","no","no"
"pat.hanavan@prohawk.ai","good","ok","no","no"
"pat.kumashiro@phoenixtailings.com","good","ok","no","no"
"pat.maher@mine.com.au","good","ok","no","no"
"pat.myers@us.stores.mcd.com","risky","catch_all","no","no"
"pat@truerest.com","good","ok","no","no"
"patrick.obrien@obrienarch.com","good","ok","no","no"
"patrick.taggart@rotork.com","good","ok","no","no"
"patrick@staylist.com","good","ok","no","no"
"patty.groman@onpointcu.com","good","ok","no","no"
"patyu@saif.com","good","ok","no","no"
"paul.kemp@zonarsystems.com","good","ok","no","no"
"paul.l@vulyplay.com","good","ok","no","no"
"paul.scolan@solina.com","risky","catch_all","no","no"
"paul.sutter@sommsation.com","good","ok","no","no"
"paul.whitworth@warrcloud.com","good","ok","no","no"
"paula.hammond@sonnel.com.au","good","ok","no","no"
"paula.nuzzi@tarterusa.com","good","ok","no","no"
"pauline.ramos@shell.com","risky","catch_all","no","no"
"pauline@revealmktg.com","good","ok","no","no"
"pawan@findparkstash.com","good","ok","no","no"
"pbolin@northernlight.org","risky","catch_all","no","no"
"pcocja@phathompharma.com","good","ok","no","no"
"peter.diatelevi@pmi.com","good","ok","no","no"
"peter.friedmann@orbrands.com","good","ok","no","no"
"peter.radich@nzhealthgroup.com","risky","catch_all","no","no"
"peterk@3-peak.com","good","ok","no","no"
"peyton.oconnor@meltwater.com","good","ok","no","no"
"pgilmore@netskope.com","good","ok","no","no"
"pgreen@ussecurityassociates.com","risky","catch_all","no","no"
"pgwong@synagie.com","good","ok","no","no"
"phil@nexqt.com","good","ok","no","no"
"philip.grieser@midrivers.coop","good","ok","no","no"
"philip.taliaferro@ptma.com","good","ok","no","no"
"phillip@patchnotesapparel.com","risky","catch_all","no","no"
"phillip@safepassglobal.com","good","ok","no","no"
"phuang@z-alpha.com","good","ok","no","no"
"phyllis.bouldin@informais.com","good","ok","no","no"
"pinkie@eatuncracked.com","good","ok","no","no"
"pj@worthai.com","good","ok","no","no"
"pjacka@myubiquity.com","good","ok","no","no"
"pjacobs@midlandsb.com","good","ok","no","no"
"pjesse@pky.com","good","ok","no","no"
"planghammer@rewild.org","good","ok","no","no"
"plestringant@voisinconsulting.com","good","ok","no","no"
"pnystrom@mbe.cpa","good","ok","no","no"
"ppeterson@uwcu.org","good","ok","no","no"
"prasad.dande@sanai.ai","bad","invalid","no","no"
"prasad@vitalsvault.com","risky","unknown","no","no"
"prasanna.prasad@verse.in","good","ok","no","no"
"prashant.dhami@novotech-cro.com","good","ok","no","no"
"prasith@recruitics.com","good","ok","no","no"
"preetham.venkky@omc.com","good","ok","no","no"
"procurement@pacebus.com","good","ok","no","yes"
"proy@stmarysbank.com","good","ok","no","no"
"psastoque@makomlife.org","good","ok","no","no"
"ptoolen@srcautomotive.com","good","ok","no","no"
"pvalgora@trocglobal.com","good","ok","no","no"
"pwignall@inceptioncompany.com","good","ok","no","no"
"pwilliams@defense.oshkoshcorp.com","good","ok","no","no"
"pzaleski@sentientaeo.com","good","ok","no","no"
"quinnsmith@sketchesandpixels.com","risky","unknown","no","no"
"quinten@wovenwordcare.com","good","ok","no","no"
"quinton.wilkes@nooks.works","good","ok","no","no"
"quyen@xrcare.ai","good","ok","no","no"
"r.barillas@relevant-power.com","good","ok","no","no"
"r.hemmati@servicepower.com","good","ok","no","no"
"r.marshall@old-mill.com","bad","invalid","no","no"
"rachel.moosa@ritz-carltonyachtcollection.com","good","ok","no","no"
"rachel@liquid.ai","good","ok","no","no"
"raclark@neomatrixtx.com","risky","catch_all","no","no"
"ragan@threestone.com","good","ok","no","no"
"rahul@livingcarbon.com","good","ok","no","no"
"raina.maldonado@aero.org","good","ok","no","no"
"raji.bedi@lob.com","good","ok","no","no"
"raju.bhatia@regions.com","good","ok","no","no"
"ram.ravichandran@narvar.com","good","ok","no","no"
"ramack@lirr.org","good","ok","no","no"
"ramesh@tesseralabs.ai","good","ok","no","no"
"rana@tekion.com","good","ok","no","no"
"randerson@sikorsky.com","bad","invalid","no","no"
"raphael.crawford@gruenergylab.com","bad","invalid","no","no"
"raphael@sequen.ai","risky","catch_all","no","no"
"rashad@southendpharmacystore.com","good","ok","no","no"
"ravensdalee@redcat.com.au","good","ok","no","no"
"ravi.namboori@viasat.com","good","ok","no","no"
"ray.bicondova@raslogistics.com","good","ok","no","no"
"ray@rtspremiersolutions.com","risky","catch_all","no","no"
"rbacci@nektar.com","good","ok","no","no"
"rbarr@pinnaclepeakhr.com","good","ok","no","no"
"rbobrowsky@varomoney.com","good","ok","no","no"
"rboice@t3design.us","good","ok","no","no"
"rbond@thriverg.com","good","ok","no","no"
"rcabo@orsini.com","good","ok","no","no"
"rdutelle@oceanstatemedia.org","good","ok","no","no"
"rebecca.bradley@quavo.com","good","ok","no","no"
"rebecca.marshall@servicenow.com","good","ok","no","no"
"reboulet@m6globaldefense.com","good","ok","no","no"
"reena.vanhoven@vitalfarms.com","good","ok","no","no"
"referralcenter@uvmhealth.org","good","ok","no","no"
"regan@teamwolverine.com","good","ok","no","no"
"regina@promisehouse.org","risky","unknown","no","no"
"regina@triomics.in","risky","catch_all","no","no"
"reinier@pspnow.com","good","ok","no","no"
"remmons@luckcompanies.com","risky","catch_all","no","no"
"ren@shiplrt.com","good","ok","no","no"
"renata.bastalic@tecala.com.au","good","ok","no","no"
"rene.salvans@shermco.com","risky","catch_all","no","no"
"renee.bell@russellreynolds.com","good","ok","no","no"
"renee.siemak@summerfridays.com","risky","catch_all","no","no"
"renee.vongsa@partnercare.com","good","ok","no","no"
"reynaldo.tariche@flushingbank.com","risky","catch_all","no","no"
"rferraro@newlanefinance.com","good","ok","no","no"
"rglynne@inceptionsci.com","good","ok","no","no"
"rgrieser@loansure.ai","good","ok","no","no"
"rhiannon@mofosteradopt.com","good","ok","no","no"
"rholter@nebraskamed.com","good","ok","no","no"
"rhonda@thunderbirdleadership.com","risky","catch_all","no","no"
"rich.towler@swinerton.com","good","ok","no","no"
"rich@theirhuman.com","good","ok","no","no"
"rich_zagon@rush.edu","good","ok","no","no"
"richard.cordero@phygitalfx.com","good","ok","no","no"
"richard.giles@metrotrains.com.au","good","ok","no","no"
"richard.lacap@onengine.ai","good","ok","no","no"
"richard.laufer@securitas-australia.com.au","good","ok","no","no"
"richard@polhilladvisory.com","good","ok","no","no"
"richard@theworkhorsestudio.com","good","ok","no","no"
"rick.warmack@wbd.com","good","ok","no","no"
"rick@sequela.ai","risky","catch_all","no","no"
"rileyv@richardcrookes.com.au","good","ok","no","no"
"rina.patel@versantmedia.com","good","ok","no","no"
"rithal@proofpoint.com","risky","catch_all","no","no"
"rjain@siftscience.com","good","ok","no","no"
"rjones@thorne.com","good","ok","no","no"
"rjose@telyrx.com","good","ok","no","no"
"rjuncker@mimecast.com","good","ok","no","no"
"rk@zilliontechnologies.com","good","ok","no","no"
"rkahrs@vmgfm.com","good","ok","no","no"
"rkhan@1-stop.biz","good","ok","no","no"
"rkleberg@manhattanbeer.net","good","ok","no","no"
"rkoenig@shorecp.com","good","ok","no","no"
"rlatei@rhiny.org","good","ok","no","no"
"rldavis@revolutiones.com","good","ok","no","no"
"rmagosi@wmata.com","risky","catch_all","no","no"
"rmaso@panamar.es","good","ok","no","no"
"rmcmonagle@lifebridgehealth.org","good","ok","no","no"
"rmmurph@lirr.org","risky","catch_all","no","no"
"rmuller@opsdesign.com","good","ok","no","no"
"rnowinski@verostech.com","good","ok","no","no"
"rob.bellenfant@technologyadvice.com","good","ok","no","no"
"rob.brazier@veriff.net","good","ok","no","no"
"rob.chumley@murphyusa.com","good","ok","no","no"
"rob.eroh@tangoanalytics.com","good","ok","no","no"
"rob.ferguson@jmsmucker.com","good","ok","no","no"
"rob.frost@omd.com","good","ok","no","no"
"robert.coakley@redcompass.com","good","ok","no","no"
"robert.gazzola@wmchealth.org","good","ok","no","no"
"robert@oncorps.io","good","ok","no","no"
"robert@tier4group.com","good","ok","no","no"
"robertatkinson@micron.com","risky","catch_all","no","no"
"robin.lloyd@oviva.com","good","ok","no","no"
"robin.lykins@trace3.com","good","ok","no","no"
"robin.stenzel@teamsparq.com","good","ok","no","no"
"robin.sullivan@pillarfour.com","good","ok","no","no"
"robyn@lusense.ai","good","ok","no","no"
"rod.masters@verdefarms.com","good","ok","no","no"
"rod.treadwell@health.qld.gov.au","risky","catch_all","no","no"
"roger.pricer@lyric.ai","good","ok","no","no"
"roger@maslight.net","good","ok","no","no"
"roger@neuroganhealth.com","good","ok","no","no"
"roma@pivotprojects.com","good","ok","no","no"
"ron.mroz@teeg.com","good","ok","no","no"
"roni.zeiger@moneta.health","good","ok","no","no"
"rory.shusted@perigonwealth.com","good","ok","no","no"
"rosalie.hawley@medius.com","good","ok","no","no"
"rosef@vimeo.com","good","ok","no","no"
"rosi.coronado@mywave.ai","risky","catch_all","no","no"
"ross.hecox@synergyecp.com","good","ok","no","no"
"ross@zingmetric.com","risky","catch_all","no","no"
"rossana.claud@southendpharmacystore.com","good","ok","no","no"
"roxana@porterhealth.ai","risky","catch_all","no","no"
"roy@koalaops.com","good","ok","no","no"
"rreisbeck@triodesign.com","good","ok","no","no"
"rroma@tamamie.com","good","ok","no","no"
"rsepe@vantageptr.com","good","ok","no","no"
"rshane@notredamefcu.com","good","ok","no","no"
"rstevens@hbham.com","good","ok","no","no"
"rsurireddy@steadyapp.com","good","ok","no","no"
"rtracey@sonomacleanpower.org","good","ok","no","no"
"rtynan@rocnetsupply.com","good","ok","no","no"
"ruchi.garg@nextgeninvent.com","good","ok","no","no"
"russ.mclaren@mtsi-va.com","good","ok","no","no"
"ruthann.wry@qlik.com","good","ok","no","no"
"ruthie.gray@selerix.com","good","ok","no","no"
"ruthyv@skeusa.com","good","ok","no","no"
"ruwanh@qtx.group","good","ok","no","no"
"rvoivoda@lanco-group.com","good","ok","no","no"
"rwaits@scpllc.com","good","ok","no","no"
"ryan.gay@vivantio.com","good","ok","no","no"
"ryan.lin@ysq-international.com","good","ok","no","no"
"ryan.savage@omnicomproduction.com","good","ok","no","no"
"ryan.trost@linera.io","good","ok","no","no"
"ryan.watts@wesbanco.com","good","ok","no","no"
"ryan.weikert@verizon.com","risky","unknown","no","no"
"ryan@myhomestorypro.com","risky","catch_all","no","no"
"rye@ruffey.com.au","good","ok","no","no"
"s.burton@westernconfluencegroup.com","risky","catch_all","no","no"
"s.porter@procept-biorobotics.com","good","ok","no","no"
"sabin.kim@skdla.com","good","ok","no","no"
"sabled@loyaltybrands.com","good","ok","no","no"
"sabrina.morin@ondarowave.com","good","ok","no","no"
"saldana@stmaryscu.org","risky","catch_all","no","no"
"sally.cox@orica.com","risky","catch_all","no","no"
"sally.elson@myob.com","good","ok","no","no"
"sally.pritchard@nousgroup.com","good","ok","no","no"
"sally@pacificoenergy.com","risky","catch_all","no","no"
"sam.cari@onepointbfg.com","good","ok","no","no"
"sam.forrest@samuel-knight.com","good","ok","no","no"
"sam.sheppard@wesfarmershealth.com.au","good","ok","no","no"
"sam@sciencecatalysts.com","risky","catch_all","no","no"
"sam@tripleseat.com","good","ok","no","no"
"samantha.cicotello@waverocksoftware.com","good","ok","no","no"
"samir.ranchhod@tamakihealth.co.nz","risky","catch_all","no","no"
"samos@mazzonicenter.org","good","ok","no","no"
"samuel@nsu.global","good","ok","no","no"
"sandeep.dhir@newvision-software.com","good","ok","no","no"
"sandeep.randhawa@renown.org","good","ok","no","no"
"sandhya@siemba.io","risky","catch_all","no","no"
"sandi.hildreth@wk.com","good","ok","no","no"
"sandra.kuohn@wexinc.com","risky","catch_all","no","no"
"sandro.bucchianeri@nab.com.au","risky","catch_all","no","no"
"sandy.grant@macrobond.com","good","ok","no","no"
"sandy@qintel.com","good","ok","no","no"
"sangram.bhosale@pge.com","good","ok","no","no"
"santiagonaranjo@pmgunited.com","good","ok","no","no"
"sanumaka@providusbank.com","good","ok","no","no"
"sara.allen@ubhgroup.com.au","good","ok","no","no"
"sara.debella@redwood.com","good","ok","no","no"
"sara.diniz@playlist.com","good","ok","no","no"
"sara.s@mebefamily.com","good","ok","no","no"
"sara@leahyosef.com","good","ok","no","no"
"sarah.beckman@ulteig.com","good","ok","no","no"
"sarah.bottomley@servicestream.com.au","good","ok","no","no"
"sarah.churchill@myhealth.net.au","good","ok","no","no"
"sarah.derry@star.com.au","good","ok","no","no"
"sarah.ekstrom@spoton.com","good","ok","no","no"
"sarah.haucke@xplortechnologies.com","good","ok","no","no"
"sarah.kennedy@nextfoods.net","good","ok","no","no"
"sarah.miklusicak@lmcu.org","good","ok","no","no"
"sarah.neilson@rnz.co.nz","good","ok","no","no"
"sarah.phoenix@thoughtindustries.com","good","ok","no","no"
"sarah.riley@nab.com.au","risky","catch_all","no","no"
"sarah.wandschneider@omniworkspace.com","bad","invalid","no","no"
"sarah@luckyorange.com","good","ok","no","no"
"sarah@parkm.com","good","ok","no","no"
"sarah@socialmobile.com","good","ok","no","no"
"sarahp@pradiology.com","good","ok","no","no"
"sarower@stel.com.bd","good","ok","no","no"
"sasha.yendle@netwrix.com","good","ok","no","no"
"sasnau@inlandgroup.com","good","ok","no","no"
"saumya.mittal@apmea.mcd.com","risky","catch_all","no","no"
"sawyer.miller@risk3sixty.com","good","ok","no","no"
"sbaron@mindstreammediagroup.com","good","ok","no","no"
"sbeam@scsglobalservices.com","good","ok","no","no"
"sbissen@mauioil.com","good","ok","no","no"
"sblair@personcenteredservices.com","good","ok","no","no"
"sbliss@tlcplumbing.com","good","ok","no","no"
"sbloom@spearcenter.com","good","ok","no","no"
"sboggs@teainc.org","good","ok","no","no"
"sbrennan@virtualincentives.com","good","ok","no","no"
"sbrowne@larosas.com","good","ok","no","no"
"sbucknerjr@west-mark.com","good","ok","no","no"
"sbuerkle@lucidxr.com","bad","invalid","no","no"
"schapp@midjourney.com","good","ok","no","no"
"schaudry@montium.com","good","ok","no","no"
"scolbyking@pluspower.com","good","ok","no","no"
"scot.rose@quantarium.com","risky","catch_all","no","no"
"scott.castiglione@lytiqs.com","good","ok","no","no"
"scott.kinross@northwest.com","good","ok","no","no"
"scott.lewis@drinkthesunshine.com","good","ok","no","no"
"scott.lindahl@kellanova.com","good","ok","no","no"
"scott.macdonald@acpcreativit.com","good","ok","no","no"
"scott.macklin@portalsystems.space","good","ok","no","no"
"scott.pryjmak@lifeway.com","good","ok","no","no"
"scott@luminpdf.com","good","ok","no","no"
"scott@nickelgroup.io","good","ok","no","no"
"scott@starsandhoney.com","good","ok","no","no"
"scott@trueforceroofing.com","risky","catch_all","no","no"
"scottb@moscarino.net","good","ok","no","no"
"sdeboer@micron.com","risky","catch_all","no","no"
"sdobkin@springglobal.com","risky","catch_all","no","no"
"sdonaghey@vseinc.com","good","ok","no","no"
"sean.farley@seattlechildrens.org","good","ok","no","no"
"sean.moore@practicetek.com","good","ok","no","no"
"sean.williams@truist.com","good","ok","no","no"
"sean@snowpeak.com","good","ok","no","no"
"sean@theraponhealth.com","risky","catch_all","no","no"
"sensogna@scyllagroup.com","good","ok","no","no"
"serena.marriott@raygen.com","good","ok","no","no"
"sfoos@upwardprojects.com","good","ok","no","no"
"sfoy@marketsmithinc.com","good","ok","no","no"
"sfrance@solarstik.com","good","ok","no","no"
"sfrost@oteemo.com","good","ok","no","no"
"sgarcia-lewis@pellawd.com","good","ok","no","no"
"sgreen@teramind.co","bad","invalid","no","no"
"sgregori@merovingiandata.com","good","ok","no","no"
"sha.kader@worldtraide.com","good","ok","no","no"
"shab@mrco.net","good","ok","no","no"
"shama.iyer@moodys.com","good","ok","no","no"
"shamla@veritideai.com","good","ok","no","no"
"shane.williams@protaratx.com","good","ok","no","no"
"shane@refillgenie.com","good","ok","no","no"
"shane@slidesoft.tech","good","ok","no","no"
"shannon.armstrong@probablymonsters.com","good","ok","no","no"
"shantanu.lal@tylin.com","good","ok","no","no"
"shantanu@trackonomysystems.com","good","ok","no","no"
"shari.sparling@sia-partners.com","good","ok","no","no"
"sharonwoodley@redpathpartners.com","good","ok","no","no"
"shart@oakstarbank.com","good","ok","no","no"
"shaunagh.vollmer@vibes.com","good","ok","no","no"
"shawn.henderson@thespecialtyalliance.com","good","ok","no","no"
"shawn.lyndon@riotinto.com","risky","catch_all","no","no"
"shawn.mattar@meeru.ai","good","ok","no","no"
"shawnalm@veridiancu.org","good","ok","no","no"
"shawnna.barrett@nzcr.co.nz","good","ok","no","no"
"shayne.grove@talk-straight.com","good","ok","no","no"
"shek@monaco.com","good","ok","no","no"
"shelley.willsmore@novasystems.com","good","ok","no","no"
"shelly.fisher@townebank.net","risky","catch_all","no","no"
"shereen.solaiman@myriad.com","good","ok","no","no"
"sherree.coker@foodtravelexperts.com","good","ok","no","no"
"sherry.bennett@aero.org","good","ok","no","no"
"sherry.vasa@tkelevator.com","good","ok","no","no"
"sheryl.fenney@ironman.com","good","ok","no","no"
"shiela.manalili@transdevsydney.com.au","bad","invalid","no","no"
"shilpa.shetty@health.nsw.gov.au","good","ok","no","no"
"shirley.terry@onelfs.org","good","ok","no","no"
"sholcombe@mlrpc.com","good","ok","no","no"
"sholland@royaloakrealtytrust.com","good","ok","no","no"
"shornda.cadore@siemens.com","good","ok","no","no"
"silva.oswaldo@sq1farms.com","good","ok","no","no"
"simon.darcy@pointsbet.com","good","ok","no","no"
"simon.moloney@redbackboots.com.au","good","ok","no","no"
"skaylie@sleepinggiantlabs.com","good","ok","no","no"
"skegley@vegasgoldenknights.com","good","ok","no","no"
"skirk@riverwalk-capital.com","good","ok","no","no"
"sko@springpointsl.org","good","ok","no","no"
"sky@realcosolutions.com","good","ok","no","no"
"slaakso@salmonhealth.com","bad","invalid","no","no"
"slamartina@tkcholdings.com","good","ok","no","no"
"slansing@sanfranciscofcu.com","good","ok","no","no"
"slee@nclcorp.com","good","ok","no","no"
"slittleford@rxbenefits.com","good","ok","no","no"
"slombardi@psands.com","good","ok","no","no"
"slopez@viability.org","good","ok","no","no"
"smarconi@nyap.org","good","ok","no","no"
"smarkette@secondnature.com","good","ok","no","no"
"smcauliffe@princetonhydro.com","good","ok","no","no"
"smccarney@themerlingroup.com","good","ok","no","no"
"sobhan.daliry@pipefy.com","good","ok","no","no"
"soday@bankatpeoples.com","good","ok","no","no"
"sofia.garfiasyi@servicenow.com","good","ok","no","no"
"sondra.mccorquodale@southernbank.com","good","ok","no","no"
"soniaboije@nbnco.com.au","good","ok","no","no"
"sonny.terrill@objective.health","good","ok","no","no"
"sonya.tolson@mclarens.com","good","ok","no","no"
"soonil.kwon@upstage.ai","good","ok","no","no"
"spatel@vectra.ai","good","ok","no","no"
"spatton@laszeray.com","good","ok","no","no"
"spavel@redlobster.com","good","ok","no","no"
"spencer@magnetictides.com","good","ok","no","no"
"speros@payerset.com","good","ok","no","no"
"spotter@squiz.net","good","ok","no","no"
"srosen@sunnydays.com","risky","catch_all","no","no"
"srustad@uci.edu","good","ok","no","no"
"sshaikhly@septerna.com","good","ok","no","no"
"ssilver@thebridgeny.org","good","ok","no","no"
"sstruzik@swbr.com","good","ok","no","no"
"stacey@newtradition.com","good","ok","no","no"
"stacy.schnieber@premier-research.com","good","ok","no","no"
"stacy.wade@northriskpartners.com","good","ok","no","no"
"stainesjb@westfund.com.au","good","ok","no","no"
"stefan@skuno.ai","good","ok","no","no"
"stefanie.zacchera@thehartford.com","good","ok","no","no"
"stefano.esposito@mbakerintl.com","risky","catch_all","no","no"
"stemaat@libertyglobal.com","good","ok","no","no"
"stephanie.garcia@uniphore.com","good","ok","no","no"
"stephanie.kan@webjetgroup.com","good","ok","no","no"
"stephanie.pimmel@pacificsource.com","good","ok","no","no"
"stephanie.price@terracon.com","good","ok","no","no"
"stephanie@simpliscreen.com","good","ok","no","no"
"stephanie@tagboard.com","good","ok","no","no"
"stephen.limoges.uf@renesas.com","risky","catch_all","no","no"
"stephen.smith@transpower.co.nz","good","ok","no","no"
"steve.affleck@raptortech.com","good","ok","no","no"
"steve.couper@mottmac.com","risky","catch_all","no","no"
"steve.joos@vanco.com","good","ok","no","no"
"steve.mcclure@fidelitybanknc.com","good","ok","no","no"
"steve.mills@salesrabbit.com","good","ok","no","no"
"steve.proell@popmenu.com","good","ok","no","no"
"steve.vanwieren@lifework.live","good","ok","no","no"
"steve@powa.me","risky","unknown","no","no"
"steve@xlr8ems.com","good","ok","no","no"
"steven.bucher@mastercard.com","risky","catch_all","no","no"
"steven.gutkin@nbcuni.com","good","ok","no","no"
"steven.kronemberger@technipfmc.com","good","ok","no","no"
"steven.le@mauserpackaging.com","risky","catch_all","no","no"
"steven.pryor@rwe.com","risky","catch_all","no","no"
"steven.swimmer@evsafecharge.com","good","ok","no","no"
"steven@nutrafol.com","good","ok","no","no"
"steven@prospectsplus.com","good","ok","no","no"
"stevie@moonshotteam.com","good","ok","no","no"
"stijn.prompers@opms.com.au","risky","catch_all","no","no"
"stordoff@rmlnz.com","good","ok","no","no"
"stuart.harrison@nbnco.com.au","good","ok","no","no"
"stuart@thewalletgroup.com","good","ok","no","no"
"sudeesh@litmus7.com","risky","catch_all","no","no"
"suds@luminarycloud.com","good","ok","no","no"
"sumanth.kamath@newrez.com","good","ok","no","no"
"suo.wu@stochanalytics.com","good","ok","no","no"
"susan.avelluto@mrisoftware.com","good","ok","no","no"
"susan.c@max-ssm.com","good","ok","no","no"
"susan.hanson@rainfocus.com","good","ok","no","no"
"susan.michaels@revalizesoftware.com","good","ok","no","no"
"suzane.san@rakuten-med.com","good","ok","no","no"
"suzanne.giddens@moneysolver.org","good","ok","no","no"
"suzanne.griffiths@parallaxx.co.nz","good","ok","no","no"
"svaca@sharpdecisions.com","good","ok","no","no"
"swade@orchidcapital.fund","risky","catch_all","no","no"
"swexler@sugar23.com","bad","invalid","no","no"
"swynn@tenncarriers.com","good","ok","no","no"
"syang@silvec.com","good","ok","no","no"
"syenel@lordandtaylor.com","risky","catch_all","no","no"
"sylwia.rutkowska@lendlease.com","risky","catch_all","no","no"
"syorgancigil@mroholdings.com","good","ok","no","no"
"t.belanger@totalcare.us","good","ok","no","no"
"t.laubach@solutions101.com","good","ok","no","no"
"tabitha.pearson@michaelhill.com.au","good","ok","no","no"
"tabitha@stynt.com","good","ok","no","no"
"tabithab@newhopetreatment.com","good","ok","no","no"
"tadd.mansilla@texasdominos.com","good","ok","no","no"
"takaaki.kudo@steelsummit.com","good","ok","no","no"
"talbertson@lchcnet.org","good","ok","no","no"
"tamara@thegoodcfo.com","good","ok","no","no"
"tami.ortega@nuvisioncu.org","good","ok","no","no"
"tami.yamamoto@rgfstaffing.com.au","good","ok","no","no"
"tamicsky@beistle.com","risky","unknown","no","no"
"tamz@plchardware.com","good","ok","no","no"
"tanya@twoheys.com","good","ok","no","no"
"tara@princetonglobal.com","good","ok","no","no"
"taryn.leo@sahospitalitygroup.com","good","ok","no","no"
"tasnime.mounavaraly@loreal.com","good","ok","no","no"
"tatiana@prai.us","risky","catch_all","no","no"
"taylor.lobb@podium.com","good","ok","no","no"
"tbennett@wsiworld.com","good","ok","no","no"
"tbertinotti@therapixel.com","good","ok","no","no"
"tbesecker@successfuel.com","good","ok","no","no"
"tblack@laurashouse.org","good","ok","no","no"
"tbrannigan@hersheys.com","good","ok","no","no"
"tbuell@ppcpartners.com","good","ok","no","no"
"tchandele@coca-cola.com","good","ok","no","no"
"tchernavia.rocker@revlon.com","good","ok","no","no"
"tebrulotte@noahhelps.org","good","ok","no","no"
"teconomou@ricoh.com.au","risky","catch_all","no","no"
"ted@louisvillebrands.com","good","ok","no","no"
"tehsin.syed@veradigm.com","good","ok","no","no"
"teresa.lilly@stake.com.au","good","ok","no","no"
"terry.beeman@makailabs.ai","good","ok","no","no"
"terry.pauzer@sware.com","good","ok","no","no"
"tesa.brodywrye@lcsj.org","good","ok","no","no"
"tfisher@pophealthlc.org","good","ok","no","no"
"tgail@truemark.io","risky","catch_all","no","no"
"thaddeus.segura@vusion.com","good","ok","no","no"
"thedacooper@squarerigger.com","good","ok","no","no"
"theiss@tomorro.com","good","ok","no","no"
"theresa.stevenson@supersure.com","good","ok","no","no"
"theron.paugh@orrum.com","good","ok","no","no"
"thomai.veginis@vline.com.au","good","ok","no","no"
"thood@queenstownbank.com","good","ok","no","no"
"tiffany@milkstork.com","good","ok","no","no"
"tim.hron@radiusomaha.org","good","ok","no","no"
"tim.knothe@sandvik.com","good","ok","no","no"
"tim.youngblood@onyx.security","good","ok","no","no"
"tim@teleray.com","good","ok","no","no"
"timothy.rickard@kunstrux.com","good","ok","no","no"
"tinus@t3sixty.com","good","ok","no","no"
"tishm@ruthschris.net","good","ok","no","no"
"tkohn@mgxbeverage.com","good","ok","no","no"
"tlees@thompsoncff.org","good","ok","no","no"
"tliu@siftscience.com","good","ok","no","no"
"tmartin@themcaleargroup.com","good","ok","no","no"
"tmitchell@loganfinance.com","good","ok","no","no"
"tmollitt@medsolsupplier.com","good","ok","no","no"
"toby.roberts@mcaconnect.com","good","ok","no","no"
"todd.niederlander@balkanbeverage.com","good","ok","no","no"
"todd@wetruck.ai","risky","catch_all","no","no"
"tom.lanahan@rorpartners.com","good","ok","no","no"
"tom.oneill@joinkwikly.com","good","ok","no","no"
"tom.ryder@tfsglobal.com","good","ok","no","no"
"tom.shanley@solais.com","good","ok","no","no"
"tom.wi@miro.com","good","ok","no","no"
"tom@maniac.ai","risky","catch_all","no","no"
"tom@yourcupartner.org","good","ok","no","no"
"tomkanewske@zone5tech.com","good","ok","no","no"
"tommy@mainlinerr.com","good","ok","no","no"
"toni.taylor@recoveryoptionsny.org","good","ok","no","no"
"tonia.revere@trusum.com","good","ok","no","no"
"tonia.zehrer@michaelhill.com.au","good","ok","no","no"
"tonia@thynkfuelmedia.com","good","ok","no","no"
"tony.mcgrath@novatti.com","good","ok","no","no"
"tony.walker@marriottsvacationworldwide.com","risky","unknown","no","no"
"tonyea.tharpe@salientcrgt.com","good","ok","no","no"
"tposte@wm.com","good","ok","no","no"
"tpurcell@nadatech.com","good","ok","no","no"
"tracey.leahy@precisionmedicinegrp.com","good","ok","no","no"
"traci.dunn@wellbe.com","bad","invalid","no","no"
"tracie.akers@metronet.com","good","ok","no","no"
"tracie@theworldshoe.com","risky","catch_all","no","no"
"tracy.cote@slickdeals.net","good","ok","no","no"
"tracy.gee@us.qinetiq.com","risky","catch_all","no","no"
"travis.casper@ozzies.com","good","ok","no","no"
"travis@zeoscientifix.com","good","ok","no","no"
"treagan@meridabio.com","good","ok","no","no"
"tricia@lixandria.com","good","ok","no","no"
"trish.obrien@talogy.com","risky","catch_all","no","no"
"tristan@xtrace.ai","good","ok","no","no"
"trockwell@sfcus.com","good","ok","no","no"
"troy@salientmotion.com","good","ok","no","no"
"true@orion.healthcare","good","ok","no","no"
"trussell@pcgus.com","good","ok","no","no"
"tsandell@snapfinance.com","good","ok","no","no"
"tsandvick@p1fcu.org","good","ok","no","no"
"tsargent@wabtec.com","good","ok","no","no"
"tsulser@prioritypower.com","good","ok","no","no"
"ttommaney@skcinc.com","good","ok","no","no"
"tushar@mobikasa.com","good","ok","no","no"
"twells@precisiondigitalhealth.com","good","ok","no","no"
"ty.vaughn@urus.org","good","ok","no","no"
"tyler.brigl@pacelabs.com","good","ok","no","no"
"tyler.orwig@visitsanantonio.com","good","ok","no","no"
"tyler@rsquaredai.com","risky","catch_all","no","no"
"tyler@startorthoboost.com","risky","catch_all","no","no"
"ujjval.patel@renaissanceins.com","risky","catch_all","no","no"
"umair@neblo.ai","risky","catch_all","no","no"
"uri@gotribal.ai","good","ok","no","no"
"vaanyasrigoel@pace360.in","good","ok","no","no"
"vaibhav@toloka.ai","good","ok","no","no"
"vaishali.rathod@tandymgroup.com","good","ok","no","no"
"vakos@virtuozzo.com","good","ok","no","no"
"vamsi@mvpz.io","risky","catch_all","no","no"
"vance.root@yorkrsg.com","risky","catch_all","no","no"
"vanderson@su2systems.com","risky","catch_all","no","no"
"vanessamorley@nine.com.au","risky","catch_all","no","no"
"varmstrong@loftware.com","good","ok","no","no"
"vaseem@staffitenterprises.com","good","ok","no","no"
"vdeshpande@unissant.com","good","ok","no","no"
"venkat.k@nomyx.io","good","ok","no","no"
"veracelle@prosehair.com","good","ok","no","no"
"vgarnett@sunrice.com.au","good","ok","no","no"
"vic.charlesworth@prezzee.com","good","ok","no","no"
"victoria.wallace@rezcomm.com","good","ok","no","no"
"vivek.vyas@parthotech.com","good","ok","no","no"
"vlehtonen@rtr.ai","good","ok","no","no"
"vmaggio@lifefone.com","good","ok","no","no"
"vpapoutsis@tersera.com","good","ok","no","no"
"vsubramaniam@oncohealth.us","good","ok","no","no"
"vtsai@tpbi.com","risky","catch_all","no","no"
"w.bushell@palermospizza.com","good","ok","no","no"
"wallm@contact.co.nz","risky","catch_all","no","no"
"wanyou.hou@nusavest.ai","good","ok","no","no"
"wayne.bryden@zeteotech.com","good","ok","no","no"
"wcoffin@livly.io","good","ok","no","no"
"wcowell@mypassglobal.com","good","ok","no","no"
"wendyw@melio.tech","good","ok","no","no"
"wfisch@mayersonjcc.org","good","ok","no","no"
"wfurrer@thehivehealth.com","good","ok","no","no"
"whitfieldj@southlight.org","good","ok","no","no"
"will.davy@vantaca.com","good","ok","no","no"
"will.farrell@tiktok.com","good","ok","no","no"
"will.gonzalez@nbcuni.com","good","ok","no","no"
"will@promptlayer.com","risky","catch_all","no","no"
"will@trinws.com","good","ok","no","no"
"will@volta.live","good","ok","no","no"
"william.gorman@springventuregroup.com","good","ok","no","no"
"william.reiner@syf.com","good","ok","no","no"
"williamthorn@secunm.org","good","ok","no","no"
"worth.wray@phantomspace.com","risky","catch_all","no","no"
"wwardaki@jmoritausa.com","good","ok","no","no"
"xuxu@predicthq.com","good","ok","no","no"
"yarmeli@pontventures.com","good","ok","no","no"
"yates.d@minutemanintl.com","good","ok","no","no"
"ybatito@rccl.com","good","ok","no","no"
"ybrooks@supportsolutionsms.com","good","ok","no","no"
"yessica.perez@ojoslocos.com","good","ok","no","no"
"yhutchins@pcori.org","good","ok","no","no"
"yitz@terrafs.com","good","ok","no","no"
"yiwei@propertyguru.com","good","ok","no","no"
"yomei.gonzalez@shell.com","risky","catch_all","no","no"
"yougender.kumar@infinitylabs.in","good","ok","no","no"
"yroyallwilliams@wirelessvision.com","good","ok","no","no"
"yt@vezran.com","risky","catch_all","no","no"
"yuri@rallypointventures.us","good","ok","no","no"
"zach@valleypo.com","good","ok","no","no"
"zackh@preceptwine.com","good","ok","no","no"
"zain@simitreehc.com","good","ok","no","no"
"zartz@whooster.com","good","ok","no","no"
"zhansson@logicav.net","good","ok","no","no"
"zoe.krey@nrg.com","good","ok","no","no"
"zoe@tixel.com","good","ok","no","no"
"zoila.gonzalez@tsubakisystems.com","good","ok","no","no"
