"email","quality","result","free","role"
"00026094@richland2.org","bad","invalid","no","no"
"a.buttimer@mbrownltd.com","good","ok","no","no"
"a.levin@greatbaykids.org","good","ok","no","no"
"aallbee@sbschool.org","good","ok","no","no"
"aalmeida@finanzauto.es","bad","invalid","no","no"
"aamezquita@unitedrisk.global","good","ok","no","no"
"aaron.adrian@pnc.com","good","ok","no","no"
"aaron.hoffman@inspireadvisors.com","good","ok","no","no"
"aaron.reed@rca-online.com","good","ok","no","no"
"aaron.seiffert@bluestemwealthpartners.com","good","ok","no","no"
"aaron.shapo@equitable.com","good","ok","no","no"
"aaron.vanhorenbeck@vanhorenbeckfinancialgroup.com","good","ok","no","no"
"aaron.wedel@wfafinet.com","good","ok","no","no"
"aarong@genesisrecycling.net","risky","catch_all","no","no"
"aashley@brookstoneadvisor.com","good","ok","no","no"
"aavery@finstrat.com","good","ok","no","no"
"abatista@royalaa.com","good","ok","no","no"
"abautch@ascentialwealth.com","good","ok","no","no"
"abby.lorenzen@nwoesc.org","good","ok","no","no"
"abigail.l.grodecki@ampf.com","good","ok","no","no"
"abigail.peterson@equitable.com","good","ok","no","no"
"abingham@innovationpartnersllc.com","good","ok","no","no"
"acalvino@tfadvisors.com","good","ok","no","no"
"acousins@scoriacap.com","good","ok","no","no"
"adam.cervantes@avior.com","good","ok","no","no"
"adam.gee@raymondjames.com","good","ok","no","no"
"adam.gimbel@forsythefindley.com","good","ok","no","no"
"adam.kroll@equitable.com","bad","invalid","no","no"
"adam.lucas@nm.com","good","ok","no","no"
"adam.luke@ceterainvestors.com","good","ok","no","no"
"adam.marek@equitable.com","bad","invalid","no","no"
"adam.mascio@equitable.com","good","ok","no","no"
"adam.preyer@raymondjames.com","good","ok","no","no"
"adam.sanden@brunners.com","good","ok","no","no"
"adam.toft@equitable.com","good","ok","no","no"
"adam.warren@equitable.com","good","ok","no","no"
"adam.xaysuda@ampf.com","good","ok","no","no"
"adam@cleartrustwa.com","good","ok","no","no"
"adam@fireweedcapital.com","good","ok","no","no"
"adam@lulpc.com","good","ok","no","no"
"adam@retirepathadvisors.com","good","ok","no","no"
"adam@vptfinancial.com","good","ok","no","no"
"adam@waterfighters.net","risky","catch_all","no","no"
"adam@worthfinancialsolutions.com","good","ok","no","no"
"adame@settcap.com","good","ok","no","no"
"adammcdermont@myfws.com","good","ok","no","no"
"adavid@yfginc.net","good","ok","no","no"
"aday@ascendadvisory.com","good","ok","no","no"
"addeson.moh@ampf.com","good","ok","no","no"
"adepersio@cspgllc.com","good","ok","no","no"
"adhy.wibisono@nwpproperty.com","good","ok","no","no"
"adiaz@lynndevelopment.org","good","ok","no","no"
"adickerson@ewateam.com","good","ok","no","no"
"adougherty@elementrisk.com","good","ok","no","no"
"adowns@tsnadvisors.com","good","ok","no","no"
"advisor@reuscher.com","good","ok","no","yes"
"adysart@cordatuswealth.com","good","ok","no","no"
"afarris@cenwood.com","good","ok","no","no"
"afaucy-smith@lpfadvisors.com","good","ok","no","no"
"afloyd@colliervilleschools.org","good","ok","no","no"
"agagola@ccrgteleservices.com","good","ok","no","no"
"agalvin@paradvisor.com","good","ok","no","no"
"ageleske@safppf.org","good","ok","no","no"
"aguerra@castleviewpartners.com","good","ok","no","no"
"aharris@maryhurst.org","good","ok","no","no"
"ahawk@afingrp.com","good","ok","no","no"
"ahayotsyan@bethpagefcu.com","good","ok","no","no"
"aholdcroft@wsecu.org","good","ok","no","no"
"aholden@corenorth.com","good","ok","no","no"
"ahoops@weldre9.k12.co.us","good","ok","no","no"
"ahouston@wesleyhall.com","good","ok","no","no"
"aidan.brusey@equitable.com","good","ok","no","no"
"aidan.campagna@equitable.com","bad","invalid","no","no"
"aidan.klein@kelton-financial.com","good","ok","no","no"
"aidan.odowd@equitable.com","good","ok","no","no"
"aidan.olcott@equitable.com","bad","invalid","no","no"
"aiden.fournier@equitable.com","good","ok","no","no"
"aimee.collins@esc5.k12.in.us","good","ok","no","no"
"aj.srmek@ampf.com","good","ok","no","no"
"ajay@anandfa.com","good","ok","no","no"
"ajbarone@hbfp1893.com","good","ok","no","no"
"ajcuratolo@cas-naplesfl.com","good","ok","no","no"
"ajohnson@steinfg.com","good","ok","no","no"
"ajtownsend@townsendfinlife.com","good","ok","no","no"
"akapsalis@hurlowwealth.com","good","ok","no","no"
"akessler@investafp.com","good","ok","no","no"
"akessler@scaknights.org","good","ok","no","no"
"akhileswar.patel@equitable.com","good","ok","no","no"
"akifakhatoon@holylandbrand.com","good","ok","no","no"
"akristek@wrsdeaf.org","good","ok","no","no"
"akristofic@vptfinancial.com","good","ok","no","no"
"alan.birsinger@wealthmanagementgroup-inc.com","good","ok","no","no"
"alan.frisher@ampf.com","good","ok","no","no"
"alan.mullner@equitable.com","good","ok","no","no"
"alan@spinnakerfinancial.com","good","ok","no","no"
"alana@freedom-ic.com","good","ok","no","no"
"alanc@catawbasox.net","good","ok","no","no"
"alaws@winfamilyservices.org","good","ok","no","no"
"albert.taylor@equitable.com","good","ok","no","no"
"albert@dawsonprivatewealth.com","good","ok","no","no"
"alec.yamauchi@equitable.com","good","ok","no","no"
"alec@oathplanning.com","good","ok","no","no"
"aleffingwell@resilientmarinas.com","good","ok","no","no"
"alejandro@cortex-ventures.com","good","ok","no","no"
"alex.abbenante@equitable.com","good","ok","no","no"
"alex.coleman@truist.com","risky","unknown","no","no"
"alex.gonzalez@tristatefa.com","bad","invalid","no","no"
"alex.ko@bankofhope.com","bad","invalid","no","no"
"alex.mirsberger@richmondis.com","good","ok","no","no"
"alex.palomares@gastrosomnis.es","good","ok","no","no"
"alex.pulsifer@equitable.com","good","ok","no","no"
"alex@avtekvalves.com","risky","catch_all","no","no"
"alex@fiscalwisdom.com","good","ok","no","no"
"alex@jamesebashaw.com","good","ok","no","no"
"alex@kohmannbosshard.com","good","ok","no","no"
"alex@mezquiteinstallations.com","risky","catch_all","no","no"
"alex@mypr-lab.com","good","ok","no","no"
"alex@stricklerfinancial.com","good","ok","no","no"
"alexa.fleming@equitable.com","good","ok","no","no"
"alexander.klein@equitable.com","good","ok","no","no"
"alexander.rice@equitable.com","good","ok","no","no"
"alexander.thrasher@equitable.com","good","ok","no","no"
"alexander.weinberg@equitable.com","good","ok","no","no"
"alexander.wright@equitable.com","good","ok","no","no"
"alexandra.aliyeva@kangoexpress.com","good","ok","no","no"
"alexandra.stewart@buttonwoodfa.com","good","ok","no","no"
"alexis.guilloux@equitable.com","good","ok","no","no"
"alexk@therapyplaceinc.com","good","ok","no","no"
"alexx@theretirementpath.com","good","ok","no","no"
"alfred.dailey@nm.com","good","ok","no","no"
"alfred.haber@equitable.com","good","ok","no","no"
"ali.hamdani@equitable.com","good","ok","no","no"
"aliciab@altuscxo.com","good","ok","no","no"
"alina@strautoinc.com","risky","unknown","no","no"
"alinkon@farcllc.com","good","ok","no","no"
"allan@kuluventures.com","good","ok","no","no"
"allison.fletcher@trinitystrategicwealth.com","good","ok","no","no"
"allison@elserfp.com","good","ok","no","no"
"allison@finadvinc.com","good","ok","no","no"
"allison@university-wealth.com","good","ok","no","no"
"alunt@ati-financial.com","good","ok","no","no"
"alvaro.brito@leap.tec.br","good","ok","no","no"
"alvin.tibbs@checkiteasy.com","risky","catch_all","no","no"
"alyssa.m.wetterlund@ampf.com","good","ok","no","no"
"alyssa@sws-tx.com","good","ok","no","no"
"amakris@makrisfinancialgroup.com","good","ok","no","no"
"amanda.brown@sumnerschools.org","good","ok","no","no"
"amanda.rabe@rabeicg.com","good","ok","no","no"
"amanda@aldertreefinancial.com","good","ok","no","no"
"amanda@heightsfg.com","good","ok","no","no"
"amanda@moxiewealth.com","good","ok","no","no"
"amanda@rdpipeline.com","good","ok","no","no"
"amanda@stickeltax.com","good","ok","no","no"
"amargolin@mblfinancialadvisors.com","good","ok","no","no"
"amarques@jmogroupco.com","good","ok","no","no"
"amber.connors@equitable.com","good","ok","no","no"
"amber@aspirecfo.net","good","ok","no","no"
"amber@planningiskey.com","good","ok","no","no"
"amber@spydrfab.com","risky","catch_all","no","no"
"ambrown@wyoming.com","good","ok","no","no"
"amca@kwinkc.com","good","ok","no","no"
"amccarty@ascendadvisory.com","good","ok","no","no"
"amcconnell@quadcapwm.com","good","ok","no","no"
"amedina@gsesdallas.org","good","ok","no","no"
"amentzer@palmwealthpartners.com","good","ok","no","no"
"amin@epicwayz.com","good","ok","no","no"
"amina.mansour@equitable.com","good","ok","no","no"
"amit.arora@atoms.co","risky","catch_all","no","no"
"amodlinski@usutilitycontractors.com","good","ok","no","no"
"amongold@nicolfinancial.com","good","ok","no","no"
"amy@alternatesolutionscgs.com","good","ok","no","no"
"amy@shorelinefreezers.com","good","ok","no","no"
"amy@triplegventures.com","risky","catch_all","no","no"
"amzy@reveillecapital.com","good","ok","no","no"
"anacouzi@gbocti.com","good","ok","no","no"
"anahra@tsgadvisor.com","good","ok","no","no"
"andra@newvalecapital.com","risky","catch_all","no","no"
"andrae.miller@equitable.com","good","ok","no","no"
"andre@olliegrantprivatewealth.com","risky","catch_all","no","no"
"andrea.gallagher@ruveon.com","good","ok","no","no"
"andrea.smith@ejgallo.com","good","ok","no","no"
"andrea.trice@ceterainvestors.com","good","ok","no","no"
"andrea@tensorblack.ai","risky","unknown","no","no"
"andres.lopez@equitable.com","good","ok","no","no"
"andrew.acebal@equitable.com","good","ok","no","no"
"andrew.brems@equitable.com","good","ok","no","no"
"andrew.burnside@coloradofa.com","good","ok","no","no"
"andrew.buscetto@sbwa.com","good","ok","no","no"
"andrew.clegg@equitable.com","good","ok","no","no"
"andrew.clyne@aggregatewealthmgmt.com","good","ok","no","no"
"andrew.denys@ml.com","good","ok","no","no"
"andrew.derasmo@equitable.com","good","ok","no","no"
"andrew.dittrich@raymondjames.com","good","ok","no","no"
"andrew.garcia-rico@equitable.com","good","ok","no","no"
"andrew.gradolph@equitable.com","good","ok","no","no"
"andrew.griffith@firstrise.com","good","ok","no","no"
"andrew.lee@voidmerge.com","good","ok","no","no"
"andrew.lewis@osaicinstitutions.com","good","ok","no","no"
"andrew.loving@precisebh.com","good","ok","no","no"
"andrew.marschall@pnc.com","good","ok","no","no"
"andrew.mcdaniel@equitable.com","good","ok","no","no"
"andrew.mcdowell@equitable.com","good","ok","no","no"
"andrew.minker@equitable.com","good","ok","no","no"
"andrew.murphy@equitable.com","good","ok","no","no"
"andrew.nairooz@equitable.com","good","ok","no","no"
"andrew.nelson@regions.com","risky","unknown","no","no"
"andrew.pratt@equitable.com","good","ok","no","no"
"andrew.pricener@equitable.com","good","ok","no","no"
"andrew.toomey@equitable.com","good","ok","no","no"
"andrew.zeleney@spmcllc.com","risky","catch_all","no","no"
"andrew@crystallaketax.com","good","ok","no","no"
"andrew@granite-wealth.com","risky","catch_all","no","no"
"andrew@kelman-lazarov.com","good","ok","no","no"
"andrew@kglcapitalmanagement.com","good","ok","no","no"
"andrew@mumyfinancial.com","risky","unknown","no","no"
"andrew@precisionwealthsolutions.com","good","ok","no","no"
"andrew@systemsoffice.com","good","ok","no","no"
"andrew@tiellfinancial.com","good","ok","no","no"
"andrew@wrrwm.com","good","ok","no","no"
"andrewhaff@armstrongadvisory.com","good","ok","no","no"
"andrewlam@strategentfinancial.com","good","ok","no","no"
"andrewr@outlookfg.com","good","ok","no","no"
"andy@crossstatefinancial.com","good","ok","no","no"
"andyb@hummelgrp.com","good","ok","no","no"
"angel@sinerjibeautygroup.com","risky","catch_all","no","no"
"angel@worldlendinggroup.com","good","ok","no","no"
"angela.aruanna@equitable.com","good","ok","no","no"
"angela.m.monateri@ampf.com","good","ok","no","no"
"angela@makkaicapital.com","good","ok","no","no"
"angela@sw-electric.com","good","ok","no","no"
"angelina@grainc.com","risky","unknown","no","no"
"angiec@cypresshealthcarellc.com","risky","unknown","no","no"
"ann.heyen@equitable.com","good","ok","no","no"
"anna.bristol@equitable.com","good","ok","no","no"
"anna.massey@equitable.com","good","ok","no","no"
"anna.veber@equitable.com","good","ok","no","no"
"anna@mercuryprojectdesign.com","good","ok","no","no"
"anna@soflaprimeconsulting.com","risky","catch_all","no","no"
"annabel.veale@equitable.com","bad","invalid","no","no"
"annahid.samiljan@equitable.com","good","ok","no","no"
"annaka.whiting@rimsd41.org","good","ok","no","no"
"anndee@redrivergrain.com","good","ok","no","no"
"anne@pfsnh.com","good","ok","no","no"
"anne@thewrengroupinc.com","good","ok","no","no"
"annette@atixier.com","risky","unknown","no","no"
"annette@buckungroup.com","good","ok","no","no"
"annie@barndoor.ai","good","ok","no","no"
"anthony.anderson@raymondjames.com","good","ok","no","no"
"anthony.e.gerardot@ampf.com","good","ok","no","no"
"anthony.williams@equitable.com","good","ok","no","no"
"anthony@christopherstreet.com","good","ok","no","no"
"anthony@contecompany.com","good","ok","no","no"
"anthony@rahrigfinancialgroup.com","good","ok","no","no"
"aphilips@stockbridgeinvestors.com","good","ok","no","no"
"apollo@scalability.co","good","ok","no","no"
"apoorv.purohit@fedex.com","risky","unknown","no","no"
"aprilweaver@uspropainters.com","good","ok","no","no"
"aria@clarkoutsourcegroup.com","risky","unknown","no","no"
"aric.gordon@the48group.com","good","ok","no","no"
"arieger@vclc.org","good","ok","no","no"
"arizvi@sofibanque.com","good","ok","no","no"
"aromero@romeroinvestment.com","good","ok","no","no"
"aron.mestel@ampf.com","good","ok","no","no"
"arsalan@scienslogistics.com","good","ok","no","no"
"artemkazhala@ecompayouts.com","risky","unknown","no","no"
"aruano@insteimed.com","good","ok","no","no"
"aruiz@espiritu.org","good","ok","no","no"
"asalem@attitudefinancial.com","good","ok","no","no"
"asavanick@ldbinsurance.com","good","ok","no","no"
"aschettler@infinexgroup.com","good","ok","no","no"
"aschober@learningcaregroup.com","good","ok","no","no"
"aschutz@wmsadvisors.com","good","ok","no","no"
"ascott@deckerconstruction.com","good","ok","no","no"
"ascott@libertywealthadvisors.com","risky","catch_all","no","no"
"ash.sherif@gallicassina.com","bad","invalid","no","no"
"ash@123installs.net","good","ok","no","no"
"ashley.crisp@crisp-ladew.com","good","ok","no","no"
"ashley.l.lang@ampf.com","good","ok","no","no"
"ashley.richards@raymondjames.com","good","ok","no","no"
"ashley@continuitywealth.com","good","ok","no","no"
"ashley@zhairacademy.com","good","ok","no","no"
"ashoemaker@hurleycapital.com","good","ok","no","no"
"ashton.burnett@equitable.com","good","ok","no","no"
"asitaras@voyafa.com","risky","unknown","no","no"
"asmanil@norwalkps.org","good","ok","no","no"
"astrong@alliedroofingpartners.com","bad","invalid","no","no"
"atankala@smartvisory.net","good","ok","no","no"
"ateplitz@teplitzfinancial.com","good","ok","no","no"
"atress@everettsd.org","good","ok","no","no"
"aunika.allen@equitable.com","good","ok","no","no"
"austin.daugherty@blaserinvestment.com","good","ok","no","no"
"austin.farah@raymondjames.com","good","ok","no","no"
"austin.fernandez@equitable.com","good","ok","no","no"
"austin.lins@mbewealth.com","good","ok","no","no"
"austin.mckain@nm.com","good","ok","no","no"
"austin.nelson@equitable.com","good","ok","no","no"
"austin.newsome@newsomewm.com","good","ok","no","no"
"austin.orentlich@equitable.com","good","ok","no","no"
"austin.poythress@equitable.com","good","ok","no","no"
"austin.young@elevatefpwm.com","good","ok","no","no"
"austin@ashworthwealth.com","good","ok","no","no"
"austin@bgcchaffee.org","good","ok","no","no"
"austin@gofsg.com","good","ok","no","no"
"austin@premierconsultingpartners.com","good","ok","no","no"
"austinbachman@guidegrp.com","good","ok","no","no"
"autumn@blackoakam.com","good","ok","no","no"
"avarney@linkerppartners.com","good","ok","no","no"
"avento@careprivatewealth.com","good","ok","no","no"
"avery.love@sgfnc.com","good","ok","no","no"
"awaidner@theicg.com","good","ok","no","no"
"awallace@contewealth.com","good","ok","no","no"
"awoolley@pampel.com","good","ok","no","no"
"axelson.troy@principal.com","good","ok","no","no"
"aydan.edwards@equitable.com","good","ok","no","no"
"ayelet.arnall@raymondjames.com","risky","unknown","no","no"
"ayesha.horton@wvsd.org","good","ok","no","no"
"b.duet@ecolepointeauchien.org","good","ok","no","no"
"b.foster@legacypwp.com","good","ok","no","no"
"b.hughes@rivercitywealth.com","good","ok","no","no"
"b.snoeren@omo.nl","good","ok","no","no"
"b.swisher@sturkie-wealthmanagement.com","good","ok","no","no"
"bakerl@benjaminlogan.org","good","ok","no","no"
"ballardg@delasallecenter.org","bad","invalid","no","no"
"banderson@hntlgh.com","good","ok","no","no"
"barb@carter-mechanical.com","risky","unknown","no","no"
"barry.sharp@imagineschools.org","good","ok","no","no"
"bart@relentlessaccountability.com","good","ok","no","no"
"basem@mktadvisorsllc.com","good","ok","no","no"
"baxter.brea@principal.com","good","ok","no","no"
"bbretz@mapcmt.com","good","ok","no","no"
"bcaroselli@mapstoneveritas.com","good","ok","no","no"
"bchaplin@gechaplin.com","good","ok","no","no"
"bcharron@mpiproducts.com","good","ok","no","no"
"bcriscuolo@cfarcounseling.org","good","ok","no","no"
"bdarling@bireswan.com","good","ok","no","no"
"bdinkel@amigosporvida.com","good","ok","no","no"
"beau@inspireadvisorsmn.com","good","ok","no","no"
"becca@perkscpas.com","good","ok","no","no"
"becky.chance@musserbiomass.com","good","ok","no","no"
"beckyg@gzanders.com","good","ok","no","no"
"began@bridgerfinancialgroup.com","good","ok","no","no"
"belinda.aucoin@sunbeltsecurities.com","bad","invalid","no","no"
"ben.reynolds@raymondjames.com","good","ok","no","no"
"ben.smith@raymondjames.com","good","ok","no","no"
"ben@andrewswealth.com","risky","unknown","no","no"
"ben@cornermenfinancial.com","good","ok","no","no"
"ben@mondayd2d.com","good","ok","no","no"
"ben@tanagerwealth.com","risky","catch_all","no","no"
"bendisalle@thefinancialretirementgroup.com","good","ok","no","no"
"benjamin.claffee@equitable.com","good","ok","no","no"
"benjamin.elias@equitable.com","good","ok","no","no"
"benjamin.hawker@equitable.com","good","ok","no","no"
"benjamin.herrick@ceterainvestors.com","good","ok","no","no"
"benjamin.lynch@equitable.com","good","ok","no","no"
"benjamin.rice@equitable.com","good","ok","no","no"
"benjamin.romer@equitable.com","good","ok","no","no"
"benjamin.stephenson@equitable.com","good","ok","no","no"
"benjamin.turman@equitable.com","good","ok","no","no"
"benjamin.veach@pnc.com","risky","unknown","no","no"
"benjamin@majesticlightinginc.com","good","ok","no","no"
"benjamin_esdaile@ajg.com","good","ok","no","no"
"benw@forgeahead.com","good","ok","no","no"
"bernard.mccole@equitable.com","good","ok","no","no"
"berry@bh-consults.com","risky","catch_all","no","no"
"beth.drury@beckfs.com","good","ok","no","no"
"beth@afradvice.com","good","ok","no","no"
"beth@ajtransportservices.com","good","ok","no","no"
"beth@lifetimewm.com","good","ok","no","no"
"betsy@thefoundrygroup.com","good","ok","no","no"
"betty.lewis@raymondjames.com","good","ok","no","no"
"beverley@dwresults.com","good","ok","no","no"
"bfish@milconnect.ai","good","ok","no","no"
"bford@fordfstx.com","good","ok","no","no"
"bfulton@fultonfinancialadvisors.com","good","ok","no","no"
"bgorman@gormanfinancial.com","good","ok","no","no"
"bgreenberg@networkagencyinc.com","good","ok","no","no"
"bhaines@scsrockets.org","good","ok","no","no"
"bhampton@groendyke.com","risky","catch_all","no","no"
"bhanna@rws-llc.com","good","ok","no","no"
"bholt@hpo.com","risky","catch_all","no","no"
"bhughes@talbotstatebank.com","good","ok","no","no"
"bhurston@totalconcreterepairs.com","good","ok","no","no"
"bianca@california-plastics.com","good","ok","no","no"
"bill.bucher@equitable.com","good","ok","no","no"
"bill.figaro@synergytechsvc.com","risky","catch_all","no","no"
"bill.gaudino@arborstonefinancial.com","good","ok","no","no"
"bill.thompson@equitable.com","good","ok","no","no"
"bill@cvstrategicwealth.com","good","ok","no","yes"
"bill@firelandswealth.com","good","ok","no","yes"
"bill@pricefamilyhomes.com","good","ok","no","yes"
"bill@theschaeffergroupllc.com","good","ok","no","yes"
"billy.johnston@ampf.com","good","ok","no","no"
"billy@ironcladmechanical.com","good","ok","no","no"
"binghamj@casady.org","good","ok","no","no"
"bj.karman@equitable.com","good","ok","no","no"
"bjohnson@currywebb.com","good","ok","no","no"
"bkorch@icims.com","good","ok","no","no"
"blaine.burnett@eldonreese.com","good","ok","no","no"
"blake.baker@equitable.com","good","ok","no","no"
"blake.bolden@regions.com","good","ok","no","no"
"blake.kollin@openarccorporate.com","bad","invalid","no","no"
"blake@factorseed.com","good","ok","no","no"
"blake@spfgnow.com","good","ok","no","no"
"blaken@nollmac.com","good","ok","no","no"
"blarkin@westminsterfinancial.com","good","ok","no","no"
"blyssy@pothisd.us","good","ok","no","no"
"bmckittrick@therileycompany.com","good","ok","no","no"
"bmcpheeters@camposengineering.com","good","ok","no","no"
"bmoehn@rfsadvisors.net","good","ok","no","no"
"bmueller@parklandrep.com","good","ok","no","no"
"bnephew@fscb.com","good","ok","no","no"
"bob.page@regalrexnord.com","good","ok","no","no"
"bob.pencil@associatedbank.com","risky","catch_all","no","no"
"bob.stansbury@equitable.com","good","ok","no","no"
"bob@duvindesign.com","good","ok","no","no"
"bob@haddonplanning.com","good","ok","no","no"
"bob@optimalairsolutions.com","good","ok","no","no"
"bob@robertjamesinvestments.com","good","ok","no","no"
"bobby@powerforwardgroup.com","good","ok","no","no"
"bobhallgren@financialpartnersgroup.net","good","ok","no","no"
"boxford@eyeonyourfuture.com","bad","invalid","no","no"
"bpendleton@cpcsc.k12.in.us","good","ok","no","no"
"bperson@sfg4you.com","good","ok","no","no"
"bpolanski@prosperity-wealthadvisors.com","good","ok","no","no"
"brad.draeger@clientfirsttaxandwealth.com","good","ok","no","no"
"brad.fogel@nm.com","good","ok","no","no"
"brad.holub@cbiz.com","risky","catch_all","no","no"
"brad.marlin@coloradofa.com","good","ok","no","no"
"brad.novak@smiglobal.net","bad","invalid","no","no"
"brad.perkins@raymondjames.com","risky","unknown","no","no"
"brad@altuswealthmgt.com","good","ok","no","no"
"brad@bcmfirm.com","good","ok","no","no"
"brad@mothernursery.com","good","ok","no","no"
"brad@turnpointstrategies.com","good","ok","no","no"
"braden.carnes@elevatefpwm.com","good","ok","no","no"
"bradford.gooch@equitable.com","good","ok","no","no"
"bradley.godfrey@equitable.com","good","ok","no","no"
"bradley.turner@equitable.com","good","ok","no","no"
"bradley@bfgltd.co.uk","good","ok","no","no"
"bradley@onepointpartitions.com","good","ok","no","no"
"bradstrathe@nbo3.com","good","ok","no","no"
"brady.christensen1@equitable.com","good","ok","no","no"
"brady@endeavorpw.com","good","ok","no","no"
"brady@ridgelineadvisors.us","good","ok","no","no"
"branch.barron@symondswm.com","good","ok","no","no"
"brandi.baran@exemplarhpo.com","good","ok","no","no"
"brandi@hofer-construction.com","good","ok","no","no"
"brandiblaylock@cordellwealth.com","good","ok","no","no"
"brandin.bryant@raymondjames.com","good","ok","no","no"
"brandon.armella@pnc.com","good","ok","no","no"
"brandon.finnegan@equitable.com","good","ok","no","no"
"brandon.jacobson@graininspection.com","good","ok","no","no"
"brandon.l.hedges@nm.com","good","ok","no","no"
"brandon.mcbeth@equitable.com","good","ok","no","no"
"brandon.o@twobitcircus.org","good","ok","no","no"
"brandon.olsen@equitable.com","good","ok","no","no"
"brandon@ablefinancialgroup.com","good","ok","no","no"
"brandon@bea-hr.com","good","ok","no","no"
"brandon@dbintegrationsolutionsllc.com","risky","catch_all","no","no"
"brandt.gebel@jordancreekfs.com","good","ok","no","no"
"bray.friar@equitable.com","good","ok","no","no"
"brayden@madisonpoole.com","good","ok","no","no"
"brenda@limetree.com","good","ok","no","no"
"brendan.cairney@equitable.com","good","ok","no","no"
"brennan@vptfinancial.com","good","ok","no","no"
"brent.baumgartner@equitable.com","good","ok","no","no"
"brent@legacyretirementgroup.com","good","ok","no","no"
"brentclabaugh@rigglewealth.com","good","ok","no","no"
"brett.biddinger@raymondjames.com","good","ok","no","no"
"brett.dalessandro@regions.com","good","ok","no","no"
"brett.key@warrenaverett.com","good","ok","no","no"
"brett.rosenblatt@equitable.com","good","ok","no","no"
"brett.thompson@raymondjames.com","good","ok","no","no"
"brian.coffey@equitable.com","good","ok","no","no"
"brian.corcoran@rbc.com","good","ok","no","no"
"brian.johnson@equitable.com","good","ok","no","no"
"brian.jutting@galloway911.com","good","ok","no","no"
"brian.lorigan@baldwinschool.org","good","ok","no","no"
"brian.rees@raymondjames.com","good","ok","no","no"
"brian@centralchoicefinancial.com","good","ok","no","no"
"brian@compassfr.us","good","ok","no","no"
"brian@getreadyforthefuture.com","good","ok","no","no"
"brian@jobx.co.nz","risky","unknown","no","no"
"brian@peninou.com","good","ok","no","no"
"brian@prolinemetalfab.com","good","ok","no","no"
"brian@schulztradelaw.com","good","ok","no","no"
"brian@wisdomwealthfinancial.com","good","ok","no","no"
"brian_boehm@glic.com","good","ok","no","no"
"briand@accardifoods.com","good","ok","no","no"
"brice.gardien@euroapi.com","good","ok","no","no"
"brigham@lawrencewealth.com","good","ok","no","no"
"brigitte@metalroofclips.com","good","ok","no","no"
"brijal.padia@hardscope.com","good","ok","no","no"
"briley@voyafa.com","risky","unknown","no","no"
"brissa.mejia@equitable.com","good","ok","no","no"
"brittany.kubala@equitable.com","good","ok","no","no"
"brittany@hydradry.com","good","ok","no","no"
"brittanyr@ericksonadvisors.com","good","ok","no","no"
"brittney@educationaccelerated.com","good","ok","no","no"
"brock.baker@inspireadvisors.com","good","ok","no","no"
"brody@thesbx.co","good","ok","no","no"
"brooke.mckernan@nm.com","risky","unknown","no","no"
"brooke@willisfinancialsolutions.com","good","ok","no","no"
"bruce@paradiselawnsfl.com","good","ok","no","no"
"bruce@tuckerglobal.org","good","ok","no","no"
"bruno.villar@regions.com","good","ok","no","no"
"bryan.debbink@equitable.com","good","ok","no","no"
"bryan.moylan@traversepw.com","risky","catch_all","no","no"
"bryand@aegiswi.com","good","ok","no","no"
"bryce.johnson@equitable.com","good","ok","no","no"
"bryce@theclementbrothers.com","risky","catch_all","no","no"
"bryon@lifetimeretirementpartners.com","good","ok","no","no"
"bscigliano@redwoodcu.org","good","ok","no","no"
"bscruggs@fiveguys.com","good","ok","no","no"
"bshook@ascendadvisory.com","good","ok","no","no"
"bspencer@gaitzmemorials.com","risky","catch_all","no","no"
"bstewart@rtov.org","good","ok","no","no"
"bstreby@c-tec.edu","good","ok","no","no"
"btetreault@bazinbrothers.com","good","ok","no","no"
"bthompson@dunlapgrouptx.com","good","ok","no","no"
"bthompson@osler.org","good","ok","no","no"
"bud.harris@raymondjames.com","good","ok","no","no"
"butler@mma-tx.org","good","ok","no","no"
"bwandell@coramdeoadvisors.com","good","ok","no","no"
"bwg@nifongrealty.com","good","ok","no","no"
"bwobensmith@bastionwealthgroup.com","good","ok","no","no"
"byouscyndee@rsdmo.org","good","ok","no","no"
"byron.jones@vertexeducation.com","good","ok","no","no"
"byron@coastalwm.com","good","ok","no","no"
"c.bingham@csquaredwealth.com","risky","unknown","no","no"
"c.borello@equitable.com","good","ok","no","no"
"c.kang@samsung.com","good","ok","no","no"
"c.mirabal@regionalha.org","good","ok","no","no"
"c.rogerspeckham@austinassociatesnbk.com","risky","catch_all","no","no"
"c.shields@sau47.org","good","ok","no","no"
"caddie.cox@equitable.com","good","ok","no","no"
"cade@petersonws.com","good","ok","no","no"
"cade@ppwteam.com","good","ok","no","no"
"caden.garrido@equitable.com","good","ok","no","no"
"cal.crabtree@equitable.com","good","ok","no","no"
"caleb.stertzer@bluestonewp.com","good","ok","no","no"
"caleb@ramsier.net","good","ok","no","no"
"calexander@wacsd.com","good","ok","no","no"
"callcox@cnpschools.org","good","ok","no","no"
"cam.humphrey@pintlerwmg.com","good","ok","no","no"
"cameron.croghan@equitable.com","good","ok","no","no"
"cameron.mascoll@coloradoearlycolleges.org","good","ok","no","no"
"cameron.moore@equitable.com","good","ok","no","no"
"cameron.ryan@equitable.com","good","ok","no","no"
"cameron.slack@equitable.com","good","ok","no","no"
"cameron@michaelbradyco.com","good","ok","no","no"
"cameron@tlcag.net","good","ok","no","no"
"candy.flynn@equitable.com","good","ok","no","no"
"cannon.kern@nm.com","good","ok","no","no"
"cara.johnson@perimeteraccessco.com","risky","unknown","no","no"
"carey@douglascoleman.com","good","ok","no","no"
"carl.husmann@ampf.com","good","ok","no","no"
"carl@drcfo.com","good","ok","no","no"
"carl@parks-companies.com","good","ok","no","no"
"carlie@osceolaimplement.com","good","ok","no","no"
"carlos.bauer@associateownersgroup.com","risky","catch_all","no","no"
"carlos.e.rodriguez@ifpartners.com","good","ok","no","no"
"carlton.dozier@procurity.ai","good","ok","no","no"
"carmen.fouquier@tristatefa.com","good","ok","no","no"
"carolh@aquaticcontrol.com","good","ok","no","no"
"caroline@arteecreations.com","risky","unknown","no","no"
"caroline@hendersonhuttergroup.com","good","ok","no","no"
"carolyn.parsons@equitable.com","good","ok","no","no"
"carolynn@jplatzadvisors.com","good","ok","no","no"
"carolynv@elija.org","good","ok","no","no"
"carries@weirs.net","risky","unknown","no","no"
"carshon@indeliblewealth.com","good","ok","no","no"
"carson.chambers@trinitystrategicwealth.com","good","ok","no","no"
"carson.henry@equitable.com","good","ok","no","no"
"carson@cimadvisors.com","good","ok","no","no"
"carter.rivers@yourcornerstone.net","good","ok","no","no"
"carter@b-bwealth.com","good","ok","no","no"
"cary.furniss@warrencountyesc.com","good","ok","no","no"
"cary.guffey@pnc.com","good","ok","no","no"
"casey@almondvalleywealth.com","risky","unknown","no","no"
"casey@thefiftybar.com","good","ok","no","no"
"casharmstrong@armstrongadvisory.com","good","ok","no","no"
"cass@watercolorfinancial.com","risky","unknown","no","no"
"cassidy.davies@equitable.com","good","ok","no","no"
"castillo.s@fsa-cc.org","good","ok","no","no"
"catherine.abbruscato@equitable.com","good","ok","no","no"
"catherine.t.miller@raymondjames.com","good","ok","no","no"
"catherine@flowmindnetworks.com","good","ok","no","no"
"catherine@impactlifetoday.org","good","ok","no","no"
"catherine@lakewoodasset.com","good","ok","no","no"
"cathy@lilyrosenumbers.com","good","ok","no","no"
"cavila@avisoninc.com","good","ok","no","no"
"caylee.fields@regions.com","good","ok","no","no"
"cbandstra@grplans.com","good","ok","no","no"
"cbenoit@e3wealth.com","good","ok","no","no"
"ccarlyle@busd40.org","good","ok","no","no"
"ccasad@email.msn.com","good","ok","no","no"
"ccintron@jetfx.com","good","ok","no","no"
"cconnor@buildprominent.com","good","ok","no","no"
"ccotton@pinnaclend.com","good","ok","no","no"
"ccourtney@lanarkfinancial.com","good","ok","no","no"
"ccowart@advocacywealth.com","good","ok","no","no"
"cdelatorre@boltonglobal.com","good","ok","no","no"
"cdizon@darvin.com","good","ok","no","no"
"cduffy@gocitywide.com","good","ok","no","no"
"cecilia@dzeelclinical.com","good","ok","no","no"
"cfell@evalcompany.com","good","ok","no","no"
"cfo@brewsterparke.com","good","ok","no","no"
"cfo@counciloakmontessori.org","good","ok","no","no"
"cfo@fab44basketball.org","good","ok","no","no"
"cfranklin@theicg.com","good","ok","no","no"
"cfreeburg@supereval.com","good","ok","no","no"
"cgallivan@meetmarathon.com","good","ok","no","no"
"cgbrown@meetmarathon.com","good","ok","no","no"
"cgraham@nafinancialadvisors.com","good","ok","no","no"
"cgrant@certifiedfoot.com","good","ok","no","no"
"chad.huson@truejourney.com","good","ok","no","no"
"chad@theyoungig.com","good","ok","no","no"
"chaim@bayitmiklot.com","risky","catch_all","no","no"
"chantel.ayoub@equitable.com","good","ok","no","no"
"charles.alfaro@equitable.com","good","ok","no","no"
"charles.douthit@coefinancial.com","good","ok","no","no"
"charles.erbs@equitable.com","good","ok","no","no"
"charles.hand@saswealth.com","good","ok","no","no"
"charles.hanley@equitable.com","good","ok","no","no"
"charles.luzadis@equitable.com","good","ok","no","no"
"charles.mirabal@equitable.com","good","ok","no","no"
"charles.schlegel@ceteranetworks.com","good","ok","no","no"
"charles.wiestling@equitable.com","good","ok","no","no"
"charles@friendshipbrickandstone.com","good","ok","no","no"
"charlotte@busken.com","good","ok","no","no"
"charlotte@radiant-counseling.com","risky","catch_all","no","no"
"charylbyrd@guardianlife.com","good","ok","no","no"
"chase.fresina@raymondjames.com","good","ok","no","no"
"chase.hodges@nm.com","good","ok","no","no"
"chase@lowdenfinancialpartners.com","good","ok","no","no"
"chasling@boxfinancialadvisors.com","good","ok","no","no"
"chershberger@vanguardac.net","good","ok","no","no"
"chiles.mason@equitable.com","good","ok","no","no"
"chipt@glcapitaladvisors.com","good","ok","no","no"
"chiquita@monarch-ia.com","good","ok","no","no"
"chris.arkeveld@thepause.ai","good","ok","no","no"
"chris.bozzuto@mutualofomaha.com","good","ok","no","no"
"chris.brooks@lemanacademy.org","good","ok","no","no"
"chris.dechant@galloway911.com","good","ok","no","no"
"chris.hais@queencityadvisors.com","good","ok","no","no"
"chris.marcoux@ampf.com","good","ok","no","no"
"chris.peters@uky.edu","good","ok","no","no"
"chris.rosa@capstone-fs.com","good","ok","no","no"
"chris.sullivan@equitable.com","good","ok","no","no"
"chris.tormey@bullharborcapital.com","good","ok","no","no"
"chris.wright@inspireadvisors.com","good","ok","no","no"
"chris@blueoakconsulting.net","good","ok","no","no"
"chris@citycenterfinancial.com","good","ok","no","no"
"chris@claritygroupmw.com","good","ok","no","no"
"chris@hasenberginc.com","bad","invalid","no","no"
"chris@hbcloans.com","good","ok","no","no"
"chris@naturalupcycling.com","good","ok","no","no"
"chris@pulsecfo.io","risky","catch_all","no","no"
"chris@wealthcoordinationpartners.com","good","ok","no","no"
"christian.carbajal@equitable.com","good","ok","no","no"
"christian.clausnitzer@luxwealth.com","good","ok","no","no"
"christian.mckenna@equitable.com","good","ok","no","no"
"christian.rogers@equitable.com","good","ok","no","no"
"christian.salas@regions.com","good","ok","no","no"
"christian.wemmert@equitable.com","good","ok","no","no"
"christian.wolter@equitable.com","good","ok","no","no"
"christian@onetherapy.com","good","ok","no","no"
"christiana.blakeslee@equitable.com","good","ok","no","no"
"christina.hammond@equitable.com","good","ok","no","no"
"christina.pagan@nmrk.com","good","ok","no","no"
"christine.wilson@na.forelspa.com","risky","catch_all","no","no"
"christo@longbeachfilmfestival.org","good","ok","no","no"
"christopher.andolina@equitable.com","good","ok","no","no"
"christopher.baker@equitable.com","good","ok","no","no"
"christopher.chow@westpacwealth.com","good","ok","no","no"
"christopher.cole@equitable.com","good","ok","no","no"
"christopher.d.wilson@pnc.com","good","ok","no","no"
"christopher.faust@equitable.com","good","ok","no","no"
"christopher.fox@mcesc.org","good","ok","no","no"
"christopher.greear@equitable.com","good","ok","no","no"
"christopher.shoukry@raymondjames.com","good","ok","no","no"
"christopher.sprau@equitable.com","good","ok","no","no"
"christopher.staufer@equitable.com","good","ok","no","no"
"christopher.strivieri@equitable.com","good","ok","no","no"
"christopher.vactor@equitable.com","good","ok","no","no"
"christopher.yang@equitable.com","good","ok","no","no"
"christopher.zardus@ampf.com","good","ok","no","no"
"christopher@wayfinder-wealth.com","good","ok","no","no"
"christopherjsmith@katyisd.org","good","ok","no","no"
"chrisw@gmhtrans.com","good","ok","no","no"
"chuck@donaliesfp.com","good","ok","no","no"
"chuck@kaganmd.com","good","ok","no","no"
"cindy@kellyroofing.com","good","ok","no","no"
"ckadel@nuehealth.com","good","ok","no","no"
"ckerby@rkcapital.com","risky","catch_all","no","no"
"cklein@xcelv.com","good","ok","no","no"
"clang@70esolutions.com","good","ok","no","no"
"clare.brodersen@equitable.com","good","ok","no","no"
"claw@crusoniawealth.com","good","ok","no","no"
"clay.levy@raymondjames.com","good","ok","no","no"
"clay.p@highpointok.com","good","ok","no","no"
"clay@nestcapital.com","good","ok","no","no"
"clednum@fluidedgeconsulting.com","bad","invalid","no","no"
"clewis@hamptoncountysc.org","good","ok","no","no"
"cliff.casteel@yrcfo.com","good","ok","no","no"
"cliffords@urbandale.k12.ia.us","bad","invalid","no","no"
"clint.fish@avior.com","good","ok","no","no"
"clint.gilchrist@ampf.com","good","ok","no","no"
"cliu@lcps.net","good","ok","no","no"
"clkennedy@fnbop.com","good","ok","no","no"
"cmanigold@ywprep.org","good","ok","no","no"
"cmcbride@sfcorps.com","good","ok","no","no"
"cmescher@cnb-metropolis.com","good","ok","no","no"
"cmills@efg.io","good","ok","no","no"
"cmorgan@hhprep.org","good","ok","no","no"
"cmorris@willowhillschool.org","good","ok","no","no"
"cmyers@daviswilliams.com","good","ok","no","no"
"cneitzke@mldstudio.com","good","ok","no","no"
"cnorman@marketsharefinancial.com","good","ok","no","no"
"cody@mpcinc.us.com","good","ok","no","no"
"col@amoghgroup.net","good","ok","no","no"
"colby.hall@equitable.com","good","ok","no","no"
"cole.carson@elevatefpwm.com","good","ok","no","no"
"cole.gaches@equitable.com","good","ok","no","no"
"cole.landgraf@equitable.com","good","ok","no","no"
"cole.rener@equitable.com","good","ok","no","no"
"cole@prizm-financial.com","good","ok","no","no"
"cole@wallstreetins.com","good","ok","no","no"
"colette@interfaithfcu.org","good","ok","no","no"
"colin.barrett@blackstonfinancialgroup.com","good","ok","no","no"
"colin.denney@feipartners.com","good","ok","no","no"
"colin.dixon@miracenter.com","good","ok","no","no"
"colin.waldeck@equitable.com","good","ok","no","no"
"colleenk@pctr.org","good","ok","no","no"
"collin.brutlag@equitable.com","good","ok","no","no"
"collin.ford@equitable.com","good","ok","no","no"
"collin.lythgoe@thrivent.com","good","ok","no","no"
"collin@gwagranger.com","good","ok","no","no"
"colt@dwayneslandscape.com","bad","invalid","no","no"
"colton.valchuis@ampf.com","good","ok","no","no"
"colton@buchanancapitalinc.com","good","ok","no","no"
"conner.boyer@equitable.com","good","ok","no","no"
"connor.hamblin@equitable.com","good","ok","no","no"
"connor.mccormick@equitable.com","good","ok","no","no"
"connor.roggie@beaconcm.com","good","ok","no","no"
"connor.urdahl@equitable.com","good","ok","no","no"
"connor@augustinefinancial.net","good","ok","no","no"
"connor@holisticplanning.com","good","ok","no","no"
"connor@southern-tier.com","good","ok","no","no"
"connor@strategiclegacyadvisors.com","good","ok","no","no"
"cooper.cerulo@equitable.com","good","ok","no","no"
"cooper.gower@equitable.com","good","ok","no","no"
"cooper_caggiano@yourswg.com","good","ok","no","no"
"corena.briant@gkservices.com","bad","invalid","no","no"
"corey.hinds@raymondjames.com","good","ok","no","no"
"corey.mable@equitable.com","good","ok","no","no"
"corinne@mktadvisorsllc.com","good","ok","no","no"
"corleyc@cusd187.org","good","ok","no","no"
"cory.goldman@equitable.com","good","ok","no","no"
"cory@totalfeeds.com","risky","catch_all","no","no"
"cosmo.danielly@equitable.com","good","ok","no","no"
"coty.backmon@equitable.com","good","ok","no","no"
"coty@fiscalwisdom.com","good","ok","no","no"
"courtney.valentine@kropogfinancial.com","risky","unknown","no","no"
"courtney@freedomdaysolutions.com","good","ok","no","no"
"cparvin@retirementincomesource.com","good","ok","no","no"
"cpetter@petterfinancialgroup.com","good","ok","no","no"
"cpulliam@nclcorp.com","good","ok","no","no"
"cquinn@jbafinancial.com","good","ok","no","no"
"craig.musbach@ascension.org","good","ok","no","no"
"craig.t@omnivistaadvisors.com","good","ok","no","no"
"craig.veach@equitable.com","good","ok","no","no"
"craig@ashcreekfinancial.com","good","ok","no","no"
"craig@axisadvice.com","good","ok","no","no"
"craig@cowealthadvisors.com","risky","unknown","no","no"
"craig@feldmeyerfinancialgroup.com","good","ok","no","no"
"craig@guidewp.com","good","ok","no","no"
"craig@thenicecfo.com","risky","catch_all","no","no"
"craigdock@vermwealth.com","good","ok","no","no"
"creader@oragen.com","good","ok","no","no"
"creese@skylinewealth.com","good","ok","no","no"
"criggs@hurlowwealth.com","good","ok","no","no"
"crispin.hocate@equitable.com","good","ok","no","no"
"cristina.scarborough@sanantoniobehavioral.com","risky","catch_all","no","no"
"crobbins@vestia.com","good","ok","no","no"
"cryan@gofsg.com","good","ok","no","no"
"crystal.adames@ml.com","good","ok","no","no"
"crystal.l.garrett@ampf.com","good","ok","no","no"
"crystal@ridgechristian.info","good","ok","no","no"
"crystal@shefproductions.co","good","ok","no","no"
"csacco@lccassoc.net","good","ok","no","no"
"csanders@bsgrotebeer.nl","good","ok","no","no"
"cschmidt@konradconstruction.com","good","ok","no","no"
"cscott@strong-rock.com","good","ok","no","no"
"cshealy@gpisupply.com","good","ok","no","no"
"cshields@brainerdbaptist.org","good","ok","no","no"
"csmith@financialsymmetry.com","good","ok","no","no"
"cstacy@communityschool.org","good","ok","no","no"
"cstearns@contewealth.com","good","ok","no","no"
"cstephens@stephensplanning.com","risky","catch_all","no","no"
"cstreet@nafcs.org","good","ok","no","no"
"cturner@svb.com","good","ok","no","no"
"ctyochum@hbretirement.com","good","ok","no","no"
"curt@finforhumans.com","good","ok","no","no"
"curtis.buchanan@meridian-sg.com","good","ok","no","no"
"curtis@wrightfg.com","good","ok","no","no"
"cvaldez@lcps.net","good","ok","no","no"
"cvanwyk@midtownhi.com","good","ok","no","no"
"cwalmer@walnutassoc.com","good","ok","no","no"
"cwhitley@djplumb.net","good","ok","no","no"
"cwright@thestrategicfinancial.com","good","ok","no","no"
"cyndee@hcmfllc.com","good","ok","no","no"
"cynthia.bent@brmesser.com","good","ok","no","no"
"cynthia.cooper@nbpw.org","risky","unknown","no","no"
"cynthia.diaz@osceolahealthcare.org","good","ok","no","no"
"cynthia@dripdrop-usa.com","good","ok","no","no"
"cyrus.2.clausen@ampf.com","good","ok","no","no"
"cyrus.tolbert@lamar.k12.ga.us","good","ok","no","no"
"czegan@strategizewmg.net","good","ok","no","no"
"d.dibenedetto@equitable.com","good","ok","no","no"
"daisy@npcapitaladvisors.com","good","ok","no","no"
"dale.p@allstyle.com","good","ok","no","no"
"dale.white@raymondjames.com","good","ok","no","no"
"dale@thomastechllc.com","good","ok","no","no"
"dallas@7mtg.com","good","ok","no","no"
"dallison@contewealth.com","good","ok","no","no"
"damon@blackoakam.com","good","ok","no","no"
"dan.fortunato@meridianfinancialpartners.com","good","ok","no","no"
"dan.schmid@equitable.com","good","ok","no","no"
"dan@boxfinancialadvisors.com","good","ok","no","no"
"dan@eastownfinancial.com","good","ok","no","no"
"dan@harolddance.com","good","ok","no","no"
"dan@jackripper.com","good","ok","no","no"
"dan@mn-wealthtx.com","good","ok","no","no"
"dan@presperfinancial.com","good","ok","no","no"
"dan@spencerfinancial.com","good","ok","no","no"
"dana.mayeu@nm.com","good","ok","no","no"
"danbisese@nettunowealth.com","good","ok","no","no"
"dani@tacticalwealthpartners.com","risky","catch_all","no","no"
"daniel.abbgy@equitable.com","good","ok","no","no"
"daniel.cuenca@safebrok.com","good","ok","no","no"
"daniel.henderson@equitable.com","good","ok","no","no"
"daniel.jemison@equitable.com","bad","invalid","no","no"
"daniel.langella@equitable.com","good","ok","no","no"
"daniel.leroy@thelfg.com","good","ok","no","no"
"daniel.maday@equitable.com","good","ok","no","no"
"daniel.mccoy@bsd.k12.de.us","good","ok","no","no"
"daniel.morales@equitable.com","good","ok","no","no"
"daniel.mosseri@raymondjames.com","good","ok","no","no"
"daniel.orourke@equitable.com","good","ok","no","no"
"daniel.schraeder@equitable.com","good","ok","no","no"
"daniel.spurgeon@cfswv.com","good","ok","no","no"
"daniel.walby@ampf.com","good","ok","no","no"
"daniel.williams@equitable.com","good","ok","no","no"
"daniel@liveoakwealthmanagement.com","good","ok","no","no"
"daniel@monarchfinancialgroup.com","good","ok","no","no"
"daniel@risemngt.com","good","ok","no","no"
"daniel@sequentplanning.com","risky","catch_all","no","no"
"daniel@solidifycfosolutions.com","risky","catch_all","no","no"
"danieljohnson@northwesternmutual.com","good","ok","no","no"
"danielle.delong@regions.com","good","ok","no","no"
"danielle.rappa@equitable.com","good","ok","no","no"
"danielle@4cornerscfo.com","risky","catch_all","no","no"
"danielruedi@ruediwealth.com","good","ok","no","no"
"dannie.cox@ceterainvestors.com","good","ok","no","no"
"danny.guenther@blackboard.com","good","ok","no","no"
"danny@teamfia.com","risky","unknown","no","no"
"danny@thepathlightadvisors.com","good","ok","no","no"
"danowens@owensandowens.net","good","ok","no","no"
"dante.milanesi@mdtfa.com","risky","catch_all","no","no"
"dara@nomaddrilling.com","good","ok","no","no"
"darchambeau@trumantra.com","good","ok","no","no"
"darius@sunstonefinancial.com","good","ok","no","no"
"darlynn_webster@glic.com","good","ok","no","no"
"daron.baltazar@tristatefa.com","good","ok","no","no"
"darrell.brake@equitable.com","good","ok","no","no"
"darren.bado@ampf.com","good","ok","no","no"
"darren.fallis@crowcreekhousing.org","good","ok","no","no"
"darren.morse@equitable.com","good","ok","no","no"
"darren.telford@equitable.com","good","ok","no","no"
"darren@cf-am.com","good","ok","no","no"
"darren@hojjaticpa.com","good","ok","no","no"
"darrenm@selectwp.net","good","ok","no","no"
"dave.tingley@collierseng.com","good","ok","no","no"
"dave@perspectivescabinetry.com","good","ok","no","no"
"dave@sawhvoltcomm.com","risky","catch_all","no","no"
"daveruedi@ruediwealth.com","good","ok","no","no"
"david.ackley@equitable.com","good","ok","no","no"
"david.aldridge@raymondjames.com","good","ok","no","no"
"david.anderson@lnbinvestments.com","good","ok","no","no"
"david.becker@equitable.com","good","ok","no","no"
"david.brady@equitable.com","good","ok","no","no"
"david.brouwer@equitable.com","good","ok","no","no"
"david.clementi@equitable.com","good","ok","no","no"
"david.dowd@equitable.com","good","ok","no","no"
"david.durcan@equitable.com","good","ok","no","no"
"david.falconer@ampf.com","good","ok","no","no"
"david.fernandes@zenithim.com","risky","catch_all","no","no"
"david.girmann@ampf.com","good","ok","no","no"
"david.greer@pnc.com","good","ok","no","no"
"david.hettrick@equitable.com","good","ok","no","no"
"david.kalapos@equitable.com","good","ok","no","no"
"david.kendig@equitable.com","good","ok","no","no"
"david.lyle@equitable.com","good","ok","no","no"
"david.mize@heartlandwm.com","good","ok","no","no"
"david.neeley@animalfarm.inc","good","ok","no","no"
"david.perrone@raymondjames.com","good","ok","no","no"
"david.reed@equitable.com","good","ok","no","no"
"david.rich@thermalworks.com","good","ok","no","no"
"david.rogers@investwithbfa.com","good","ok","no","no"
"david.skraba@equitable.com","good","ok","no","no"
"david.tebor@willardrogerspainting.com","good","ok","no","no"
"david.vega@pnc.com","good","ok","no","no"
"david@chesapeakefoodworks.com","risky","unknown","no","no"
"david@fenceaz.com","risky","catch_all","no","no"
"david@governmentbrands.com","good","ok","no","no"
"david@gwagranger.com","good","ok","no","no"
"david@hcwadvisor.com","good","ok","no","no"
"david@heritagewealthmi.com","good","ok","no","no"
"david@hwmi.com","good","ok","no","no"
"david@lovelearnsuccess.org","good","ok","no","no"
"david@pankowealthmanagement.com","good","ok","no","no"
"david@powerforwardgroup.com","good","ok","no","no"
"david@santosbusinessgroup.com","good","ok","no","no"
"david@sylvanfa.com","risky","unknown","no","no"
"david@theryzosphere.io","good","ok","no","no"
"davida@hotkiss.com","good","ok","no","no"
"davidmartin@tpllp.com","risky","catch_all","no","no"
"davis@elevateyourrestaurant.com","good","ok","no","no"
"davis@kelseyconstruct.com","good","ok","no","no"
"davis@whiterockwd.com","good","ok","no","no"
"dawn@crimsondragonpublishing.com","good","ok","no","no"
"dawson.carpenter@raymondjames.com","good","ok","no","no"
"dbaddock@amtekcompany.com","good","ok","no","no"
"dbaker@rne-sd.com","good","ok","no","no"
"dbarstys@delasallehs.com","good","ok","no","no"
"dbasilone@palmwealthpartners.com","good","ok","no","no"
"dbellot@psd.org","good","ok","no","no"
"dberry80@ford.com","good","ok","no","no"
"dbrannom@coiworld.com","good","ok","no","no"
"dbrea@totalviewadvisors.com","good","ok","no","no"
"dbrents@paramedicservices.com","good","ok","no","no"
"dburger@avhinvest.com","good","ok","no","no"
"dcaparrelli@hnsadvisors.com","good","ok","no","no"
"dcarchedi@prioryacademies.co.uk","good","ok","no","no"
"dcarson@newlebanonschools.org","good","ok","no","no"
"dchiasson@npwrsolutions.com","good","ok","no","no"
"dclark@waukesha.k12.wi.us","good","ok","no","no"
"dcole@mosestucker.com","good","ok","no","no"
"dcollins@jths.org","good","ok","no","no"
"dd@lowcountryaviation.com","good","ok","no","no"
"ddotson@brightstartchildcare.net","good","ok","no","no"
"ddow@ic-serv.com","good","ok","no","no"
"dean@amomentawayspa.com","risky","catch_all","no","yes"
"dean@bernardfoods.com","good","ok","no","yes"
"deb@financialimpactadvisors.com","good","ok","no","no"
"deb@ignitusrecovery.com","good","ok","no","no"
"debbie.albright@scania.com","risky","catch_all","no","no"
"debby@cloudnet.com","good","ok","no","no"
"deborah.becker@hudsonfg.com","risky","unknown","no","no"
"debra.scott@ceteraadvisors.com","risky","unknown","no","no"
"debra.vincent@ecoleprinceton.org","good","ok","no","no"
"debra@badgerconstruction.com","good","ok","no","no"
"delacy.cox@attivasoft.com","good","ok","no","no"
"delcia@northeastcontracting.com","good","ok","no","no"
"dellington@raskcorp.com","good","ok","no","no"
"demi.lawrence@morningbrew.com","good","ok","no","no"
"dennis.debellis@equitable.com","good","ok","no","no"
"dennis.roche@pnc.com","good","ok","no","no"
"dennis@alphaleasing.com","good","ok","no","no"
"dennis@corporateplans.com","risky","unknown","no","no"
"denordeen@firstcommand.com","good","ok","no","no"
"derek.dieterich@regions.com","good","ok","no","no"
"derek.draper@simplicitygroup.com","good","ok","no","no"
"derek.jones@instituteforwealth.com","good","ok","no","no"
"derek.kucharski@equitable.com","good","ok","no","no"
"derek.schroder@jkainvest.com","good","ok","no","no"
"derek@aosfinancial.com","good","ok","no","no"
"derick@noble-wealth.com","good","ok","no","no"
"derrick@ebnyfinancial.com","good","ok","no","no"
"desirae@swbarricades.com","good","ok","no","no"
"desiree@arcrecoveryservices.com","good","ok","no","no"
"deven.amann-rao@equitable.com","good","ok","no","no"
"devin.haber@equitable.com","good","ok","no","no"
"devin.sume@equitable.com","good","ok","no","no"
"devon.murphy@equitable.com","good","ok","no","no"
"dfalcetti@williston.com","good","ok","no","no"
"dfinney@hoffman-capital.com","good","ok","no","no"
"dfoley@aimmediatx.com","good","ok","no","no"
"dfrancis@firstofallon.com","good","ok","no","no"
"dfry@maslsoccer.com","good","ok","no","no"
"dgarretson@kubamiami.com","good","ok","no","no"
"dginter@sargeant.net","good","ok","no","no"
"dgrimmer@hurlowwealth.com","good","ok","no","no"
"dgroth@gvboces.org","good","ok","no","no"
"dguenther@blueridgefibers.com","good","ok","no","no"
"dhaar@codycos.com","good","ok","no","no"
"dharriott-samuel@dsconsultinginc.co","risky","catch_all","no","no"
"dharrison@wealthcapital.com","good","ok","no","no"
"dhaven@newberry.k12.sc.us","good","ok","no","no"
"dhite@sainconstruction.com","good","ok","no","no"
"dhthompson@ascendadvisory.com","risky","unknown","no","no"
"dhyasui@2cbioscience.com","good","ok","no","no"
"diana.morris@equitable.com","good","ok","no","no"
"diana@1dreamhome.com","good","ok","no","no"
"diana@precisionjet.com","good","ok","no","no"
"diane.kridler@northwest.com","good","ok","no","no"
"diarmuid.allen@equitable.com","good","ok","no","no"
"dillon.hudson@pnc.com","good","ok","no","no"
"dillon@tiellfinancial.com","good","ok","no","no"
"dimitrios.dickos@equitable.com","good","ok","no","no"
"dimitry.neyzelman@equitable.com","good","ok","no","no"
"direland@bacsk8.org","good","ok","no","no"
"djbest@wastewatereducation.org","good","ok","no","no"
"djmorin@gagewiley.com","good","ok","no","no"
"djones2@louisvillecollegiate.org","good","ok","no","no"
"djoseph@baylorschool.org","good","ok","no","no"
"djoyce@prgnj.net","risky","unknown","no","no"
"dkeenholts@faganassociates.com","good","ok","no","no"
"dking@sumaspac.com","risky","catch_all","no","no"
"dkuczero@t2asset.com","good","ok","no","no"
"dlangan@contewealth.com","good","ok","no","no"
"dlefebre@emsinsurance.com","good","ok","no","no"
"dlehman@inspireadvisors.com","good","ok","no","no"
"dmaupin@rkcapital.com","risky","catch_all","no","no"
"dmcgruder@hahealth.org","good","ok","no","no"
"dmcnamara@concentricpartners.com","good","ok","no","no"
"dmeadows@tnsolutions.com","good","ok","no","no"
"dmudijana@fincadia.com","good","ok","no","no"
"dmungovan@premistar.com","good","ok","no","no"
"doconnell@statebankwy.com","good","ok","no","no"
"domeilia@velawm.com","risky","unknown","no","no"
"domenica@curranandlewis.com","risky","catch_all","no","no"
"dominic@hoffmanwealth.com","good","ok","no","no"
"dominick.eisaman@equitable.com","good","ok","no","no"
"dominick.frustaci@equitable.com","good","ok","no","no"
"dominiki@nfa1040.com","good","ok","no","no"
"don.cobb@brooksidewealthadvisors.com","good","ok","no","no"
"donald.kent@equitable.com","good","ok","no","no"
"donald@yourapartner.com","risky","catch_all","no","no"
"donato@timberviewcapital.com","risky","catch_all","no","no"
"donna@applewhiteinteriors.com","good","ok","no","no"
"donna@atlasplumbing.com","bad","invalid","no","no"
"donna@donnamcphersoncpa.com","good","ok","no","no"
"donna@roystrucks.com","good","ok","no","no"
"donna@trackrecordassets.com","good","ok","no","no"
"donna@workersfirst.net","good","ok","no","no"
"donnashaffer@shafferfordinc.com","good","ok","no","no"
"donovan.slater@randallawm.com","bad","invalid","no","no"
"dorian.hardin@equitable.com","good","ok","no","no"
"dorian_winfield@sagicor.com","good","ok","no","no"
"dorothy@planetearthaccounting.com","good","ok","no","no"
"dotto@4kmc.com","good","ok","no","no"
"doug.baker@learningcaregroup.com","bad","invalid","no","no"
"doug.dirks@bearingpointcap.com","good","ok","no","no"
"doug.dirksen@raymondjames.com","good","ok","no","no"
"doug.jones@truist.com","good","ok","no","no"
"doug.sawyer@hillmangroup.com","good","ok","no","no"
"doug.schosser@northwest.com","good","ok","no","no"
"doug@campbellassetmanagement.com","good","ok","no","no"
"doug@collectivewealthadvisors.com","good","ok","no","no"
"doug@georgecobusinessconsulting.com","good","ok","no","no"
"doug@hinermans.com","good","ok","no","no"
"doug@m1capitalmanagement.com","good","ok","no","no"
"douglas.elliott@ampf.com","good","ok","no","no"
"douglas.joslin@clearviewfs.com","risky","unknown","no","no"
"douglas.rivinius@guidedfa.com","risky","catch_all","no","no"
"dowens@awanicapital.com","good","ok","no","no"
"dparadise@investwithclarity.com","good","ok","no","no"
"dpodewils@poka.io","good","ok","no","no"
"drake.siwicki@equitable.com","good","ok","no","no"
"drake@genesislegalai.com","risky","catch_all","no","no"
"draymond@d2caccounting.com","good","ok","no","no"
"drew.hale@spwyo.com","good","ok","no","no"
"drew.wilson@pnc.com","good","ok","no","no"
"drew@finadvinc.com","good","ok","no","no"
"drew@levelwm.com","good","ok","no","no"
"drew@torreywealth.com","risky","unknown","no","no"
"drobinson@vptfinancial.com","good","ok","no","no"
"dror.harsinay@equitable.com","good","ok","no","no"
"droyse@duitconstruction.com","good","ok","no","no"
"drucker@phillipsglobal.us","good","ok","no","no"
"dsage@risenorthcapital.com","good","ok","no","no"
"dsfakiyanudis@1nwealth.com","good","ok","no","no"
"dsmallwood@mosesbrown.org","good","ok","no","no"
"dsullivan@meltonandcompany.com","good","ok","no","no"
"dtanomand@stancehealthsolutions.com","good","ok","no","no"
"dthwaits@united-ortho.com","good","ok","no","no"
"dtorres@d211.org","good","ok","no","no"
"dturlington@mmc2100.com","good","ok","no","no"
"duke@delmarvafinancialgroup.com","good","ok","no","no"
"dulloa@iberiafood.com","good","ok","no","no"
"duncan@1phillips.com","good","ok","no","no"
"dustin.deal@dealfinancialgroup.com","good","ok","no","no"
"dustin.dube@nm.com","good","ok","no","no"
"dustin.henderson@allwealth.com","good","ok","no","no"
"dustin.paschal@equitable.com","good","ok","no","no"
"dustin@hebertfinancial.com","risky","catch_all","no","no"
"dustin@retirepathadvisors.com","good","ok","no","no"
"dustyn.solomon@equitable.com","good","ok","no","no"
"dvass@vassfs.com","good","ok","no","no"
"dweinstein@kfapwg.com","good","ok","no","no"
"dwhite@cpgraleigh.com","good","ok","no","no"
"dwiley@questnow.net","good","ok","no","no"
"dylan.auriemma@equitable.com","good","ok","no","no"
"dylan.flinchum@raymondjames.com","good","ok","no","no"
"dylan.rivera@equitable.com","good","ok","no","no"
"e.takaj@3boomerang.com","good","ok","no","no"
"eagostoni@oasismarinas.com","good","ok","no","no"
"eamonnhealy@mayogroup.com","bad","invalid","no","no"
"eavalos@fincadia.com","good","ok","no","no"
"eavealey@sophiusllc.com","good","ok","no","no"
"ebarnett@pathwayfr.com","good","ok","no","no"
"ebenes@midwesternsecurities.com","good","ok","no","no"
"ebuonpastore@rcrussellllc.com","risky","catch_all","no","no"
"eclaycomb@titaninvestmentmgmt.com","good","ok","no","no"
"ecolon@montefiore.org","good","ok","no","no"
"ecucalon@boltonglobal.com","good","ok","no","no"
"ed.ariail@raymondjames.com","good","ok","no","no"
"ed.clohessey@ml.com","good","ok","no","no"
"ed.fedell@pinnacle-wealth-advisors.com","bad","invalid","no","no"
"ed.fredericks@equitable.com","good","ok","no","no"
"ed@mysb.co","good","ok","no","no"
"ed@standonsolidground.com","risky","catch_all","no","no"
"ed@thedmfgroup.com","risky","catch_all","no","no"
"ed@theschaeffergroupllc.com","good","ok","no","no"
"ed@vigilantex.us","good","ok","no","no"
"eddie@littlemiraclesschool.com","good","ok","no","no"
"eduardo@sanchezgaunt.com","good","ok","no","no"
"edudley@portfoliomedics.com","good","ok","no","no"
"edward.butler@regions.com","good","ok","no","no"
"edward.goldschmidt@equitable.com","good","ok","no","no"
"edward.sorrentino@equitable.com","good","ok","no","no"
"edward.williams@glic.com","bad","invalid","no","no"
"edward@glacierwealth.com","good","ok","no","no"
"edward@zillionadvisory.com","good","ok","no","no"
"ehenderson@northrightfinancial.com","good","ok","no","no"
"ehopper@desertcfos.com","risky","catch_all","no","no"
"eid@dwundercon.com","good","ok","no","no"
"eike.mandre@tiptiptap.ee","good","ok","no","no"
"eileen.price@equitable.com","good","ok","no","no"
"ejohnson@hoffmancorporation.com","good","ok","no","no"
"ek@link-ortho.com","good","ok","no","no"
"ekeister@nsag.com","bad","invalid","no","no"
"ekennebeck@risingpointcapital.com","good","ok","no","no"
"elee@stephengaynor.org","good","ok","no","no"
"elena.bilik@barclays.com","good","ok","no","no"
"elena@alfredosalcedo.com","risky","catch_all","no","no"
"eleni.liakakis@ceterainvestors.com","good","ok","no","no"
"eleni@infinitysp.com","good","ok","no","no"
"eli.loncar@raymondjames.com","good","ok","no","no"
"eliana@cfxfresno.com","good","ok","no","no"
"elijah.black@georgiafa.com","good","ok","no","no"
"elijah.steinhardt@equitable.com","good","ok","no","no"
"elisa.rosas@lyfordcisd.net","good","ok","no","no"
"elizabeth.schomburg@familycredit.org","good","ok","no","no"
"elizabeth@lucyhardware.com","good","ok","no","no"
"elizabeth@musticofinancial.com","good","ok","no","no"
"ellen.brankovich@equitable.com","good","ok","no","no"
"ellen.reidy@equitable.com","good","ok","no","no"
"ellie.robison@paladinfinancial.com","good","ok","no","no"
"elundy@lundyfs.com","good","ok","no","no"
"emasching@4rclients.org","good","ok","no","no"
"emccabe@hurlowwealth.com","good","ok","no","no"
"emil@emilsales.com","bad","invalid","no","no"
"emilee@staybalancedacctg.com","good","ok","no","no"
"emily.brooks@equitable.com","good","ok","no","no"
"emily.stead@ceterainvestors.com","good","ok","no","no"
"emma.beavers@raymondjames.com","good","ok","no","no"
"emma.kulikowski@equitable.com","good","ok","no","no"
"emma.lafex@equitable.com","good","ok","no","no"
"emma.sorenson@midwestarborcorp.com","good","ok","no","no"
"endrit@investedadvisory.com","good","ok","no","no"
"eolszewski@colonial-chemical.com","good","ok","no","no"
"eramsey@quintanaminerals.com","good","ok","no","no"
"eran@simhawk.ai","good","ok","no","no"
"ereilly@kwklaw.net","good","ok","no","no"
"eric.arman@nm.com","good","ok","no","no"
"eric.boyum@inspireadvisors.com","good","ok","no","no"
"eric.bush@bcsdk12.net","risky","catch_all","no","no"
"eric.connett@level4power.com","risky","unknown","no","no"
"eric.elias@equitable.com","good","ok","no","no"
"eric.hamer@nm.com","good","ok","no","no"
"eric.hoffman@workplacefa.com","good","ok","no","no"
"eric.johnson@rswill.com","good","ok","no","no"
"eric.lorenz@equitable.com","good","ok","no","no"
"eric.regan@thebonehealthclinic.com","risky","catch_all","no","no"
"eric.saenz@equitable.com","good","ok","no","no"
"eric.tarver@woodtarver.com","good","ok","no","no"
"eric.tuller@wealthbfinancial.com","good","ok","no","no"
"eric@dietzenbachfinancial.com","risky","unknown","no","no"
"eric@hellerprivatewealth.com","good","ok","no","no"
"eric@klausfg.com","good","ok","no","no"
"eric@nextdayairandheating.com","good","ok","no","no"
"eric@plasticfabmfg.com","good","ok","no","no"
"eric@webbbuilders.net","good","ok","no","no"
"erica.osorio@springleaf.com","bad","invalid","no","no"
"erica.schrock@nm.com","good","ok","no","no"
"erica@fca-inc.com","good","ok","no","no"
"ericka@thinkpositivestaffing.com","risky","catch_all","no","no"
"ericloughnane@myinsightadvisors.com","good","ok","no","no"
"erigby@therigbygroup.com","good","ok","no","no"
"erik.madsen@equitable.com","good","ok","no","no"
"erik.pearson@equitable.com","good","ok","no","no"
"erik@somervilleinvestments.com","good","ok","no","no"
"erik@wrrwm.com","good","ok","no","no"
"erikjohnson@pioneerfg.com","good","ok","no","no"
"erin.hannan@equitable.com","good","ok","no","no"
"erin.lewis@equitable.com","good","ok","no","no"
"erin.walsh@na.forelspa.com","risky","catch_all","no","no"
"ernesto.bautista@crystal-clean.com","good","ok","no","no"
"esannella@stonepoint.com","good","ok","no","no"
"eshaffer@eastportfinancial.com","good","ok","no","no"
"esimonians@fordfg.com","good","ok","no","no"
"esmith@92biotech.com","good","ok","no","no"
"esteban.rondon@equitable.com","good","ok","no","no"
"ethan.devalk@equitable.com","good","ok","no","no"
"ethan.karr@equitable.com","good","ok","no","no"
"ethan.lindler@georgiafa.com","good","ok","no","no"
"ethan.pflug@aspengroveassetmanagement.com","good","ok","no","no"
"ethan.rahrig@equitable.com","good","ok","no","no"
"ethan@jwcwealth.com","good","ok","no","no"
"eurena@mopomanagement.com","good","ok","no","no"
"eva.amaya@equitable.com","good","ok","no","no"
"evan.atchley@elevatefpwm.com","good","ok","no","no"
"evan.ferguson@equitable.com","good","ok","no","no"
"evan.haire@pnc.com","good","ok","no","no"
"evan.pauley@wvoasis.gov","good","ok","no","no"
"evan@capitalwealthadvisor.com","good","ok","no","no"
"evan@curefinancial.com","good","ok","no","no"
"evanovich@ascendadvisory.com","good","ok","no","no"
"evawong@tricohomes.com","good","ok","no","no"
"eve@ppmapartments.com","good","ok","no","no"
"everett@aowealth.com","good","ok","no","no"
"ewares@dworetskyfinancial.com","good","ok","no","no"
"eyal.shefer@markmonitorgroup.com","good","ok","no","no"
"ezra.shammay@equitable.com","good","ok","no","no"
"fa@honeyveil.com","good","ok","no","no"
"fabiana@distribuidorapromix.com.br","good","ok","no","no"
"farah@omani.info","good","ok","no","no"
"felix.muriithi@participatelearning.com","good","ok","no","no"
"fernando.vidal-otero@equitable.com","good","ok","no","no"
"fernando.yamamoto@mobiusinstitute.com","good","ok","no","no"
"fherzer@herzercpa.com","good","ok","no","no"
"fhettmann@corvention.com","good","ok","no","no"
"financial@southbethany.org","good","ok","no","no"
"finn.allen@equitable.com","good","ok","no","no"
"fkerestury@westpointwealth.com","good","ok","no","no"
"fong.her@cap-mgt.com","good","ok","no","no"
"forexrobot.arena@forex.com","risky","catch_all","no","no"
"forrest.demetri@equitable.com","good","ok","no","no"
"forrestfolson@masonrysolutionsmidwest.com","good","ok","no","no"
"foster@sb-xpress.com","good","ok","no","no"
"fphillips@wileybros.com","good","ok","no","no"
"frances.miceli@ampf.com","good","ok","no","no"
"frances@jurisledger.com","good","ok","no","no"
"francesca@gunterfinancialservices.com","good","ok","no","no"
"francis.meuse@equitable.com","good","ok","no","no"
"frank.rizzo@equitable.com","good","ok","no","no"
"frank@dilibertorealestate.com","good","ok","no","no"
"frank@nfcma.org","good","ok","no","no"
"frank@retirewithmcm.com","good","ok","no","no"
"frank@rileyhiggins.net","good","ok","no","no"
"franklusebrink@meridianwealth.com.au","bad","invalid","no","no"
"fred.wollman@ceterawealth.com","good","ok","no","no"
"fred@momentumos.io","good","ok","no","no"
"freeves@frenship.us","good","ok","no","no"
"g.ferguson@gfconcretecutting.com","good","ok","no","no"
"g.gonzales@kellumphysicianpartners.com","good","ok","no","no"
"gabe@gabenelsonfinancial.com","good","ok","no","no"
"gabriel.astrologo@equitable.com","good","ok","no","no"
"gabriel.lang@equitable.com","bad","invalid","no","no"
"gabriel@packmachines11.com","good","ok","no","no"
"gabriela.ribas@jetwealthadvisors.com","good","ok","no","no"
"gaby@dwyerfinancial.net","good","ok","no","no"
"gadams@amanet.org","risky","catch_all","no","no"
"gail.hill@equitable.com","good","ok","no","no"
"gail@applingassociates.com","good","ok","no","no"
"garret.rofheart@equitable.com","good","ok","no","no"
"garrett.cox@ceterainvestors.com","good","ok","no","no"
"garrison.mccauley@equitable.com","good","ok","no","no"
"gary.curry@raymondjames.com","good","ok","no","no"
"gary.kerchner@nm.com","good","ok","no","no"
"gary.l.rowan@ampf.com","good","ok","no","no"
"gary@24financial.net","good","ok","no","no"
"gary@bisonllc.com","good","ok","no","no"
"gary@wealthintel.com","good","ok","no","no"
"garyruckelshaus@bourasind.com","bad","invalid","no","no"
"gatenerving@mismt.org","good","ok","no","no"
"gautam@atoms.co","risky","catch_all","no","no"
"gavin.baker@parkwayteam.com","good","ok","no","no"
"gavin@atlasinvestmentmgmt.com","good","ok","no","no"
"gavin@bnawealth.com","good","ok","no","no"
"gavin@tdandsadvisors.com","good","ok","no","no"
"gbaca@goldstonefinancialgroup.com","good","ok","no","no"
"gbell@glbconsultingllc.com","bad","invalid","no","no"
"gcampbell@mpmadvisors.net","risky","catch_all","no","no"
"gcuellar@monarchschool.org","good","ok","no","no"
"gdowana@haliahomecare.net","risky","unknown","no","no"
"gehling.jack@principal.com","good","ok","no","no"
"generucker@capharvest.com","good","ok","no","no"
"geoffrey.poon@equitable.com","good","ok","no","no"
"george.molloy@firstrise.com","good","ok","no","no"
"george.pogyo@ceterainvestors.com","good","ok","no","no"
"george@cfoproanalytics.com","good","ok","no","no"
"george@coromandelwealth.com","good","ok","no","no"
"george@tsphvac.com","good","ok","no","no"
"georges@goteamva.com","good","ok","no","no"
"gfrost@wwmwealth.com","good","ok","no","no"
"ggallo@cortofinancial.com","good","ok","no","no"
"gheindl@evernex.com","good","ok","no","no"
"gheinle@dwtwealth.com","good","ok","no","no"
"ghooper@capstone-imaging.com","good","ok","no","no"
"giancarlo.bonagura@harrownewyork.com","good","ok","no","no"
"gianna@aldacontractingservices.com","risky","unknown","no","no"
"gina@fullcirclefinancialplanning.com","good","ok","no","no"
"gina@sovelgroup.io","good","ok","no","no"
"ginger@itassetsolution.com","good","ok","no","no"
"gino.zazzetta@fuscofinancial.com","good","ok","no","no"
"giovanni.giambanco@equitable.com","good","ok","no","no"
"gj@solarelectricalsystems.com","good","ok","no","no"
"gjantoni@hbretirement.com","good","ok","no","no"
"gjohnson@compassfg.com","good","ok","no","no"
"gkliewer@fsbwealthadvisors.com","good","ok","no","no"
"glaspyv@jenningsk12.us","good","ok","no","no"
"glen.crabtree@nm.com","bad","invalid","no","no"
"glenn.thomas@td.com","risky","catch_all","no","no"
"glenn@independencefinancialllc.com","good","ok","no","no"
"glenns@alinetds.com","good","ok","no","no"
"gm@hollylakeinfo.com","good","ok","no","yes"
"gmiller@ascendadvisory.com","risky","unknown","no","no"
"gmulbury@oakcrestadvisory.com","risky","catch_all","no","no"
"gnesbit@hurlowwealth.com","good","ok","no","no"
"gogolaa@brynmawrschool.org","good","ok","no","no"
"goz@blackcub.productions","risky","catch_all","no","no"
"gpai@ceteraadvisors.com","good","ok","no","no"
"gpaine@uigwealth.com","good","ok","no","no"
"gparker@montefiore.org","good","ok","no","no"
"grace@okeefestevens.com","good","ok","no","no"
"graham.gore@equitable.com","good","ok","no","no"
"graham@wgfinancialgroup.com","good","ok","no","no"
"grahammerk@iafinancialadvisors.com","good","ok","no","no"
"grant.becker@equitable.com","good","ok","no","no"
"grant.dadesky@raymondjames.com","good","ok","no","no"
"grant@dynamicwealthmgt.com","good","ok","no","no"
"grant@versofinancial.com","good","ok","no","no"
"gray.peckham@osaicinstitutions.com","good","ok","no","no"
"gray@stricklandfinancial.com","good","ok","no","no"
"grayson.wingert@equitable.com","good","ok","no","no"
"greg.brockmeier@brockmeierfinancialservices.com","good","ok","no","no"
"greg.chona@equitable.com","good","ok","no","no"
"greg.harris@ofgtexas.com","good","ok","no","no"
"greg.kading@28bio.com","good","ok","no","no"
"greg.miller@proplanwealth.com","good","ok","no","no"
"greg.rosen@laureloakwealth.com","good","ok","no","no"
"greg.simbro@axoramedical.com","good","ok","no","no"
"greg@politheon.com","good","ok","no","no"
"greg@pvwealthmanagers.com","good","ok","no","no"
"greg@tfgrouppwm.com","good","ok","no","no"
"greg@wrrwm.com","good","ok","no","no"
"gregory.call@equitable.com","good","ok","no","no"
"gregory.nachman@equitable.com","good","ok","no","no"
"gregory.petraco@ampf.com","good","ok","no","no"
"griffin.siegfried@equitable.com","good","ok","no","no"
"grobinson@imprintscares.org","good","ok","no","no"
"grosen@landmarkcpas.com","good","ok","no","no"
"gruszewski.richard@principal.com","good","ok","no","no"
"gsawyer@vppsa.com","bad","invalid","no","no"
"gsmart@thestrategicfinancial.com","good","ok","no","no"
"gui@latitude-wealth.com","good","ok","no","no"
"guillermo@rodriguezcfo.com","good","ok","no","no"
"gustavo@threefold.org","good","ok","no","no"
"guy.c.church@ampf.com","good","ok","no","no"
"gwilkinson@potomacfinancialgroup.com","bad","invalid","no","no"
"gwilliams@partnerscapital.llc","good","ok","no","no"
"gworth@theptc.org","good","ok","no","no"
"gyles.laney@raymondjames.com","risky","unknown","no","no"
"hailey@smartchoiceoralsurgery.com","good","ok","no","no"
"hank@hummelgrp.com","good","ok","no","no"
"hannah.moore@equitable.com","good","ok","no","no"
"hanno@sankaristudios.com","good","ok","no","no"
"hari.badesha@georgiafa.com","good","ok","no","no"
"harold.cannon@raymondjames.com","good","ok","no","no"
"harold@flexfinancialplanning.com","risky","unknown","no","no"
"harold@myccmc.com","good","ok","no","no"
"harrison@lifetimewealthadvisors.net","risky","unknown","no","no"
"harut@mtiambulance.com","good","ok","no","no"
"harvey.busby@offplan.network","good","ok","no","no"
"hasen.shaner@equitable.com","good","ok","no","no"
"haton@stonefinancialcpa.com","good","ok","no","no"
"havenridge.rick@principal.com","good","ok","no","no"
"hayden.carbine@equitable.com","good","ok","no","no"
"hayden.wood@riversidecmg.com","good","ok","no","no"
"hbankes@contewealth.com","good","ok","no","no"
"hdykstra@wellingtonws.com","good","ok","no","no"
"heather.barniak@equitable.com","good","ok","no","no"
"heather.viniar@ceterainvestors.com","good","ok","no","no"
"heather.west@equitable.com","good","ok","no","no"
"heather@drewstotalconcrete.com","good","ok","no","no"
"heather@drjenrocks.com","good","ok","no","no"
"heather@walnutfarm.org","good","ok","no","no"
"heather@westmichiganadvisors.com","good","ok","no","no"
"heatherrollo@ecl-ent.com","good","ok","no","no"
"hector@warcap.com","good","ok","no","no"
"heidib@earlylearningindiana.org","good","ok","no","no"
"helen.thorndyke@equity-it.co.uk","good","ok","no","no"
"henry.kuo@equitable.com","good","ok","no","no"
"henry.youssef@equitable.com","good","ok","no","no"
"henry@robare-jones.com","good","ok","no","no"
"herro.chris@odlemanagement.com","good","ok","no","no"
"hfranklin@lapoynorisd.net","good","ok","no","no"
"hillary.leffler@mutualofomaha.com","good","ok","no","no"
"hirlemannf@passagewaycommunity.org","good","ok","no","no"
"hkeefer@farmers-exchange.biz","good","ok","no","no"
"hlphillips@airsimplicity.com","good","ok","no","no"
"hmccormick@berkhs.org","good","ok","no","no"
"holden.clendaniel@360ira.com","good","ok","no","no"
"holly.butler@regions.com","good","ok","no","no"
"hollyo@octobercapital.com","good","ok","no","no"
"homer.garrison@cornerstoneadvice.com","good","ok","no","no"
"hope.kiefner@pnc.com","good","ok","no","no"
"hostetler.jeff@tallmadgeschools.org","good","ok","no","no"
"howard.hermes@equitable.com","good","ok","no","no"
"hquillin@melindawilliamscpa.com","good","ok","no","no"
"hrowe@hurlowwealth.com","good","ok","no","no"
"hsefner@marburnacademy.org","good","ok","no","no"
"hsmith@silverlakewealth.com","good","ok","no","no"
"hugh@wrennefinancial.com","good","ok","no","no"
"hunter.askland@equitable.com","good","ok","no","no"
"hunter.bailey@openarccorporate.com","good","ok","no","no"
"hunter.hargraves@tcwma.com","risky","unknown","no","no"
"hunter.mills@elevatefpwm.com","good","ok","no","no"
"hunter.rocco@equitable.com","good","ok","no","no"
"hunter@bluegrassinvestco.com","good","ok","no","no"
"hunter@goldenlegacyadvisors.com","good","ok","no","no"
"hunter@slopestrategic.com","good","ok","no","no"
"huy.hoang@equitable.com","good","ok","no","no"
"hvukotic@landmarkfoundationgroup.com","good","ok","no","no"
"hydockjf@pvi.org","good","ok","no","no"
"hyesun_son@engschools.net","good","ok","no","no"
"iago@healthic.com.mx","risky","catch_all","no","no"
"ian.cross@nm.com","good","ok","no","no"
"ian.giblin@pnc.com","good","ok","no","no"
"ian.morrison@oneascent.com","good","ok","no","no"
"ian.southall@ceterainvestors.com","good","ok","no","no"
"ianni.ray@faodv.com","risky","unknown","no","no"
"ibrock@forgespp.com","good","ok","no","no"
"idan@forestroadco.com","good","ok","no","no"
"idasilva@leagueschool.com","good","ok","no","no"
"ieriksen@eriksenfinancial.com","good","ok","no","no"
"ignacio.crespi@raymondjames.com","good","ok","no","no"
"igor@sived.me","good","ok","no","no"
"ilyse.kaplan@topcups.com","good","ok","no","no"
"imeyers@aicinvest.com","good","ok","no","no"
"imran@jbcag.com","risky","catch_all","no","no"
"imran@thenewstandardleaders.com","good","ok","no","no"
"indri@nationalloanify.com","risky","unknown","no","no"
"inglesma@japioneers.org","good","ok","no","no"
"irene@aspirecfo.com","good","ok","no","no"
"irene@feedtrain.com","risky","unknown","no","no"
"irene@horizonwealthstrategies.com","good","ok","no","no"
"irfan@innosolvesolutions.com","good","ok","no","no"
"irina.shuvalova@mountsinai.org","good","ok","no","no"
"isaac@gelos.llc","good","ok","no","no"
"isabel.gonzaba@equitable.com","bad","invalid","no","no"
"ishani.dave@equitable.com","good","ok","no","no"
"isobel.congdon@equitable.com","good","ok","no","no"
"ivasserman@g5partners.com","good","ok","no","no"
"ivilanova@optionsco.com.br","good","ok","no","no"
"ivoryj@apolloridge.com","good","ok","no","no"
"ivra.bassett@equitable.com","good","ok","no","no"
"izinstein@esquirebrands.com","good","ok","no","no"
"j.bae@samsung.com","good","ok","no","no"
"j.laughlin@nolimitslc.org","good","ok","no","no"
"j.narotsky@francenter.com","good","ok","no","no"
"j.pujols@op2collective.com","good","ok","no","no"
"j.schwartz@equitable.com","good","ok","no","no"
"jack.freeland@equitable.com","good","ok","no","no"
"jack.harris@capitolwealthpartners.com","good","ok","no","no"
"jack.lostoski@equitable.com","good","ok","no","no"
"jack.morrissey@equitable.com","good","ok","no","no"
"jack.neary@equitable.com","good","ok","no","no"
"jack.neeson@elevatefpwm.com","good","ok","no","no"
"jack.turnbow@tristatefa.com","good","ok","no","no"
"jack@elevateasset.com","good","ok","no","no"
"jack@financialdesignohio.com","good","ok","no","no"
"jack@glenwoodinvestment.com","good","ok","no","no"
"jack@spring.ai","good","ok","no","no"
"jack_somer@wealthbridgefg.com","good","ok","no","no"
"jackfiorenzo@bryanmaterialsgroup.com","good","ok","no","no"
"jackhillman@strivefg.com","good","ok","no","no"
"jackie.gailey@tristatefa.com","good","ok","no","no"
"jackie@manatron.net","risky","unknown","no","no"
"jackie@wilkinsonwm.com","good","ok","no","no"
"jackson.austin@equitable.com","good","ok","no","no"
"jackson.english@equitable.com","good","ok","no","no"
"jackson.hillner@equitable.com","good","ok","no","no"
"jackson@freedomdaysolutions.com","good","ok","no","no"
"jaclyn.unger@equitable.com","good","ok","no","no"
"jacob.barr@arkfinancialadvisors.com","good","ok","no","no"
"jacob.beauchamp@raymondjames.com","good","ok","no","no"
"jacob.bianculli@equitable.com","good","ok","no","no"
"jacob.dachille@networthadvisorsllc.com","good","ok","no","no"
"jacob.dobich@ascentpgh.com","good","ok","no","no"
"jacob.kopek@equitable.com","good","ok","no","no"
"jacob.lancaster@equitable.com","good","ok","no","no"
"jacob.lee@equitable.com","good","ok","no","no"
"jacob.reinhart@equitable.com","good","ok","no","no"
"jacob.ridpath@glic.com","bad","invalid","no","no"
"jacob.schlosser@equitable.com","good","ok","no","no"
"jacob.shea@equitable.com","good","ok","no","no"
"jacob@coldrivermining.com","risky","catch_all","no","no"
"jacob@sbmanagement.com","good","ok","no","no"
"jacquelyn.wright@sagamorealliance.com","good","ok","no","no"
"jacques.bories@amperacleanenergy.com","good","ok","no","no"
"jaime.rehbein@slpops.com","good","ok","no","no"
"jainam@hirenestgloball.com","good","ok","no","no"
"jake.adams@myecwealth.com","good","ok","no","no"
"jake.crimeni@equitable.com","good","ok","no","no"
"jake.fleming@encorefa.com","good","ok","no","no"
"jake.gershon@equitable.com","good","ok","no","no"
"jake.hanzel@laureloakwealth.com","good","ok","no","no"
"jake.jones@equitable.com","good","ok","no","no"
"jake.kopczyk@raymondjames.com","good","ok","no","no"
"jake.lang@langcapital.net","good","ok","no","no"
"jake.locker@pnc.com","good","ok","no","no"
"jake.spitaletta@equitable.com","good","ok","no","no"
"jake@finadvinc.com","good","ok","no","no"
"jake@moffandassociates.com","good","ok","no","no"
"jake@royaloakfinancialadvisors.com","good","ok","no","no"
"jake@whalenfg.com","good","ok","no","no"
"jakeo@resourcefinancial.com","good","ok","no","no"
"james.anderson@equitable.com","good","ok","no","no"
"james.ausloos@ml.com","good","ok","no","no"
"james.belz@ampf.com","good","ok","no","no"
"james.dellavecchia@equitable.com","good","ok","no","no"
"james.figurelli@equitable.com","good","ok","no","no"
"james.hachadoorian@equitable.com","good","ok","no","no"
"james.j.dobson@nm.com","good","ok","no","no"
"james.lancaster@regions.com","good","ok","no","no"
"james.leblo@equitable.com","good","ok","no","no"
"james.lewis@equitable.com","good","ok","no","no"
"james.m.gleason@ampf.com","good","ok","no","no"
"james.mccrone@equitable.com","good","ok","no","no"
"james.mcnaughton@momentumin.com","good","ok","no","no"
"james.mosko@equitable.com","good","ok","no","no"
"james.murphy@equitable.com","good","ok","no","no"
"james.obrien@equitable.com","good","ok","no","no"
"james.rammel@equitable.com","good","ok","no","no"
"james.senese@equitable.com","good","ok","no","no"
"james.stanton1@equitable.com","good","ok","no","no"
"james.taylor@inspireadvisors.com","good","ok","no","no"
"james.williams@raymondjames.com","good","ok","no","no"
"james@jbresnahan.com","good","ok","no","no"
"james@planwiser.com","good","ok","no","no"
"james@sblanding.com","good","ok","no","no"
"james@staceyjamesinstitute.com","good","ok","no","no"
"james@wpm4rent.com","good","ok","no","no"
"james_landry@glic.com","bad","invalid","no","no"
"jamesross@tomballisd.net","good","ok","no","no"
"jamick@intercarolina.net","good","ok","no","no"
"jamie.frayman@raymondjames.com","good","ok","no","no"
"jamie.vallejo@equitable.com","good","ok","no","no"
"jamie.winger@equitable.com","good","ok","no","no"
"jamie@capitalwealthadvisor.com","good","ok","no","no"
"jamie@christopherstreet.com","good","ok","no","no"
"jamie@singletonfinancial.com","good","ok","no","no"
"jamilyn@mlpconsultinggroup.com","good","ok","no","no"
"jamison.rybak@francisway.com","good","ok","no","no"
"jan@wbyz94.com","good","ok","no","no"
"janderson@colonialtrust.com","good","ok","no","no"
"jane@fultontechnology.com","good","ok","no","no"
"jane@srsus.com","good","ok","no","no"
"janelle@pacefinancialservices.com","good","ok","no","no"
"janine@southsideskatepark.com","good","ok","no","no"
"janis.jordan@principal.com","good","ok","no","no"
"jared.craig@equitable.com","good","ok","no","no"
"jared.kean@equitable.com","good","ok","no","no"
"jared@cedarpathwealth.com","good","ok","no","no"
"jared@diversificapital.com","good","ok","no","no"
"jared@pfamerica.us","good","ok","no","no"
"jared@thedrteam.com","good","ok","no","no"
"jarodmartin@martinspeterbilt.com","good","ok","no","no"
"jaron@palmwealthpartners.com","good","ok","no","no"
"jaryd@heartland-labels.com","risky","unknown","no","no"
"jason.bridge@equitable.com","good","ok","no","no"
"jason.coleman@raymondjames.com","good","ok","no","no"
"jason.dimeo@allwealth.com","good","ok","no","no"
"jason.dreger@bluestemwealthpartners.com","good","ok","no","no"
"jason.fowkes@pnc.com","good","ok","no","no"
"jason.gaines@nm.com","good","ok","no","no"
"jason.harris@scm-advisors.com","good","ok","no","no"
"jason.kowal@kowalfa.com","good","ok","no","no"
"jason.kristof@raymondjames.com","good","ok","no","no"
"jason.mickey@wealthmanagementgroup-inc.com","good","ok","no","no"
"jason@appledentalcare.org","risky","catch_all","no","no"
"jason@bydogwood.com","risky","catch_all","no","no"
"jason@demlandwealth.com","good","ok","no","no"
"jason@financialtaxplan.com","good","ok","no","no"
"jason@iowasmartvestor.com","good","ok","no","no"
"jason@lonestarmasonry.com","good","ok","no","no"
"jason@moderngaming.com","good","ok","no","no"
"jason@myportfolioguide.com","good","ok","no","no"
"jason_stam@glic.com","good","ok","no","no"
"jatchley@mywealthfoundations.com","risky","unknown","no","no"
"javier@digitalpostservices.com","good","ok","no","no"
"jay@overmancapitalmanagement.com","good","ok","no","no"
"jay@wallingerfinancial.com","good","ok","no","no"
"jayde@jonesadvisory.net","good","ok","no","no"
"jbaierl@4kmc.com","good","ok","no","no"
"jbarnes@advantagesintered.com","good","ok","no","no"
"jbarragan@farmersagent.com","good","ok","no","no"
"jbennett@nicoletbank.com","good","ok","no","no"
"jbey@pfgllcemail.com","good","ok","no","no"
"jbindert@link1it.com","good","ok","no","no"
"jbirmingham@romandbdr.com","risky","catch_all","no","no"
"jbkramer@iwnadvisor.com","bad","invalid","no","no"
"jblach@paradvisor.com","good","ok","no","no"
"jblum@hsbadvisorsllc.com","good","ok","no","no"
"jbonura@bethpagefcu.com","good","ok","no","no"
"jbouws@gen-wealth.com","good","ok","no","no"
"jbramlett@bdlfc.com","good","ok","no","no"
"jbravo@aristoiclassical.org","good","ok","no","no"
"jbrill@c1w.net","risky","unknown","no","no"
"jbuehler@summitwmi.com","good","ok","no","no"
"jburney@mayfairag.com","good","ok","no","no"
"jc.campbell@regions.com","good","ok","no","no"
"jcafasso@infinexgroup.com","good","ok","no","no"
"jcallegan@cosourcefinancial.com","good","ok","no","no"
"jchatfield@vestia.com","good","ok","no","no"
"jconry@mbwealthmanagementgroup.com","good","ok","no","no"
"jcoopersmith@platinumpeak.com","good","ok","no","no"
"jcoupe@davisfinancialservice.com","good","ok","no","no"
"jcramer@healyfinancial.net","good","ok","no","no"
"jcrocker@threeoaksag.com","good","ok","no","no"
"jd@atlasinvestmentmgmt.com","good","ok","no","no"
"jdamore@strivefg.com","good","ok","no","no"
"jdavidson@crboces.org","good","ok","no","no"
"jdenson@vestia.com","good","ok","no","no"
"jdiaz@raymondjames.com","good","ok","no","no"
"jdm@deltafinancialgroup.com","risky","catch_all","no","no"
"jdodd@forestfirst.com","good","ok","no","no"
"jdunwell@flextechsolutions.net","risky","unknown","no","no"
"jdwilliams@unitedplanners.com","good","ok","no","no"
"jean.eugene@ceterainvestors.com","good","ok","no","no"
"jeana@lbr1co.com","good","ok","no","no"
"jeanine.guzzardi@pnc.com","good","ok","no","no"
"jeena@jolleysmiles.com","good","ok","no","no"
"jeff.d.wynder@ampf.com","good","ok","no","no"
"jeff.garbaciak@oakcrestllc.com","good","ok","no","no"
"jeff.haller@vestgen.com","good","ok","no","no"
"jeff.secord@rwealthplan.com","good","ok","no","no"
"jeff.smelley@premiertrafficteam.com","good","ok","no","no"
"jeff@1852capital.com","good","ok","no","no"
"jeff@acornindprod.com","risky","unknown","no","no"
"jeff@coefinancial.com","good","ok","no","no"
"jeff@fintegrity.com","good","ok","no","no"
"jeff@katzfs.com","good","ok","no","no"
"jeff@libertyfabworks.com","risky","unknown","no","no"
"jeff@moggcpa.tax","good","ok","no","no"
"jeff@ndssocal.com","good","ok","no","no"
"jeff@pfs4u.com","good","ok","no","no"
"jeff@rockymountainkennels.com","good","ok","no","no"
"jeff@yourheritageadvisors.com","good","ok","no","no"
"jeffg@mfgwealthmgmt.com","bad","invalid","no","no"
"jeffh@achildshaven.org","good","ok","no","no"
"jeffmason@mouzinbrothers.com","risky","catch_all","no","no"
"jeffrey.cremeans@electripack.com","good","ok","no","no"
"jeffrey.davis@claytonpropertiesgroup.com","good","ok","no","no"
"jeffrey.desmarais@equitable.com","good","ok","no","no"
"jeffrey.forcina@pnc.com","good","ok","no","no"
"jeffrey.glenn@pnc.com","good","ok","no","no"
"jeffrey.markovitch@equitable.com","good","ok","no","no"
"jeffrey.ross@firsttechfed.com","good","ok","no","no"
"jeffrey.winner@equitable.com","good","ok","no","no"
"jeffrey@financewisdom.com","good","ok","no","no"
"jemalk@trailercraft.com","good","ok","no","no"
"jeminh@hanwha-usa.com","good","ok","no","no"
"jen@delucafinancialservices.com","risky","catch_all","no","no"
"jenglund@nepsisinc.com","good","ok","no","no"
"jenkins.5@napls.us","good","ok","no","no"
"jenn@clarkwf.com","risky","unknown","no","no"
"jenn@quakingsand.com","good","ok","no","no"
"jenna@giffordfinancial.com","good","ok","no","no"
"jennifer.buchanon@newfold.com","good","ok","no","no"
"jennifer.garcia@ep-contractors.com","good","ok","no","no"
"jennifer.jackson@mrtl.com","good","ok","no","no"
"jennifer.waldron@ampf.com","good","ok","no","no"
"jennifer@classickitchensetc.com","risky","unknown","no","no"
"jennifer@hartmanwelding.com","good","ok","no","no"
"jennifer@phocusfinancial.com","good","ok","no","no"
"jennifer@synergyadvisorygroup.com","good","ok","no","no"
"jenniferb@ruckerinv.com","good","ok","no","no"
"jenniferyoder@bdcustommfg.com","good","ok","no","no"
"jennsimpson@thesimpsongrouprealty.com","good","ok","no","no"
"jens.matheus@vsmabrasives.com","good","ok","no","no"
"jeremie.zajtmann@zii.aero","good","ok","no","no"
"jeremy.echnoz@lbymca.org","good","ok","no","no"
"jeremy.ervin@inspireadvisors.com","good","ok","no","no"
"jeremy.goss@riverfront-wm.com","good","ok","no","no"
"jeremy.krog@equitable.com","good","ok","no","no"
"jeremy.moss@ampf.com","good","ok","no","no"
"jeremy.silberg@equitable.com","good","ok","no","no"
"jeremy.swonger@braunwealth.com","risky","unknown","no","no"
"jeremy.wiss@raymondjames.com","good","ok","no","no"
"jeremy@buildgrowenjoy.com","good","ok","no","no"
"jeremy@day-wealth.com","good","ok","no","no"
"jeremy@endeavourwmp.com","good","ok","no","no"
"jeremy@harviewmg.com","risky","unknown","no","no"
"jeremyapearce@emailsri.com","good","ok","no","no"
"jerry.ask@jkainvest.com","good","ok","no","no"
"jerry.bulaclac@radiantvest.com","good","ok","no","no"
"jerry.goldblum@equitable.com","good","ok","no","no"
"jerry.huggett@equitable.com","good","ok","no","no"
"jerry.jarrett@regions.com","good","ok","no","no"
"jesse.bollinger@equitable.com","good","ok","no","no"
"jesse.romano@daytonandsydney.com","good","ok","no","no"
"jesse@dicefinancial.com","good","ok","no","no"
"jesse@schlemmerelectric.com","good","ok","no","no"
"jesse@shepherd-legacy.com","good","ok","no","no"
"jessejimerson@fannocapital.com","good","ok","no","no"
"jessica.klucka@equitable.com","good","ok","no","no"
"jessica.ping@equitable.com","good","ok","no","no"
"jessica.saldivar@bisd-tx.org","good","ok","no","no"
"jessica.steeby@lamoille.org","good","ok","no","no"
"jessica.vaughan@deckercapitalpartners.com","good","ok","no","no"
"jessica@cuddywealth.com","good","ok","no","no"
"jessica@herbertinsights.com","good","ok","no","no"
"jessica@hubercpa.com","good","ok","no","no"
"jessicab@syntegrapwg.com","good","ok","no","no"
"jessicarivera@capitalizeconsulting.com","bad","invalid","no","no"
"jesus.amador@ml.com","good","ok","no","no"
"jev@quinwell.com","risky","unknown","no","no"
"jfendrick@hntlgh.com","good","ok","no","no"
"jfranklin@ferrinadvisors.com","good","ok","no","no"
"jfranzago@franzagofinancial.com","good","ok","no","no"
"jg@millcityventures3.com","good","ok","no","no"
"jgekiere@navigationfinancial.com","good","ok","no","no"
"jgeretz@capitalplanners.com","good","ok","no","no"
"jgraybill@legacy-online.com","risky","catch_all","no","no"
"jgueco@shelgrenfinancial.com","good","ok","no","no"
"jhampton@wesleyprep.org","good","ok","no","no"
"jharris@cfoproanalytics.com","good","ok","no","no"
"jharris@wbihelp.com","risky","unknown","no","no"
"jhartman@esfcamps.com","good","ok","no","no"
"jhauer@goqcig.com","good","ok","no","no"
"jhcurtis@curtis-associatesinc.com","good","ok","no","no"
"jhearn@blueridgerentals.com","good","ok","no","no"
"jhollingsworth@hillcenter.org","good","ok","no","no"
"jhowe@libertycapitalmi.com","good","ok","no","no"
"jhuber@primefinancial.com","risky","catch_all","no","no"
"jill.white@nm.com","good","ok","no","no"
"jill@cas-naplesfl.com","good","ok","no","no"
"jim-hogan@thesecurepath.com","good","ok","no","no"
"jim.back@riversidecmg.com","good","ok","no","no"
"jim.gano@nm.com","good","ok","no","no"
"jim@arnoldmeyer.com","good","ok","no","no"
"jim@benefitandfinancial.com","good","ok","no","no"
"jim@dawsonprivatewealth.com","good","ok","no","no"
"jim@lilleyfg.ca","good","ok","no","no"
"jim@owenlarue.com","good","ok","no","no"
"jimm@pennfab.com","good","ok","no","no"
"jimmier.cecil@ky.gov","good","ok","no","no"
"jimmy.stockman@vaylark.com","good","ok","no","no"
"jimmy.wang@equitable.com","good","ok","no","no"
"jitin.brar@xlscout.com","good","ok","no","no"
"jjohnston@qcusd.org","good","ok","no","no"
"jjones@bullandbearwealth.com","good","ok","no","no"
"jkarolyi@gocfs.net","good","ok","no","no"
"jkimber@pl-wealth.com","good","ok","no","no"
"jkorbini@ascendadvisory.com","good","ok","no","no"
"jkral@hankinsexpress.com","risky","catch_all","no","no"
"jkrin@americanelectro.com","good","ok","no","no"
"jlederman@concordeis.com","good","ok","no","no"
"jlenton@wentzfinancialgroup.com","good","ok","no","no"
"jleonard@owensfinancialgroup.org","good","ok","no","no"
"jlintner@capturehighered.com","good","ok","no","no"
"jlittle@relittle.com","good","ok","no","no"
"jlloyd@onemidwestfp.com","good","ok","no","no"
"jlollar@trueinsightcs.com","good","ok","no","no"
"jluca@miuraglobal.com","good","ok","no","no"
"jlyons@uclaextension.edu","good","ok","no","no"
"jmadden@petroclub.net","good","ok","no","no"
"jmagrane@nicoletbank.com","good","ok","no","no"
"jmaher@maherfinancialinc.com","good","ok","no","no"
"jmahoney@aifs.com","good","ok","no","no"
"jmaier@andersonmediacorp.com","good","ok","no","no"
"jmanno@meritfp.com","good","ok","no","no"
"jmatlen@cvtcinc.com","good","ok","no","no"
"jmccallister@rivertreefp.com","good","ok","no","no"
"jmccarter@acmeblockandbrick.com","good","ok","no","no"
"jmccutchin@wayland.org","good","ok","no","no"
"jmchale@ctclc.edu","good","ok","no","no"
"jmendez@amg-eng.com","good","ok","no","no"
"jmikus@insourceaic.com","good","ok","no","no"
"jmir@bitfarms.com","good","ok","no","no"
"jmiron@northstarwm.com","good","ok","no","no"
"jmokry@navigationfinancial.com","good","ok","no","no"
"jmoore@l3electric.com","good","ok","no","no"
"jmoorman@rootedbenefits.com","good","ok","no","no"
"jmougette@encompassmore.com","good","ok","no","no"
"jnichols@solidgroundsolutions.com","good","ok","no","no"
"jnwpowell@zirconfinancialservices.com","good","ok","no","no"
"joan.bowers@raymondjames.com","good","ok","no","no"
"joan.fisher@equitable.com","good","ok","no","no"
"jobannon@dfginv.com","good","ok","no","no"
"joe.begey@teamtitus.com","good","ok","no","no"
"joe.pierce@raymondjames.com","good","ok","no","no"
"joe.powell@columbusschoolforgirls.org","good","ok","no","no"
"joe@beaconfingrp.com","good","ok","no","no"
"joe@cornerllc.com","good","ok","no","no"
"joe@gavazza.com","good","ok","no","no"
"joe@greeninvestmentstrategies.com","good","ok","no","no"
"joe@knowmyplan.com","good","ok","no","no"
"joe@lmfg.net","good","ok","no","no"
"joe@lwlfg.com","good","ok","no","no"
"joe@prestigemotorcar.com","good","ok","no","no"
"joe@providencefamilywealth.com","risky","unknown","no","no"
"joe@retirementsystems.com","risky","catch_all","no","no"
"joel.mccann@bluestemwealthpartners.com","good","ok","no","no"
"joel.merritt@raymondjames.com","good","ok","no","no"
"joel.stiff@sage-wa.com","good","ok","no","no"
"joel@ankerstarwealth.com","risky","unknown","no","no"
"joel@ever-ledger.com","risky","catch_all","no","no"
"joel@soundstewardship.com","good","ok","no","no"
"joel@terrafirmafa.com","good","ok","no","no"
"joey@stillwatersinvestment.com","good","ok","no","no"
"john.amoruso@nm.com","good","ok","no","no"
"john.bell@thryvewm.com","good","ok","no","no"
"john.bossle@equitable.com","good","ok","no","no"
"john.botrous@ampf.com","good","ok","no","no"
"john.coburn@equitable.com","good","ok","no","no"
"john.davison@raymondjames.com","good","ok","no","no"
"john.griggs31@equitable.com","good","ok","no","no"
"john.gutfranski@ceterawealth.com","good","ok","no","no"
"john.harris@webbcore.com","good","ok","no","no"
"john.hults@bezosacademy.org","good","ok","no","no"
"john.iverson@equitable.com","bad","invalid","no","no"
"john.leonard@equitable.com","good","ok","no","no"
"john.m.reymann@ampf.com","good","ok","no","no"
"john.mcneely@equitable.com","good","ok","no","no"
"john.minni@comericafinancialadvisors.com","good","ok","no","no"
"john.powell@equitable.com","good","ok","no","no"
"john.rafferty@corecapinv.com","good","ok","no","no"
"john.recine@equitable.com","good","ok","no","no"
"john.reyes@firstdiscoveries.info","bad","invalid","no","no"
"john.sims@redriverinvest.net","good","ok","no","no"
"john.steccato@equitable.com","good","ok","no","no"
"john.strong@pintlerwmg.com","good","ok","no","no"
"john@adcholdings.com","good","ok","no","no"
"john@azotic.us","risky","catch_all","no","no"
"john@bespokeplanning.co","good","ok","no","no"
"john@bryanfinancialsvcs.com","risky","catch_all","no","no"
"john@capitalwealthadvisor.com","good","ok","no","no"
"john@davidhicksplumbing.com","risky","unknown","no","no"
"john@dfsfinancial.net","good","ok","no","no"
"john@fortis.capital","good","ok","no","no"
"john@fourthavenuefinancial.com","good","ok","no","no"
"john@gosecurus.com","good","ok","no","no"
"john@hancefinancial.net","good","ok","no","no"
"john@humanarks.com","good","ok","no","no"
"john@kphillipsfinancial.com","good","ok","no","no"
"john@notesyncplus.com","good","ok","no","no"
"john@orthoadvanced.com","good","ok","no","no"
"john@pleasantwealth.com","good","ok","no","no"
"john@pnovallc.com","good","ok","no","no"
"john@redcedarwealth.com","good","ok","no","no"
"john_marino@glic.com","risky","unknown","no","no"
"johnny@oxenfreefinancial.com","good","ok","no","no"
"jojohnson@cesltc.com","good","ok","no","no"
"jolaine@blueprint4good.com","good","ok","no","no"
"joleen@jellyfishart.com","risky","catch_all","no","no"
"jolsen@integrityiwm.com","good","ok","no","no"
"jon.hooiman@raymondjames.com","good","ok","no","no"
"jon.t.goeres@kcc.com","good","ok","no","no"
"jon.thomas@gls-us.com","good","ok","no","no"
"jon@americanfp.us","good","ok","no","no"
"jon@freetogrowcfo.com","good","ok","no","no"
"jon@milestoneia.com","good","ok","no","no"
"jon@pinnacleplanningkc.com","good","ok","no","no"
"jonah@accendre.com","bad","invalid","no","no"
"jonas.dufek@raymondjames.com","risky","unknown","no","no"
"jonathan.f.rowsey@ampf.com","good","ok","no","no"
"jonathan.hoffman@zenithim.com","risky","catch_all","no","no"
"jonathan.leuchs@wjcminc.com","good","ok","no","no"
"jonathan.litmer@ampf.com","good","ok","no","no"
"jonathan.morton@equitable.com","good","ok","no","no"
"jonathan.siemsen@equitable.com","good","ok","no","no"
"jonathan.spiegel@kcc.com","good","ok","no","no"
"jonathan@1hvac.com","good","ok","no","no"
"jonathan@buildgrowenjoy.com","good","ok","no","no"
"jonathan@magneto-movement.com","good","ok","no","no"
"jonathon.remington@springleaf.com","bad","invalid","no","no"
"jonya@swamh.com","good","ok","no","no"
"jopet@rubgold.com","good","ok","no","no"
"jordan.adner@equitable.com","good","ok","no","no"
"jordan.brenner@pinionwealth.com","good","ok","no","no"
"jordan.deperio@equitable.com","good","ok","no","no"
"jordan.giger@equitable.com","bad","invalid","no","no"
"jordan.nelson@equitable.com","good","ok","no","no"
"jordan.nolden@equitable.com","good","ok","no","no"
"jordan.ruddy@equitable.com","good","ok","no","no"
"jordan.smith@equitable.com","bad","invalid","no","no"
"jordan.work@mvesc.org","good","ok","no","no"
"jordan@abo-ventures.com","good","ok","no","no"
"jordan@hjbl.org","risky","catch_all","no","no"
"jordan@impactcoachacademy.com","good","ok","no","no"
"jordanc@kbkwealth.com","good","ok","no","no"
"jorge.cantu@pnc.com","good","ok","no","no"
"jorge.valdes-rodriguez@equitable.com","good","ok","no","no"
"jorge.vazquez@equitable.com","good","ok","no","no"
"jorge@gsnnow.com","good","ok","no","no"
"jose.gautier@td.com","risky","catch_all","no","no"
"jose.vega@tataconsultingengineers.com","good","ok","no","no"
"jose@compassfin.net","good","ok","no","no"
"jose@flightfinancial.com","good","ok","no","no"
"jose@gomezfinancial.org","risky","catch_all","no","no"
"jose@hometownfin.com","good","ok","no","no"
"jose@pirugroup.com","risky","catch_all","no","no"
"joseph.allen@inspireadvisors.com","good","ok","no","no"
"joseph.ames@equitable.com","good","ok","no","no"
"joseph.armstrong1@equitable.com","good","ok","no","no"
"joseph.brummel@equitable.com","good","ok","no","no"
"joseph.brush@equitable.com","good","ok","no","no"
"joseph.cerone@equitable.com","good","ok","no","no"
"joseph.choi@bioclinicalsolutions.com","good","ok","no","no"
"joseph.doolan@equitable.com","good","ok","no","no"
"joseph.elandary@fticonsulting.com","good","ok","no","no"
"joseph.heinert@luxwealth.com","good","ok","no","no"
"joseph.kirchner@mysymbios.com","good","ok","no","no"
"joseph.kohn@equitable.com","good","ok","no","no"
"joseph.norvish@equitable.com","good","ok","no","no"
"joseph.quinto@wealthbfinancial.com","good","ok","no","no"
"joseph.schindel@equitable.com","good","ok","no","no"
"joseph.silveri@equitable.com","good","ok","no","no"
"joseph.sousa@equitable.com","good","ok","no","no"
"joseph.umscheid@equitable.com","good","ok","no","no"
"joseph@jpgwealthadvisor.com","good","ok","no","no"
"joseph@lowdenfinancialpartners.com","good","ok","no","no"
"josephd@prosperityconsulting.net","bad","invalid","no","no"
"josh.baltzer@monarchwa.com","good","ok","no","no"
"josh.chandler@magnolia-wealth.com","good","ok","no","no"
"josh.fisher@ceterainvestors.com","good","ok","no","no"
"josh.james@shadowmountain.org","good","ok","no","no"
"josh.slayton@raymondjames.com","good","ok","no","no"
"josh.wardle@parkwayteam.com","good","ok","no","no"
"josh.white@anderson.kyschools.us","good","ok","no","no"
"josh@faganfinancialgroup.com","good","ok","no","no"
"josh@harvestvalleyspecialties.com","good","ok","no","no"
"josh@mcclellanwealth.com","good","ok","no","no"
"josh@rosemanwealth.com","good","ok","no","no"
"josh@runfs.com","good","ok","no","no"
"josha@lutztitle.com","good","ok","no","no"
"joshf@greenvestfunding.com","risky","catch_all","no","no"
"joshfischer@fischerwm.com","good","ok","no","no"
"joshmisso@voyafa.com","good","ok","no","no"
"joshua.goodman@equitable.com","good","ok","no","no"
"joshua.leana@equitable.com","good","ok","no","no"
"joshua.schenker@equitable.com","good","ok","no","no"
"joshua@globalchildrenscenter.com","good","ok","no","no"
"joshua@oneovervue.com","good","ok","no","no"
"joshua@rpgindy.com","good","ok","no","no"
"joshua@tennesseevalleyspecialties.com","risky","catch_all","no","no"
"joshua_leary@indianmountain.org","good","ok","no","no"
"joshuap@wearesynergysolutions.com","good","ok","no","no"
"josiah.longenecker@missionfinancialservices.net","risky","unknown","no","no"
"josue.alvarez@pca-llc.biz","good","ok","no","no"
"jpalacios@advocacywealth.com","good","ok","no","no"
"jparks.bcufinancial@bellco.org","good","ok","no","no"
"jpezzo@corporateplans.com","good","ok","no","no"
"jpierre@vlaelectric.com","good","ok","no","no"
"jpillot@rhinebeckassetmanagement.com","good","ok","no","no"
"jpodraza@alohaworkwear.com","good","ok","no","no"
"jr.showalter@weaveradvisors.com","good","ok","no","no"
"jracculia@contewealth.com","good","ok","no","no"
"jranger@hirep.net","good","ok","no","no"
"jreed@eepowell.com","good","ok","no","no"
"jrock@beyer-co.com","good","ok","no","no"
"jrose@chdouglas.com","good","ok","no","no"
"jsanchez@cejil.org","bad","invalid","no","no"
"jsauls@essencedancecompany.com","good","ok","no","no"
"jschonauer@lguhs.org","good","ok","no","no"
"jshannon@kafadvisors.com","good","ok","no","no"
"jsharp@montgomeryschool.org","good","ok","no","no"
"jshelms@lenoircityschools.net","good","ok","no","no"
"jspivey@spiveyfinancial.com","good","ok","no","no"
"jstaiger@consanobio.com","good","ok","no","no"
"jstarr@starradvisors.com","good","ok","no","no"
"jstella@salom.com","good","ok","no","no"
"jsue@corpofficemail.com","good","ok","no","no"
"jt.henderson@galloway911.com","good","ok","no","no"
"jtribler@triblerwealth.com","good","ok","no","no"
"jtrietsch@paramountabilene.com","good","ok","no","no"
"juan.cuellar@windstarlpg.com","good","ok","no","no"
"juan.martin2@equitable.com","good","ok","no","no"
"juan.sainz@movantis.com","good","ok","no","no"
"juli.goff@tcgrecycling.com","good","ok","no","no"
"julia.parks@equitable.com","good","ok","no","no"
"julia@nixxy.com","good","ok","no","no"
"julia@tcmccabe.com","good","ok","no","no"
"julian.mascio@equitable.com","good","ok","no","no"
"julianne@nxfa.com","good","ok","no","no"
"julie.campbell@mybedford.us","good","ok","no","no"
"julie.moriarty@equitable.com","good","ok","no","no"
"julie.schwendimann@nexpera.com","good","ok","no","no"
"julie@bemidjicoop.com","good","ok","no","no"
"julie@cohendevelopment.com","good","ok","no","no"
"julie@metrorolloffcontainer.com","good","ok","no","no"
"julio@wealthpointadvisorsnc.com","good","ok","no","no"
"julrich@cresap.com","good","ok","no","no"
"junaid.ahmed@altera.com","good","ok","no","no"
"justice@synergybgllc.com","good","ok","no","no"
"justin.abely@equitable.com","good","ok","no","no"
"justin.barr@equitable.com","good","ok","no","no"
"justin.filippone@ceterainvestors.com","good","ok","no","no"
"justin.gaudino@arborstonefinancial.com","good","ok","no","no"
"justin.jones@equitable.com","good","ok","no","no"
"justin.leano@equitable.com","good","ok","no","no"
"justin.levy@equitable.com","good","ok","no","no"
"justin.long@equitable.com","good","ok","no","no"
"justin.manis@fedex.com","risky","unknown","no","no"
"justin.pena@calallenmed.com","good","ok","no","no"
"justin.porco@kfg1.com","good","ok","no","no"
"justin.reich@equitable.com","good","ok","no","no"
"justin@bradywealthmanagement.com","good","ok","no","no"
"justin@cfslinc.com","good","ok","no","no"
"justin@citycenterfinancial.com","good","ok","no","no"
"justin@hscwa.com","good","ok","no","no"
"justin@hwb1912.com","good","ok","no","no"
"justin@mytrekwealth.com","good","ok","no","no"
"justin@sdrichmansons.com","good","ok","no","no"
"justine@fit2growcfo.com","good","ok","no","no"
"justinm@ascendwealthpartners.com","good","ok","no","no"
"jwebber@appleamerican.com","bad","invalid","no","no"
"jweckel@rrfinancialadvisors.com","risky","catch_all","no","no"
"jweiskopf@balafinancial.com","good","ok","no","no"
"jweiss@jentosolutions.com","good","ok","no","no"
"jwhite@nmh.org","good","ok","no","no"
"jwiddicombe@specialtytutoring.com","good","ok","no","no"
"jwillard@dworetskyfinancial.com","good","ok","no","no"
"jwilliams@daviswilliams.com","good","ok","no","no"
"jwilliams@williamstaxandfinance.com","good","ok","no","no"
"jwithers@friedenwealth.com","good","ok","no","no"
"jwoelfel@millian-aire.com","good","ok","no","no"
"jwoodard@fsfmonline.com","good","ok","no","no"
"jwright@hazardvillewater.com","risky","catch_all","no","no"
"jyaffe@empire-tp.com","good","ok","no","no"
"jyates@parker.com","bad","invalid","no","no"
"jzakrzewski@cristoreydelasalle.org","good","ok","no","no"
"jzapior@calista.net","good","ok","no","no"
"kade@kennedy-financial.com","good","ok","no","no"
"kaden.bussel@strategencecapital.com","good","ok","no","no"
"kaden.kubisz@equitable.com","good","ok","no","no"
"kaden@enspirewealth.com","good","ok","no","no"
"kaila.passey@equitable.com","good","ok","no","no"
"kaitlin@premierclimatecontrol.com","risky","catch_all","no","no"
"kaitlyn@goldensfg.com","good","ok","no","no"
"kajeh@abssolutions101.net","good","ok","no","no"
"kaleabbelk@safeharborinvestmentsllc.com","good","ok","no","no"
"kaleb.fletcher@nm.com","risky","unknown","no","no"
"kaleb@bridgepointbs.com","good","ok","no","no"
"kaleen@skylinefinancialnw.com","good","ok","no","no"
"kaleigh.hicks@raymondjames.com","good","ok","no","no"
"kaleigh.weatherholtz@equitable.com","good","ok","no","no"
"kali@workspaceplus.com","good","ok","no","no"
"kallmand@bysp.com","good","ok","no","no"
"kanderson@condoncowa.com","good","ok","no","no"
"kanek@csdnb.org","good","ok","no","no"
"kanthi.yalamanchili@nm.com","good","ok","no","no"
"kara.lees@atlantiscs.org","good","ok","no","no"
"karen.gemmill@ceterawealth.com","good","ok","no","no"
"karen.gordon@gordon-organization.com","good","ok","no","no"
"karen.landers@jax.ufl.edu","risky","unknown","no","no"
"karen.peterman@raymondjames.com","good","ok","no","no"
"karen@jenkinsroofingtampa.com","good","ok","no","no"
"karen@karenstoienllc.com","risky","catch_all","no","no"
"karen@seedhomesllc.com","good","ok","no","no"
"karenb@estiafinancial.com","good","ok","no","no"
"karenn@archstonefinancial.net","good","ok","no","no"
"karenr@tappahannockchevy.com","good","ok","no","no"
"karin_jones@ajg.com","good","ok","no","no"
"karlam@mca-cpa.net","good","ok","no","no"
"karyna.shatrova@elevatefpwm.com","good","ok","no","no"
"katarina@cokinosenergy.com","good","ok","no","no"
"kate.starkey@kooman.com","good","ok","no","no"
"katelin.walker@oneriverfinancial.com","good","ok","no","no"
"katherine.free@wfafinet.com","good","ok","no","no"
"kathryn.isackson-papp@equitable.com","good","ok","no","no"
"kathy.morton@raymondjames.com","risky","unknown","no","no"
"kathy.sanchez@nm.com","good","ok","no","no"
"kathy@prcpt.net","good","ok","no","no"
"kathyjoyner@theemine.com","risky","catch_all","no","no"
"katie.tetreault@m-events.com","good","ok","no","no"
"katie@repakrecycling.com","good","ok","no","no"
"katina@virtualinternships.com","good","ok","no","no"
"katja.rauhala@eitrawmaterials.eu","good","ok","no","no"
"katy.breazeale@exeterdevco.com","good","ok","no","no"
"katy@kbtwealthsolutions.com","good","ok","no","no"
"kaustin@newcov.tv","good","ok","no","no"
"kawanda.brazil@jax.ufl.edu","risky","unknown","no","no"
"kaydee@seo-yon.com","good","ok","no","no"
"kayla.soukup@raymondjames.com","good","ok","no","no"
"kayla.tessmer@equitable.com","good","ok","no","no"
"kayla@wallstreetins.com","good","ok","no","no"
"kcarpenter@cviinc.com","good","ok","no","no"
"kclark@ahec.coop","good","ok","no","no"
"kcohen@hntlgh.com","good","ok","no","no"
"kdaniels@danielsalexander.net","good","ok","no","no"
"kduswalt@ocfadvisors.com","good","ok","no","no"
"kedric.miller@nm.com","good","ok","no","no"
"keion.evans@cornerstoneadvice.com","good","ok","no","no"
"keisha@yourbalancedpartners.com","good","ok","no","no"
"keith.dewey@equitable.com","good","ok","no","no"
"keith.holsten@raymondjames.com","good","ok","no","no"
"keith.lee@equitable.com","good","ok","no","no"
"keith.rowland@barkeepersfriend.com","good","ok","no","no"
"keith.simon@equitable.com","good","ok","no","no"
"keith.williams@greenwichhazleton.com","bad","invalid","no","no"
"keith@backuppulley.com","good","ok","no","no"
"keith@hammondkitchens.com","risky","catch_all","no","no"
"keith@myretirementgrip.com","good","ok","no","no"
"keith@wandpfs.co.uk","good","ok","no","no"
"keithlindsey@capharvest.com","good","ok","no","no"
"kellan@okeefestevens.com","good","ok","no","no"
"kelley@altalunewealthadvisors.com","good","ok","no","no"
"kellielynn@tiptonconstruction.us","good","ok","no","no"
"kelly.norling@merakey.org","good","ok","no","no"
"kelly@aimeducate.com","good","ok","no","no"
"kelly@impactroofing.solutions","risky","catch_all","no","no"
"kellypietruszka@mccleskey.com","good","ok","no","no"
"kelse@parker-advisors.com","risky","unknown","no","no"
"kelsey.fondrick@uhc.com","good","ok","no","no"
"ken@lvsynergy.com","bad","invalid","no","no"
"kendall@ubc-benefits.com","good","ok","no","no"
"kendra@startuploansusa.com","good","ok","no","no"
"kennon.tyre@equitable.com","good","ok","no","no"
"kent@henningsfinancial.com","good","ok","no","no"
"kenton@spearmanfinancial.com","good","ok","no","no"
"kerva@unifyfa.com","good","ok","no","no"
"kesha@dfaengineering.com","good","ok","no","no"
"kevin.broom@equitable.com","good","ok","no","no"
"kevin.caffery@equitable.com","good","ok","no","no"
"kevin.hofberger@ceterainvestors.com","good","ok","no","no"
"kevin.jordan@ampf.com","good","ok","no","no"
"kevin.maxwell@cornerstoneadvice.com","good","ok","no","no"
"kevin.rice@intellusadvisors.com","good","ok","no","no"
"kevin.styles@ceterainvestors.com","good","ok","no","no"
"kevin.wales@equitable.com","good","ok","no","no"
"kevin.wilson@equitable.com","good","ok","no","no"
"kevin@adastrafg.com","good","ok","no","no"
"kevin@aximwealth.com","good","ok","no","no"
"kevin@cwoconner.com","good","ok","no","no"
"kevin@epgnow.net","good","ok","no","no"
"kevin@gradyfn.com","good","ok","no","no"
"kevin@guidewp.com","good","ok","no","no"
"kevin@halhigdon.com","good","ok","no","no"
"kevin@michiganfinancialplanning.com","good","ok","no","no"
"kevin@previswealth.com","good","ok","no","no"
"kevin@takumimetrics.com","good","ok","no","no"
"kevin_filthaut@lfgco.com","good","ok","no","no"
"kevins@burkettfs.com","good","ok","no","no"
"kfassbender@mqtco.org","good","ok","no","no"
"kgalley@stanortho.com","good","ok","no","no"
"kgee1@billingsclinic.org","bad","invalid","no","no"
"kgibbs@infinityadjusters.com","good","ok","no","no"
"khollingsworth@pbaroofing.com","good","ok","no","no"
"khoward@faithinvestorservices.com","good","ok","no","no"
"kiara.hall@feipartners.com","good","ok","no","no"
"killian.mahoney@equitable.com","good","ok","no","no"
"kim.hamilton@xlsbusinesssolutions.com","good","ok","no","no"
"kim@7docf.org","good","ok","no","no"
"kim@gentledentistry.com","good","ok","no","no"
"kim@mytrekwealth.com","good","ok","no","no"
"kimberly.negre@equitable.com","good","ok","no","no"
"kinnison.sumner@raymondjames.com","good","ok","no","no"
"kirk.welcome@equitable.com","good","ok","no","no"
"kirt.sippola@riversidefa.com","good","ok","no","no"
"kit@tiellfinancial.com","good","ok","no","no"
"kjames@straffic.com","bad","invalid","no","no"
"kkelm@kw.com","good","ok","no","no"
"kkemmerer@lvcconline.org","good","ok","no","no"
"kkleinman@bluehavencapital.com","good","ok","no","no"
"kkroll@adcouncil.org","good","ok","no","no"
"kkubly-burton@dentedfacebrewing.com","risky","unknown","no","no"
"klanphear@noreaster-installations.com","good","ok","no","no"
"klrw1164@kw.com","good","ok","no","no"
"kmaher@kdmadvisors.net","good","ok","no","no"
"kmalkani@bohoaromatic.com","good","ok","no","no"
"kmansdorf@tengramcapital.com","good","ok","no","no"
"kmurphy@4swm.com","good","ok","no","no"
"kmusgrove@keybridgewm.com","good","ok","no","no"
"kno@kwe.org","good","ok","no","no"
"koberj@montereymills.com","good","ok","no","no"
"kody.rinkevich@equitable.com","good","ok","no","no"
"koen.vandevorst@wwlholding.com","good","ok","no","no"
"konizuka@redwoodcu.org","good","ok","no","no"
"konstantine.stoupakis@equitable.com","good","ok","no","no"
"korey.carnvale@equitable.com","good","ok","no","no"
"kory@smpltax.com","good","ok","no","no"
"kp@bioproductionsystems.com","good","ok","no","no"
"kpost@runwayroofing.com","risky","catch_all","no","no"
"kpowell@austindivorceplanners.com","good","ok","no","no"
"krichert@mcgovernwealth.com","good","ok","no","no"
"kris.wade@maasverde.com","good","ok","no","no"
"kris@taraenolan.com","good","ok","no","no"
"krista@surfacenursery.com","good","ok","no","no"
"kristal@rahtid.ai","good","ok","no","no"
"kristeen.mcconnell@equitable.com","good","ok","no","no"
"kristen.auriemma@equitable.com","good","ok","no","no"
"kristen@lifetimeretirementpartners.com","good","ok","no","no"
"kristen@planningforgood.co","risky","unknown","no","no"
"kristen@sbmanagement.com","good","ok","no","no"
"kristi.delabio@harrowenvironmental.com","good","ok","no","no"
"kristi.jeffers@alloyrisk.com","good","ok","no","no"
"kristie.skluzacek@tierraencantada.com","good","ok","no","no"
"kristina@epicmarket.com","good","ok","no","no"
"kristine.blind@london.k12.oh.us","good","ok","no","no"
"kristofer.sztein@comericafinancialadvisors.com","good","ok","no","no"
"kroehrich@wealthenhancement.com","good","ok","no","no"
"krosnickil@charemisd.org","good","ok","no","no"
"kruoff@ruoffcpa.com","good","ok","no","no"
"kryan@eacmsi.org","good","ok","no","no"
"krystal@ladco.net","good","ok","no","no"
"ksachs@sagaspiritsgroup.com","good","ok","no","no"
"kskvarla@beckerwealth.com","good","ok","no","no"
"ksmith@thelearninglamp.org","good","ok","no","no"
"kthomas@pavedwealth.com","good","ok","no","no"
"ktumolo@tumolofinancial.com","good","ok","no","no"
"kurjiaka@seamaxcapital.com","good","ok","no","no"
"kurt.voldeng@commerceadvisorsllc.com","good","ok","no","no"
"kurtis.bell@ampf.com","good","ok","no","no"
"kurtis.louie@equitable.com","good","ok","no","no"
"kvforbes@wsfcs.k12.nc.us","good","ok","no","no"
"kwalmsley@kippneworleans.org","good","ok","no","no"
"kwentland@avhinvest.com","good","ok","no","no"
"kwilliams@aehchc.org","good","ok","no","no"
"kwong@prosperitasfin.com","good","ok","no","no"
"kwooldridge@hugheslumber.net","good","ok","no","no"
"kyle.bush@krentzgroup.com","good","ok","no","no"
"kyle.carney@equitable.com","good","ok","no","no"
"kyle.duffer@cornerstoneadvice.com","good","ok","no","no"
"kyle.j.whitten@ampf.com","good","ok","no","no"
"kyle.kiffer@nordoniaschools.org","good","ok","no","no"
"kyle.nielsen@mcsgo.com","good","ok","no","no"
"kyle.rutledge@equitable.com","good","ok","no","no"
"kyle.snipes@equitable.com","good","ok","no","no"
"kyle.virden@equitable.com","good","ok","no","no"
"kyle.vito@pnc.com","good","ok","no","no"
"kyle@agorawealthmanagement.com","good","ok","no","no"
"kyle@chilmarkwealth.com","good","ok","no","no"
"kyle@holisticplanning.com","good","ok","no","no"
"kyle@telosws.com","good","ok","no","no"
"kyle@whiteoakdigitalmedia.com","bad","invalid","no","no"
"kylec@pswgrp.com","good","ok","no","no"
"kyleigh.bowman@equitable.com","good","ok","no","no"
"kyoung@vms.edu","good","ok","no","no"
"kyoungjin@glovisusa.com","risky","catch_all","no","no"
"kyra.hershkowitz@equitable.com","good","ok","no","no"
"kyra.irani@equitable.com","good","ok","no","no"
"l@dicksbakery.net","bad","invalid","no","no"
"lahall@lenoir.k12.nc.us","good","ok","no","no"
"lal@kalduwagerealty.com","good","ok","no","no"
"lance.pieper@concentrumwealth.com","risky","catch_all","no","no"
"lance.sublett@equitable.com","good","ok","no","no"
"lance@kaikoagallery.com","good","ok","no","no"
"lance@serovita.com","good","ok","no","no"
"lanceopp@oppfinancial.com","good","ok","no","no"
"landon@evergreenfinancialpartners.net","good","ok","no","no"
"landon@planwithprosper.com","good","ok","no","no"
"lane@ablefinancialgroup.com","good","ok","no","no"
"lanie.phillips@ampf.com","good","ok","no","no"
"larkin@larkinrealty.net","good","ok","no","no"
"laronda@bluemesarealty.com","bad","invalid","no","no"
"larry.jackson@sccpss.com","good","ok","no","no"
"larry@4focusllc.com","good","ok","no","no"
"larry@flagshipfinancial.org","risky","catch_all","no","no"
"larry@lp-fin.com","good","ok","no","no"
"lars.vaaler@stratatech.com","good","ok","no","no"
"larson@rothmaninvest.com","good","ok","no","no"
"laura.adame@catholicfinanciallife.org","good","ok","no","no"
"laura.pittman2@ampf.com","good","ok","no","no"
"laura.taylor@paducahbarge.com","good","ok","no","no"
"laura.wolfrom@equitable.com","good","ok","no","no"
"laura@dcpwealth.com","good","ok","no","no"
"laura@gardensoflafayette.com","bad","invalid","no","no"
"laura@leeplotkin.com","good","ok","no","no"
"laura@trueabundanceadvisors.com","risky","catch_all","no","no"
"laurah@resourcefinancial.com","good","ok","no","no"
"laurel@ablefinancialgroup.com","good","ok","no","no"
"lauren.epperly@equitable.com","good","ok","no","no"
"lauren.heyen@pandikc.com","good","ok","no","no"
"lauren.kaminski@skvgrp.net","good","ok","no","no"
"lauren.williams@raymondjames.com","good","ok","no","no"
"lauren@interwealthmanagement.com","good","ok","no","no"
"lbarclay@griffinbev.com","good","ok","no","no"
"lbayko@kalaristx.com","good","ok","no","no"
"lbeall@hummingbirdwealth.com","good","ok","no","no"
"lbobb@pathwayschool.org","good","ok","no","no"
"lbuchko@gjsd.net","good","ok","no","no"
"lchanley@thefalconfinancialgroup.com","good","ok","no","no"
"lcrowder@edvistas.com","good","ok","no","no"
"ldieguez@myemeraldfinancial.com","good","ok","no","no"
"ldietz@1547funds.com","good","ok","no","no"
"leach.brady@principal.com","good","ok","no","no"
"leah.price@thetrancogroup.com","good","ok","no","no"
"leah@apcm.net","good","ok","no","no"
"leah@lnmfinancial.com","good","ok","no","no"
"leah@sunuwellness.com","good","ok","no","no"
"leann.gingras-lancour@nm.com","good","ok","no","no"
"lee.shanklin@raymondjames.com","good","ok","no","no"
"lee@hisbizllc.com","good","ok","no","no"
"lee@keystonecpg.com","good","ok","no","no"
"leeann@chemcore.com","risky","catch_all","no","no"
"leecourtright@goldsandsfin.com","good","ok","no","no"
"leibolna@ucmail.uc.edu","good","ok","no","no"
"leo@meritumwealth.com","good","ok","no","no"
"leon@greenresidential.com","good","ok","no","no"
"leonard.allegretti@nm.com","good","ok","no","no"
"leonard.magro@sylux.com","good","ok","no","no"
"leonel@interdevco.us","risky","unknown","no","no"
"les.dickert@equitable.com","good","ok","no","no"
"leslie.dunn@polarisfs.com","good","ok","no","no"
"leslie.garner@rupert.id.us","bad","invalid","no","no"
"leslie@blackouttransport.com","risky","unknown","no","no"
"leslie@letafinancial.com","good","ok","no","no"
"leslie@sombrasecstrategies.com","good","ok","no","no"
"lesliej@wcs.edu","good","ok","no","no"
"lev@echelonfuture.co","good","ok","no","no"
"lflanigan@smhscs.org","good","ok","no","no"
"lgallagher@pathwayschool.org","good","ok","no","no"
"lgoodwin@cfoshield.com","good","ok","no","no"
"lhinton@volarewealth.com","good","ok","no","no"
"lhoffman@bayesinc.com","good","ok","no","no"
"liam.mcbride@equitable.com","good","ok","no","no"
"liam.stirtzinger@nm.com","good","ok","no","no"
"liam@doerschlerandassociates.com","good","ok","no","no"
"liam@econologics.com","good","ok","no","no"
"liam@hatchwing.com","risky","catch_all","no","no"
"liana@clelan.com","good","ok","no","no"
"liang.liu@landesolutions.com","good","ok","no","no"
"lily@diversificapital.com","good","ok","no","no"
"lily@labargefinancial.com","good","ok","no","no"
"lilya.kotovych@bankerslife.com","good","ok","no","no"
"lincoln.cameron@equitable.com","good","ok","no","no"
"lindsay.carter@wechs.org","good","ok","no","no"
"lindsayl@omegafinancialgroup.com","good","ok","no","no"
"lindsey@jpcannata.com","good","ok","no","no"
"lionel.desrosiers@equitable.com","good","ok","no","no"
"lisa.eilers@ampf.com","good","ok","no","no"
"lisa.yuhnke@equitable.com","good","ok","no","no"
"lisa@ambitioncfo.com","good","ok","no","no"
"lisa@auroramgmt.com","good","ok","no","no"
"lisa@bestohd.com","good","ok","no","no"
"lisa@cvstrategicwealth.com","good","ok","no","no"
"lisa@perlcg.com","risky","catch_all","no","no"
"lisa@premiumeventstaffing.com","good","ok","no","no"
"lisa@safetyandcompliancesvcs.com","good","ok","no","no"
"lisa@therubypostnatal.com","good","ok","no","no"
"lisad@jttr.net","good","ok","no","no"
"liz.klaus@dispenserservices.com","good","ok","no","no"
"lizkingston@tpllp.com","risky","catch_all","no","no"
"ljefcoat@aaaambulance.net","good","ok","no","no"
"lli@kippphiladelphia.org","good","ok","no","no"
"llitchfield@retirementincomesource.com","good","ok","no","no"
"lmadera@clientfirstfs.com","good","ok","no","no"
"lmatsumoto@royalstate.com","good","ok","no","no"
"lmckay@penobscotfa.com","good","ok","no","no"
"lmkoehler@teamambulance.com","good","ok","no","no"
"logan.ben@ampf.com","good","ok","no","no"
"logan.dalton@equitable.com","good","ok","no","no"
"logan.schaefer@lantzteam.com","good","ok","no","no"
"logan.vanwyk@equitable.com","good","ok","no","no"
"logan@gianolafinancial.com","good","ok","no","no"
"logan@streamlinewealth.com","good","ok","no","no"
"logan@stricklerfinancial.com","good","ok","no","no"
"loiny@mmstonedesign.com","good","ok","no","no"
"lolson@edwardsasset.com","good","ok","no","no"
"lolson@softwavetrt.com","good","ok","no","no"
"lon.brockmeier@brockmeierfinancialservices.com","good","ok","no","no"
"loraine@finecountertops.com","good","ok","no","no"
"loren.farinelli@nm.com","good","ok","no","no"
"lori.hickman@evonik.com","good","ok","no","no"
"lori.taylor@behavioralhealth.org","good","ok","no","no"
"lorri@nationaldoor.net","good","ok","no","no"
"lottoni@boltonglobal.com","good","ok","no","no"
"lou@advancedrecyclingtechnologies.com","good","ok","no","no"
"louis.litwin@equitable.com","good","ok","no","no"
"louis_perino@glic.com","good","ok","no","no"
"lourdeso@fords-experience.com","good","ok","no","no"
"loyedjt@bay.k12.fl.us","good","ok","no","no"
"lpicillo@spinam.com","good","ok","no","no"
"lpowell@agape-inc.com","good","ok","no","no"
"lreinke@cfsboise.com","good","ok","no","no"
"lrizkallah@contewealth.com","good","ok","no","no"
"lsamuels@iaac.com","good","ok","no","no"
"lsanchez@hersheystatebank.com","good","ok","no","no"
"lsimonson@triwestgroup.net","good","ok","no","no"
"lsmith@sageguardfinancial.com","good","ok","no","no"
"lsmithcsf@catholic-schools.org","good","ok","no","no"
"lstarner@retirementincomesource.com","good","ok","no","no"
"lstreitfeld@rubgold.com","good","ok","no","no"
"lsu@inomagen.com","good","ok","no","no"
"ltomaszewski@stvm.com","good","ok","no","no"
"ltubesing@moeller.org","good","ok","no","no"
"lucas.hatridge@edge-wm.com","good","ok","no","no"
"lucas.yankloski@equitable.com","good","ok","no","no"
"lucasf@resourcefinancial.com","good","ok","no","no"
"lucy.niskanen@equitable.com","good","ok","no","no"
"luis@balzerpainting.com","good","ok","no","no"
"lukas.noll@forsythefindley.com","good","ok","no","no"
"lukas@lvtplanners.com","good","ok","no","no"
"luke.boyd@equitable.com","good","ok","no","no"
"luke.debenedetto@bluestemwealthpartners.com","good","ok","no","no"
"luke.genewick@equitable.com","good","ok","no","no"
"luke.loring@equitable.com","good","ok","no","no"
"luke.nuetzel@seventy2capital.com","good","ok","no","no"
"luke.papaelias@tanagerwealth.com","risky","catch_all","no","no"
"luke@lcgnwa.com","good","ok","no","no"
"luke@ljiwm.com","good","ok","no","no"
"lulu@rwealthadvisors.com","good","ok","no","no"
"luz.marin@munaysourcing.com","good","ok","no","no"
"lwaddle@cablelynx.com","risky","unknown","no","no"
"lwidman@ccsd-k12.net","bad","invalid","no","no"
"lyndsey@precisionwealthstrategies.com","good","ok","no","no"
"lynn.hodgson@ralegh.co.uk","good","ok","no","no"
"lynne.cross@gardenswm.com","good","ok","no","no"
"lynnm@vccnaples.com","good","ok","no","no"
"m.platzer@jamesbeard.org","bad","invalid","no","no"
"mack.harris@equitable.com","good","ok","no","no"
"madeleine.jones@feedco.co.uk","good","ok","no","no"
"madeline@fortawealth.com","good","ok","no","no"
"madison.doughty@ampf.com","good","ok","no","no"
"madison.weschler@equitable.com","good","ok","no","no"
"madison@hscwa.com","good","ok","no","no"
"maintenance@georgiaclean.company","good","ok","no","no"
"malavika@jaininvestment.com","good","ok","no","no"
"malloree.colburn@wellwiseservices.org","good","ok","no","no"
"mallory.green@nm.com","good","ok","no","no"
"mandy@cgs-tx.com","good","ok","no","no"
"manish.gupta@mujin-corp.com","good","ok","no","no"
"manju.rathnam@ajantapharma.com","good","ok","no","no"
"manly.aylor@nm.com","good","ok","no","no"
"manny@northampton.k12.nc.us","good","ok","no","no"
"manuela@decisionbusinesssvcs.com","good","ok","no","no"
"mar.rutllant@tkmus.com","good","ok","no","no"
"marc.foley@equitable.com","good","ok","no","no"
"marc.ingram@southfieldk12.org","good","ok","no","no"
"marc.pennington@nm.com","good","ok","no","no"
"marc.schrade@pnc.com","good","ok","no","no"
"marc.villaflor@cornerstoneadvice.com","good","ok","no","no"
"marc@cornerllc.com","good","ok","no","no"
"marc@stsindiana.com","good","ok","no","no"
"marcagel@albanyadvisor.com","good","ok","no","no"
"marci@iflinc.com","risky","catch_all","no","no"
"marcus-arnold@thesecurepath.com","good","ok","no","no"
"marcus.barlind@skandia.se","good","ok","no","no"
"marcus.rusch@tristatefa.com","good","ok","no","no"
"marcus@avatarnaturalfoods.com","risky","catch_all","no","no"
"marcus@legacyws.com","good","ok","no","no"
"marcuse@fireflyagency.com","good","ok","no","no"
"marcush@marquiswealthgroup.com","good","ok","no","no"
"margina.escobar@orendaeducation.org","good","ok","no","no"
"marguerite.ryan@equitable.com","good","ok","no","no"
"maria@avantiway.com","good","ok","no","no"
"maria@tsipower.com","good","ok","no","no"
"marie@freedompoint.net","good","ok","no","no"
"marina@cafeborrone.com","good","ok","no","no"
"marina@goldenlightmarketingconsulting.com","good","ok","no","no"
"mario.ross@algo-ecosystem.com","good","ok","no","no"
"mario@elsvwm.com","good","ok","no","no"
"mario@valcollisioncenter.com","good","ok","no","no"
"mark.allen@gcicom.net","good","ok","no","no"
"mark.griffin@truist.com","good","ok","no","no"
"mark.idzik@nearsideadvisors.com","good","ok","no","no"
"mark.mathers@washoeschools.net","good","ok","no","no"
"mark.mccutcheon@nm.com","good","ok","no","no"
"mark.nicolosi@equitable.com","good","ok","no","no"
"mark.smith@legacyca.com","good","ok","no","no"
"mark.taylor@starktruss.com","good","ok","no","no"
"mark.thorn@hshs.org","good","ok","no","no"
"mark.vandzura@equitable.com","good","ok","no","no"
"mark@afdsolutions.net","good","ok","no","no"
"mark@awc2.com","risky","catch_all","no","no"
"mark@balesfinancialgroup.com","good","ok","no","no"
"mark@cultivatecfo.com","good","ok","no","no"
"mark@escapevelocityfinancial.com","good","ok","no","no"
"mark@horizonsplanning.com","good","ok","no","no"
"mark@hulbertfinancialgroup.com","good","ok","no","no"
"mark@pri-llc.com","risky","unknown","no","no"
"mark@sagefinancialtrust.com","good","ok","no","no"
"mark@siwealthmanagement.com","good","ok","no","no"
"markd@ccookschool.org","good","ok","no","no"
"marla@hamiltonsteelandconcrete.com","bad","invalid","no","no"
"marsha@treecareinc.biz","good","ok","no","no"
"marshalln@westerville.k12.oh.us","good","ok","no","no"
"marthurs@capstonefinancial.net","good","ok","no","no"
"martin.x.mcfarling@ampf.com","good","ok","no","no"
"marvins@triadreno.com","good","ok","no","no"
"mary.kerrigan@equitable.com","good","ok","no","no"
"mary@gn-fg.com","good","ok","no","no"
"maryann@btwi.net","good","ok","no","no"
"maryjo@ycsglobal.com","good","ok","no","no"
"maryl@accinc.biz","good","ok","no","no"
"maryna.filanchuk@aventusgroup.com","good","ok","no","no"
"mason.fabricant@equitable.com","good","ok","no","no"
"mason@altuswealthmgt.com","good","ok","no","no"
"mason@pro1electric.com","good","ok","no","no"
"mateo.enferri@equitable.com","good","ok","no","no"
"matias@shorta.com","good","ok","no","no"
"matt.bates@newglobe.education","good","ok","no","no"
"matt.derian@nm.com","good","ok","no","no"
"matt@3dwealthadvisors.com","good","ok","no","no"
"matt@ablefinancialgroup.com","good","ok","no","no"
"matt@advicepoint.com","good","ok","no","no"
"matt@aimwealth.com","bad","invalid","no","no"
"matt@bernardowp.com","good","ok","no","no"
"matt@dallasopportunity.com","risky","catch_all","no","no"
"matt@eldridgeconcrete.com","risky","catch_all","no","no"
"matt@gofsg.com","good","ok","no","no"
"matt@macielwealthmanagement.com","good","ok","no","no"
"matt@maustininvestments.com","bad","invalid","no","no"
"matt@nawrockiwealth.com","good","ok","no","no"
"matt@spectrumfpg.com","good","ok","no","no"
"matt@todays-benefits.com","good","ok","no","no"
"mattd@rwpaul.com","bad","invalid","no","no"
"mattg@choosebalance.com","good","ok","no","no"
"matthew.block@natixis.com","good","ok","no","no"
"matthew.brigham@equitable.com","good","ok","no","no"
"matthew.brown@raymondjames.com","good","ok","no","no"
"matthew.carver@equitable.com","good","ok","no","no"
"matthew.clifford@raymondjames.com","good","ok","no","no"
"matthew.coffey@allwealth.com","good","ok","no","no"
"matthew.cooper@equitable.com","good","ok","no","no"
"matthew.crooks@ceterainvestors.com","good","ok","no","no"
"matthew.davis@equitable.com","good","ok","no","no"
"matthew.disimone@equitable.com","good","ok","no","no"
"matthew.dowdy@nm.com","good","ok","no","no"
"matthew.fortenberry@equitable.com","good","ok","no","no"
"matthew.foster@equitable.com","good","ok","no","no"
"matthew.jung@equitable.com","good","ok","no","no"
"matthew.knight@ceterainvestors.com","good","ok","no","no"
"matthew.kooperman@equitable.com","good","ok","no","no"
"matthew.mcdonough@equitable.com","good","ok","no","no"
"matthew.middleton@360wmp.com","good","ok","no","no"
"matthew.omalley@equitable.com","good","ok","no","no"
"matthew.packard@raymondjames.com","good","ok","no","no"
"matthew.sandstrom@equitable.com","good","ok","no","no"
"matthew.sherman@equitable.com","good","ok","no","no"
"matthew.sikoryak@nm.com","good","ok","no","no"
"matthew.smith2@equitable.com","good","ok","no","no"
"matthew.stanek@equitable.com","good","ok","no","no"
"matthew.tarby@equitable.com","good","ok","no","no"
"matthew.trauber@metalliuminc.com","good","ok","no","no"
"matthew.tyburski@solstice.com","good","ok","no","no"
"matthew.vanderlaan@horien.com","good","ok","no","no"
"matthew@bondwasher.com","good","ok","no","no"
"matthew@cimadvisors.com","good","ok","no","no"
"matthew@dworetskyfinancial.com","good","ok","no","no"
"matthew@evermont.com","good","ok","no","no"
"matthew@galperti-am.com","good","ok","no","no"
"matthew@laudadiowmg.com","bad","invalid","no","no"
"matthew@putmanfinancialgroup.com","good","ok","no","no"
"mattsmith@opusfinsolutions.com","risky","catch_all","no","no"
"mauricio@qualityfinancialplans.com","risky","catch_all","no","no"
"max.elghandour@aoicfoc.org","good","ok","no","no"
"max.recknagel@nm.com","good","ok","no","no"
"max.shaffer@equitable.com","good","ok","no","no"
"max@giffordfinancial.com","good","ok","no","no"
"max@icernyc.com","good","ok","no","no"
"max@orsingergroup.com","good","ok","no","no"
"maximilian.kendall@equitable.com","good","ok","no","no"
"maximillian.fevola@equitable.com","bad","invalid","no","no"
"maxx.mitchell@equitable.com","good","ok","no","no"
"maxx.vanvorce@equitable.com","good","ok","no","no"
"mbajus@beavercreekindustries.com","good","ok","no","no"
"mbastien@axiswp.com","good","ok","no","no"
"mbeal@cfsboise.com","risky","unknown","no","no"
"mbearth@boxfinancialadvisors.com","good","ok","no","no"
"mbeecher@wickhamservices.com","good","ok","no","no"
"mbenitez@innovadvisors.com","good","ok","no","no"
"mberreitter@blt-enterprises.com","good","ok","no","no"
"mbetley@deltamortgageservices.com","good","ok","no","no"
"mbiersmith@elysiancap.com","bad","invalid","no","no"
"mblack@jbafinancial.com","good","ok","no","no"
"mblackard@hntlgh.com","good","ok","no","no"
"mbodenstab@rand-co.com","risky","catch_all","no","no"
"mbparrigon@freemanhealth.com","risky","catch_all","no","no"
"mcandito@three17.net","good","ok","no","no"
"mcaraglia@guyton-forge.com","good","ok","no","no"
"mcarr@mphschool.org","good","ok","no","no"
"mcascone@switchyards.com","good","ok","no","no"
"mcayce@catalystwealthmanagement.com","good","ok","no","no"
"mccabe@shepherdwa.com","good","ok","no","no"
"mcenteno@kearnybank.com","risky","catch_all","no","no"
"mcirelli@saifinancial.com","good","ok","no","no"
"mckay@hobblecreekwealth.com","good","ok","no","no"
"mcoble@odysseyfg.com","good","ok","no","no"
"mconnell@dadc.org","good","ok","no","no"
"mconroy@michaelfconroy.com","good","ok","no","no"
"mcorrado@kafadvisors.com","good","ok","no","no"
"mdavis@hevitransport.com","good","ok","no","no"
"mdearing@elmbrookassoc.com","good","ok","no","no"
"mderocher@suebeehoney.com","good","ok","no","no"
"mdiaz@peteralexanderinc.com","risky","unknown","no","no"
"mdiruzza@sirakfinancial.com","good","ok","no","no"
"mdoyle@livictus.com","good","ok","no","no"
"megan.mosholder@ampf.com","good","ok","no","no"
"megan.rodriguez@ceterainvestors.com","good","ok","no","no"
"megan@omegafinancialplan.com","risky","catch_all","no","no"
"meghan.bagwell@signatureimagewear.com","good","ok","no","no"
"meghan.klemm@regalrexnord.com","risky","unknown","no","no"
"meghanb@fpnavigators.com","good","ok","no","no"
"mehdi@grayeli.com","good","ok","no","no"
"mehlenbeck@corewealth.com","good","ok","no","no"
"meklund@financialsymmetry.com","good","ok","no","no"
"mekus@opsb.net","good","ok","no","no"
"mel@blackmountainapparel.com","good","ok","no","no"
"melissa.antovski@versigent.com","good","ok","no","no"
"melissa.morgan@naisigns.com","good","ok","no","no"
"melissa.pikul@ceterainvestors.com","good","ok","no","no"
"melissa.yeich@ct.gov","good","ok","no","no"
"melissa@fineinkstudios.com","risky","catch_all","no","no"
"mellissa@sdg-usa.com","good","ok","no","no"
"melody@daltonfluidpower.com","risky","unknown","no","no"
"menpode@mentalpowerdevelopment.com","good","ok","no","no"
"meredith.langus@premiercapmg.com","good","ok","no","no"
"meredith@dwassetmgmt.com","good","ok","no","no"
"merl.brandon@saisd.org","good","ok","no","no"
"mfalco@falcowealth.com","good","ok","no","no"
"mfaley@rtamechanical.com","good","ok","no","no"
"mfasano@mutuallyfocused.com","risky","unknown","no","no"
"mflanagan@flanaganfinancialservices.net","good","ok","no","no"
"mfricker@yourledadvisors.com","good","ok","no","no"
"mfuller@elitefocusaccounting.com","good","ok","no","no"
"mgardner@kwflooring.com","good","ok","no","no"
"mgardner@protoolservices.com","good","ok","no","no"
"mginder@lifeguidefa.com","good","ok","no","no"
"mgm@bwealthics.com","good","ok","no","no"
"mgoldman@bloombergindustry.com","good","ok","no","no"
"mgould@boldschools.org","good","ok","no","no"
"mgraham@lasallest.com","good","ok","no","no"
"mgrbovic@agrothrive.com","risky","catch_all","no","no"
"mgruber@fasbank.com","good","ok","no","no"
"mhaeffner@moneyconcepts.com","good","ok","no","no"
"mhale@navfin.com","good","ok","no","no"
"mhamby@jeepcu.com","good","ok","no","no"
"mhandelsman@craigbergmann.com","good","ok","no","no"
"mharrington@necare.org","good","ok","no","no"
"mhatten@meakemgroup.com","bad","invalid","no","no"
"mhecht@cnei.edu","good","ok","no","no"
"mheeter@synwealth.com","good","ok","no","no"
"mheinz@centura-advisors.com","good","ok","no","no"
"mhines@glowgfs.com","good","ok","no","no"
"mholly@hardingfinancialgroup.com","good","ok","no","no"
"mholtz@tobermanbecker.com","good","ok","no","no"
"miaguir1@episd.org","good","ok","no","no"
"micah.bowers@ampf.com","good","ok","no","no"
"micah.deschepper@flo-gp.com","good","ok","no","no"
"michael.akridge@laborresourcesllc.com","good","ok","no","no"
"michael.batas@ampf.com","good","ok","no","no"
"michael.belfiore@equitable.com","good","ok","no","no"
"michael.bush@equitable.com","good","ok","no","no"
"michael.cardali@equitable.com","good","ok","no","no"
"michael.cascarano@equitable.com","good","ok","no","no"
"michael.cassidy@equitable.com","good","ok","no","no"
"michael.connell@ceterainvestors.com","risky","unknown","no","no"
"michael.dirocco@equitable.com","good","ok","no","no"
"michael.e.greene@pnc.com","good","ok","no","no"
"michael.ferrara@ceteraadvisors.com","risky","unknown","no","no"
"michael.girard@equitable.com","good","ok","no","no"
"michael.girgis@equitable.com","good","ok","no","no"
"michael.hrynuik@safespaceglobal.ai","good","ok","no","no"
"michael.kint@equitable.com","good","ok","no","no"
"michael.langley@equitable.com","good","ok","no","no"
"michael.massa@equitable.com","good","ok","no","no"
"michael.morgan@nm.com","risky","unknown","no","no"
"michael.mosslih@equitable.com","good","ok","no","no"
"michael.mosyuk@equitable.com","good","ok","no","no"
"michael.odzer@equitable.com","good","ok","no","no"
"michael.rankin@uaurgentcare.com","good","ok","no","no"
"michael.reid@southmont.org","good","ok","no","no"
"michael.ring@darkskytechnology.com","good","ok","no","no"
"michael.seese@cfswv.com","good","ok","no","no"
"michael.sharp@regions.com","risky","unknown","no","no"
"michael.starego@equitable.com","good","ok","no","no"
"michael.stolte@pnc.com","good","ok","no","no"
"michael.tancorra@equitable.com","good","ok","no","no"
"michael.tornatore@equitable.com","good","ok","no","no"
"michael.turner@brincspropertydevelopment.com","good","ok","no","no"
"michael.wehrli@lcrwealth.com","good","ok","no","no"
"michael.weiser@ceterawealth.com","good","ok","no","no"
"michael.winter@regions.com","good","ok","no","no"
"michael.zahm@voyafa.com","good","ok","no","no"
"michael@20-20.studio","good","ok","no","no"
"michael@emsanacare.com","good","ok","no","no"
"michael@expertfractionalcfo.com","good","ok","no","no"
"michael@familywealthadvisory.com","good","ok","no","no"
"michael@lrvsadvisory.com","good","ok","no","no"
"michael@outofsystem.net","risky","catch_all","no","no"
"michael@themantastory.com","good","ok","no","no"
"michael@wisefamilywealth.com","good","ok","no","no"
"michael@wisewayadvisors.com","good","ok","no","no"
"michaeljr@andpartners.com","good","ok","no","no"
"michaelk@lakesregional.org","good","ok","no","no"
"michaell@archstonefinancial.net","good","ok","no","no"
"michaelm@pinnacle-llc.com","good","ok","no","no"
"michaelmalone@thefinancialretirementgroup.com","risky","unknown","no","no"
"michaels@tslseed.com","good","ok","no","no"
"michaelwalbridge@friedenagency.com","good","ok","no","no"
"michele.leach@ftpadvisors.com","good","ok","no","no"
"michelle.coffey@seachangefinancialplanning.com","risky","catch_all","no","no"
"michelle.roth@tic.oregon.gov","good","ok","no","no"
"michelle@amseventrentals.com","good","ok","no","no"
"mickie@solutionaccountants.com","good","ok","no","no"
"miguel@pasantennas.com","good","ok","no","no"
"mikal@monatwealth.com","good","ok","no","no"
"mike.azzara@camden.k12.nj.us","bad","invalid","no","no"
"mike.kulesza@raymondjames.com","good","ok","no","no"
"mike.tanner@kinnardfarms.com","good","ok","no","no"
"mike.tuch@nm.com","good","ok","no","no"
"mike.tunke@wealthworksfinancial.com","good","ok","no","no"
"mike.vanhorenbeck@jwcemail.com","good","ok","no","no"
"mike@activatevp.com","good","ok","no","no"
"mike@ancapfinancial.com","good","ok","no","no"
"mike@benefitandfinancial.com","good","ok","no","no"
"mike@dracoulisfinancialgroup.com","good","ok","no","no"
"mike@excellenceindustries.com","good","ok","no","no"
"mike@fmiardmore.com","good","ok","no","no"
"mike@gwcpas.net","good","ok","no","no"
"mike@insightfolios.com","risky","catch_all","no","no"
"mike@marlinfinancialadvisors.com","good","ok","no","no"
"mike@messmercapital.com","good","ok","no","no"
"mike@ocalacapital.com","good","ok","no","no"
"mike@peakwealthabq.com","good","ok","no","no"
"mike@restoremasters.com","good","ok","no","no"
"mike@vortexdidthat.com","risky","catch_all","no","no"
"mikelovell@mdrncapital.com","good","ok","no","no"
"miketoole@pioneerfg.com","good","ok","no","no"
"millermv@ceteranetworks.com","good","ok","no","no"
"milton.lowe@strategicassuranceconsulting.com","risky","catch_all","no","no"
"mina.choe@equitable.com","good","ok","no","no"
"minna@msfwm.com","good","ok","no","no"
"miranda@abcautostar.com","good","ok","no","no"
"mirella.arias-rios@equitable.com","good","ok","no","no"
"misty@carborundum.net","good","ok","no","no"
"mitch@terrafreight.com","good","ok","no","no"
"mitch@touchpointwealthpartners.com","good","ok","no","no"
"mitchell.dickie@bluestemwealthpartners.com","good","ok","no","no"
"mitchell.hurley@ampf.com","good","ok","no","no"
"mitchell.james@equitable.com","good","ok","no","no"
"mitchell.moellenhoff@raymondjames.com","good","ok","no","no"
"mitchell@holisticplanning.com","good","ok","no","no"
"mitchell@waypointfinancialpartners.com","good","ok","no","no"
"mitva.shah@equitable.com","good","ok","no","no"
"miyu.arakaki@daiohsusa.com","good","ok","no","no"
"mjaime@eliteinsulationspecialist.com","risky","catch_all","no","no"
"mjohnson@corenorth.com","good","ok","no","no"
"mjomaa@northamericanbrands.com","good","ok","no","no"
"mlabosky@ctcacademy.org","good","ok","no","no"
"mlandry@tpgbc.com","good","ok","no","no"
"mmaulding@bridgewellbm.com","good","ok","no","no"
"mmaxwell@connectingtogreatness.org","risky","catch_all","no","no"
"mmayfield@pfaretire.com","good","ok","no","no"
"mmaze2@bloomberg.net","good","ok","no","no"
"mmcgraw@btg-tv.com","risky","unknown","no","no"
"mmilas@premierpfa.com","good","ok","no","no"
"mmoffa@myrex.com","good","ok","no","no"
"mmooney@ascendadvisory.com","good","ok","no","no"
"mmorgovsky@diamondpointwealthpartners.com","good","ok","no","no"
"mmorris@cpgcares.net","risky","catch_all","no","no"
"mmortillaro@cornerstonefsg.com","bad","invalid","no","no"
"mnavarro@mhg.bz","good","ok","no","no"
"mnorris@wentzfinancialgroup.com","good","ok","no","no"
"mnoskowiak@retirementincomesource.com","good","ok","no","no"
"mobrien@ffremail.com","good","ok","no","no"
"molly.johnson@raymondjames.com","good","ok","no","no"
"molly.staffordsmith@equitable.com","good","ok","no","no"
"molly@delucafinancialservices.com","risky","catch_all","no","no"
"molly@gemwealthplanninggroup.com","good","ok","no","no"
"mollye.treadway@lakeoconeeacademy.org","good","ok","no","no"
"moneill@tetoncountyfire.org","good","ok","no","no"
"monicab@baalmannco.com","good","ok","no","no"
"monti@aisvny.com","risky","catch_all","no","no"
"moorem@acsd3.org","good","ok","no","no"
"morgan.feliz@equitable.com","good","ok","no","no"
"morgan.tanski@equitable.com","good","ok","no","no"
"morgan.whalen@mtcsbusinessfinance.com","good","ok","no","no"
"morgan@analogcg.com","good","ok","no","no"
"morgan@phocusfinancial.com","good","ok","no","no"
"mpanisak@maximuspartnersllc.com","good","ok","no","no"
"mpayne@cypressfc.com","risky","catch_all","no","no"
"mperry@quincedenver.com","good","ok","no","no"
"mpiatt@wicometal.com","risky","catch_all","no","no"
"mpotocsny@iaac.com","good","ok","no","no"
"mrahman@amanaacademy.org","good","ok","no","no"
"mreardon@guildofstagnes.org","good","ok","no","no"
"mreed@nardisadvisors.com","good","ok","no","no"
"mricci@firstam.com","good","ok","no","no"
"mroberts@junenerifinancial.com","good","ok","no","no"
"mrufin@lynxadvisory.com","good","ok","no","no"
"ms@cornellpochily.com","good","ok","no","no"
"mscarff@dnbend.com","risky","catch_all","no","no"
"mschmit@chicagowmg.com","good","ok","no","no"
"mschneider@dartcor.com","good","ok","no","no"
"mschultze@heritagefin.net","good","ok","no","no"
"mschwentner@1847financial.com","good","ok","no","no"
"mscott@wealthplanners.com","good","ok","no","no"
"msiegel@bridgeportedu.net","good","ok","no","no"
"mstabile@octorara.org","good","ok","no","no"
"mstill@phoenixcontact.com","bad","invalid","no","no"
"mstockberger@nbce.org","good","ok","no","no"
"mstrunk@perryhotelnaples.com","good","ok","no","no"
"msutton@eolahillswinery.com","good","ok","no","no"
"mswicegood@taprootcap.com","good","ok","no","no"
"murbanski@healyfinancial.net","good","ok","no","no"
"mvida@infinexgroup.com","good","ok","no","no"
"mwaters@infinexgroup.com","good","ok","no","no"
"mweber@careyevs.org","good","ok","no","no"
"mwhite@cap-mgt.com","good","ok","no","no"
"myoon@uk.hcs.com","good","ok","no","no"
"myriam.rios@triumphpublicschools.org","good","ok","no","no"
"mzavaleta@emgpro.net","good","ok","no","no"
"nadia.karaba@equitable.com","good","ok","no","no"
"nadia@hubspeanuts.com","good","ok","no","no"
"nadia@rivierawm.com","good","ok","no","no"
"nallred@encompassmore.com","good","ok","no","no"
"nan.nolder@mvesc.org","good","ok","no","no"
"nancydegenhardt@propelschools.org","good","ok","no","no"
"natalie.gecewicz@equitable.com","good","ok","no","no"
"natalie.harris@equitable.com","good","ok","no","no"
"natalie.rosenthal@equitable.com","good","ok","no","no"
"nate.gardner@primepersonalfinance.com","good","ok","no","no"
"nathan.hamilton@equitable.com","good","ok","no","no"
"nathan.mcnulty@meritrustwm.com","good","ok","no","no"
"nathan.novotny@regions.com","good","ok","no","no"
"nathan.oujezdsky@skychefs.com","good","ok","no","no"
"nathan.phang@equitable.com","good","ok","no","no"
"nathan.schumacher@pnc.com","good","ok","no","no"
"nathan@ardentpreschool.com","good","ok","no","no"
"nathan@proxy-freedom.com","good","ok","no","no"
"nathan@pw-wm.com","good","ok","no","no"
"nathan@watermark-ag.com","good","ok","no","no"
"nathaniel.powers@regions.com","good","ok","no","no"
"nathaniel@romarwealth.com","good","ok","no","no"
"nbonilla@greenwillgroup.com","good","ok","no","no"
"nbreslove@circlemotorgroup.com","good","ok","no","no"
"ncunningham@eacs.k12.in.us","good","ok","no","no"
"ndavidson@integratedplanners.com","good","ok","no","no"
"nebeyuh.tesfaye@equitable.com","good","ok","no","no"
"neda@innovativeit.solutions","risky","unknown","no","no"
"neda@kananiadvisorygroup.com","risky","catch_all","no","no"
"neill.hatcher@franklinwm.com","good","ok","no","no"
"nelly@rent2owntrailers.com","good","ok","no","no"
"nelson@monarch-wmg.com","risky","unknown","no","no"
"nely@enewarehousing.com","good","ok","no","no"
"nevres@rushtranslogistics.com","good","ok","no","no"
"nfulkman@mfa-wealth.com","good","ok","no","no"
"nhassani@riberasalud.es","good","ok","no","no"
"nicholas.diolosa@equitable.com","good","ok","no","no"
"nicholas.godfrey@aspenridgewm.com","good","ok","no","no"
"nicholas.guccia@regions.com","good","ok","no","no"
"nicholas.karl@equitable.com","good","ok","no","no"
"nicholas.lewis@carrier.com","good","ok","no","no"
"nicholas.lombardi@ampf.com","good","ok","no","no"
"nicholas.plavchak@equitable.com","good","ok","no","no"
"nicholas.quinn@equitable.com","good","ok","no","no"
"nicholas.robinson@equitable.com","good","ok","no","no"
"nicholas.zahos@equitable.com","good","ok","no","no"
"nicholas@voyagergroupltd.com","good","ok","no","no"
"nichole.murry@glades-schools.org","good","ok","no","no"
"nick.barringer@alphafa.com","good","ok","no","no"
"nick.chester@tristatefa.com","good","ok","no","no"
"nick.petronelli@ceterawealth.com","risky","unknown","no","no"
"nick.roth@raymondjames.com","good","ok","no","no"
"nick.scarimbolo@equitable.com","good","ok","no","no"
"nick.shoulta@beaconcm.com","good","ok","no","no"
"nick.simonian@concentrumwealth.com","risky","catch_all","no","no"
"nick.yaw@centricfinancialgroup.com","good","ok","no","no"
"nick@anny.biz","risky","catch_all","no","no"
"nick@blackoakam.com","good","ok","no","no"
"nick@bluestemfa.com","good","ok","no","no"
"nick@costonshea.com","good","ok","no","no"
"nick@lighthouseadvisors.biz","risky","unknown","no","no"
"nick@prestigeadvisors360.com","risky","catch_all","no","no"
"nick@ramerretirement.com","good","ok","no","no"
"nick@spectrumadvisors.net","good","ok","no","no"
"nick@srgfinancialadvisors.com","good","ok","no","no"
"nickiaaker@nvnursesfoundation.org","good","ok","no","no"
"nickm@afcadvisory.com","good","ok","no","no"
"nico.megaludis@nm.com","good","ok","no","no"
"nicolas.curtis@ampf.com","good","ok","no","no"
"nicolas.hallett@georgiafa.com","good","ok","no","no"
"nicolas.perez@equitable.com","good","ok","no","no"
"nicole.floyd@equitable.com","good","ok","no","no"
"nicole.jalbert@td.com","risky","catch_all","no","no"
"nicole@covingtonalsina.com","good","ok","no","no"
"nicole@finadvinc.com","good","ok","no","no"
"niel.bhatt@fticonsulting.com","good","ok","no","no"
"nik@momentouswealth.com","good","ok","no","no"
"nikki.stephens@daytonisd.net","good","ok","no","no"
"nina.duffie@nwhospital.org","risky","unknown","no","no"
"nir.ben-david@keter.com","good","ok","no","no"
"niteen.nevrekar@nm.com","good","ok","no","no"
"nitin.behl@culligan.com","good","ok","no","no"
"njimenez@texastextile.com","good","ok","no","no"
"njohnson@elmbrookassoc.com","good","ok","no","no"
"nkersbergen@emhcharter.org","good","ok","no","no"
"nkumar464@bloomberg.net","good","ok","no","no"
"nlakhani@telemus.com","good","ok","no","no"
"nleboeuf@askmortgagepros.com","good","ok","no","no"
"nliskey@healyfinancial.net","risky","unknown","no","no"
"nmanigault@ehtp.org","good","ok","no","no"
"nmclaughlin@hartvilleoutdoorgroup.com","risky","catch_all","no","no"
"noah.bergey@equitable.com","good","ok","no","no"
"noah.carstens@vyperintelligence.net","good","ok","no","no"
"noah.chaberek@equitable.com","good","ok","no","no"
"noah.hoekstra@vanderpolinvestments.com","good","ok","no","no"
"noah.puggarana@equitable.com","good","ok","no","no"
"noah@demlandwealth.com","good","ok","no","no"
"noah@hudnallwealth.com","good","ok","no","no"
"noah@nitriamdesign.com","good","ok","no","no"
"noah@scewealth.com","good","ok","no","no"
"noel.billingsley@affinitmsp.com","good","ok","no","no"
"nolan.cooke@tristatefa.com","good","ok","no","no"
"nolan@wagenerlee.com","good","ok","no","no"
"nora.munozizquierdo@bbva.com","good","ok","no","no"
"norma.aguilar-sosa@jkjworkforce.com","good","ok","no","no"
"npaterniti@journey-wealth.com","bad","invalid","no","no"
"npearce@casscityschools.org","good","ok","no","no"
"npine@briaud.com","good","ok","no","no"
"nraught@3ctruewealth.com","good","ok","no","no"
"nredmond@fordfg.com","good","ok","no","no"
"nseneff@baschools.org","good","ok","no","no"
"nshortridge@amptesting.com","good","ok","no","no"
"ntm@oliverwealth.com","good","ok","no","no"
"o.dominguez@profectusbc.com","good","ok","no","no"
"o.sebastian@legacypwp.com","good","ok","no","no"
"o@eqwm.com","good","ok","no","no"
"olivia@aosaccounting.com","risky","catch_all","no","no"
"oluykenaar@integrityprofessionals.com","good","ok","no","no"
"osni@wealthsq.com","risky","unknown","no","no"
"oua.xiong@thrivent.com","good","ok","no","no"
"owen.heimsoth@fticonsulting.com","good","ok","no","no"
"owen.jefferson@equitable.com","good","ok","no","no"
"owen.king@equitable.com","good","ok","no","no"
"owen.lawn@equitable.com","good","ok","no","no"
"owen@abracadabra.plus","good","ok","no","no"
"owsley.j@strattonauto-group.com","risky","catch_all","no","no"
"p.razzo@whitetoque.com","good","ok","no","no"
"pablo_penaherrera@ajg.com","good","ok","no","no"
"paige@touchpointwealthpartners.com","good","ok","no","no"
"paige@weekesales.com","good","ok","no","no"
"pam@briofg.com","good","ok","no","no"
"pam@burdoc.com","good","ok","no","no"
"pam@redferndynamics.com","good","ok","no","no"
"pamela.koniszewski@equitable.com","good","ok","no","no"
"pamela@jacksonsams.com","good","ok","no","no"
"pamelahemphill@greensboroday.org","good","ok","no","no"
"paolo@baumanwealth.com","good","ok","no","no"
"parit@rwrinvestments.com","good","ok","no","no"
"parker.morris@equitable.com","good","ok","no","no"
"parker.wichelmann@equitable.com","good","ok","no","no"
"parker@silveroak.net","good","ok","no","no"
"parker@warcap.com","good","ok","no","no"
"pat@guidewp.com","good","ok","no","no"
"pat@pillsburyassociates.com","good","ok","no","no"
"patrice@pdbookkeeping.com","good","ok","no","no"
"patricia.chavez@volvo.com","good","ok","no","no"
"patricia.roberto@rmdkwikform.com","bad","invalid","no","no"
"patrick.ford@equitable.com","good","ok","no","no"
"patrick.gill@equitable.com","good","ok","no","no"
"patrick.marlatt@equitable.com","good","ok","no","no"
"patrick.mattes@equitable.com","good","ok","no","no"
"patrick@aboundwealth.com","good","ok","no","no"
"patrick@eversealcoatings.com","good","ok","no","no"
"patrick@fundamentaladvice.com","good","ok","no","no"
"patrick@hendersonhuttergroup.com","risky","unknown","no","no"
"patrick@keepwhatyouearn.com","good","ok","no","no"
"patrick@seamountfinancial.com","good","ok","no","no"
"patrick@sound-partners.com","good","ok","no","no"
"patrick@vptfinancial.com","good","ok","no","no"
"patrickr@rpwealthadvisors.com","good","ok","no","no"
"patty@harolddance.com","good","ok","no","no"
"paty@conzeptos.com","good","ok","no","no"
"paul.d.moulton@ml.com","good","ok","no","no"
"paul.lexner@equitable.com","good","ok","no","no"
"paul.mathews@dukece.com","good","ok","no","no"
"paul.molina@premier-healthgroup.com","good","ok","no","no"
"paul.sacks@abtc.com","good","ok","no","no"
"paul.wielage@nm.com","good","ok","no","no"
"paul@holisticplanning.com","good","ok","no","no"
"paul_matheson@ajg.com","good","ok","no","no"
"paula.lee@jax.ufl.edu","risky","unknown","no","no"
"paula@a1acrylics.com","risky","unknown","no","no"
"paullane@armstrongadvisory.com","good","ok","no","no"
"paulruedijr@ruediwealth.com","good","ok","no","no"
"paulz@zgroupfinancial.com","good","ok","no","no"
"payton.verzilli@equitable.com","good","ok","no","no"
"pbelniak@fcgemail.com","good","ok","no","no"
"pbradley@piedmontwa.com","good","ok","no","no"
"pbroomell@vantuswealth.com","good","ok","no","no"
"pcasserly@agrohansa.com","good","ok","no","no"
"pchunn@physicianpartnersoa.com","bad","invalid","no","no"
"pcouch@healyfinancial.net","good","ok","no","no"
"pdelmotte@vptfinancial.com","good","ok","no","no"
"peabody@sharpergranite.com","good","ok","no","no"
"pears@oscodaschools.org","good","ok","no","no"
"peggy@vestedcorp.com","good","ok","no","no"
"pegquinn@investpwm.com","good","ok","no","no"
"pete@pfg12.com","good","ok","no","no"
"peter.andersen@nordomatic.com","good","ok","no","no"
"peter.graham@equitable.com","good","ok","no","no"
"peter.haagenson@encorefa.com","good","ok","no","no"
"peter.hargitai@equitable.com","good","ok","no","no"
"peter.lewandowski@lucetadvisors.com","good","ok","no","no"
"peter.mcdonnell@equitable.com","good","ok","no","no"
"peter.senick@equitable.com","good","ok","no","no"
"peter@christian-tse.com","risky","catch_all","no","no"
"peter@eastownfinancial.com","good","ok","no","no"
"peter@erbfinancial.com","good","ok","no","no"
"peter@marketwm.com","good","ok","no","no"
"peter@winwithfinn.com","good","ok","no","no"
"peterson.matthew@principal.com","good","ok","no","no"
"pgentry@hummelgrp.com","good","ok","no","no"
"phaynes@cassiacapitalpartners.com","good","ok","no","no"
"phigley@euclidschools.org","good","ok","no","no"
"phil@astraservicepartners.com","good","ok","no","no"
"phil@fusion-wa.com","good","ok","no","no"
"phil@lawsonfinancialgroup.net","good","ok","no","no"
"phil@prosperowealth.com","good","ok","no","no"
"philip.arcilesi@equitable.com","good","ok","no","no"
"philip.madonna@ampf.com","good","ok","no","no"
"philippe.bastide@equitable.com","good","ok","no","no"
"phillip@montagewealth.net","good","ok","no","no"
"phonda@kya.design","good","ok","no","no"
"phyllis@facslions.org","good","ok","no","no"
"pierce.hyldahl@equitable.com","good","ok","no","no"
"pj@sbmanagement.com","good","ok","no","no"
"pkelly@thresholdcapital.com","good","ok","no","no"
"pklimkowski@legacyfsg.com","good","ok","no","no"
"pkong@sierraridgewealth.com","good","ok","no","no"
"plippman@redf.org","good","ok","no","no"
"plk@rsgcorp.com","good","ok","no","no"
"pmadson@jmsequipment.com","good","ok","no","no"
"pmah@comprehensivefinancialstrategies.com","good","ok","no","no"
"pmccann@eacs.k12.in.us","good","ok","no","no"
"pmccreary@fultonfinancialadvisors.com","good","ok","no","no"
"pmt@myampny.com","good","ok","no","no"
"pneslage@corenorth.com","good","ok","no","no"
"polmsted@impactwealthplanners.com","good","ok","no","no"
"pooja@corpusplasticsurgery.com","good","ok","no","no"
"ppartridge@northgeorgiacfos.com","good","ok","no","no"
"pr@o-cfo.com","good","ok","no","yes"
"praveen@empower.financial","good","ok","no","no"
"preiner@realizefinancialadvisors.com","good","ok","no","no"
"preston.edinger@luxwealth.com","good","ok","no","no"
"preston.turner@equitable.com","good","ok","no","no"
"preston@altuswealthmgt.com","good","ok","no","no"
"preston@gageandcadeconstruction.com","good","ok","no","no"
"priscilla@teamfsi.com","good","ok","no","no"
"prispoli@perfprodtech.com","risky","unknown","no","no"
"proddy@immunedge.com","good","ok","no","no"
"pross@arkplas.com","good","ok","no","no"
"psechoka@diamondpointwealthpartners.com","good","ok","no","no"
"psherry@wrswealth.com","good","ok","no","no"
"psingh@bechtel.com","risky","unknown","no","no"
"pslobodnik@mytgc.org","good","ok","no","no"
"pstetter@fultonfinancialadvisors.com","good","ok","no","no"
"pthoresen@westendwm.com","good","ok","no","no"
"puru.pawar@robosysautomation.com","good","ok","no","no"
"pwelsh@tfadvisors.com","good","ok","no","no"
"quin@downeastprivatewealth.com","good","ok","no","no"
"quinn.odonohue@equitable.com","good","ok","no","no"
"quinn.wardwell@equitable.com","good","ok","no","no"
"rachaelfm@pnfinancial.biz","good","ok","no","no"
"racheald@fpnavigators.com","good","ok","no","no"
"rachel.farmer@wcs.edu","good","ok","no","no"
"rachel.gutierrez@equitable.com","bad","invalid","no","no"
"rachel@pombowealthmgt.com","good","ok","no","no"
"rachel@thestimleragency.com","good","ok","no","no"
"racosta@wdpalaw.com","good","ok","no","no"
"raeschlimann@simplus-systems.com","risky","catch_all","no","no"
"rafael.conde@tomfordfashion.com","good","ok","no","no"
"rafael.pompeo@w7m.com.br","risky","catch_all","no","no"
"rafael@streetlightfinancial.com","good","ok","no","no"
"ragnalaw@hindsight.vip","risky","catch_all","no","no"
"rakina.mcknight@jax.ufl.edu","risky","unknown","no","no"
"ralbert@eandegroup.net","good","ok","no","no"
"ralph.fatigate@ampf.com","good","ok","no","no"
"ralthoff@lifeguidefa.com","good","ok","no","no"
"ralvarez@nbcsecurities.com","good","ok","no","no"
"ramon@primus-fl.com","risky","unknown","no","no"
"randal.lupi@equitable.com","good","ok","no","no"
"randy.davis@oldham.kyschools.us","bad","invalid","no","no"
"randy.kinsey@equitable.com","good","ok","no","no"
"randy.mmaitsi@kreneon.io","risky","catch_all","no","no"
"randy@diligentwealth.com","good","ok","no","no"
"randy@pleasantviewhome.com","good","ok","no","no"
"randy@smartwealth.net","good","ok","no","no"
"raranowitz@4kmc.com","good","ok","no","no"
"rashad.muhammad@wealthwave.com","good","ok","no","no"
"rasheem@sanluis.com","good","ok","no","no"
"raul.fuentes-diaz@equitable.com","good","ok","no","no"
"raza.iqbal@rockmedicalgrp.com","good","ok","no","no"
"razz@ponyexpressgroup.com","risky","unknown","no","no"
"rbasiri@diamondpointwealthpartners.com","good","ok","no","no"
"rbendrat@prosperitasfin.com","good","ok","no","no"
"rbeyer@rrgolfclub.com","good","ok","no","no"
"rblanke@hightoweradvisors.com","good","ok","no","no"
"rblinn@project-ned.com","good","ok","no","no"
"rbohn@tempus-financial.com","good","ok","no","no"
"rbowers@apslearns.org","good","ok","no","no"
"rbreen@rfginvest.com","good","ok","no","no"
"rbutler@gpconstructiongroup.net","risky","catch_all","no","no"
"rcasamento@xyme.ai","good","ok","no","no"
"rcb1@fortunefinancialservices.com","good","ok","no","no"
"rcook1@columbus.k12.oh.us","good","ok","no","no"
"rcurtis@1847financial.com","good","ok","no","no"
"rdavis@cfpohio.com","good","ok","no","no"
"rdean@driveachampion.com","risky","catch_all","no","no"
"rdeblanc@cap-invest.com","bad","invalid","no","no"
"rdolphin@windham.k12.ct.us","risky","unknown","no","no"
"rdrewyor@perrysburgschools.net","good","ok","no","no"
"reagan.fitzgibbons@equitable.com","good","ok","no","no"
"reagan.paulina@equitable.com","good","ok","no","no"
"rebecca@bdlowder.com","good","ok","no","no"
"rebecca@cfolc.com","good","ok","no","no"
"rebecca@twi-millwork.com","good","ok","no","no"
"rebeccas@airoyal.biz","good","ok","no","no"
"rebekah.jager@equitable.com","good","ok","no","no"
"reece.harding@equitable.com","good","ok","no","no"
"regan.puzzitiello@equitable.com","bad","invalid","no","no"
"reggie@bluestone-financial.com","good","ok","no","no"
"reid.saarela@equitable.com","good","ok","no","no"
"reid@dinvestors.com","good","ok","no","no"
"reid@kettlefinancial.com","risky","unknown","no","no"
"reid@mnretsvc.com","good","ok","no","no"
"reilly.oconnor@equitable.com","good","ok","no","no"
"remington.tai@equitable.com","good","ok","no","no"
"rene.gallegos@jubileeacademic.org","good","ok","no","no"
"rene@jesamerica.net","good","ok","no","no"
"renee.douglas@darlington.k12.sc.us","good","ok","no","no"
"reneeh@martinandrobson.com","good","ok","no","no"
"rex@morningfresh.com","good","ok","no","no"
"rex_jugueta@ajg.com","good","ok","no","no"
"rfiondella@fiondella.com","good","ok","no","no"
"rflamm@ofadv.com","good","ok","no","no"
"rfuehr@imprimus.com","good","ok","no","no"
"rgray@primroseschools.com","good","ok","no","no"
"rhammer@nfocusfinancial.com","good","ok","no","no"
"rharrison@wealthcapital.com","good","ok","no","no"
"rhayburn@uplandcds.org","good","ok","no","no"
"rhayes@northrightfinancial.com","good","ok","no","no"
"rholden@usd207.org","good","ok","no","no"
"rhonda.fraction@equitable.com","good","ok","no","no"
"rhonda_heatly@thekesslerschool.com","good","ok","no","no"
"ricardo.hernandez@tusd1.org","good","ok","no","no"
"rich.schmaeling@fticonsulting.com","good","ok","no","no"
"richard.cocchieri@elcofswfl.org","good","ok","no","no"
"richard.goldman@equitable.com","good","ok","no","no"
"richard.nicholas@equitable.com","good","ok","no","no"
"richard.sandner@equitable.com","good","ok","no","no"
"richard.sieling@oakcrestadvisors.com","good","ok","no","no"
"richard@campisis.us","good","ok","no","no"
"richard@falcon-controls.us","good","ok","no","no"
"richardp@themadisonpartners.com","good","ok","no","no"
"richardplacette@mrb-capital-group.com","good","ok","no","no"
"richmond@heritage-inv.com","good","ok","no","no"
"richpreuss@healyfinancial.net","good","ok","no","no"
"rick@affinitycapadv.com","good","ok","no","no"
"rick@aspiregrowthpartners.com","good","ok","no","no"
"rickrey@primarycolor.com","good","ok","no","no"
"ricky@mooresfuneral.com","good","ok","no","no"
"ridvan@bulkelectric.com","bad","invalid","no","no"
"rj.chester@raymondjames.com","good","ok","no","no"
"rj@fiondella.com","good","ok","no","no"
"rkester@excelcp.com","good","ok","no","no"
"rkubik@fivecapitals.net","good","ok","no","no"
"rlbauch@firstcommand.com","good","ok","no","no"
"rleahy@kinshiphs.com","good","ok","no","no"
"rleyva@encompassmore.com","good","ok","no","no"
"rlinares@tlecorp.com","good","ok","no","no"
"rmarks@ccisys.com","risky","catch_all","no","no"
"rmeagher@libertywealthadvisors.com","risky","catch_all","no","no"
"rmolnar@canaancompanies.com","good","ok","no","no"
"rnapier@ritzengroup.com","good","ok","no","no"
"rob.dodman@georemco.com","good","ok","no","no"
"rob.ruegger@mbccompanies.com","good","ok","no","no"
"rob.shedd@firsttechfed.com","good","ok","no","no"
"rob@corcapa.com","good","ok","no","no"
"rob@elevateasset.com","good","ok","no","no"
"rob@jwmci.com","good","ok","no","no"
"rob@musikanewyork.com","good","ok","no","no"
"rob@pixelandplumeagency.com","good","ok","no","no"
"rob@previswealth.com","good","ok","no","no"
"robbie.wilkinson@raymondjames.com","good","ok","no","no"
"robbie@dewberryandsons.com","risky","catch_all","no","no"
"robert.burk@carrollk12.org","good","ok","no","no"
"robert.cody@equitable.com","good","ok","no","no"
"robert.filipone@corioassociates.com","good","ok","no","no"
"robert.gariano@garianowm.com","good","ok","no","no"
"robert.hendrickson@saswealth.com","good","ok","no","no"
"robert.holland@equitable.com","good","ok","no","no"
"robert.kowaleski@equitable.com","good","ok","no","no"
"robert.kurzweil@ampf.com","good","ok","no","no"
"robert.lopes@equitable.com","good","ok","no","no"
"robert.obanion@wsdtx.org","good","ok","no","no"
"robert.overbeck@goldenreserve.com","good","ok","no","no"
"robert.perry@nm.com","good","ok","no","no"
"robert.ricci@equitable.com","good","ok","no","no"
"robert.singley@equitable.com","good","ok","no","no"
"robert.suggs@ridgecrestnc.com","good","ok","no","no"
"robert.urquhart@cbhsjc.org","good","ok","no","no"
"robert.weddle@nm.com","good","ok","no","no"
"robert.weedon@equitable.com","good","ok","no","no"
"robert.yurgalewicz@pnc.com","good","ok","no","no"
"robert@mountaincrestwm.com","good","ok","no","no"
"robert@ronninglandscaping.com","good","ok","no","no"
"robert@theetaxman.com","good","ok","no","no"
"robert@theiag.com","good","ok","no","no"
"roberto.roo@grupoortiz.com","good","ok","no","no"
"roberts@azteca-omega.com","good","ok","no","no"
"rochelle@ableseptic.com","good","ok","no","no"
"rodney@4lifewa.com","good","ok","no","no"
"roger.fritz@midoceanenergy.com","good","ok","no","no"
"roger.quintin@equitable.com","good","ok","no","no"
"roman.skurdal@cevaadvisors.com","good","ok","no","no"
"ron.fox@equitable.com","good","ok","no","no"
"ron@aboundwealth.com","good","ok","no","no"
"ron@graycontractors.com","good","ok","no","no"
"ron@invictafg.com","good","ok","no","no"
"ron@madisonpoole.com","good","ok","no","no"
"ron@mannixlawfirm.com","good","ok","no","no"
"ronald@meltons.com","bad","invalid","no","no"
"ronnye@unchainedmelodies.org","good","ok","no","no"
"rory@tremperandroper.com","good","ok","no","no"
"rosalind.nathaniel@sccpss.com","good","ok","no","no"
"rosanne.rocca@nm.com","good","ok","no","no"
"rosburn@prioritycharterschools.org","risky","catch_all","no","no"
"roshan.patel@equitable.com","good","ok","no","no"
"ross.martin@equitable.com","good","ok","no","no"
"roy@cwadvice.com","good","ok","no","no"
"roz@meely.com","risky","catch_all","no","no"
"rpastrano@potrerohilladvisors.com","good","ok","no","no"
"rpetti@arkws.com","good","ok","no","no"
"rpierre@iaac.com","good","ok","no","no"
"rpitard@risenorthcapital.com","good","ok","no","no"
"rramirez@vistasolutions.ca","bad","invalid","no","no"
"rreynolds@impactwealthplanners.com","good","ok","no","no"
"rriker@epifinancialgroup.com","good","ok","no","no"
"rschmidt@confluencewealth.com","good","ok","no","no"
"rsigler@northstarwm.com","good","ok","no","no"
"rsotillo@boltonglobal.com","good","ok","no","no"
"rstaats@gbra.org","good","ok","no","no"
"rstanger@famf.bank","good","ok","no","no"
"rt@toppsmechinc.com","good","ok","no","no"
"rtock@hntlgh.com","good","ok","no","no"
"rudolph.h.bruer@ampf.com","good","ok","no","no"
"rudy@risingpinescounseling.com","risky","catch_all","no","no"
"russ@fcsinvest.com","good","ok","no","no"
"russ@stricklerfinancial.com","good","ok","no","no"
"russell.werme@raymondjames.com","risky","unknown","no","no"
"ruth@act-advisors.com","good","ok","no","no"
"ruthann@ignitedancecompetition.com","good","ok","no","no"
"ruthh@wcmha.org","good","ok","no","no"
"rwaide@midlandchristianschool.org","good","ok","no","no"
"rwallner@servicecu.org","good","ok","no","no"
"rwaters@christcs.org","good","ok","no","no"
"rweise@centura-advisors.com","good","ok","no","no"
"rwilkerson@impactwealthplanners.com","good","ok","no","no"
"ryan.becker@equitable.com","good","ok","no","no"
"ryan.belfiore@regions.com","good","ok","no","no"
"ryan.blumthal@elevatefpwm.com","good","ok","no","no"
"ryan.coughlan@equitable.com","good","ok","no","no"
"ryan.dudzic@ampf.com","good","ok","no","no"
"ryan.faley@equitable.com","good","ok","no","no"
"ryan.finglass@raymondjames.com","good","ok","no","no"
"ryan.hodgins@equitable.com","good","ok","no","no"
"ryan.humbert@equitable.com","good","ok","no","no"
"ryan.lafler@advocatewm.com","good","ok","no","no"
"ryan.langella@equitable.com","good","ok","no","no"
"ryan.mickiewicz@pioneer-financial.com","good","ok","no","no"
"ryan.mueller@raymondjames.com","good","ok","no","no"
"ryan.oltorik@worldadvisors.com","good","ok","no","no"
"ryan.schaefer@nm.com","good","ok","no","no"
"ryan.sielis@clause5safe.com","good","ok","no","no"
"ryan.sullivan@equitable.com","good","ok","no","no"
"ryan.tabor@equitable.com","good","ok","no","no"
"ryan.tuttle@equitable.com","good","ok","no","no"
"ryan@ajtwealthconsultants.com","good","ok","no","no"
"ryan@amitybh.com","good","ok","no","no"
"ryan@fcsinvest.com","good","ok","no","no"
"ryan@flo-tron.com","good","ok","no","no"
"ryan@fundamentaladvice.com","good","ok","no","no"
"ryan@fundedlifefinancial.com","good","ok","no","no"
"ryan@hawkbuilders.net","good","ok","no","no"
"ryan@janusfinancialservices.com","good","ok","no","no"
"ryan@mendefinancial.com","good","ok","no","no"
"ryan@mountsouthington.com","good","ok","no","no"
"ryan@planjericho.com","good","ok","no","no"
"ryan@previswealth.com","good","ok","no","no"
"ryan@scottwealthplanning.com","good","ok","no","no"
"ryan@threepointpcg.com","good","ok","no","no"
"ryan@vckexpresscorp.com","good","ok","no","no"
"ryanegan@kylenfinancials.com","good","ok","no","no"
"ryangigous@cordellwealth.com","good","ok","no","no"
"ryangill@scfsllc.com","good","ok","no","no"
"ryanglynn@cundiffsteel.com","good","ok","no","no"
"ryangray@mdrncapital.com","good","ok","no","no"
"ryankerekes@ic-group.net","good","ok","no","no"
"ryanw@prosperityplanninginc.com","good","ok","no","no"
"ryap@montefiore.org","good","ok","no","no"
"ryder.seiz@equitable.com","good","ok","no","no"
"rylee.ganter@equitable.com","good","ok","no","no"
"s.garcia@legacypwp.com","good","ok","no","no"
"sage@familytreefinancial.us","good","ok","no","no"
"sager.koheel@equitable.com","good","ok","no","no"
"salferrito@planvisionmn.com","good","ok","no","no"
"salvarez@paragoncollegiateacademy.org","good","ok","no","no"
"salvatore.caruso@equitable.com","good","ok","no","no"
"sam.gladson@equitable.com","good","ok","no","no"
"sam.pacelli@hunkenfinancial.com","good","ok","no","no"
"sam.yoon@sagepointcp.com","good","ok","no","no"
"sam@arvadawealth.com","good","ok","no","no"
"sam@guidewp.com","good","ok","no","no"
"sam@kennedy-financial.com","good","ok","no","no"
"sam@wfminvest.com","good","ok","no","no"
"sam_zafa@docstoyota.com","good","ok","no","no"
"samantha.burke@openarccorporate.com","good","ok","no","no"
"samantha.winner@raymondjames.com","bad","invalid","no","no"
"samantha@firestormfinance.com","good","ok","no","no"
"samjohnson@harmanwealth.com","good","ok","no","no"
"samona@yourcfoexpert.com","risky","catch_all","no","no"
"samuel.calles@texasfa.com","good","ok","no","no"
"samuel.colaprete@equitable.com","good","ok","no","no"
"samuel.daniels@equitable.com","good","ok","no","no"
"samuel.delpropost@equitable.com","good","ok","no","no"
"samuel.marsteller@equitable.com","good","ok","no","no"
"samuel.pate@53.com","good","ok","no","no"
"samuel.streetar@equitable.com","good","ok","no","no"
"samz@cfgiowa.com","good","ok","no","no"
"sandeep.dutta@td.com","risky","catch_all","no","no"
"sandra@networktoolware.com","good","ok","no","no"
"sara.cousin@equitable.com","bad","invalid","no","no"
"sara@theowlteam.com","good","ok","no","no"
"sara@wilsoncofield.com","good","ok","no","no"
"sarah.irving@meridianfinancialpartners.com","good","ok","no","no"
"sarah@blendedandpaired.com","risky","catch_all","no","no"
"sarah@burgersofbmt.com","good","ok","no","no"
"sarah@caraviafinancialgroup.com","risky","unknown","no","no"
"sarah@financegatekeeper.com","good","ok","no","no"
"sarah@gatewaynw.com","good","ok","no","no"
"sarah@sandiegocls.com","good","ok","no","no"
"sarah@smithpaintinginc.com","good","ok","no","no"
"saras@jswardandson.com","good","ok","no","no"
"sasha@couragetx.com","good","ok","no","no"
"saundra@dna-financialservices.com","good","ok","no","no"
"savon.johnson@equitable.com","good","ok","no","no"
"sbaghdadi@halandwealth.com","good","ok","no","no"
"sbajema@ffb.com","good","ok","no","no"
"sbohmiller@profectusfp.com","good","ok","no","no"
"sburrell@theburrellzenterprise.com","good","ok","no","no"
"scarlett.huffman@industrialsolutionsroofing.com","good","ok","no","no"
"scolonna@scrantonfinancialgroup.com","good","ok","no","no"
"scooke@mowbrayeducation.org","good","ok","no","no"
"scott.2.ladore@ampf.com","good","ok","no","no"
"scott.bostick@equitable.com","good","ok","no","no"
"scott.dohm@shoretosummitwm.com","good","ok","no","no"
"scott.gingras@retirementpath.net","good","ok","no","no"
"scott.laslo@regions.com","good","ok","no","no"
"scott.novak@equitable.com","good","ok","no","no"
"scott.starowicz@saeschool.org","good","ok","no","no"
"scott@anthem-financial.com","bad","invalid","no","no"
"scott@customwealthsolutions.com","risky","catch_all","no","no"
"scott@epgnow.net","good","ok","no","no"
"scott@gacrate.com","good","ok","no","no"
"scott@gardens2020.com","good","ok","no","no"
"scott@gnzfinancial.com","good","ok","no","no"
"scott@mccloskeyfg.com","good","ok","no","no"
"scott@mywealthimpact.com","good","ok","no","no"
"scott@siwealthmanagement.com","good","ok","no","no"
"scott@weareinvested.com","good","ok","no","no"
"scottgordon@americanriverwealth.com","risky","unknown","no","no"
"sdavis@daviswilliams.com","good","ok","no","no"
"sdison@merit.consulting","good","ok","no","no"
"sduff@furlowcharter.org","good","ok","no","no"
"sean.clarke@equitable.com","good","ok","no","no"
"sean.connolly@arborstonefinancial.com","good","ok","no","no"
"sean.danks@equitable.com","good","ok","no","no"
"sean.diorio@mcmullenfpg.com","good","ok","no","no"
"sean.fenton@tristatefa.com","good","ok","no","no"
"sean.mainwaring@ceterainvestors.com","good","ok","no","no"
"sean.mallory@equitable.com","good","ok","no","no"
"sean.tully@raymondjames.com","good","ok","no","no"
"sean.young@easthillbenefits.com","good","ok","no","no"
"sean@beckerwealthmanagement.net","good","ok","no","no"
"sean@daviswealthmgmt.com","good","ok","no","no"
"sean@elsass-efg.com","risky","catch_all","no","no"
"sean@lrvsadvisory.com","good","ok","no","no"
"sean@montagewealth.net","good","ok","no","no"
"sean@txtcharlie.com","good","ok","no","no"
"sebastian.vilar@nm.com","good","ok","no","no"
"sena.mortensen@equitable.com","good","ok","no","no"
"sergei.petushok@trueseamoss.com","risky","catch_all","no","no"
"sergey.goncharenko@kcc.com","good","ok","no","no"
"sergio.guzman@equitable.com","good","ok","no","no"
"seth.ellington@equitable.com","good","ok","no","no"
"seth.rhodes@ampf.com","good","ok","no","no"
"seth@cubbys.co","good","ok","no","no"
"sfitzgerald@centralinvestment.net","risky","catch_all","no","no"
"sford@capicard.com","good","ok","no","no"
"sforleo@aldyncapital.com","good","ok","no","no"
"sgooden@childrenofamerica.com","good","ok","no","no"
"shabbir@propertymasters360.com","good","ok","no","no"
"shadan.khalid@tristatefa.com","good","ok","no","no"
"shailesh@infinityindustrialpark.com","good","ok","no","no"
"shamiah.michel@equitable.com","good","ok","no","no"
"shane.beckman@raymondjames.com","good","ok","no","no"
"shane.hafner@luxwealth.com","good","ok","no","no"
"shane.mcvan@cfnsfl.com","good","ok","no","no"
"shane@globalviewinv.com","good","ok","no","no"
"shane@shakeproductions.com","good","ok","no","no"
"shannon@bk-flooring.com","good","ok","no","no"
"shannon@webbfinancialgrp.com","risky","catch_all","no","no"
"shari@finadvinc.com","good","ok","no","no"
"shari@reproconstruction.com","good","ok","no","no"
"shashank.aurora@dmschools.org","good","ok","no","no"
"shawanda.upshaw@fedex.com","risky","unknown","no","no"
"shawn.behrent@equitable.com","good","ok","no","no"
"shawn.hoffman@equitable.com","bad","invalid","no","no"
"shawn.lemon@lifepointhealth.net","good","ok","no","no"
"shayla.sahmanovic2@equitable.com","good","ok","no","no"
"sheila.cash@sdsgriffin.org","good","ok","no","no"
"sheilla@geneseehealthcareers.org","risky","unknown","no","no"
"shelby.mckenna@psd201.org","good","ok","no","no"
"shelby.moore@ofgtexas.com","good","ok","no","no"
"shelley@accuwrightmechanical.com","good","ok","no","no"
"shendricks@jghfs.com","good","ok","no","no"
"sheri.tuttle@equitable.com","good","ok","no","no"
"sherrmann@libertywealthadvisors.com","risky","catch_all","no","no"
"sherry.smith@wacoisd.org","good","ok","no","no"
"shirley@firstpresvero.org","good","ok","no","no"
"shirley@foodalmightyinc.com","risky","unknown","no","no"
"shmuel@benavraham.co","good","ok","no","no"
"shocke@timelybill.com","good","ok","no","no"
"sholloway@mangrovepartners.com","bad","invalid","no","no"
"shouk@dbmwm.com","good","ok","no","no"
"shprindle@cortofinancial.com","good","ok","no","no"
"shreyasnaik@rockedfilms.com","good","ok","no","no"
"shuckin@waterloocap.com","good","ok","no","no"
"siddhartha.lodhia@equitable.com","good","ok","no","no"
"sidney.ma@equitable.com","good","ok","no","no"
"silas.um@equitable.com","good","ok","no","no"
"silviasanfelix@angelaie.com","good","ok","no","no"
"simon.gill@gardxgroup.com","good","ok","no","no"
"simonliu@ighinfinity.com","good","ok","no","no"
"singram@athenableis.net","good","ok","no","no"
"sjferreiro@firstcommand.com","good","ok","no","no"
"sjohnson@ironlineconsulting.com","good","ok","no","no"
"sjorgensen@fortrexsolutions.com","good","ok","no","no"
"skelley@mulberrystreetmanagement.com","risky","unknown","no","no"
"skene@oslandgroup.com","good","ok","no","no"
"skovalakides@teppwealth.com","good","ok","no","no"
"sladouceur@sbtransitfcu.net","bad","invalid","no","no"
"slasky@jlasky.com","good","ok","no","no"
"slinn@bcswealth.com","good","ok","no","no"
"slockwood@midlandsb.com","good","ok","no","no"
"slughmani@montefiore.org","good","ok","no","no"
"slynch@excellenceautodetail.com","good","ok","no","no"
"smaciag@discoveryed.com","good","ok","no","no"
"smcgaughey@ytsinsuranceagency.com","good","ok","no","no"
"smchristian@hbretirement.com","good","ok","no","no"
"smithbo@boe.richmond.k12.ga.us","good","ok","no","no"
"smontebello@hntlgh.com","good","ok","no","no"
"smoran@redbarnfinancial.com","good","ok","no","no"
"smorton@jaeroofinginc.com","good","ok","no","no"
"sofia.goryn@skelafinancial.com","good","ok","no","no"
"sophia.genna@equitable.com","good","ok","no","no"
"sophiat@ascentwp.com","good","ok","no","no"
"sosborn@balafinancial.com","good","ok","no","no"
"sostrofsky@truenorthfinancialadvice.com","risky","catch_all","no","no"
"spaddock@wealthdimensions.com","good","ok","no","no"
"spadruno@alternasecurities.com","good","ok","no","no"
"spaganelli@rkcapital.com","risky","catch_all","no","no"
"spencer.peppenger@texasfa.com","good","ok","no","no"
"spencer.warn@ceterainvestors.com","good","ok","no","no"
"spierce@fultonfinancialadvisors.com","good","ok","no","no"
"spotts@hightoweradvisors.com","good","ok","no","no"
"sraseta@wrswealth.com","good","ok","no","no"
"srevelo@curiowealth.com","good","ok","no","no"
"srobinson@maidofthemist.com","good","ok","no","no"
"srrosenzweig@srpe.net","good","ok","no","no"
"sschaeffer@mnwealthadvisors.com","good","ok","no","no"
"sserna@ssfcu.org","good","ok","no","no"
"sshepard@greenriverfs.com","good","ok","no","no"
"ssievers@veneziainc.com","good","ok","no","no"
"sslemos@arizona.edu","good","ok","no","no"
"sstone@chschools.org","good","ok","no","no"
"stacey.davis@enarabio.com","good","ok","no","no"
"stacey@comfortzone.cool","good","ok","no","no"
"stacey@duckdllc.com","risky","catch_all","no","no"
"stacey@infinitysp.com","good","ok","no","no"
"staceyj@orthoprotwinfalls.com","good","ok","no","no"
"stacie@wtccommunications.com","good","ok","no","no"
"stan.bumgarner@ceterawealth.com","good","ok","no","no"
"staylor@namihowardcountymd.org","good","ok","no","no"
"steele.croswhite@equitable.com","good","ok","no","no"
"stefanie@keepwhatyouearn.com","good","ok","no","no"
"stefanrasch@credicorpcapital.com","good","ok","no","no"
"steffani@newlinepaving.com","good","ok","no","no"
"steinmetzc@fatherryan.org","good","ok","no","no"
"stellar@americanportfolios.com","good","ok","no","no"
"stephan.garate@equitable.com","good","ok","no","no"
"stephanie.esposito@ywmllc.com","good","ok","no","no"
"stephanie.huff@regions.com","good","ok","no","no"
"stephanie.rivera@pcarlsoncpa.com","good","ok","no","no"
"stephanie.rogers@caponeandassociates.biz","good","ok","no","no"
"stephen.guimond@pawsandwingsplace.com","risky","unknown","no","no"
"stephen.h.machanic@nm.com","good","ok","no","no"
"stephen.kline@precisionimpacts.com","good","ok","no","no"
"stephen.koons@equitable.com","good","ok","no","no"
"stephen.l.bartlett@wellsfargo.com","good","ok","no","no"
"stephen.lowe@ceterawealth.com","good","ok","no","no"
"stephen.wien@ampf.com","good","ok","no","no"
"stephen@crimsonoakstrategies.com","good","ok","no","no"
"stephen@familytreefinancial.us","good","ok","no","no"
"stephen@focusedfinancial.net","good","ok","no","no"
"stephens@altuswealthmgt.com","good","ok","no","no"
"sterling@johnsondisputeresolution.com","good","ok","no","no"
"steve.dzurec@the48group.com","good","ok","no","no"
"steve.manz@inetlte.com","risky","catch_all","no","no"
"steve.shepherd@ampf.com","good","ok","no","no"
"steve.tobin@limestoneagency.com","good","ok","no","no"
"steve.topley@lansingadv.com","good","ok","no","no"
"steve@jacobsfinancialpartners.com","good","ok","no","no"
"steve@mcginnfinancial.com","good","ok","no","no"
"steve@mkofinancial.com","good","ok","no","no"
"steve@peterswealthgroup.com","risky","unknown","no","no"
"steve@vandalgames.net","risky","catch_all","no","no"
"stevek@wrrwm.com","good","ok","no","no"
"steven.biltz@equitable.com","good","ok","no","no"
"steven.fan@prinx.us.com","good","ok","no","no"
"steven.king@equitable.com","good","ok","no","no"
"steven.kucharski@raymondjames.com","good","ok","no","no"
"steven.marin@equitable.com","good","ok","no","no"
"steven.melendez@valueinsured.com","good","ok","no","no"
"steven.nester@equitable.com","good","ok","no","no"
"steven.swistak@hudsonfg.com","good","ok","no","no"
"steven.tirpak@equitable.com","good","ok","no","no"
"steven.white@coloradofa.com","good","ok","no","no"
"steven@jcretire.com","good","ok","no","no"
"stevenj@lakhanicommercial.com","risky","catch_all","no","no"
"sthompso3@apslearns.org","bad","invalid","no","no"
"stronolone@vptfinancial.com","good","ok","no","no"
"stuart.friberg@e2retirement.com","good","ok","no","no"
"stuart.roberts@equitable.com","good","ok","no","no"
"stuart@ligcam.com","good","ok","no","no"
"sudhanva.kulkarni@rian.io","good","ok","no","no"
"suhas@prosperowealth.com","good","ok","no","no"
"suman.raj@clinaarc.com","good","ok","no","no"
"sumiya.niaz@nxsengineering.com","good","ok","no","no"
"sunkee@catalystfg.com","good","ok","no","no"
"susan@fi-advisors.com","good","ok","no","no"
"susank@ptc-inc.net","good","ok","no","no"
"suzyhayes@saint-catherine.org","good","ok","no","no"
"sverhulst@chartercapital.net","good","ok","no","no"
"svick@heroncreekadvisors.com","good","ok","no","no"
"svroof@southvalleyroofing.com","good","ok","no","no"
"sweiss@spectrumsupport.com","good","ok","no","no"
"swetmore@feldkampmechanical.com","good","ok","no","no"
"swinder@midfin.com","good","ok","no","no"
"swray@contewealth.com","good","ok","no","no"
"syates@autrytech.edu","good","ok","no","no"
"syd.gomez@raymondjames.com","good","ok","no","no"
"sydney.flax@pack3000.com","good","ok","no","no"
"sydney.reyes@equitable.com","good","ok","no","no"
"symonds.turner@symondswm.com","good","ok","no","no"
"t@eqwm.com","good","ok","no","no"
"talves@austinglass.com","good","ok","no","no"
"tammy@triareaelectric.com","good","ok","no","no"
"tanner.rutz@tristatefa.com","good","ok","no","no"
"tara@ckl-capital.com","risky","unknown","no","no"
"tara@highlandcontractors.com","good","ok","no","no"
"tarmayor@huntoil.com","good","ok","no","no"
"tate@tlrbusinessservices.com","good","ok","no","no"
"tatiana@goosebusters2.com","good","ok","no","no"
"tayce@rhci.co","good","ok","no","no"
"taylor.hammond@raymondjames.com","good","ok","no","no"
"taylor.horten@equitable.com","good","ok","no","no"
"taylor.hough@ml.com","good","ok","no","no"
"taylor.parrillo@1stallied.com","good","ok","no","no"
"taylor.scot@equitable.com","good","ok","no","no"
"taylor@bgrsonics.com","good","ok","no","no"
"taylor@catalystfinancial.com","good","ok","no","no"
"taylor@momentouswealth.com","good","ok","no","no"
"tayvon@newperspectivefs.com","risky","catch_all","no","no"
"tbagtas@universalaero.com","good","ok","no","no"
"tbales@mbcadvisors.com","good","ok","no","no"
"tbean@rapidworks.com","good","ok","no","no"
"tcarmon@carmonfh.com","good","ok","no","no"
"tcfalkner@legacyfia.com","good","ok","no","no"
"tclark@phocusfinancial.com","good","ok","no","no"
"tczajka@advocacywealth.com","good","ok","no","no"
"tdickerson@crsretirement.com","good","ok","no","no"
"tdriscoll@bgcpeoria.org","good","ok","no","no"
"teblelawrence@skogman.com","good","ok","no","no"
"ted.franklin@nm.com","good","ok","no","no"
"ted.gautier@ceterais.com","good","ok","no","no"
"ted.inbusch@ampf.com","good","ok","no","no"
"ted.thoren@ceterainvestors.com","risky","unknown","no","no"
"teman.goller@equitable.com","good","ok","no","no"
"teresa.lundine@strongholdpartners.com","good","ok","no","no"
"teri.benson@raymondjames.com","good","ok","no","no"
"terra@dinvestors.com","good","ok","no","no"
"terry@tacticalwealthpartners.com","risky","catch_all","no","no"
"terrym@syntegrapwg.net","good","ok","no","no"
"tfinley@finleyfinancialservices.com","good","ok","no","no"
"tfolk@stonekimbro.com","good","ok","no","no"
"tfraim@warwickpartners.net","good","ok","no","no"
"tfry@pfaretire.com","good","ok","no","no"
"tfthompson@330electronics.com","good","ok","no","no"
"tgallardo@s-wealth.com","good","ok","no","no"
"tgozum@nutraceutical.com","bad","invalid","no","no"
"thabo@arbitusgroup.com","good","ok","no","no"
"thad.winter@raymondjames.com","good","ok","no","no"
"thart@mpsdnow.org","bad","invalid","no","no"
"thennessy@gravercapmgmt.com","good","ok","no","no"
"theo@camachoconsultingco.com","good","ok","no","no"
"theresa@planningforgood.co","risky","unknown","no","no"
"thias@scottsindustrialcoatings.com","good","ok","no","no"
"thilker@wswheboces.org","good","ok","no","no"
"thilliard@cypressjunction.org","good","ok","no","no"
"tholland@ociwins.com","good","ok","no","no"
"thomas.cox@equitable.com","good","ok","no","no"
"thomas.gregory@ampf.com","good","ok","no","no"
"thomas.hanley@pnc.com","good","ok","no","no"
"thomas.heed@equitable.com","good","ok","no","no"
"thomas.lamarca@equitable.com","bad","invalid","no","no"
"thomas.ludwig@opengrowth.com","good","ok","no","no"
"thomas.lynch3@equitable.com","good","ok","no","no"
"thomas.macey@soudersfinancial.com","good","ok","no","no"
"thomas.mclaughlin@equitable.com","good","ok","no","no"
"thomas.percetti@equitable.com","good","ok","no","no"
"thomas.pound@equitable.com","good","ok","no","no"
"thomas.schmid@equitable.com","good","ok","no","no"
"thomas.schreiber@equitable.com","good","ok","no","no"
"thomas.specht@equitable.com","good","ok","no","no"
"thomas.walter@equitable.com","good","ok","no","no"
"thomas.zupancic@equitable.com","good","ok","no","no"
"thomaspeterson@boostifycorp.com","risky","catch_all","no","no"
"thomasw@guidewp.com","good","ok","no","no"
"tijana@travelcarehawaii.com","good","ok","no","no"
"tim.boehmer@integrated-consulting.net","good","ok","no","no"
"tim.campisano@raymondjames.com","good","ok","no","no"
"tim.hampton@hgfinancialgroup.com","good","ok","no","no"
"tim.kilpatrick@highridgewm.com","good","ok","no","no"
"tim.solt@cbuscapital.com","risky","unknown","no","no"
"tim.watt@keystonewealthsvcs.com","good","ok","no","no"
"tim@bluestemfa.com","good","ok","no","no"
"timothy.grosso@equitable.com","good","ok","no","no"
"timw@ascentwp.com","good","ok","no","no"
"tina@mywaypoint.net","good","ok","no","no"
"tina@quartz.rocks","good","ok","no","no"
"tivey@cboa.com","good","ok","no","no"
"tjanoskie@janoskiefinancial.com","good","ok","no","no"
"tjanssen@cocsd.k12.az.us","good","ok","no","no"
"tjpond@cookfinancialgroupaz.com","good","ok","no","no"
"tkim@sjid.org","good","ok","no","no"
"tkrause@thewrc.net","good","ok","no","no"
"tkrueger@allianceam.com","risky","unknown","no","no"
"tlitaker@carolinaap.com","good","ok","no","no"
"tluebbehusen@emberwoodcapital.com","good","ok","no","no"
"tmarak@esc12.net","good","ok","no","no"
"tmartin@bostonprep.org","good","ok","no","no"
"tmcclure@gilpinezo.com","good","ok","no","no"
"tmcmanus@johoman.com","good","ok","no","no"
"tmoore@hshs.org","risky","unknown","no","no"
"tmussard@ataconsulting.com","risky","catch_all","no","no"
"tneslage@corenorth.com","good","ok","no","no"
"todd.hanneman@lakeviewpartnerswm.com","good","ok","no","no"
"todd@greenbergfinancial.com","good","ok","no","no"
"todd@texasshotcrete.com","risky","unknown","no","no"
"todd@uslifepro.com","good","ok","no","no"
"tom.aschenbrenner@holyghostprep.org","good","ok","no","no"
"tom.gearhart@nm.com","good","ok","no","no"
"tom.schug@schugfinancial.com","good","ok","no","no"
"tom@nashvillepwm.com","good","ok","no","no"
"tom@steppingstoneadvice.com","good","ok","no","no"
"tomecka.woody@mcssga.org","good","ok","no","no"
"tommy.ferguson@beaconcm.com","good","ok","no","no"
"tommy.morris@nm.com","risky","unknown","no","no"
"tomstahle@truefp.biz","risky","catch_all","no","no"
"toni.ketchum@yavapaiaz.gov","good","ok","no","no"
"tony.rummans@palomarwealth.com","good","ok","no","no"
"tony@atlanticcapitalpartners.com","good","ok","no","no"
"tony@integrityfinancial.org","good","ok","no","no"
"tony@jnjwealthmg.com","good","ok","no","no"
"tony@laneequipment.com","good","ok","no","no"
"tony@lifetimeretirementpartners.com","good","ok","no","no"
"tony@notofp.com","good","ok","no","no"
"tony@rockybaseball.com","good","ok","no","no"
"tony@staterawealth.com","good","ok","no","no"
"tory.larson@equitable.com","good","ok","no","no"
"tosha.jasper@hermannoakleather.com","good","ok","no","no"
"tpendergist@evansmanagementgroup.com","good","ok","no","no"
"tporcheron@porchecapital.com","good","ok","no","no"
"tporter@wentzfinancialgroup.com","good","ok","no","no"
"tracey.hendrix@riverfront-wm.com","good","ok","no","no"
"traceym@csaseapines.com","good","ok","no","no"
"traci.steelman@raymondjames.com","good","ok","no","no"
"tracy@soulsbyaccounting.com","good","ok","no","no"
"tracy@wecleanheatpumps.com","good","ok","no","no"
"tracya@rmtc.net","good","ok","no","no"
"tracypoynter@btinternet.com","risky","unknown","yes","no"
"travis@frmfinancialgroup.com","good","ok","no","no"
"treasurer@mycommodores.org","good","ok","no","yes"
"trent.barrett@tristatefa.com","good","ok","no","no"
"trenton.mullins@equitable.com","good","ok","no","no"
"trevis.bonnett@voyafa.com","good","ok","no","no"
"trevor.miller@inspireadvisors.com","good","ok","no","no"
"trevor.salisbury@equitable.com","good","ok","no","no"
"trevor@lifeplanfinancial.biz","risky","unknown","no","no"
"trevor@topoadvisors.com","risky","catch_all","no","no"
"trey@lifetimeretirementpartners.com","good","ok","no","no"
"trisha@buchanan-plumbing.com","good","ok","no","no"
"tschafer@501c3advisory.com","bad","invalid","no","no"
"tschiller@wealthdimensions.com","good","ok","no","no"
"tscholten@yargerwealth.com","good","ok","no","no"
"tsnyder@altra.org","good","ok","no","no"
"tsulpizio@wonderspring.org","good","ok","no","no"
"tsusalski@bamadvisorygroup.com","good","ok","no","no"
"tthoreson@fsbwashburn.com","good","ok","no","no"
"ttillema@cedarcreekfg.com","good","ok","no","no"
"turner@ridgelineadvisors.us","good","ok","no","no"
"tuvia@suburban-management.com","good","ok","no","no"
"tuzzo@arbpe.com","good","ok","no","no"
"tweavers@hollandpublicschools.org","good","ok","no","no"
"twilliams@currywebb.com","good","ok","no","no"
"twindler@primeretirement.com","good","ok","no","no"
"twinter@bartlettschools.org","good","ok","no","no"
"ty.king@russellfinancialadvisors.com","good","ok","no","no"
"ty@beaconcm.com","good","ok","no","no"
"tyler.brautigan@cfswv.com","good","ok","no","no"
"tyler.david@equitable.com","good","ok","no","no"
"tyler.felder@equitable.com","good","ok","no","no"
"tyler.komack@pnc.com","good","ok","no","no"
"tyler.morris@raymondjames.com","risky","unknown","no","no"
"tyler.neal@equitable.com","good","ok","no","no"
"tyler.tisdell@licentiafinancial.com","good","ok","no","no"
"tyler.weaver@alphafa.com","good","ok","no","no"
"tyler@gofsg.com","good","ok","no","no"
"tyler@gryphonlandscape.com","good","ok","no","no"
"tyler@guardianfinancialmanagement.com","good","ok","no","no"
"tyler@marshallfinancialgroup.com","good","ok","no","no"
"tylerc@highliferecovery.com","good","ok","no","no"
"tylerobagy@premiersecurityutah.com","risky","catch_all","no","no"
"ulmk@bcesc.org","good","ok","no","no"
"upah.wes@principal.com","good","ok","no","no"
"ute.trink@altana.com","good","ok","no","no"
"valentina.perkins@reliantmaritime.com","good","ok","no","no"
"valerie@robare-jones.com","good","ok","no","no"
"vandana@openup.org","good","ok","no","no"
"vas@computech-inc.com","good","ok","no","no"
"vhall@chdouglas.com","good","ok","no","no"
"vhiratuka@elevatedretirement.com","good","ok","no","no"
"vianney.verzola@equitable.com","good","ok","no","no"
"vicky@algarconstruction.com","good","ok","no","no"
"victor.angeles@onemainfinancial.com","bad","invalid","no","no"
"victor.connor@raymondjames.com","good","ok","no","no"
"victor.furniss@regions.com","good","ok","no","no"
"vihan.patil@equitable.com","good","ok","no","no"
"vikki.wofford@ludlow.kyschools.us","good","ok","no","no"
"vilas@pri-llc.com","risky","unknown","no","no"
"villa.alicia@principal.com","good","ok","no","no"
"vince.ryan@morningbrew.com","good","ok","no","no"
"vincent.martina@equitable.com","good","ok","no","no"
"vinh.ho@equitable.com","good","ok","no","no"
"virginia@hmfp.us","good","ok","no","no"
"viv@scheyden.com","good","ok","no","no"
"vparish@careprivatewealth.com","good","ok","no","no"
"w.brady@gardenswm.com","good","ok","no","no"
"wade@filmthis.net","good","ok","no","no"
"wade@mentorschools.org","good","ok","no","no"
"walls.j@cmtcomponents.com","risky","catch_all","no","no"
"walter.davenport@equitable.com","good","ok","no","no"
"warren@fundamentaladvice.com","good","ok","no","no"
"wayne.krantz@primeequipmentusa.com","good","ok","no","no"
"wayne@presperfinancial.com","good","ok","no","no"
"wbangs@momentumin.com","good","ok","no","no"
"wbaxter@baxterinvestment.com","good","ok","no","no"
"wcapece@xaverian.org","good","ok","no","no"
"wcc@advantagepackaging.net","good","ok","no","no"
"wendy@protegro.com","good","ok","no","no"
"wesley.norman@equitable.com","good","ok","no","no"
"wesleydunn@usffcl.com","good","ok","no","no"
"wesleyt@bitari.net","risky","catch_all","no","no"
"west.schmitt@raymondjames.com","good","ok","no","no"
"wgottfried@goldstonefinancialgroup.com","good","ok","no","no"
"whit.king@pnc.com","good","ok","no","no"
"wholt@financialsymmetry.com","good","ok","no","no"
"will.alvis@6degreeswealth.com","risky","catch_all","no","no"
"will@cwsfas.com","good","ok","no","no"
"will@ficapnc.com","good","ok","no","no"
"will@harvestpartnersfinancial.com","good","ok","no","no"
"will@hisbizllc.com","good","ok","no","no"
"will@readywealthadvisors.com","risky","unknown","no","no"
"willcaudron@riverfrontwealthadvisors.com","good","ok","no","no"
"william.bradford@equitable.com","good","ok","no","no"
"william.jones@equitable.com","good","ok","no","no"
"william.lichota@elevatefpwm.com","good","ok","no","no"
"william.r.shulack@ampf.com","good","ok","no","no"
"william.spruill@tfaconnect.com","good","ok","no","no"
"william.strey@equitable.com","good","ok","no","no"
"william.yancey@nm.com","good","ok","no","no"
"william@junioreconomicclub.org","good","ok","no","no"
"william@phillipsfinancialstrategies.com","good","ok","no","no"
"william@vankirkwa.com","good","ok","no","no"
"william_thoreson-green@uhc.com","good","ok","no","no"
"willis@dmkc.com","good","ok","no","no"
"willpetty@goldenmack.com","good","ok","no","no"
"wlopez@vinaligroup.com","good","ok","no","no"
"wmartin@uhywealth.com","good","ok","no","no"
"wmatejka@buckeye457.com","good","ok","no","no"
"workmansa@troup.org","good","ok","no","no"
"worozco@ripconciv.com","good","ok","no","no"
"wrhodes@fcgwm.com","good","ok","no","no"
"wuw@catlbattery.com","risky","catch_all","no","no"
"wyatt.montague@equitable.com","good","ok","no","no"
"wynston.mackie@equitable.com","good","ok","no","no"
"xiaolan.li@siemens.com","good","ok","no","no"
"xzhang@clarimed.com","good","ok","no","no"
"yaelf@loopslab.com","good","ok","no","no"
"yahir.hernandez@nm.com","risky","unknown","no","no"
"yamile@brioaccounting.com","good","ok","no","no"
"yangpei@ata.net.cn","good","ok","no","no"
"yanhong.li@equitable.com","good","ok","no","no"
"yaron.shamash@equitable.com","bad","invalid","no","no"
"ydominguez@serviteksolutions.com","good","ok","no","no"
"yi.hao@ampf.com","good","ok","no","no"
"yiller.auyon@equitable.com","good","ok","no","no"
"yjohnson@splendoraisd.org","good","ok","no","no"
"yk@kpopnara.com","good","ok","no","no"
"yolanda.copeland@convergentfp.com","good","ok","no","no"
"yousaf.khan@equitable.com","good","ok","no","no"
"yukie@muginohointl.com","good","ok","no","no"
"yurjen@dejonghverzekeringen.nl","good","ok","no","no"
"z.flitter-bilello@equitable.com","good","ok","no","no"
"zac.hersman@raymondjames.com","risky","unknown","no","no"
"zach@pathwayfinancial.biz","good","ok","no","no"
"zachary.ancel@equitable.com","good","ok","no","no"
"zachary.ellis@fourcornersfa.com","good","ok","no","no"
"zachary.hietpas@equitable.com","good","ok","no","no"
"zachary.lee@saswealth.com","good","ok","no","no"
"zachary.merritt@equitable.com","good","ok","no","no"
"zachary.rose@equitable.com","good","ok","no","no"
"zachary.schillinger@equitable.com","good","ok","no","no"
"zachary.zimovan@equitable.com","good","ok","no","no"
"zachary@lifetimeplanning.com","good","ok","no","no"
"zachary@wealthbridgefg.com","good","ok","no","no"
"zacs@wallstreetins.com","good","ok","no","no"
"zahlerm@lakeridgeacademy.org","good","ok","no","no"
"zane.vanderlinden@tristatefa.com","good","ok","no","no"
"zelliott@westernotb.com","good","ok","no","no"
"zena.dede@gerbertechnology.com","bad","invalid","no","no"
"zrivard@straightline.com","good","ok","no","no"
"zsanderson@raineyga.com","good","ok","no","no"
"zsavage@arkomaops.com","good","ok","no","no"
"zying18@bloomberg.net","good","ok","no","no"
