"email","quality","result","free","role"
"a.bertin@thecobblers.com","good","ok","no","no"
"a.buczek@vertexservicepartners.com","good","ok","no","no"
"a.engwis@vertexservicepartners.com","good","ok","no","no"
"a.tancreto@naplesglobaladvisors.com","good","ok","no","no"
"a@f.sale","risky","catch_all","no","no"
"aabraham@frblaw.com","good","ok","no","no"
"aamirault@avtsim.com","good","ok","no","no"
"aanthony@mainlinehealth.net","good","ok","no","no"
"aarchambault@nutrabolt.com","good","ok","no","no"
"aaron.gjellstad@luxury-frontiers.com","risky","catch_all","no","no"
"aaron.gonzales@crescentcrown.com","good","ok","no","no"
"aaron.gott@bonalawpc.com","good","ok","no","no"
"aaron.gravitz@greenleaflabs.com","bad","invalid","no","no"
"aaron.hulsey@gabriellawhite.com","good","ok","no","no"
"aaron@atraxiamedia.com","good","ok","no","no"
"aaron@g-glawgroup.com","good","ok","no","no"
"aaron@genevagp.com","good","ok","no","no"
"aaron@gesture.vip","good","ok","no","no"
"aaron@highsthospitality.com","good","ok","no","no"
"aaronr@chironre.com","good","ok","no","no"
"abajorat@bbjgroup.com","good","ok","no","no"
"abanuelos@ghslaw.com","good","ok","no","no"
"abbi.rose@barrenheights.org","good","ok","no","no"
"abby.byers@fit-flavors.com","risky","catch_all","no","no"
"abby@amorelearning.com","good","ok","no","no"
"abereal-lee@mulfil.com","good","ok","no","no"
"abhishek.vijayakumar@vecnarobotics.com","good","ok","no","no"
"abrooks@valeoresources.com","good","ok","no","no"
"abruehl@nbts.edu","good","ok","no","no"
"abryan@ht-di.com","bad","invalid","no","no"
"abullard@thinkedc.com","good","ok","no","no"
"acampana@americafirstpolicy.com","good","ok","no","no"
"acano@permiantank.com","good","ok","no","no"
"acapuano@cybertactics.com","good","ok","no","no"
"achristians@greenbeltadv.com","good","ok","no","no"
"acivitano@specfranchise.com","good","ok","no","no"
"aclizzie@aact302.com","risky","catch_all","no","no"
"acohen@providenthcm.com","good","ok","no","no"
"acollura@guidepostsolutions.com","good","ok","no","no"
"acoren@diowavelaser.com","good","ok","no","no"
"across@afascharleston.com","good","ok","no","no"
"acurry@bergtherapymn.com","good","ok","no","no"
"acushing@mybri.org","good","ok","no","no"
"ada.arevalo@lacahsa.gov","good","ok","no","no"
"adalton@futurohealth.org","good","ok","no","no"
"adam.bouchard@flynashville.com","good","ok","no","no"
"adam.brown@wjccschools.org","good","ok","no","no"
"adam.burris@infinity-mo.com","good","ok","no","no"
"adam.martinez@cfpb.gov","good","ok","no","no"
"adam.pompei@yourbrightcover.com","good","ok","no","no"
"adam.procell@bluefrontierac.com","good","ok","no","no"
"adam@hashems.com","risky","unknown","no","no"
"adam@synventures.com","good","ok","no","no"
"adamkinsinger@opportunityfunding.net","risky","unknown","no","no"
"adefazio@joedefaziooil.com","good","ok","no","no"
"adelecollis@bridgemcfarland.co.uk","bad","invalid","no","no"
"adeola@crysandtiana.com","good","ok","no","no"
"aditi@multiplymortgage.com","good","ok","no","no"
"adorsey@cleavermedicalgroup.com","good","ok","no","no"
"adorsman@brandywineoak.com","good","ok","no","no"
"adouglass@etsjobs.com","good","ok","no","no"
"adrenne@mven.org","risky","unknown","no","no"
"adutta@hellomainland.com","good","ok","no","no"
"ae@hatzolair.org","good","ok","no","no"
"aecheverry@boldtype.com","good","ok","no","no"
"af@axm.global","risky","catch_all","no","no"
"afarhat@ltlstaffing.com","bad","invalid","no","no"
"afischer@bettermarkets.org","good","ok","no","no"
"afletcher@outdoorindustry.org","good","ok","no","no"
"aforsythe@imentor.org","good","ok","no","no"
"afrain@butchspropane.com","good","ok","no","no"
"agander@pherson.org","good","ok","no","no"
"agarcia@wehope.org","good","ok","no","no"
"agata@irresults.com","good","ok","no","no"
"agents@sailorandassociates.com","risky","unknown","no","yes"
"agerlach@downtowncleveland.com","good","ok","no","no"
"aggie@ambesa.co","risky","catch_all","no","no"
"agilchrist@designsforhealth.com","good","ok","no","no"
"agraybill@hrhealthcare.com","good","ok","no","no"
"aguajardo@hcnbank.com","good","ok","no","no"
"agutierrez@bqsadvisors.com","good","ok","no","no"
"ahadley@shapirometals.com","good","ok","no","no"
"aharris@smv.org","good","ok","no","no"
"ahaverly@1hbank.com","good","ok","no","no"
"aherman@theorlandolawgroup.com","good","ok","no","no"
"ahmed@aledade.com","good","ok","no","no"
"aholley@northlandwtc.org","good","ok","no","no"
"aidan.osullivan@saludamedical.com","good","ok","no","no"
"aileen@signlab.co","good","ok","no","no"
"airende@persimmon.life","good","ok","no","no"
"aironside@guardiancp.com","good","ok","no","no"
"aj@pixelworkforce.com","risky","catch_all","no","no"
"ajenks@waterfordbank.com","good","ok","no","no"
"ajit.gopalakrishnan@ct.gov","good","ok","no","no"
"ajohnson@infobase.com","good","ok","no","no"
"ajuban@capitolfunding.us","good","ok","no","no"
"ak@forgeorigination.com","good","ok","no","no"
"ak@mcfund.us","bad","invalid","no","no"
"akash@adnexusmarketing.com","good","ok","no","no"
"akeys@mvsu.edu","good","ok","no","no"
"akhouri@shapiroandduncan.com","good","ok","no","no"
"akierce@jascpa.org","good","ok","no","no"
"akim@carlosrosario.org","good","ok","no","no"
"aking@yfc.net","good","ok","no","no"
"akitwara@citycarehome.com","good","ok","no","no"
"akurlas@hkfunds.co","good","ok","no","no"
"al.bugbee@deadriver.com","good","ok","no","no"
"al.lauzon@defcert.com","good","ok","no","no"
"al@cityshieldllc.com","good","ok","no","no"
"al@hachroselaw.com","good","ok","no","no"
"al@iheartjane.com","good","ok","no","no"
"alabreck@bowdoin.edu","good","ok","no","no"
"alan.wynn@specialtycompins.com","good","ok","no","no"
"alan@augnitionglobal.com","risky","catch_all","no","no"
"alan@claritylegalgroup.com","good","ok","no","no"
"alan@dash2group.com","good","ok","no","no"
"albertmelin@synergyhomecare.com","good","ok","no","no"
"alec@aptslist.com","bad","invalid","no","no"
"aleena.pontorno@amasonaesthetics.com","risky","catch_all","no","no"
"aleksa.kurbalija@meninblazers.com","good","ok","no","no"
"aleksandra@akhomehealth.com","good","ok","no","no"
"alessio@studyabroadassociation.com","risky","catch_all","no","no"
"alewis@essentialpm.com","good","ok","no","no"
"alex.cantor@scouting.org","good","ok","no","no"
"alex.flick@cfahinesville.com","good","ok","no","no"
"alex.fritz@scouting.org","good","ok","no","no"
"alex@collegeaidservices.net","good","ok","no","no"
"alex@dtformulations.com","good","ok","no","no"
"alex@gracioushm.com","good","ok","no","no"
"alex@grandriverbrewery.com","good","ok","no","no"
"alex@madebywifi.com","good","ok","no","no"
"alex@medicalfitsolutions.com","good","ok","no","no"
"alex@seek-one.com","risky","catch_all","no","no"
"alex@staysharpapparel.com","risky","catch_all","no","no"
"alexboneo@arizonaborderalliance.org","good","ok","no","no"
"alexi@ingage.biz","good","ok","no","no"
"alexis.vennes@realadvice.com","good","ok","no","no"
"alexis@mnisotafund.org","risky","catch_all","no","no"
"alfredog@staylumina.com","good","ok","no","no"
"ali.a@ulsamerica.com","good","ok","no","no"
"alice@madexus.com","good","ok","no","no"
"alina@duranlawoffices.com","good","ok","no","no"
"aline@bygomes.com","good","ok","no","no"
"alison.genson@elitehomehealth.org","good","ok","no","no"
"alison.johnson@kellerpostman.com","good","ok","no","no"
"alison.rosen@sekon.com","good","ok","no","no"
"alison@schneiderwilliamson.com","good","ok","no","no"
"aliuzza@stagliuzza.com","good","ok","no","no"
"allen.hillstrom@wcthelp.com","good","ok","no","no"
"allen@testerconstruction.com","good","ok","no","no"
"allison@changingplaces.today","good","ok","no","no"
"allison@theoaksbh.com","risky","catch_all","no","no"
"ally@nobilolaw.com","good","ok","no","no"
"alm@metropolis-ama.com","good","ok","no","no"
"almcconnell@rosseducation.edu","good","ok","no","no"
"alopez@beaconcollege.edu","good","ok","no","no"
"alsabtani.a@hotclucks.com","good","ok","no","no"
"alucente@altrexps.com","risky","unknown","no","no"
"aly@junctionbh.com","good","ok","no","no"
"alynch@queenslink.org","good","ok","no","no"
"amanda.cass@acefitness.org","good","ok","no","no"
"amanda.self@lexinegroup.com","risky","unknown","no","no"
"amanda.svaleson@powermaxenergy.com","good","ok","no","no"
"amanda.throgmorton@deaconess.com","good","ok","no","no"
"amanda.vandewege@sirs.org","risky","unknown","no","no"
"amanda@olivela.com","good","ok","no","no"
"amanda@theadvantage.com","good","ok","no","no"
"amarceau@britebound.org","good","ok","no","no"
"amathis@lumentouch.com","good","ok","no","no"
"amattocks@bard.edu","good","ok","no","no"
"ambar@cimentlawfirm.com","good","ok","no","no"
"amber.dardin@dardinilogistics.com","good","ok","no","no"
"amber.holbrook@bankofcolorado.com","good","ok","no","no"
"amber.martin@conturavet.com","good","ok","no","no"
"amber@eastmangroupllc.net","good","ok","no","no"
"amber@sportofbusiness.com","good","ok","no","no"
"amber@vznplatform.com","bad","invalid","no","no"
"amberb@loganadgroup.com","good","ok","no","no"
"amckee@lawmed.com","good","ok","no","no"
"amcneal@acfe.com","good","ok","no","no"
"amelia@cornerstonefinance.net","risky","catch_all","no","no"
"amercurio@vurvey.com","good","ok","no","no"
"amezrow@mezrowlaw.com","good","ok","no","no"
"ami@las-corp.com","good","ok","no","no"
"amiem@fmatic.com","risky","catch_all","no","no"
"amiller@uniroyalglobal.com","good","ok","no","no"
"ammar.marzuki@smartechworld.com","good","ok","no","no"
"amy.kotulski@winstontaylor.com","good","ok","no","no"
"amy.marcenaroheckman@ja.org","good","ok","no","no"
"amy.oppio@nevadaart.org","good","ok","no","no"
"amy.rodgers@canmorecompany.com","good","ok","no","no"
"amy.warren@natureforward.org","good","ok","no","no"
"amy@aminc.org","good","ok","no","no"
"amy@mfinjury.com","risky","catch_all","no","no"
"amy@registryinterim.com","good","ok","no","no"
"amyperdek@waterfallbank.com","good","ok","no","no"
"anand.gandhi@piersonwireless.com","good","ok","no","no"
"ananda.jami@datalake-solutions.com","good","ok","no","no"
"anastasia.lamb@onbe.com","good","ok","no","no"
"andre@blasttech.com","good","ok","no","no"
"andrea.davis@sparrow-advisors.com","good","ok","no","no"
"andrea.lyons@caa.org","good","ok","no","no"
"andrea@advancedfamilyeyecare.com","good","ok","no","no"
"andrea@avalonaction.org","good","ok","no","no"
"andrea@marketgrowthconsulting.com","risky","catch_all","no","no"
"andree.bourgon@ascendexuw.com","good","ok","no","no"
"andres@bvinfo.net","good","ok","no","no"
"andrew.hoke@ca.solutions","risky","catch_all","no","no"
"andrew.skibo@clearchannelvm.com","good","ok","no","no"
"andrew.stein@vermont.gov","good","ok","no","no"
"andrew.tugwell@acornpeople.com","good","ok","no","no"
"andrew@bullishstudio.com","risky","catch_all","no","no"
"andrew@erebor.so","good","ok","no","no"
"andrew@riptide-advisors.com","good","ok","no","no"
"andrew@truherd.com","risky","catch_all","no","no"
"andrew@wcc-birmingham.com","good","ok","no","no"
"andrewc@resourceconsulting.com","good","ok","no","no"
"andrewlee@pocas.com","good","ok","no","no"
"andrewsoignier@athion.io","good","ok","no","no"
"andrewvang@ucla.edu","good","ok","no","no"
"andy.reding@inogen.net","good","ok","no","no"
"andy@pmisports.com","good","ok","no","no"
"andy@simula.no","good","ok","no","no"
"andyr@rightwaycleaningny.com","risky","catch_all","no","no"
"angel@tinywindowsconsulting.com","risky","catch_all","no","no"
"angela@illuminious.com","good","ok","no","no"
"angelina@conformationalaesthetics.com","risky","catch_all","no","no"
"angelique@rebelmdia.com","risky","unknown","no","no"
"angelo@elevatefitnesspt.com","good","ok","no","no"
"angie.stallings@ushe.edu","good","ok","no","no"
"angie@ilenviro.org","good","ok","no","no"
"anichols@appliedproducts.com","good","ok","no","no"
"anicolet@haartz.com","good","ok","no","no"
"anielly.karise@zeonsmi.com","good","ok","no","no"
"anish.shah@trossenrobotics.com","good","ok","no","no"
"ann.gillespie@cultureshiftteam.com","good","ok","no","no"
"ann.mao@headlandsresearch.com","good","ok","no","no"
"ann@bobihealth.com","good","ok","no","no"
"ann@tidemarkcap.com","good","ok","no","no"
"anna@drcchicago.com","good","ok","no","no"
"anna@drlus.com","good","ok","no","no"
"anna@oya.ai","good","ok","no","no"
"annalea@gorgazma.com","good","ok","no","no"
"annalisa.lippman@lippmanrecupero.com","good","ok","no","no"
"anne.sterner@daleworkforce.com","good","ok","no","no"
"anne@g2vp.com","good","ok","no","no"
"anne@lincolntax.com","bad","invalid","no","no"
"annemarie@digdeep.org","good","ok","no","no"
"annie@fractional.ai","good","ok","no","no"
"anthony.adamson@licketysplitfl.com","good","ok","no","no"
"anwachuku@omniab.com","good","ok","no","no"
"anyagada@learn-with-us.com","good","ok","no","no"
"aochs@smiletrain.org","good","ok","no","no"
"aortega@viotellmc.com","good","ok","no","no"
"apalma@intrinsiccapitalpartners.com","good","ok","no","no"
"aparsons@gha.org","good","ok","no","no"
"apatel@covepg.com","good","ok","no","no"
"apearson@obriengarrett.com","good","ok","no","no"
"apepper@strategic-med.com","good","ok","no","no"
"aperez@heavycrownmedia.com","good","ok","no","no"
"aperez@kcbconsultingsolutions.com","good","ok","no","no"
"apetersen@nautic.com","good","ok","no","no"
"apolidoro@wwcgllc.com","good","ok","no","no"
"apotecha@wilmingtonchristian.org","good","ok","no","no"
"ar@quizlet.com","good","ok","no","no"
"arainhart@fredlaw.com","good","ok","no","no"
"arajkumar@skipcart.com","good","ok","no","no"
"aranglewicz@particletechlabs.com","good","ok","no","no"
"areif@ymcabn.org","good","ok","no","no"
"ari@link-int.com","good","ok","no","no"
"ariana.sandoval@cocodelivery.com","good","ok","no","no"
"ariel@senseofpeacehomecare.com","risky","unknown","no","no"
"arjun.prasad@compasstherapeutics.com","good","ok","no","no"
"arjun@markinfotech.com","good","ok","no","no"
"arobinson@natcaptreatment.org","good","ok","no","no"
"arobles@usa-ntc.com","good","ok","no","no"
"arodriguez@elacc.org","good","ok","no","no"
"arousey@velosource.com","good","ok","no","no"
"arpit.goliya@hexaviewtech.com","good","ok","no","no"
"art@evolutionaw.com","good","ok","no","yes"
"aruna.prasad@scribehow.com","good","ok","no","no"
"arung@lumovy.com","good","ok","no","no"
"arutt@gatewayservicesinc.com","good","ok","no","no"
"arya@aranya.tech","good","ok","no","no"
"asaieh@midtown-capital.com","good","ok","no","no"
"ashanti@rivertreeacademy.org","good","ok","no","no"
"asharma@crescentone.com","good","ok","no","no"
"ashish@akumin.com","bad","invalid","no","no"
"ashleigh@idealeyesurgery.com","good","ok","no","no"
"ashley.cook@wallworkfinancial.com","risky","catch_all","no","no"
"ashley.zumwalt@metalsacqcorp.com","risky","catch_all","no","no"
"ashley@ilabh.org","good","ok","no","no"
"ashley@lostcoastpros.com","good","ok","no","no"
"ashley@mcgovernoutdoor.com","good","ok","no","no"
"ashley@tuesdayhealth.com","good","ok","no","no"
"ashleydawn@servicedps.com","good","ok","no","no"
"ashleyk@cbtrial.com","good","ok","no","no"
"ashotmeyerporter@christianhealthnj.org","good","ok","no","no"
"asickler@peacerivergardens.org","good","ok","no","no"
"asl@whitleylawfirm.com","good","ok","no","no"
"asmith@hb-global.com","good","ok","no","no"
"aspilman@doctorscare.org","risky","catch_all","no","no"
"assaf@mejor-group.com","good","ok","no","no"
"astelton-swan@jpg-cap.com","bad","invalid","no","no"
"atavarez@aaiafrica.org","good","ok","no","no"
"athena@rockytechs.com","good","ok","no","no"
"athorwart@integritywarranty.com","bad","invalid","no","no"
"atlanta@rhino-restore.com","risky","catch_all","no","no"
"audra.taylor@southtexasblood.org","good","ok","no","no"
"audrey@nexgenx.org","good","ok","no","no"
"audreyd@logic2020.com","good","ok","no","no"
"audreyjosey@abicenter.com","bad","invalid","no","no"
"aurora@culinarycollective.com","good","ok","no","no"
"austin.line@generationslegalservices.com","good","ok","no","no"
"austin@rinnovareinc.com","good","ok","no","no"
"austin@shopnou.com","good","ok","no","no"
"austin@wildmandrinking.com","good","ok","no","no"
"autumn@libertyautomotive.com","good","ok","no","no"
"avazirani@asymca.org","good","ok","no","no"
"avelez@loyalsource.com","good","ok","no","no"
"aventura@maacproject.org","good","ok","no","no"
"avillalba@kriptos.io","good","ok","no","no"
"avis@jma-solutions.com","good","ok","no","no"
"avosburgh@ghacf.org","good","ok","no","no"
"aweisner@celadonco.com","risky","catch_all","no","no"
"awright@risingstarenergy.com","bad","invalid","no","no"
"azucenav@sdhc.org","good","ok","no","no"
"b.hansen@kennedyex.com","good","ok","no","no"
"b.schuler@in-gearmedia.com","risky","catch_all","no","no"
"b.walsh@hlstherapeutics.com","good","ok","no","no"
"ba@frankelhomes.com","good","ok","no","no"
"balashj@lithko.com","good","ok","no","no"
"balazs@minshulltrading.com","good","ok","no","no"
"ballentine@lithko.com","good","ok","no","no"
"banks@virginia.edu","good","ok","no","no"
"barbara@glassroom.com","good","ok","no","no"
"barrette@uclubprov.com","good","ok","no","no"
"bashby@virginia.edu","good","ok","no","no"
"bbaker@northhouston.org","good","ok","no","no"
"bbaldwin@infinidrivemotors.com","good","ok","no","no"
"bbarnes@drinkslaw.com","good","ok","no","no"
"bbauer@blingle.com","good","ok","no","no"
"bbeesetty@waditek.com","good","ok","no","no"
"bbf@epiqpartnersllc.com","good","ok","no","no"
"bbohn@bdbcollegiatesolutions.com","good","ok","no","no"
"bbrowe@browe-inc.com","good","ok","no","no"
"bbunkall@theinsurancebox.com","good","ok","no","no"
"bburgert@pfswm.com","good","ok","no","no"
"bbutler@rgep.com","good","ok","no","no"
"bcarlson@ascentbank.com","good","ok","no","no"
"bchesner@rgfllp.com","good","ok","no","no"
"bclark@fnbkentucky.com","good","ok","no","no"
"bclee@induscap.com","good","ok","no","no"
"bcollins@titanechelon.com","good","ok","no","no"
"bcox@turnipseed.com","good","ok","no","no"
"bcraig@deerparkrd.com","good","ok","no","no"
"bcramer@expedition.earth","good","ok","no","no"
"bdamico@tedbritt.com","good","ok","no","no"
"bdilts@centrawellness.org","good","ok","no","no"
"bearden@gwotmf.org","good","ok","no","no"
"beau@clearwavecarwash.com","good","ok","no","no"
"beau@floridaveterans.org","good","ok","no","no"
"beau@thesimongroupusa.com","risky","catch_all","no","no"
"becky@chefsdeal.com","good","ok","no","no"
"bemler@b2b.legal","good","ok","no","no"
"ben.k@ingeniumimaging.com","good","ok","no","no"
"ben.lahlou@primesay.com","good","ok","no","no"
"ben.mahlke@scouting.org","good","ok","no","no"
"ben.poutre@bonsairobotics.ai","good","ok","no","no"
"ben@612signs.com","good","ok","no","no"
"ben@bigwattdigital.com","good","ok","no","no"
"ben@directlandscapesupply.com","good","ok","no","no"
"ben@earthscapesvb.com","risky","catch_all","no","no"
"ben@impactallies.com","good","ok","no","no"
"ben@matr.art","risky","catch_all","no","no"
"ben@shiprls.com","good","ok","no","no"
"ben@shoretosummitwm.com","good","ok","no","no"
"ben@tamcocompany.com","good","ok","no","no"
"ben@thelawfareproject.org","good","ok","no","no"
"ben@us21.com","good","ok","no","no"
"bender.aydin@agpowersys.com","good","ok","no","no"
"benjamin.gray@jamesfoleyfoundation.org","good","ok","no","no"
"benjamin@cleartitleco.com","good","ok","no","no"
"benjamin@togethersc.org","good","ok","no","no"
"benl@prcny.com","good","ok","no","no"
"bernardo@kobylinski.com.br","good","ok","no","no"
"beskandari@omirepair.com","good","ok","no","no"
"bestmo@ghanc.net","good","ok","no","no"
"beth.gossett@rootswc.com","good","ok","no","no"
"beth.tyburski@ja.org","good","ok","no","no"
"betsy.mallow@nyshcr.org","good","ok","no","no"
"bgaffney@stonehaven-llc.com","good","ok","no","no"
"bgarrett@garrett-moore.com","good","ok","no","no"
"bgreen@columnarinvestments.com","good","ok","no","no"
"bgshipld2@cantexinc.com","bad","invalid","no","no"
"bhagwati@teslacadd.com","good","ok","no","no"
"bhassebrock@vpm-legal.com","good","ok","no","no"
"bhosack@dunwoody.edu","good","ok","no","no"
"bhutchinson@nypremierassessment.com","good","ok","no","no"
"biill@cruiselookout.co","bad","invalid","no","no"
"bill.cloin@aqua-it.us","good","ok","no","no"
"bill.francis@cvcfl.com","good","ok","no","no"
"bill.mcconnell@provisionsgroup.com","good","ok","no","no"
"bill.miles@sandiegofc.com","good","ok","no","no"
"bill@northwestexteriors.com","good","ok","no","yes"
"billie@datamatebookkeeping.com","good","ok","no","no"
"billy.larrimore@kognitivedge.com","good","ok","no","no"
"billy.nicola@smbteam.com","good","ok","no","no"
"billy@taptabapp.com","bad","invalid","no","no"
"bj.colaric@missinglink.ai","good","ok","no","no"
"bjackson@envisionunlimited.org","good","ok","no","no"
"bjacobs@wehrungs.com","good","ok","no","no"
"bkabot@regencywealth.com","good","ok","no","no"
"bkane@bridgehospice.net","good","ok","no","no"
"bkedley@harrisbeach.com","good","ok","no","no"
"bkelley@peakcommunity.com","good","ok","no","no"
"bkenney@collaborativehp.com","good","ok","no","no"
"bkojzarek@psimanagement.net","good","ok","no","no"
"bkozak@harrisbeach.com","good","ok","no","no"
"blair.li@cephla.com","good","ok","no","no"
"blake.naquin@cooperservices.com","good","ok","no","no"
"bmariscal@actenviro.com","good","ok","no","no"
"bmears@luminexhdf.com","good","ok","no","no"
"bmilakofsky@911memorial.org","good","ok","no","no"
"bmoore@axisfab.com","good","ok","no","no"
"bo.rivers@fbitn.com","good","ok","no","no"
"bo@cherryirwin.com","good","ok","no","no"
"bob@lilamaxmedia.com","good","ok","no","no"
"bobby@assetlab.us","good","ok","no","no"
"bobby@meyeroutdoorservices.com","bad","invalid","no","no"
"bola@mindtheskinlabs.com","good","ok","no","no"
"bonniebair@itepinc.org","good","ok","no","no"
"bordonez@247onsite.net","good","ok","no","no"
"bourne.amy@dorsey.com","good","ok","no","no"
"bpage@eda.gov","good","ok","no","no"
"bpeters@morsemuseum.org","good","ok","no","no"
"bpowell@thearcgloucester.org","good","ok","no","no"
"brad.bedford@newsmax.com","good","ok","no","no"
"brad.bodoh@scouting.org","good","ok","no","no"
"brad.lierman@pro-it-solutions.com","good","ok","no","no"
"brad.tharp@wellfit.com","good","ok","no","no"
"brad@2ndsummit.org","risky","catch_all","no","no"
"brad@replicate.org","good","ok","no","no"
"bradb@fifthservices.com","good","ok","no","no"
"bradley.carr@cowboyoilfieldservices.com","good","ok","no","no"
"bradley@evomarketing.co","good","ok","no","no"
"bradm@claims411.com","good","ok","no","no"
"brads@wabisabibhc.com","good","ok","no","no"
"bram@keystonewaste.com","good","ok","no","no"
"brandon.benton@oldhamgoodwin.com","good","ok","no","no"
"brandon.ebbensgaard@networkright.com","good","ok","no","no"
"brandon.t.armatas@pers.oregon.gov","good","ok","no","no"
"brandon@hopegives.com","risky","catch_all","no","no"
"brandon@makpc.com","good","ok","no","no"
"brandon@secasecure.com","good","ok","no","no"
"brandonh@hendersonturf.com","good","ok","no","no"
"brandy.brimhall@practisync.com","good","ok","no","no"
"brandy.leyba@c3biz.com","good","ok","no","no"
"braunad@dorot.org","good","ok","no","no"
"brazi@ncrp.org","good","ok","no","no"
"breer@elitedna.com","good","ok","no","no"
"brenna@caringplace.org","good","ok","no","no"
"brennan@greenleaf-labs.com","good","ok","no","no"
"brent.majors@onetechnology.com","risky","catch_all","no","no"
"brent@npcapitaladvisors.com","good","ok","no","no"
"brent@stentech.com","good","ok","no","no"
"bret.mcmanus@crmcwy.org","risky","unknown","no","no"
"brett.gordon@yourfocalpointe.com","good","ok","no","no"
"brett.smith@sam.biz","risky","catch_all","no","no"
"brett@micahspromise.org","good","ok","no","no"
"brett@pureaquaox.com","risky","unknown","no","no"
"brett@southcoastss.com","risky","unknown","no","no"
"brian.b@octulsa.org","good","ok","no","no"
"brian.henley@magnifica.com","good","ok","no","no"
"brian.morgan@markedmenforchrist.org","good","ok","no","no"
"brian.ohearn@cvhospital.org","good","ok","no","no"
"brian.perronne@lpfch.org","good","ok","no","no"
"brian.stalvey@gracecityilm.org","good","ok","no","no"
"brian.york@cgsfederal.com","good","ok","no","no"
"brian@abilyns.com","bad","invalid","no","no"
"brian@fjordfishmarket.com","good","ok","no","no"
"brian@flexfits.com","good","ok","no","no"
"brian@geekpowered.com","good","ok","no","no"
"brian@majr.com","good","ok","no","no"
"brian@mystoragegl.com","good","ok","no","no"
"brian@risegrowth.com","good","ok","no","no"
"brian@sirp.ai","risky","catch_all","no","no"
"brian@solarusapower.com","risky","unknown","no","no"
"brianh@domidocs.com","good","ok","no","no"
"brianhinton@baderlaw.com","good","ok","no","no"
"brianjmurray@gbusjj.com","good","ok","no","no"
"brianmclendon@stablebookgroup.com","risky","catch_all","no","no"
"brianna.mcfadden@buzzfeed.com","good","ok","no","no"
"brianpetersen@hominc.com","good","ok","no","no"
"bridget@tflawllc.com","good","ok","no","no"
"brittanie.baker@bbtheatres.com","good","ok","no","no"
"brittany@fcedc.com","good","ok","no","no"
"brittany@gobuassociates.com","good","ok","no","no"
"brittnee@architecttaxandadvisory.com","good","ok","no","no"
"brooke@servprosooland.com","good","ok","no","no"
"brooke@simongjewelry.com","good","ok","no","no"
"bruce@anglobalholdings.com","good","ok","no","no"
"bruce@artandremembrance.org","good","ok","no","no"
"bryan.dods@novrapower.com","good","ok","no","no"
"bryan.lawson@awtlabelpack.com","good","ok","no","no"
"bryan.polletta@evanstongolfclub.org","good","ok","no","no"
"bryan@havencenter.me","good","ok","no","no"
"bryanb@united-ortho.com","good","ok","no","no"
"bryanp@9sail.com","good","ok","no","no"
"bryce@mightycause.com","good","ok","no","no"
"bryon.haverstick@scouting.org","good","ok","no","no"
"bsanders@civil-edge.com","good","ok","no","no"
"bsantana@mutualground.org","good","ok","no","no"
"bsaucier@connectder.com","good","ok","no","no"
"bsingh@greenpwrd.com","good","ok","no","no"
"bskinner@dpsamerica.com","good","ok","no","no"
"bthompson@simpsonu.edu","good","ok","no","no"
"btraan@syntaxdata.com","good","ok","no","no"
"buckman.s@assessmentfirst.com","good","ok","no","no"
"bud.fahey@natus.com","good","ok","no","no"
"buddy@nextstepstutoring.com","good","ok","no","no"
"busra@teknoraks.com","good","ok","no","no"
"butch@fourfrontrep.com","good","ok","no","no"
"buysal@bpcs.com","good","ok","no","no"
"bwalker@fullspectrum-imaging.com","good","ok","no","no"
"bwalters@growcapitalinc.com","good","ok","no","no"
"bwatson@blue-hive.com","good","ok","no","no"
"bweissert@protectionsi.com","good","ok","no","no"
"bwest@ppcpartners.com","good","ok","no","no"
"bwilliams@cityoffernley.org","good","ok","no","no"
"bwright@getfasolutions.com","good","ok","no","no"
"bzamorano@mywfh.com","good","ok","no","no"
"c.krebs-lee@sscmusic.org","good","ok","no","no"
"c.kuhn@romaingauthier.com","good","ok","no","no"
"c.sonora@culturekings.com","risky","catch_all","no","no"
"cacedo@lawyerfightsforyou.com","good","ok","no","no"
"cacker@firstcitybankga.com","good","ok","no","no"
"caelyn@alva.xyz","risky","catch_all","no","no"
"caitilin.golob@vcuhealth.org","good","ok","no","no"
"caitlin.douglas@elevationpoint.com","good","ok","no","no"
"caitlin@123g.co","good","ok","no","no"
"caitlin@thediabeteslink.org","good","ok","no","no"
"caitlin@valhallacap.com","risky","catch_all","no","no"
"cal@proactiveit.org","good","ok","no","no"
"cale@sewingmachineshop.com","good","ok","no","no"
"caleb@cupsmission.com","good","ok","no","no"
"callender@davistrust.com","good","ok","no","no"
"camden@bollardbarrier.com","risky","unknown","no","no"
"cameron.hernandez@mountsinai.org","good","ok","no","no"
"cameron@bayplanningcoalition.org","good","ok","no","no"
"cameron@westharborhc.com","good","ok","no","no"
"campbellc@cha-nc.org","good","ok","no","no"
"candace@pivotproject.com","good","ok","no","no"
"cantinonejr@greenwatersolutions.org","good","ok","no","no"
"capps@rushnrelax.com","risky","catch_all","no","no"
"cara@warlawgroup.com","bad","invalid","no","no"
"caraw@calforests.org","good","ok","no","no"
"carce@koponairdo.com","good","ok","no","no"
"carissa@dialogicaai.com","good","ok","no","no"
"carl.miller@hamiltoncaster.com","good","ok","no","no"
"carl@archeracq.com","risky","catch_all","no","no"
"carl@proudhoundcoffee.com","good","ok","no","no"
"carla@cordermanagement.com","bad","invalid","no","no"
"carla@gsrventures.com","good","ok","no","no"
"carliej@saltandlighthaulingsolutions.com","risky","catch_all","no","no"
"carlo@mrcleansolution.com","good","ok","no","no"
"carlos@visionsbridge.com","good","ok","no","no"
"carmen.matzke@mainstartrust.com","good","ok","no","no"
"caroline@craniosure.com","good","ok","no","no"
"carolmazzoni@rdm.video","good","ok","no","no"
"carrie.gordon@cda.org","good","ok","no","no"
"carrie@acn-sa.org","good","ok","no","no"
"carrie@blairbh.com","good","ok","no","no"
"carrie@sisterspropertymgt.com","good","ok","no","no"
"carter@clarusway.com","risky","catch_all","no","no"
"caryn.suffredini@leclaircapitalpartners.com","risky","catch_all","no","no"
"casey@grantchiro.com","good","ok","no","no"
"casey@orrgroup.com","good","ok","no","no"
"caseya@healthyplacesbydesign.org","good","ok","no","no"
"caseyv@cvg-builders.com","good","ok","no","no"
"catalina.cadavid@bbva.com","good","ok","no","no"
"catana@hookhub.co","risky","catch_all","no","no"
"catherinew@agilepartnering.com","good","ok","no","no"
"cathy@fchealth.org","good","ok","no","no"
"catlinj@gastrooffice.com","good","ok","no","no"
"cbaird@therowancenter.org","good","ok","no","no"
"cbeanblossom@edisonohio.edu","good","ok","no","no"
"cbeimert@biomatrixintl.com","good","ok","no","no"
"cbennethum@wastesolutionsofiowa.com","good","ok","no","no"
"cbirdwell@andrewsmyers.com","good","ok","no","no"
"cbischoff@generalcatalyst.com","good","ok","no","no"
"cbogusz@nj.wish.org","good","ok","no","no"
"cbrand@capecodhealth.org","good","ok","no","no"
"cbrauer@cvdnet.com","bad","invalid","no","no"
"cchacon@yourcbsm.com","good","ok","no","no"
"cchan@amadahealth.com","good","ok","no","no"
"cchinni@finpac.com","good","ok","no","no"
"ccolby@cplteam.com","good","ok","no","no"
"ccollado@ccmnyc.org","good","ok","no","no"
"cconboy@pittsburghelderlaw.com","good","ok","no","no"
"ccruz@1source.cpa","good","ok","no","no"
"cd@ptg.co","good","ok","no","no"
"cdepault@greenfieldcoopbank.com","good","ok","no","no"
"cdiaz@ambitionsbh.com","good","ok","no","no"
"cduke@mastdrug.com","good","ok","no","no"
"cedwards@thekeyesingredients.com","good","ok","no","no"
"cellinger@speciallearningcenter.com","good","ok","no","no"
"cellsworth@ventureacademies.org","good","ok","no","no"
"cerice@soulsoothingco.com","good","ok","no","no"
"cericksen@energysubstantiation.com","good","ok","no","no"
"cerric@missionbank.bank","good","ok","no","no"
"cesare.lopes@capeholland.com","good","ok","no","no"
"ceverett@c-wlaw.com","good","ok","no","no"
"cfairlee@koa.net","good","ok","no","no"
"cfernandez@bgch.com","good","ok","no","no"
"cfields@v-k.net","good","ok","no","no"
"cfs@workplacerelationships.com","good","ok","no","no"
"cfugate@redmtncap.com","good","ok","no","no"
"cgalvan@uptimefs.com","good","ok","no","no"
"cgebhardt@vetresourceteam.org","good","ok","no","no"
"cglickman@emanuelnyc.org","good","ok","no","no"
"chad.brumit@covericaaa.com","good","ok","no","no"
"chad.collins@cwnationalcenter.org","good","ok","no","no"
"chad.evans@circadiancare.com","good","ok","no","no"
"chad@mogul-realestate.com","good","ok","no","no"
"chad@platinumrefrigerationtx.com","good","ok","no","no"
"chad@raerollc.com","good","ok","no","no"
"chad@revstep.com","risky","catch_all","no","no"
"chadw@2winglobal.com","good","ok","no","no"
"chagin@rhema.org","good","ok","no","no"
"chamburger@kaboom.org","good","ok","no","no"
"chantel@dazzlepools.com","good","ok","no","no"
"chantelle@turnergrpllc.com","risky","catch_all","no","no"
"charla@fireinspection360.com","good","ok","no","no"
"charles.long@brockandscott.com","good","ok","no","no"
"charles@beelinesupport.com","good","ok","no","no"
"charles@hoclpro.com","risky","catch_all","no","no"
"charles@unitedinteractive.com","risky","catch_all","no","no"
"charles@vscpllc.com","good","ok","no","no"
"charley.wood@attorneystitleservices.com","bad","invalid","no","no"
"charley@lan-design.net","good","ok","no","no"
"charlie@cfo-inc.net","good","ok","no","no"
"charlie@chubbygroup.com","good","ok","no","no"
"charly.filipek@lippmanrecupero.com","good","ok","no","no"
"chases@exec1aviation.com","good","ok","no","no"
"chasity@tlnfamilydental.com","good","ok","no","no"
"chaunefalgout@mccainstewart.com","good","ok","no","no"
"chayes@joinbsb.com","risky","catch_all","no","no"
"chefmike@trill-burgers.com","good","ok","no","no"
"chelmig@maximuspartnersllc.com","good","ok","no","no"
"chemstead@ceritypartners.com","good","ok","no","no"
"chenry@vre.org","good","ok","no","no"
"chet.arnold@ocfusa.org","good","ok","no","no"
"chiaki.doi@docomoinnovations.com","bad","invalid","no","no"
"chicks@jewishwesternmass.org","good","ok","no","no"
"chixson@parqa.com","good","ok","no","no"
"chloe@safespaceprovo.com","risky","catch_all","no","no"
"chmura@illinois1call.com","good","ok","no","no"
"chris.ballard@pinnaclegrp.net","risky","unknown","no","no"
"chris.mulrooney@med.fsu.edu","good","ok","no","no"
"chris.pienkowski@blackkanyon.com","good","ok","no","no"
"chris.smith@entecva.com","good","ok","no","no"
"chris.young@pano.ai","good","ok","no","no"
"chris@aumakuatech.com","risky","catch_all","no","no"
"chris@chriscapehart.co","good","ok","no","no"
"chris@elliottfrantz.com","good","ok","no","no"
"chris@friedmanfirmpc.com","good","ok","no","no"
"chris@icontx.com","good","ok","no","no"
"chris@koma.media","good","ok","no","no"
"chris@lacreativo.com","good","ok","no","no"
"chris@languagegardenllc.com","risky","catch_all","no","no"
"chris@mainlinerr.com","good","ok","no","no"
"chris@medscout.io","good","ok","no","no"
"chris@metroscapetx.com","risky","catch_all","no","no"
"chris@one401.com","risky","catch_all","no","no"
"chris@precisionroad.com","risky","unknown","no","no"
"chris@qualityarch.com","good","ok","no","no"
"chris@thepowerofplay.ca","good","ok","no","no"
"chris@tx.foreverlawn.com","good","ok","no","no"
"chris@westoverdp.com","good","ok","no","no"
"chrisc@autofraud.com","good","ok","no","no"
"chrisg@crgdevco.com","good","ok","no","no"
"chrisjuhl@centeracademy.com","good","ok","no","no"
"christian@spreadaioli.com","risky","catch_all","no","no"
"christie.bragg@braggmanagement.com","good","ok","no","no"
"christina@crispininvestigations.com","good","ok","no","no"
"christina@seltechproducts.com","good","ok","no","no"
"christine.bearse@exail.com","good","ok","no","no"
"christinedonnellan@artbeyondsight.org","good","ok","no","no"
"christines@apackgroup.com","good","ok","no","no"
"christopher@cwealthra.com","good","ok","no","no"
"christopher@decastroverdelaw.com","good","ok","no","no"
"christopher@jlinc.com","good","ok","no","no"
"christopher@occasionaloccasionscatering.com","good","ok","no","no"
"christy.slavick@firstwatchcorp.com","good","ok","no","no"
"christy@hougumlaw.com","good","ok","no","no"
"chryslerr@lithko.com","good","ok","no","no"
"chuck.doherty@lockars.com","good","ok","no","no"
"chuck.haddox@hyperlux.com","good","ok","no","no"
"chunter@purofirst.com","good","ok","no","no"
"ci.park@mangoboost.io","good","ok","no","no"
"cindy@mooretechsolutions.com","good","ok","no","no"
"cindys@mfgrecruiters.com","good","ok","no","no"
"cisreimer@garageliving.com","good","ok","no","no"
"cj@passingpuff.co","good","ok","no","no"
"cjohnson@aetllc.com","bad","invalid","no","no"
"cjohnson@buffaloschools.org","bad","invalid","no","no"
"cjones@rogahnjones.com","good","ok","no","no"
"cknepler@pacificacompanies.com","good","ok","no","no"
"ckouri@becknellindustrial.com","good","ok","no","no"
"ckozak@kozakandassociates.com","good","ok","no","no"
"ckyriss@centraldelawarehabitat.org","good","ok","no","no"
"claira@americanpartyrentals.com","good","ok","no","no"
"claire@gofullpage.com","good","ok","no","no"
"claire@intentionalphilanthropy.com","good","ok","no","no"
"claire@pathway.com","good","ok","no","no"
"claudia@faraday.so","good","ok","no","no"
"clay.jackson@orgill.com","good","ok","no","no"
"clay@ballastenterprises.com","good","ok","no","no"
"clayton@thehumanreach.com","good","ok","no","no"
"clee@dmclaw.com","good","ok","no","no"
"clegette@gshg.org","good","ok","no","no"
"clint@caredfw.org","good","ok","no","no"
"cloud@rhythmandmoves.com","good","ok","no","no"
"clunn@choicecharterschool.org","good","ok","no","no"
"cmacmurdo@triadgoodwill.org","good","ok","no","no"
"cmandea@ohaganmeyer.com","good","ok","no","no"
"cmanley@turbinerepairservices.com","good","ok","no","no"
"cmarean@joystickcontrol.com","good","ok","no","no"
"cmatthews@besttrashtexas.com","good","ok","no","no"
"cmead@pharmaloom.bio","good","ok","no","no"
"cmeyer@ablitherapeutics.com","good","ok","no","no"
"cmh@medicalisight.com","good","ok","no","no"
"cmica@ndaajustice.org","good","ok","no","no"
"cmilbank@vitainvest.com","good","ok","no","no"
"cmontane@smart-trade.net","good","ok","no","no"
"cmotuzick@mclellantree.com","good","ok","no","no"
"cnnorthrop@southwestdistribution.com","risky","unknown","no","no"
"coachv@laxonli.com","risky","catch_all","no","no"
"cobb@fixitfastltd.com","good","ok","no","no"
"cody.boyle@coreaxisai.com","risky","unknown","no","no"
"cody@biocreativelabs.com","good","ok","no","no"
"cody@dita.com","good","ok","no","no"
"cody@nolayingup.com","risky","catch_all","no","no"
"coennelson@bullettsocial.space","good","ok","no","no"
"colby@proearthanimalhealth.com","good","ok","no","no"
"cole@prismroofgroup.com","good","ok","no","no"
"colebingham@jhu.edu","good","ok","no","no"
"colink@seattleartmuseum.org","good","ok","no","no"
"conner@blackrockinds.com","risky","catch_all","no","no"
"connie@unitedwaylee.org","good","ok","no","no"
"conor.sweeney@amramp.com","good","ok","no","no"
"coo@aboutthekids.org","good","ok","no","no"
"coo@averia.com","good","ok","no","no"
"coo@efba.us","good","ok","no","no"
"corapello@sobolaw.com","good","ok","no","no"
"cordierw@byui.edu","good","ok","no","no"
"corey.davis@scouting.org","good","ok","no","no"
"corey@xcelpadel.com","good","ok","no","no"
"corinna.dampf@vividseats.com","good","ok","no","no"
"cort.tompkins@ipconfigure.com","good","ok","no","no"
"cortney.hunt@trewautomation.com","good","ok","no","no"
"cory.clayton@wearesparks.com","good","ok","no","no"
"cory.dugan@chilis.com","good","ok","no","no"
"coswald@eichfarms.com","good","ok","no","no"
"courtney.c.necessary@vumc.org","good","ok","no","no"
"courtney.swim@tn.gov","bad","invalid","no","no"
"courtney.tipper@baltimorecity.gov","good","ok","no","no"
"courtney@allegiancepm.com","good","ok","no","no"
"courtney@topixmedia.com","good","ok","no","no"
"cp@shapingportsmouth.co.uk","good","ok","no","no"
"cpatterson@usagainstalzheimers.org","good","ok","no","no"
"cpeeters@nyas.org","good","ok","no","no"
"cperdomo@prestonhollowpsychiatry.com","good","ok","no","no"
"cpinnock@mymsaa.org","good","ok","no","no"
"craig.janies@mesocaribe.energy","risky","unknown","no","no"
"craig@glomar-m.com","good","ok","no","no"
"crandall@iswhub.com","good","ok","no","no"
"crieger@realceilings.com","good","ok","no","no"
"cris@tennisiq.app","risky","catch_all","no","no"
"cristina@dnalabsinternational.com","good","ok","no","no"
"critter@aquacare.com","good","ok","no","no"
"crizzy@shipstampede.com","good","ok","no","no"
"croney@rblt.com","good","ok","no","no"
"crosenberger@nw.org","good","ok","no","no"
"crys@hustlephx.com","good","ok","no","no"
"crystal@crystalhealthsolutions.com","good","ok","no","no"
"crystal@shelbyconst.com","risky","catch_all","no","no"
"csalerno@ialawny.com","good","ok","no","no"
"cscerbo@iapp.org","good","ok","no","no"
"cschooley@arrowheadgrp.com","good","ok","no","no"
"cscott@senecahq.com","good","ok","no","no"
"cshaw@mcgraw.org","good","ok","no","no"
"cshen@nhhfx.org","good","ok","no","no"
"cspear@ensignpartners.com","good","ok","no","no"
"cstedman@3ce.org","good","ok","no","no"
"csulhoff@flexetc.com","good","ok","no","no"
"ctrost@wounddocs.com","risky","catch_all","no","no"
"cumberpatchl@lithko.com","good","ok","no","no"
"curt@fm3research.com","good","ok","no","no"
"cusimanoj@lithko.com","good","ok","no","no"
"cw@proximacareers.org","good","ok","no","no"
"cwerling@mountvernonbank.com","good","ok","no","no"
"cwhitehead@senioradults.net","good","ok","no","no"
"cwian@ten80education.com","good","ok","no","no"
"cwidmer@isid.org","good","ok","no","no"
"cwinek@firsttrustcapital.com","good","ok","no","no"
"cwitt@bridgehospice.net","good","ok","no","no"
"cwoodmancy@promptcare.com","good","ok","no","no"
"cwoods@rapidrecovery.org","good","ok","no","no"
"cyoung@omninetplus.com","good","ok","no","no"
"d.cerne@acclaimtechnical.com","good","ok","no","no"
"d.reisdorf@harborsitetechnologies.com","risky","unknown","no","no"
"d.wittjohann@premierpath.com","good","ok","no","no"
"dainad@addictionservicescouncil.org","bad","invalid","no","no"
"dalton@chismstrategies.com","good","ok","no","no"
"damian@ecs-ca.com","good","ok","no","no"
"damianp@flexxbuy.com","good","ok","no","no"
"damon@bravura-ai.com","good","ok","no","no"
"dan.noone@aplostechnologies.com","good","ok","no","no"
"dan@acousticjava.com","good","ok","no","no"
"dan@ascendvt.com","good","ok","no","no"
"dan@bonabonaicecream.com","good","ok","no","no"
"dan@faucet.wine","good","ok","no","no"
"dan@guavacapital.com","good","ok","no","no"
"dan@radixsales.com","good","ok","no","no"
"dana.isaacs@clearalphatech.com","good","ok","no","no"
"danderson@schwingbioset.com","good","ok","no","no"
"daniel.bassett@na.linedata.com","good","ok","no","no"
"daniel.goeddel@gatewoodwealth.com","good","ok","no","no"
"daniel.gotay@ablfunding.com","good","ok","no","no"
"daniel.gouge@foodtodonate.com","good","ok","no","no"
"daniel.leingang@bismarckstate.edu","good","ok","no","no"
"daniel@dash-aero.com","good","ok","no","no"
"daniel@experimental.llc","good","ok","no","no"
"daniel@fastcasualadvisors.com","good","ok","no","no"
"danielatoui@cedarsparking.com","good","ok","no","no"
"daniella@quizizz.com","good","ok","no","no"
"danielle@danielleodell.com","good","ok","no","no"
"danielle@deveauburrgroup.com","good","ok","no","no"
"danielle@peacebypiecenj.org","good","ok","no","no"
"danielm@bulbtronics.com","good","ok","no","no"
"danni@socinsights.com","good","ok","no","no"
"danny@zipdeal.com","risky","catch_all","no","no"
"danny@zyyo.com","good","ok","no","no"
"dannyn@nextphase.ai","good","ok","no","no"
"dante@swfs.ai","good","ok","no","no"
"dantunes@fvi.edu","good","ok","no","no"
"darcy@brandpivotinc.com","good","ok","no","no"
"darcy@cambridgecapital.com","good","ok","no","no"
"daria@domingoslawfirm.com","good","ok","no","no"
"darin.dykstra@abidingsaviorsf.org","good","ok","no","no"
"darin@pciauctions.com","good","ok","no","no"
"darladodge@it.nv.gov","good","ok","no","no"
"darrell.stein@hendersonengineers.com","good","ok","no","no"
"darrelld@bgcm.org","good","ok","no","no"
"darren@autoplai.com","good","ok","no","no"
"darren@creativecuisineandevents.com","bad","invalid","no","no"
"darren@ratiowealthgroup.com","good","ok","no","no"
"darroyo@pathlighthome.org","good","ok","no","no"
"darryl@leiserrealty.com","good","ok","no","no"
"dave.lewis@bnamail.net","bad","invalid","no","no"
"dave.nielsen@jencapgroup.com","risky","catch_all","no","no"
"dave.webb@galt.aero","good","ok","no","no"
"dave@ssmidwestfire.com","good","ok","no","no"
"davef@arfabricating.com","good","ok","no","no"
"david.allen@jisp.com","bad","invalid","no","no"
"david.bosteter@hillmangroup.com","good","ok","no","no"
"david.carroll@harborlogistics.com","good","ok","no","no"
"david.finch@hayeslocums.com","risky","catch_all","no","no"
"david.friedman@ocuvextherapeutics.com","good","ok","no","no"
"david.heller@staltec.com","good","ok","no","no"
"david.jeffreys@lcuniversity.edu","good","ok","no","no"
"david.lindsey@aimbridgeenergy.com","good","ok","no","no"
"david.pianki@8am.com","good","ok","no","no"
"david.smith@lumosfiber.com","good","ok","no","no"
"david.villalba@kithnyc.com","good","ok","no","no"
"david.white@resiliam.com","good","ok","no","no"
"david.zach@nexdeed.com","bad","invalid","no","no"
"david@cmwhome.com","risky","unknown","no","no"
"david@cyperusmedia.com","good","ok","no","no"
"david@exitthefamilybusiness.com","good","ok","no","no"
"david@fm.net","good","ok","no","no"
"david@kariannemunstedt.com","good","ok","no","no"
"david@kuzyklaw.com","good","ok","no","no"
"david@quona.com","good","ok","no","no"
"david@tikiai.co","good","ok","no","no"
"david@unasportsgroup.com","good","ok","no","no"
"david@verdancesolutions.net","good","ok","no","no"
"david@wittmanfarms.com","good","ok","no","no"
"davidg@archonenergy.com","risky","unknown","no","no"
"davidh@themondaygroup.net","good","ok","no","no"
"davidson@ridleylaw.com","good","ok","no","no"
"davood@toroaire.com","good","ok","no","no"
"dawn.jaffray@fmins.com","good","ok","no","no"
"dawn.ostrega@sandler.com","good","ok","no","no"
"dawn@kreizerlaw.com","good","ok","no","no"
"dawn@midtown-derm.com","good","ok","no","no"
"dax@on.energy","good","ok","no","no"
"dayna@cornerstory.io","risky","catch_all","no","no"
"daysi@carolinacommercialnc.com","good","ok","no","no"
"daz@kryptech.net","good","ok","no","no"
"dbaque@riseboro.org","good","ok","no","no"
"dbatts@svdplou.org","good","ok","no","no"
"dbaxter@southpointegolfclub.com","good","ok","no","no"
"dbettaieb@capbonconsulting.com","good","ok","no","no"
"dbindl@realtafusion.com","good","ok","no","no"
"dbnovicoff@jimjosephfoundation.org","good","ok","no","no"
"dbooker@trcgc.net","good","ok","no","no"
"dbrosseau@rockefeller.edu","good","ok","no","no"
"dbrown@developmentguild.com","good","ok","no","no"
"dcalabrese@arsee-engineers.com","good","ok","no","no"
"dcandelaria@delvallept.com","good","ok","no","no"
"dchambers@thetownsendcorp.com","good","ok","no","no"
"dchilds@gscnc.org","good","ok","no","no"
"dcline@encircleall.org","good","ok","no","no"
"dcloud@turtlecreekwealth.com","good","ok","no","no"
"dcooper@38foundation.org","risky","unknown","no","no"
"dcox@deltamcorp.com","good","ok","no","no"
"dcrouthers@barcodeandpos.com","bad","invalid","no","no"
"ddailey@gpandm.com","good","ok","no","no"
"ddebolt@aopanet.org","bad","invalid","no","no"
"ddioguardi@csw-wi.com","good","ok","no","no"
"ddodge@avemarialaw.edu","good","ok","no","no"
"ddorant@laborsoft.com","good","ok","no","no"
"ddorsey@noneman.com","good","ok","no","no"
"ddreiling@sorwil.com","good","ok","no","no"
"dduke@bohlerdc.com","good","ok","no","no"
"ddurley@goldbug.com","good","ok","no","no"
"dean.ayoob@menlo.edu","good","ok","no","no"
"deann.savage@rubessteaks.com","good","ok","no","no"
"deanna@voase.org","good","ok","no","no"
"deatra.vailes@tritonpointwealth.com","good","ok","no","no"
"debbieo@apexanalyticsllc.com","good","ok","no","no"
"debra.yu@panaceaventure.com","good","ok","no","no"
"dee@axissecuritygroup.com","good","ok","no","no"
"degnatowski@rmhcannarbor.org","good","ok","no","no"
"deischen@concordiaseniorliving.com","good","ok","no","no"
"delaneyclement@archstl.org","good","ok","no","no"
"delstob@firstteeaustin.org","good","ok","no","no"
"demigh@tetra-direct.com","risky","catch_all","no","no"
"denevi@techstream.com","good","ok","no","no"
"denis.curran@ascentris.com","good","ok","no","no"
"denis.t@elit-web.com","good","ok","no","no"
"denis@suzulabs.com","good","ok","no","no"
"denise.novak@p3reps.com","good","ok","no","no"
"denise.richards@baltimorecity.gov","good","ok","no","no"
"denisez@selectedfuneralhomes.org","good","ok","no","no"
"denison.silva@guardiannrg.com","good","ok","no","no"
"dennisg@plumbingschoolsoftexas.com","risky","unknown","no","no"
"denny@bluefishmd.com","good","ok","no","no"
"denzil.vaughn@blockeng.com","good","ok","no","no"
"dev.patel@channelviewpress.com","good","ok","no","no"
"devin@svmservices.com","good","ok","no","no"
"dfernette@destaco.com","good","ok","no","no"
"dfloyd@honigman.com","risky","catch_all","no","no"
"dgalaviz@portacool.com","good","ok","no","no"
"dgallego@scrwwtp.org","risky","catch_all","no","no"
"dgeiger@horizonra.com","good","ok","no","no"
"dgoldberg@mplspha.org","good","ok","no","no"
"dgonell@refundo.com","good","ok","no","no"
"dgraddy@bgs-llc.com","good","ok","no","no"
"dguro@koloma.com","good","ok","no","no"
"dhale@qualgauge.com","good","ok","no","no"
"dhamburger@persuasion.community","good","ok","no","no"
"dhamilton@maesce.com","good","ok","no","no"
"dhappe@evdio.org","good","ok","no","no"
"dharris@harriscollect.com","good","ok","no","no"
"dhill@osteo.wvsom.edu","good","ok","no","no"
"dhinojosa@fcifracsand.com","bad","invalid","no","no"
"dholman@bgcsonoma.org","good","ok","no","no"
"dhood@mysidekicktherapy.com","good","ok","no","no"
"dhutchinson@omniaexteriorsolutions.com","good","ok","no","no"
"diana@constructforstl.org","good","ok","no","no"
"diana@crazylove.org","good","ok","no","no"
"dianamaria.dinu@trincoll.edu","good","ok","no","no"
"diane.herrera@dynamictelco.com","good","ok","no","no"
"diane.kohler@signetjewelers.com","good","ok","no","no"
"dillon.powell@inspireroofs.com","risky","catch_all","no","no"
"dillon@actionroads.com","risky","catch_all","no","no"
"dillon@h10ai.com","good","ok","no","no"
"dimitre.ivanov@summittrail.com","good","ok","no","no"
"dinah@bettex.com","good","ok","no","no"
"dingle@baromedicalhbo.com","good","ok","no","no"
"diogenesc@ussipartners.com","good","ok","no","no"
"diqbal@mybeautyexchange.com","risky","catch_all","no","no"
"dislam@rkautogroup.net","good","ok","no","no"
"diwanski@thecolonygroup.com","good","ok","no","no"
"dixonj@lithko.com","good","ok","no","no"
"djay.taylor@kastsystems.com","good","ok","no","no"
"djenkins@sunridgedistribution.com","bad","invalid","no","no"
"djg@msk.com","good","ok","no","no"
"djohnson@alamancecc.net","good","ok","no","no"
"djohnson@republichd.com","risky","catch_all","no","no"
"djohnson@ultraphil.com","good","ok","no","no"
"djones@pawbridgepartners.com","good","ok","no","no"
"djudge@gotier3.com","good","ok","no","no"
"dkelly@iot.in.gov","bad","invalid","no","no"
"dkrause@fortisrisk.com","good","ok","no","no"
"dkubala@dccm.com","good","ok","no","no"
"dkutzin@evalcompany.com","good","ok","no","no"
"dlainhart@bankfnbt.com","bad","invalid","no","no"
"dlaviolette@pfaw.org","good","ok","no","no"
"dlawson@americanefficiency.com","good","ok","no","no"
"dlopez@esncc.com","risky","unknown","no","no"
"dmaatouk@maxadesigns.com","good","ok","no","no"
"dmarcio@amft.com","good","ok","no","no"
"dmarek@lorenzsales.com","good","ok","no","no"
"dmcdonald@phdtech.com","good","ok","no","no"
"dmcdonald@twinlionsmgmt.com","good","ok","no","no"
"dmcneil@vernovis.com","good","ok","no","no"
"dmikulas@ncsml.org","good","ok","no","no"
"dmitchell@camk2.org","good","ok","no","no"
"dmohr@martindentistry.net","good","ok","no","no"
"dmoulds@jmindustries.com","good","ok","no","no"
"dobie@alfred.edu","good","ok","no","no"
"dolic@cuningham.com","good","ok","no","no"
"doliver@glanbia.com","good","ok","no","no"
"dom.williams@themodernmilkman.co.uk","good","ok","no","no"
"dominic.renda@wellysis.com","good","ok","no","no"
"dominique@lucidtheory.com","risky","catch_all","no","no"
"don.bower@swiftfuels.com","good","ok","no","no"
"don.leahy@collinsandco.com","risky","unknown","no","no"
"donna@ballardsoft.com","good","ok","no","no"
"donna@flegeanceinsgroup.com","good","ok","no","no"
"donovan.duncan@usi-inc.org","good","ok","no","no"
"donovan@continental-tds.com","good","ok","no","no"
"donovanr@oakridgemg.com","good","ok","no","no"
"dotero@p3.md","good","ok","no","no"
"doug.bohner@utia.tennessee.edu","bad","invalid","no","no"
"doug.fitzpatrick@prolecto.com","good","ok","no","no"
"doug@carmichaelconsulting.net","good","ok","no","no"
"doug@castleadvisorsgroup.com","risky","catch_all","no","no"
"dougburrow@waynetrademark.com","bad","invalid","no","no"
"dov@starcareaba.com","risky","unknown","no","no"
"dowd@cedamichigan.org","good","ok","no","no"
"dpappas@cfobydesigntx.com","good","ok","no","no"
"dpappas@wealthgatetrust.com","good","ok","no","no"
"dparsons@cwlaw.com","risky","catch_all","no","no"
"dpatsilivas@unionbridgecapital.com","good","ok","no","no"
"dphilp@canyonequity.com","good","ok","no","no"
"dporter@chapman-electric.com","good","ok","no","no"
"drallen@amctbi.com","good","ok","no","no"
"drbaron@baronfamilylaw.com","good","ok","no","no"
"drcarlfelton@danisgarden.com","good","ok","no","no"
"dreaves@rhiny.org","good","ok","no","no"
"dreese@monolithbrands.com","good","ok","no","no"
"drew.hinkle@outridertech.ai","good","ok","no","no"
"drew@veinsurance.com","risky","unknown","no","no"
"drjan@powerupnursing.com","good","ok","no","no"
"drkareef@dentalhousemi.com","good","ok","no","no"
"drmckinney@ncfgiving.com","good","ok","no","no"
"dsadik@carbonsolutionsgroup.com","good","ok","no","no"
"dsansom@carolinaone.com","good","ok","no","no"
"dscadden@phxcapitalgroup.com","good","ok","no","no"
"dscaglione@gregg-valby.com","good","ok","no","no"
"dschlossman@tmapchs.org","good","ok","no","no"
"dschuller@mfastpete.org","good","ok","no","no"
"dshultz@jacksonparishsheriff.com","bad","invalid","no","no"
"dsternlieb@atlanticphilanthropies.org","bad","invalid","no","no"
"dstoops@dobson.net","good","ok","no","no"
"dstridde@theorthoforum.com","good","ok","no","no"
"dsullivan@panmaritime.ca","good","ok","no","no"
"dtaylor@nickel-systems.com","good","ok","no","no"
"dthomas@providence-sl.com","good","ok","no","no"
"dtjones@eorumyoung.com","good","ok","no","no"
"dtrask@hillcrestasset.com","good","ok","no","no"
"duncan@getrunreach.com","risky","catch_all","no","no"
"dustin.d@gobluemedia.com","good","ok","no","no"
"dustin.krompetz@m3cg.us","risky","catch_all","no","no"
"dustin@acboise.com","good","ok","no","no"
"dustin@carebility.com","good","ok","no","no"
"dvilchis@fishmanpr.com","good","ok","no","no"
"dwaddle@sodreltrucklines.com","good","ok","no","no"
"dwaldron@resivant.com","good","ok","no","no"
"dweinberg@theswitzergroup.com","good","ok","no","no"
"dweiser@cytokinetics.com","good","ok","no","no"
"dwells@texconrest.com","good","ok","no","no"
"dwest@dcshq.com","good","ok","no","no"
"dwhite@studiomuseum.org","good","ok","no","no"
"dwilliams@levohealth.com","good","ok","no","no"
"dwilliams@websterequitypartners.com","good","ok","no","no"
"dwold@baxterwoodman.com","good","ok","no","no"
"dworkman@locicapital.com","good","ok","no","no"
"dylan@harstoncohn.com","good","ok","no","no"
"dynalg@worldteams.com","good","ok","no","no"
"dyoung@lifeplatemeals.com","good","ok","no","no"
"dzimmerman@equitix.com","good","ok","no","no"
"ebelair@thedialogue.org","good","ok","no","no"
"ebryan@indiwealthmanagement.com","good","ok","no","no"
"echar@redridgebuild.com","good","ok","no","no"
"econner@rsvtn.com","good","ok","no","no"
"ecorbett@careacademy.com","good","ok","no","no"
"ecosme@nychealthandhospitals.org","bad","invalid","no","no"
"ecurrie@aeiconsultants.com","good","ok","no","no"
"ed@litfinancial.com","good","ok","no","no"
"ed@sightline.tech","good","ok","no","no"
"eddie.weaverjr@ffermtech.com","risky","unknown","no","no"
"edenslow@andersonexpressinc.com","good","ok","no","no"
"edevoss@hrsa.gov","good","ok","no","no"
"edowd@hr-pros.com","risky","unknown","no","no"
"eds@ckeinc.com","good","ok","no","no"
"edward.cubanski@redcross.org","good","ok","no","no"
"edyson@deltaoandg.com","good","ok","no","no"
"efalk@israelinstitute.org","good","ok","no","no"
"efrankel@prosourcetextile.com","good","ok","no","no"
"egarcia@betzon.com","risky","catch_all","no","no"
"egift@owenmetals.com","good","ok","no","no"
"egonzalez@insteimed.com","good","ok","no","no"
"egruber@acanthusseniorliving.com","good","ok","no","no"
"egruillo@mycfpp.com","risky","catch_all","no","no"
"egzapatero@neosansystems.com","good","ok","no","no"
"ehelfand@peerlessdev.com","risky","catch_all","no","no"
"ejd@iagins.com","good","ok","no","no"
"ejones@fwpublishing.com","good","ok","no","no"
"ejones@pppllc.com","good","ok","no","no"
"ekoren@croninautos.com","good","ok","no","no"
"ekta@11northpartners.com","bad","invalid","no","no"
"elaineh@voloearth.com","good","ok","no","no"
"elena.don.lucas@netwrix.com","good","ok","no","no"
"eli@haxellandscaping.com","good","ok","no","no"
"eli@succinct.xyz","good","ok","no","no"
"elias@johwa.co","good","ok","no","no"
"elijah@patriotgrassroots.com","good","ok","no","no"
"eliot@pixiescout.com","risky","catch_all","no","no"
"elizabeth.bergerol@globalvistasfoundation.org","good","ok","no","no"
"elizabeth@masseymartinconsulting.com","good","ok","no","no"
"elle@peersalesagency.com","good","ok","no","no"
"ellena@myriadusa.org","good","ok","no","no"
"elliot@emmett-till.org","good","ok","no","no"
"elopez@northpointrecovery.com","good","ok","no","no"
"elowndes@angeleswealth.com","bad","invalid","no","no"
"elsie.blay@ruah.org.au","good","ok","no","no"
"elyon@adoptionri.org","good","ok","no","no"
"emartin@fse.us.com","good","ok","no","no"
"emartinson@ohis.com","bad","invalid","no","no"
"emauger@ccm-fl.com","good","ok","no","no"
"emily.anderson@ofr.treasury.gov","bad","invalid","no","no"
"emily.cunning@ecpowerslife.com","good","ok","no","no"
"emily.fletcher@openarccorporate.com","good","ok","no","no"
"emily.hill@bisaria.co","risky","unknown","no","no"
"emily@carrierconnect.us","risky","catch_all","no","no"
"emily@glow.io","risky","catch_all","no","no"
"emily@naminevada.org","good","ok","no","no"
"emily@theicom.org","good","ok","no","no"
"emilythompson@internationallifeline.com","good","ok","no","no"
"emittleberg@gwlabs.com","bad","invalid","no","no"
"emma@simonliuinc.com","good","ok","no","no"
"emmagleason@emaxllc.com","good","ok","no","no"
"enichols@leadershiphsv.org","good","ok","no","no"
"enieman@greenbayhabitat.org","good","ok","no","no"
"enriquejr@sunshinenaturals.net","good","ok","no","no"
"epapetti@vantageclinicalpartners.com","bad","invalid","no","no"
"epeabody@hour-media.com","good","ok","no","no"
"epewitt@libertycapitalbank.com","good","ok","no","no"
"equiggle@allriselawyers.com","good","ok","no","no"
"eric.anderson@maryland.gov","good","ok","no","no"
"eric.davis@abf.org","good","ok","no","no"
"eric.gombrich@hucu.ai","good","ok","no","no"
"eric.jewett@loopr.ai","good","ok","no","no"
"eric.kocienski@digital-overwatch.com","good","ok","no","no"
"eric.reed@realmpro.com","good","ok","no","no"
"eric.smith@sgsdiving.com","good","ok","no","no"
"eric.talwar@catconsult.com","good","ok","no","no"
"eric.truong@flashship.net","good","ok","no","no"
"eric@ilabh.org","good","ok","no","no"
"eric@iscpg.com","good","ok","no","no"
"eric@kibbeconsulting.com","good","ok","no","no"
"eric@maestromedia.com","good","ok","no","no"
"eric@redtapdraught.com","good","ok","no","no"
"eric@stardustspillproducts.com","risky","catch_all","no","no"
"eric@tgscolorado.com","good","ok","no","no"
"eric_nelson@ryderscott.com","good","ok","no","no"
"erika@ourtemenos.org","good","ok","no","no"
"erika@underscorestudios.ca","good","ok","no","no"
"erikthomas@guardianangeldevices.com","good","ok","no","no"
"erin@arcstoneinc.com","good","ok","no","no"
"erin@clearwatercommunitysailing.org","good","ok","no","no"
"erin@dsg-research.com","good","ok","no","no"
"erin@peggyfoundation.org","good","ok","no","no"
"erin@peopletechpartners.com","good","ok","no","no"
"erin@savannahorthodontics.com","good","ok","no","no"
"erin@woodfordprop.com","good","ok","no","no"
"ernie@diamantskiing.com","risky","catch_all","no","no"
"erric@altitudehg.co","bad","invalid","no","no"
"errol@mercystreetdallas.org","risky","catch_all","no","no"
"esantos@morrow-meadows.com","risky","unknown","no","no"
"eskalland@hempelcompanies.com","good","ok","no","no"
"eskinner@sistersofmercy.org","good","ok","no","no"
"estefania@thedriscollfirm.com","good","ok","no","no"
"estimating@eicconcreteconstruction.com","good","ok","no","no"
"etverberg@usanodize.com","good","ok","no","no"
"eunice.wallerah@millstonemedical.com","good","ok","no","no"
"eva@aifund.ai","good","ok","no","no"
"evan@ericksonorg.com","good","ok","no","no"
"evang@partslifeinc.com","good","ok","no","no"
"evangeline.bartz@aul.org","good","ok","no","no"
"ewebster@nqpconsulting.com","risky","unknown","no","no"
"ewilleke@graconllc.com","good","ok","no","no"
"ewilliams@fw-cpa.com","good","ok","no","no"
"ewright@novaeyeexperts.com","good","ok","no","no"
"execdirector@westvalleyfoodpantry.org","good","ok","no","no"
"eyap@bestsharp.com","good","ok","no","no"
"f@receptranaturals.com","good","ok","no","no"
"faith.tyndall@matchwellness.com","risky","catch_all","no","no"
"falbanese@abramsbooks.com","bad","invalid","no","no"
"fanny.ajamian@mirova.com","good","ok","no","no"
"farhan@bbwsupply.com","bad","invalid","no","no"
"fasci@acmemonaco.com","good","ok","no","no"
"fausto@supplythebrand.com","risky","catch_all","no","no"
"fcervantes@digitalfleet.com","risky","catch_all","no","no"
"fchacon@cuvo.co","good","ok","no","no"
"fcurtis@substationconcrete.com","good","ok","no","no"
"fduncan@homesfl.org","good","ok","no","no"
"federico@neaapp.ai","risky","catch_all","no","no"
"felipe.bustamante@zetaschools.org","good","ok","no","no"
"fermin.ortega@nmvic.org","good","ok","no","no"
"fernandomenocci@queijosipanema.com.br","good","ok","no","no"
"ffaraj@texterra-eng.com","good","ok","no","no"
"fforseth@contractconverting.com","good","ok","no","no"
"fgomez@mccarl.com","good","ok","no","no"
"fhammell@optikos.com","good","ok","no","no"
"fhemeryck@medicom.com","good","ok","no","no"
"filiz.basaran@wdgarch.com","good","ok","no","no"
"fkoenig@victoriaemergency.com","good","ok","no","no"
"florence@burwick.law","good","ok","no","no"
"floydmiller@afweb.org","good","ok","no","no"
"fmcintyre@emsinsurance.com","good","ok","no","no"
"folana@horizonslaw.io","good","ok","no","no"
"forrest@sour.gg","risky","catch_all","no","no"
"founder@keystonetech.io","good","ok","no","no"
"fpalazzolo@granitestatedev.com","good","ok","no","no"
"fpizzuta@inveniam.io","good","ok","no","no"
"francis@dcubeai.com","good","ok","no","no"
"franciscor@laofertaylademanda.com","risky","unknown","no","no"
"frank.devito@extremereach.com","good","ok","no","no"
"fred@saratogaexcelsiorgroup.com","good","ok","no","no"
"frederickj@socialenterprisegroup.org","good","ok","no","no"
"fredrick.ohai@clarawave.com","good","ok","no","no"
"freya@ila-americanbranch.org","good","ok","no","no"
"fstaten@wfca.org","good","ok","no","no"
"ftrombley@brementownship.net","good","ok","no","no"
"fwei@clinicalintelliprint.com","good","ok","no","no"
"g.lakebakaar@evolutionvet.com","good","ok","no","no"
"g.sannino@ipe.it","good","ok","no","no"
"gabby@jlglawyers.com","good","ok","no","no"
"gabe@espeventproduction.com","risky","unknown","no","no"
"gabe@qualityvalves.com","bad","invalid","no","no"
"gabriel.walker@techtorch.io","good","ok","no","no"
"gabriel@aldertonrowe.com","good","ok","no","no"
"gabriella@warp.co","risky","catch_all","no","no"
"gadi.piran@cynapse.ai","good","ok","no","no"
"gadsden@garnettstation.com","good","ok","no","no"
"gail@johneluwa.com","good","ok","no","no"
"gappleyard@jelcrs.com","good","ok","no","no"
"garrett.blaha@boligroup.com","good","ok","no","no"
"garrett.johnson@maestroqa.com","good","ok","no","no"
"garrett.smith@csquare.com","good","ok","no","no"
"garrett.zendman@klingenstein.com","good","ok","no","no"
"garrett@eigeroperating.com","good","ok","no","no"
"garrett@rfccivil.com","good","ok","no","no"
"garrett@windowswellcovered.com","risky","catch_all","no","no"
"garvidson@pandj.com","good","ok","no","no"
"gary.pilling@mymaxdoc.com","good","ok","no","no"
"gary@agif.us","risky","unknown","no","no"
"gary@ashlingdevelopment.com","good","ok","no","no"
"gary@newvision.city","good","ok","no","no"
"gbruce@accuridecorp.com","good","ok","no","no"
"gcanovas@kibolab.com","good","ok","no","no"
"gcline@vmcinc.org","good","ok","no","no"
"gcortelyou@tullylegal.com","good","ok","no","no"
"gdalton@pepartners.org","good","ok","no","no"
"gdemanincor@denverymca.org","good","ok","no","no"
"gdeveyga@saintpeters.edu","good","ok","no","no"
"gem.ray@scottsdalenights.com","bad","invalid","no","no"
"geniay@shftbh.com","good","ok","no","no"
"geoff.lipnevicius@securastock.com","good","ok","no","no"
"geoffrey.kindt@gencure.org","good","ok","no","no"
"george.pastrana@thetmg.com","good","ok","no","no"
"george@realpc.ai","risky","catch_all","no","no"
"georgeann@cpadesmoines.com","good","ok","no","no"
"georgianamorris@ucla.edu","good","ok","no","no"
"georgios@klinikmatch.com","good","ok","no","no"
"georgios@ultimatesecurityservice.com","good","ok","no","no"
"gerryjr@maximrealtytrust.com","good","ok","no","no"
"ggarbacz@klinedinstlaw.com","good","ok","no","no"
"ggolden@trpdd.com","good","ok","no","no"
"ghardy@membersfirstga.com","good","ok","no","no"
"ghughes@innovationsl.com","good","ok","no","no"
"gianluca@sentinelbio.org","good","ok","no","no"
"ginas@medi-leadership.org","good","ok","no","no"
"gldtierney@bimeda.com","good","ok","no","no"
"glen.krueger@eccoride.com","good","ok","no","no"
"glendac@q3hc.com","good","ok","no","no"
"gloveria@csat-k12.org","bad","invalid","no","no"
"glpolin@southerncarlson.com","good","ok","no","no"
"gmagazzu@loveblueinc.org","good","ok","no","no"
"gmariano@parkermccay.com","good","ok","no","no"
"gmorse@job4you.org","good","ok","no","no"
"gmrockett@afcyouth.org","good","ok","no","no"
"golson@harthickman.com","good","ok","no","no"
"grace@emscap.com","good","ok","no","no"
"grace@theprintlions.com","good","ok","no","no"
"graham.mclean@startupaccelerators.io","good","ok","no","no"
"grantd@vaulthealth.com","bad","invalid","no","no"
"greenwood.grant@mcm.edu","good","ok","no","no"
"greg.ferrari@txse.com","good","ok","no","no"
"greg.gregonis@snec-pmi.org","good","ok","no","no"
"greg.osborn@scouting.org","good","ok","no","no"
"greg.sica@hollywood.com","good","ok","no","no"
"greg@avos.co","good","ok","no","no"
"greg@gramlin.com","good","ok","no","no"
"greg@illuminarebio.com","good","ok","no","no"
"greg@newvintagepartners.com","good","ok","no","no"
"greg@thepros.com","good","ok","no","no"
"greg@tribeintensive.com","risky","catch_all","no","no"
"greg@vy-carb.com","good","ok","no","no"
"gregbelgum@livingandlearninginternational.com","good","ok","no","no"
"gregg@awolcontainers.com","risky","catch_all","no","no"
"greggd@virtualpsychiatriccare.com","risky","catch_all","no","no"
"griffin.parrill@nokrecommerce.com","good","ok","no","no"
"griffin@nobrainercontainers.com","risky","catch_all","no","no"
"grisel@chingona.ventures","good","ok","no","no"
"griselda.cordova@oneidentity.com","good","ok","no","no"
"gspears@fcspwm.com","good","ok","no","no"
"gstuder@ibtx.com","bad","invalid","no","no"
"gturner@newbeginningselectrical.com","risky","unknown","no","no"
"gunder.howe@landus.ag","good","ok","no","no"
"gustavo@todocad.com","risky","catch_all","no","no"
"gvinik@dirllp.com","good","ok","no","no"
"gwoods@aila.org","good","ok","no","no"
"gwynne@affliction.com","bad","invalid","no","no"
"h.bigger@tidelandsignal.com","good","ok","no","no"
"habdo@ohiotransitcompany.com","risky","catch_all","no","no"
"hadara@jewishfuturepromise.org","risky","catch_all","no","no"
"haim@balmoraldefender.com","good","ok","no","no"
"hala.shehadeh@sn-projobs.com","good","ok","no","no"
"halie@cfndbehavioralhealth.com","good","ok","no","no"
"hana@awbc.org","good","ok","no","no"
"hanh@spicyflowr.co","good","ok","no","no"
"hannah.carr@nexusteenacademy.com","good","ok","no","no"
"hannah.melin@stockmanbank.com","good","ok","no","no"
"hannah.ross@mcguckingroup.com","good","ok","no","no"
"hannah@publictransformation.org","good","ok","no","no"
"hannah@thebulbgallery.org","good","ok","no","no"
"hannah@wildcardintros.com","risky","catch_all","no","no"
"hansenb@lmc.edu","good","ok","no","no"
"hansi@cloudofgoods.com","risky","catch_all","no","no"
"harnaud@mlbpa.org","good","ok","no","no"
"harry@storagepup.com","risky","catch_all","no","no"
"harry@theboomcoinc.com","good","ok","no","no"
"harsha@cra.org","good","ok","no","no"
"hatfield@kylawoffice.com","good","ok","no","no"
"havening.techniques@havening.org","bad","invalid","no","no"
"hayden@wyogeekgarage.com","good","ok","no","no"
"hayle.chun@obexp.com","good","ok","no","no"
"hazel.blackmore@eltemate.com","good","ok","no","no"
"hazena@lithko.com","good","ok","no","no"
"hbarron@mindgrove.com","good","ok","no","no"
"hberry@atlantaregional.org","good","ok","no","no"
"hblack@meetatroam.com","good","ok","no","no"
"hblynn@novabay.com","good","ok","no","no"
"healyj@lithko.com","good","ok","no","no"
"heath.frantz@n-bricks.com","risky","catch_all","no","no"
"heath@lagunares.com","good","ok","no","no"
"heather.beck@bbbsok.org","good","ok","no","no"
"heather.budzien@bgcaz.org","good","ok","no","no"
"heather.estey@vmccny.com","good","ok","no","no"
"heather.parkman@igs.com","good","ok","no","no"
"heather.tahler@nw-adhd.com","good","ok","no","no"
"heather.wood@bxs.com","good","ok","no","no"
"heather@arrowsewernj.com","good","ok","no","no"
"heather@bigwhitebus.com","good","ok","no","no"
"heather@effectivela.org","good","ok","no","no"
"heather@feenixgroup.com","good","ok","no","no"
"heather@nerdpress.net","good","ok","no","no"
"heather@normandystudio.com","good","ok","no","no"
"heatherfogleman@permitflow.com","good","ok","no","no"
"hector@zenvargroup.com","good","ok","no","no"
"heidi.bray@arclabs.edu","good","ok","no","no"
"heidi.chumley@adtalem.com","good","ok","no","no"
"heidi.collins@tbhcare.com","good","ok","no","no"
"heidi@org-ology.com","good","ok","no","no"
"heinz.charles@gmlx.us.com","good","ok","no","no"
"helen@caironetworks.com","good","ok","no","no"
"helen@chaseyouthprograms.com","good","ok","no","no"
"helens@evolveup.io","risky","catch_all","no","no"
"hemant@summitglobalservices.com","good","ok","no","no"
"hemantpatel@visionshotels.com","good","ok","no","no"
"henleya@georgetown.edu","good","ok","no","no"
"henrique@e-techenergy.com","bad","invalid","no","no"
"henry@adargagroup.com","risky","catch_all","no","no"
"henry@wammints.com","risky","unknown","no","no"
"hgorrie@clearbrook.org","good","ok","no","no"
"hhazzard@hazzardinstitute.com","good","ok","no","no"
"hhelmendach@thenoblelaw.com","good","ok","no","no"
"hhill@ifes.org","good","ok","no","no"
"hilary@thebeacon.media","good","ok","no","no"
"hilda.kruml@sciencemill.org","risky","catch_all","no","no"
"hlanman@mdausa.org","good","ok","no","no"
"hlaslie@ppld.org","good","ok","no","no"
"hmadkour@stonearchlogistics.com","good","ok","no","no"
"hmeireles@hiddentruthsproject.com","good","ok","no","no"
"hmistry@verdanttcs.com","good","ok","no","no"
"hmoravek@advantagetrustco.com","good","ok","no","no"
"hmunoz@eposd.com","good","ok","no","no"
"hnegrete@civicalaw.com","good","ok","no","no"
"hobie.plumber@kith.com","good","ok","no","no"
"hollis@partparcel.ai","good","ok","no","no"
"holloway@thefourcountybank.com","good","ok","no","no"
"hollyb@naturalpower.com","good","ok","no","no"
"holmes@s-3group.com","good","ok","no","no"
"houston.black@clearwatersol.com","good","ok","no","no"
"houston@caseysanford.com","good","ok","no","no"
"howard.schwartz@secureticketpurchase.com","good","ok","no","no"
"hrepik@tompsc.com","good","ok","no","no"
"hschoening@sihomesfl.com","good","ok","no","no"
"hsia@bloomapp.com","risky","catch_all","no","no"
"hsinger@highlinecap.com","good","ok","no","no"
"hsmith@nighthawkfoods.com","good","ok","no","no"
"humna@logicon.tech","good","ok","no","no"
"humphreymckenzie@hopeschool.org","good","ok","no","no"
"hunter.holben@missionlane.com","good","ok","no","no"
"hunter@droverventures.com","good","ok","no","no"
"hwander@kelleykronenberg.com","good","ok","no","no"
"hyejung@eduincubator.org","risky","catch_all","no","no"
"ian.shirley@scanninja.ai","good","ok","no","no"
"ian@deliriumfactory.com","good","ok","no","no"
"ian@gainesvillechamber.com","good","ok","no","no"
"ian@thevizionair.com","good","ok","no","no"
"ianmoorhouse@wheelerschool.org","good","ok","no","no"
"ianr@expeditions.com","risky","catch_all","no","no"
"icresswell@bvimedical.com","good","ok","no","no"
"iculver@packpulsesolutions.com","good","ok","no","no"
"iesquivel@bibibop.com","good","ok","no","no"
"iestrada@somachlaw.com","good","ok","no","no"
"ignacio@alephdigital.com","good","ok","no","no"
"igor@mclellantree.com","bad","invalid","no","no"
"ilana@greenerbydefault.org","good","ok","no","no"
"imactaggart@brynwoodpartners.com","good","ok","no","no"
"ira@paston.com","good","ok","no","no"
"iris@burtonmckinnish.com","good","ok","no","no"
"isaak@van106.com","good","ok","no","no"
"ishah@argofundsolutions.com","good","ok","no","no"
"islasf@lithko.com","good","ok","no","no"
"isobottke@nunm.edu","good","ok","no","no"
"ivanna.arandia@catginfo.tech","good","ok","no","no"
"j-johnson@shergroup.com","good","ok","no","no"
"j.emanuel@dy-pack.com","good","ok","no","no"
"j.lezaja@tcnb.com","good","ok","no","no"
"j.matthias@abberior.rocks","good","ok","no","no"
"j.palop@enesacontinental.com","good","ok","no","no"
"j.romero@neurongroup.ai","good","ok","no","no"
"j.smid@warjon.net","bad","invalid","no","no"
"j.yamamoto@saggiopocket.com","bad","invalid","no","no"
"jacen@refugefoundation.org","risky","catch_all","no","no"
"jack.haberkorn@bonuselectric.com","good","ok","no","no"
"jack@creativebrandsllc.com","good","ok","no","no"
"jack@frozenfoodies.com","risky","catch_all","no","no"
"jack@happyegg.com","good","ok","no","no"
"jack@impactlendingpros.com","good","ok","no","no"
"jacki@pewpewtactical.com","risky","catch_all","no","no"
"jackie.otto@hud.gov","bad","invalid","no","no"
"jackie.ruiz@accessity.org","good","ok","no","no"
"jackson@themechanicstireandauto.net","good","ok","no","no"
"jackson@updegraffgroup.com","good","ok","no","no"
"jacob.gotimer@scouting.org","good","ok","no","no"
"jacob.payne@quest411.com","good","ok","no","no"
"jacob.pollak@appliedbiologics.com","good","ok","no","no"
"jacob.r@syntaxindustries.com","good","ok","no","no"
"jacob.uyeyama@intelametrix.com","good","ok","no","no"
"jacob@bmsis.org","good","ok","no","no"
"jacob@outmoreliving.com","good","ok","no","no"
"jacob@paybotic.com","good","ok","no","no"
"jacqueline.thong@cardstack.com","risky","catch_all","no","no"
"jacqueline@shoplovelythings.com","risky","unknown","no","no"
"jacques.oestreich@kmmnet.com","good","ok","no","no"
"jade.conway@saraigroup.com","good","ok","no","no"
"jaime.castro@unilinkcorp.com","good","ok","no","no"
"jaimeelizalde@redlandahead.net","good","ok","no","no"
"jake@friendscleveland.com","good","ok","no","no"
"jake@jerichoenergyventures.com","good","ok","no","no"
"jake@knivesshipfree.com","good","ok","no","no"
"jake@mediaboxcamera.com","risky","unknown","no","no"
"jaleh.pourhamidi@tdn.care","good","ok","no","no"
"jalexander@windsoraughtry.com","good","ok","no","no"
"jamal@vigorgrp.com","good","ok","no","no"
"james.alvarez@cvmc.org","good","ok","no","no"
"james.cook@ability-plus.org","good","ok","no","no"
"james.redd@ssoilfield.com","risky","catch_all","no","no"
"james@bethlehemsteel.com","good","ok","no","no"
"james@credible.security","good","ok","no","no"
"james@jgawms.com","risky","catch_all","no","no"
"james@reynoldsdefensefirm.com","good","ok","no","no"
"james@samprand.com","risky","catch_all","no","no"
"james@sirenemediaworks.com","good","ok","no","no"
"james@wwstxus.com","good","ok","no","no"
"jamesley@jamesfsi.com","good","ok","no","no"
"jamie.asato@accuityadvisors.com","good","ok","no","no"
"jamie.willigar@magmotor.com","good","ok","no","no"
"jamie@hscbeds.com","good","ok","no","no"
"jamie@servedwellhospitality.com","good","ok","no","no"
"jane@d1experts.com","good","ok","no","no"
"jane@techunited.co","good","ok","no","no"
"janet.stenmo@cmc.edu","good","ok","no","no"
"janet@daytonachamber.com","good","ok","no","no"
"janguiano@montecito.bank","risky","unknown","no","no"
"jantonovich@planitroi.com","good","ok","no","no"
"jared.souter@fmb.com","good","ok","no","no"
"jared@whitecoatwaste.org","good","ok","no","no"
"jaret@suncoastliquidators.com","good","ok","no","no"
"jarod@northwestbattlebuddies.org","good","ok","no","no"
"jaron@mhtconsulting.us","good","ok","no","no"
"jarrett.capstick@lynkengineers.com","good","ok","no","no"
"jarrod@hotlandscape.com","good","ok","no","no"
"jarroyo@theskillscenter.org","good","ok","no","no"
"jason.gurvitz@olivebranchcounsel.com","good","ok","no","no"
"jason.heeres@warandolph.com","good","ok","no","no"
"jason.lewis@fdhaero.com","good","ok","no","no"
"jason.moskowitz@wilmotsanz.com","good","ok","no","no"
"jason.peterson@pcusa.org","good","ok","no","no"
"jason.pyle@harveynash.com","good","ok","no","no"
"jason.triplett@scouting.org","good","ok","no","no"
"jason@exxegroup.com","good","ok","no","no"
"jason@fshtechnologies.org","risky","catch_all","no","no"
"jason@gocrossway.org","good","ok","no","no"
"jason@liveatcoralreef.com","risky","catch_all","no","no"
"jason@noartech.com","good","ok","no","no"
"jason@southpointcc.com","good","ok","no","no"
"jasonmathis@smhinc.com","good","ok","no","no"
"jasons@themainspringgroup.com","good","ok","no","no"
"javier@diagnostic.ly","good","ok","no","no"
"javier@techmigroup.com","good","ok","no","no"
"javin.smith@kith.com","good","ok","no","no"
"jay.hill@com-tech.com","good","ok","no","no"
"jay@kith.com","good","ok","no","no"
"jay@readingways.org","risky","catch_all","no","no"
"jayji@eazzyconsulting.com","good","ok","no","no"
"jaz@bay.org","good","ok","no","no"
"jbaber@unionstation.org","good","ok","no","no"
"jbang@cnerg.net","good","ok","no","no"
"jbarker@craftculinary.com","good","ok","no","no"
"jbarr@laurel.md.us","good","ok","no","no"
"jbartley@mshs.com","good","ok","no","no"
"jbashara@polencapital.com","good","ok","no","no"
"jbdavis@farrin.com","good","ok","no","no"
"jbeaty@crestins.com","good","ok","no","no"
"jbeaver@midlandcc.org","risky","catch_all","no","no"
"jbelt@sistersosf.org","good","ok","no","no"
"jberman@intcron.com","good","ok","no","no"
"jbetesh@pal-partners.com","good","ok","no","no"
"jbienvenu@beaumontmanufacturing.com","good","ok","no","no"
"jbietz@yourcbsm.com","good","ok","no","no"
"jbiggert@trebro.com","good","ok","no","no"
"jblackman@jhmi.edu","good","ok","no","no"
"jboland@pcpflow.com","good","ok","no","no"
"jbollum@acct-plus.com","good","ok","no","no"
"jbondy@krete.com","good","ok","no","no"
"jbonilla@element451.com","good","ok","no","no"
"jbooe@naesb.org","good","ok","no","no"
"jbrant@masseylawgrouppa.com","good","ok","no","no"
"jbridge@galyen.com","good","ok","no","no"
"jbritt@mercyhurst.edu","good","ok","no","no"
"jbrooks@rdbatteries.com","good","ok","no","no"
"jbrooks@valleychristianaz.org","risky","catch_all","no","no"
"jbshirley@completelegal.net","good","ok","no","no"
"jbulla@heard.org","good","ok","no","no"
"jbybee@gamedayforheroes.org","good","ok","no","no"
"jc.calder@ahcinc.org","good","ok","no","no"
"jc@firefoil.com","risky","catch_all","no","no"
"jcanel@thenearshorecompany.com","good","ok","no","no"
"jcannon@itadtech.com","good","ok","no","no"
"jcanty@sdnhm.org","good","ok","no","no"
"jcarlos@foliego.com","good","ok","no","no"
"jcatalic@nycmgmt.com","good","ok","no","no"
"jcepeda@excelag.com","good","ok","no","no"
"jcerny@clevelandymca.org","good","ok","no","no"
"jclark@cardinalsupplypartners.com","good","ok","no","no"
"jcline@evansvillehabitat.org","good","ok","no","no"
"jconte@victorytruckbody.com","good","ok","no","no"
"jcorreia@centerpeak.com","good","ok","no","no"
"jcpolancomd@chcrcorp.com","good","ok","no","no"
"jcrawford@paxonei.com","good","ok","no","no"
"jcroft@daybright.com","good","ok","no","no"
"jculver@nymba.org","good","ok","no","no"
"jdavis@brew-horizons.com","good","ok","no","no"
"jdavis@brightlineconstruction.com","good","ok","no","no"
"jdavis@colibri-ecology.com","good","ok","no","no"
"jdeslauriers@sdhumane.org","good","ok","no","no"
"jdiaz@msaarchitectsinc.com","good","ok","no","no"
"jdoody@kdacllc.com","good","ok","no","no"
"jdupuis@psicorp.com","good","ok","no","no"
"jeadams@packard.org","good","ok","no","no"
"jeanne@geolava.com","good","ok","no","no"
"jeanniesprague@healthyscreenhabits.org","good","ok","no","no"
"jedelman@gama.com","good","ok","no","no"
"jeff.barak@weapply.net","good","ok","no","no"
"jeff.davis@worthpoint.com","good","ok","no","no"
"jeff.everage@tactoil.com","good","ok","no","no"
"jeff.helvey@blecorp.com","good","ok","no","no"
"jeff.najar@horsepowermarketing.com","good","ok","no","no"
"jeff.pehler@hills-distribution.com","good","ok","no","no"
"jeff.pool@ibslighting.com","good","ok","no","no"
"jeff.ramsey@quotientwealth.com","good","ok","no","no"
"jeff.schade@appliedcomposites.com","good","ok","no","no"
"jeff.smith@botanicinnovations.com","good","ok","no","no"
"jeff.wilhoit@pioneerbible.org","good","ok","no","no"
"jeff@donnaitalia.com","good","ok","no","no"
"jeff@elkrange.com","good","ok","no","no"
"jeff@emeraldbeacon.com","good","ok","no","no"
"jeff@gohtl.com","good","ok","no","no"
"jeff@ics-telcom.com","good","ok","no","no"
"jeff@pistonfoundation.org","risky","catch_all","no","no"
"jeff@preferredcosc.com","good","ok","no","no"
"jeff@rotationdigital.com","good","ok","no","no"
"jeff@thepapernapkinagency.com","risky","catch_all","no","no"
"jeff@troyba.com","good","ok","no","no"
"jeffery@nationwidepavingus.com","good","ok","no","no"
"jeffrey.brodman@wsnstaffing.com","good","ok","no","no"
"jeffrey.stroup@okstate.edu","good","ok","no","no"
"jeffrie.mallory@stvincent.edu","good","ok","no","no"
"jen.herrbach@saxonaerospace.com","good","ok","no","no"
"jenni.harris@natlbank.com","risky","unknown","no","no"
"jennifer.brennan@wvymca.org","good","ok","no","no"
"jennifer.clark@anchormissioncritical.com","good","ok","no","no"
"jennifer.grunebaum@cofense.com","good","ok","no","no"
"jennifer.harrison@frontlineservice.org","good","ok","no","no"
"jennifer.janiak@ampf.com","good","ok","no","no"
"jennifer.schaaf@melham.org","good","ok","no","no"
"jennifer@691electric.com","good","ok","no","no"
"jennifer@carevalidate.com","good","ok","no","no"
"jennifer@espalier.io","good","ok","no","no"
"jennifer@homeschoolnv.org","good","ok","no","no"
"jennifer@lamacchiaholdings.com","good","ok","no","no"
"jennifer@patandmikeproductions.com","good","ok","no","no"
"jennifer@ridgelywalsh.com","good","ok","no","no"
"jenny.jenkins@drive21.com","good","ok","no","no"
"jenny@oseberg.io","good","ok","no","no"
"jenny@plumbingheroes.com","good","ok","no","no"
"jenv@firsttrustbankil.com","good","ok","no","no"
"jeremiah.sugarman@theanvilacademy.org","good","ok","no","no"
"jeremiahp@acrmorton.org","bad","invalid","no","no"
"jeremy.cowley@metrotech.edu","good","ok","no","no"
"jeremy.law@longroadenergy.com","good","ok","no","no"
"jeremy@evolveimpact.com","good","ok","no","no"
"jeremy@paramountstores.com","good","ok","no","no"
"jeremys@ccaworks.org","good","ok","no","no"
"jermaineb@housingnaz.org","good","ok","no","no"
"jerry.lynch@asigint.com","good","ok","no","no"
"jerry.scott@lonestarflight.org","good","ok","no","no"
"jerry@aos.cloud","good","ok","no","no"
"jerry@clgwm.com","good","ok","no","no"
"jerry@draftadvertising.com","good","ok","no","no"
"jeryl@carriernetgroup.com","good","ok","no","no"
"jesper@admisio.com","risky","catch_all","no","no"
"jessb@nauticalboatclub.com","good","ok","no","no"
"jesse.cohen@mass.gov","good","ok","no","no"
"jesse@123g.co","good","ok","no","no"
"jesse@integrocs.com","risky","catch_all","no","no"
"jesse@potrerocap.com","good","ok","no","no"
"jesse@sierra-james.com","good","ok","no","no"
"jessea@ocgoodwill.org","good","ok","no","no"
"jessica.cohen@investature.com","risky","catch_all","no","no"
"jessica.curtis@edgeprecision.com","good","ok","no","no"
"jessica.harlan-york@fssa.in.gov","good","ok","no","no"
"jessica.jensen@kcmo.org","good","ok","no","no"
"jessica.oman@malekattorneys.com","good","ok","no","no"
"jessica.ortega@eaglewealthstrategies.com","good","ok","no","no"
"jessica.rodriguez@oamichigan.com","good","ok","no","no"
"jessica@pascalepractice.com","risky","catch_all","no","no"
"jessica@wrightwayautocarriers.com","good","ok","no","no"
"jessicar@glombpw.com","risky","catch_all","no","no"
"jessie.campbell@tmi-inc.org","good","ok","no","no"
"jessies@bloomforgood.com","good","ok","no","no"
"jestelj@lmtdefense.com","good","ok","no","no"
"jetheridge@concorddallas.org","good","ok","no","no"
"jeudy@farrin.com","good","ok","no","no"
"jeyestone@heardandsmith.com","good","ok","no","no"
"jfayson@tamahservices.org","risky","unknown","no","no"
"jferguson@brownadvisory.com","good","ok","no","no"
"jfierro@nviga-pc.org","good","ok","no","no"
"jfilbert@schsrushville.com","risky","unknown","no","no"
"jfranks@elfbeauty.com","good","ok","no","no"
"jfreeman@bobmoore.com","good","ok","no","no"
"jgamez@dedoose.com","good","ok","no","no"
"jgandy@squadroncap.com","good","ok","no","no"
"jgardner@qylur.com","good","ok","no","no"
"jgasner@jlamiami.org","good","ok","no","no"
"jgentry@buckner.org","good","ok","no","no"
"jgiuliano@dtacenters.com","good","ok","no","no"
"jgoldston@coreplus.net","good","ok","no","no"
"jgoodman@instamall.co","good","ok","no","no"
"jgraham@americorps.gov","good","ok","no","no"
"jgreene@rruw.org","good","ok","no","no"
"jgreeno@pafa.org","good","ok","no","no"
"jgrice@nrec.net","good","ok","no","no"
"jgs7u@virginia.edu","good","ok","no","no"
"jhake@mindfulhealthsolutions.com","good","ok","no","no"
"jhalter@cmzoo.org","good","ok","no","no"
"jharris@rhinofoods.com","good","ok","no","no"
"jhartzell@hbkcpa.com","good","ok","no","no"
"jhastings@loffler.com","good","ok","no","no"
"jhendricks@setpointis.com","good","ok","no","no"
"jhennessy@sccadv.com","good","ok","no","no"
"jhigginson@spectrumjpnd.com","good","ok","no","no"
"jhirsch@symphonyinfra.com","good","ok","no","no"
"jholloway@secc.org","bad","invalid","no","no"
"jhoover@hiedb.org","good","ok","no","no"
"jhughes@hughesandcoleman.com","good","ok","no","no"
"jill@yumiwork.com","risky","catch_all","no","no"
"jim.cesternino@superiorfenceandrail.com","good","ok","no","no"
"jim.kressler@myerseps.com","good","ok","no","no"
"jim.nichols@indianhillschools.org","good","ok","no","no"
"jim.robeson@psec.net","good","ok","no","no"
"jim.sheffer@acuflex.io","good","ok","no","no"
"jim@interstatepm.com","good","ok","no","no"
"jim@nexengroup.com","good","ok","no","no"
"jim@pacificformulationsinc.com","good","ok","no","no"
"jimmy.destephens@nexpringhealth.com","good","ok","no","no"
"jimmy.thomas@arieotech.com","good","ok","no","no"
"jimmy@bigswingmedia.news","good","ok","no","no"
"jimzache@premiermobilehealth.org","good","ok","no","no"
"jina@denimrush.com","good","ok","no","no"
"jirakj@catholicdioceseofwichita.org","good","ok","no","no"
"jjackson@homerisesf.org","good","ok","no","no"
"jjacobs@farmersagent.com","bad","invalid","no","no"
"jjames@eimpt.com","bad","invalid","no","no"
"jjames@silverleaflegal.com","good","ok","no","no"
"jjang@phrmd.org","good","ok","no","no"
"jjd@rextac.com","good","ok","no","no"
"jjenniskens@beierradio.com","good","ok","no","no"
"jjohnson@eagle-securityservices.com","good","ok","no","no"
"jjohnson@trinitychurchnyc.org","good","ok","no","no"
"jjones@wellhaven.com","good","ok","no","no"
"jkadlic@wellspringfo.com","good","ok","no","no"
"jkantor@sheeheyvt.com","good","ok","no","no"
"jkarolzak@helpinhealinghome.org","good","ok","no","no"
"jkerbis@lastcalltaverngroup.com","risky","catch_all","no","no"
"jknowlton@kbprotection.com","risky","unknown","no","no"
"jko@silverpointcapital.com","good","ok","no","no"
"jkunz@wcid17.org","good","ok","no","no"
"jlang@numerix.com","good","ok","no","no"
"jlawrence@hullstreetenergy.com","good","ok","no","no"
"jlee@commadv.com","good","ok","no","no"
"jlehosky@im504.com","good","ok","no","no"
"jlico@cdr-advisor.com","good","ok","no","no"
"jlightfoot@standtogether.org","good","ok","no","no"
"jlmitchell@btltech.com","good","ok","no","no"
"jlmurillo@vilore.com","good","ok","no","no"
"jmariska@forerunnerventures.com","good","ok","no","no"
"jmartinez@topco.com","good","ok","no","no"
"jmason@jlmiva.com","good","ok","no","no"
"jmc@emerge.io","good","ok","no","no"
"jmcafee@chattairport.com","good","ok","no","no"
"jmcallister@lostboyzinc.org","good","ok","no","no"
"jmcdaniel@moellergraf.com","good","ok","no","no"
"jmckellips@forcedphysics.com","risky","catch_all","no","no"
"jmckiernan@hcc-nd.edu","good","ok","no","no"
"jmendoza@catholiccharitiesks.org","good","ok","no","no"
"jmorris@bluwaterbrew.com","good","ok","no","no"
"jmunoz@singletonschreiber.com","good","ok","no","no"
"jmurphy@csateam.com","good","ok","no","no"
"jmurphy@ymcawnc.org","good","ok","no","no"
"jmyers@libertylutheran.org","good","ok","no","no"
"jneff@deedstreetcapital.com","good","ok","no","no"
"jnovick@wrap.com","good","ok","no","no"
"jnzhao@eyecloud.tech","good","ok","no","no"
"jo@arrivedglobal.com","good","ok","no","no"
"joanna.erber@mi4p.com","good","ok","no","no"
"jocelyn@sanctuary-gardens.com","good","ok","no","no"
"jodi.domangue@onemorechild.org","good","ok","no","no"
"jody@odo-inv.com","good","ok","no","no"
"joe.griffith@mallaghangroup.com","good","ok","no","no"
"joe.paschall@nlogic.com","good","ok","no","no"
"joe@allenwealthmanagement.com","risky","unknown","no","no"
"joe@auroracontractors.com","good","ok","no","no"
"joe@cellairis.com","good","ok","no","no"
"joe@enquanta.com","good","ok","no","no"
"joe@executivechefsathome.com","risky","catch_all","no","no"
"joe@hammer.com","bad","invalid","no","no"
"joe@imperiallaboratories.org","good","ok","no","no"
"joe@ironcorerentals.com","good","ok","no","no"
"joe@lovebudaz.com","good","ok","no","no"
"joe@newportavemarket.com","good","ok","no","no"
"joe@picchemicals.com","good","ok","no","no"
"john.blackford@bratney.com","good","ok","no","no"
"john.degraffenreed@redselectricnw.com","risky","catch_all","no","no"
"john.ellis@joynercabletelecom.com","good","ok","no","no"
"john.james@stofgaming.com","bad","invalid","no","no"
"john.kelsey@ampsortation.com","good","ok","no","no"
"john.lynn@mrgoodcontainerhomes.com","good","ok","no","no"
"john.mcgrath@porterhouse.ai","good","ok","no","no"
"john.mckee@ridleyinc.com","bad","invalid","no","no"
"john.nettina@sagehome.com","good","ok","no","no"
"john@bryantandcooper.com","good","ok","no","no"
"john@californiahealingcenters.com","good","ok","no","no"
"john@mbandbco.com","good","ok","no","no"
"johnb@tel-netgroup.com","good","ok","no","no"
"johnc@perryverroneroofing.com","good","ok","no","no"
"johnc@transactcapital.com","good","ok","no","no"
"johnd@lafleurgodfrey.com","good","ok","no","no"
"johnetta.pierce@baltimorecity.gov","good","ok","no","no"
"johnm@heartlandfertility.com","good","ok","no","no"
"johnny@marketplaceinsure.com","good","ok","no","no"
"jojo@eviumcharging.com","good","ok","no","no"
"jon.katz@ipta.com","good","ok","no","no"
"jon@barringerlawfirm.com","good","ok","no","no"
"jon@chefjimshirley.com","good","ok","no","no"
"jon@ewmotiontherapy.com","good","ok","no","no"
"jon@foreverlawnmilwaukee.com","good","ok","no","no"
"jonathan.cartner@mac-bsa.org","good","ok","no","no"
"jonathan.jardine@bluecloudpsc.com","good","ok","no","no"
"jonathan@justdatalytics.org","good","ok","no","no"
"jonathan@msw.org","good","ok","no","no"
"jonathan@rosenbergdiamonds.com","good","ok","no","no"
"jonathan@safearbor.io","good","ok","no","no"
"jonathan@trojansteel.com","good","ok","no","no"
"jonathanw@title21.com","good","ok","no","no"
"jonce@jcsgllc.com","good","ok","no","no"
"jordan@charneycompanies.com","good","ok","no","no"
"jordan@cheenko.com","good","ok","no","no"
"jordan@havenvacationrentals.com","good","ok","no","no"
"jordan@m1xglobal.com","risky","catch_all","no","no"
"jorge.ventura@syntaxtalent.com","good","ok","no","no"
"jorge@4itworks.com","good","ok","no","no"
"jorge@acquityco.com","good","ok","no","no"
"jorge@magiccleaningcorp.com","good","ok","no","no"
"jorge_mojica@mjdesignus.com","good","ok","no","no"
"joseph.andreo@scouting.org","good","ok","no","no"
"joseph.bernabe@btechnyc.org","good","ok","no","no"
"joseph@flatlandsjessup.com","good","ok","no","no"
"joseph@tumbles.net","risky","catch_all","no","no"
"josephramey@vamonosit.com","good","ok","no","no"
"josh.craver@tacanow.org","good","ok","no","no"
"josh.huff@capitalhcn.com","good","ok","no","no"
"josh.x.batker@ampf.com","good","ok","no","no"
"josh@classiccommercialexteriors.com","good","ok","no","no"
"josh@groundbreakermarketing.com","risky","catch_all","no","no"
"josh@insouthins.com","good","ok","no","no"
"josh@ohdcortland.com","good","ok","no","no"
"josh@politheon.com","good","ok","no","no"
"josh@sturgeonenergy.com","good","ok","no","no"
"josh@supremefencingllc.com","good","ok","no","no"
"joshb@amsdme.com","good","ok","no","no"
"joshjoseph@ou.org","good","ok","no","no"
"joshua.lankford@umatillaelectric.com","good","ok","no","no"
"joshua@archwayfund.com","good","ok","no","no"
"joshua@shopnaturespantry.com","risky","catch_all","no","no"
"jottoboni@coos2go.com","good","ok","no","no"
"joycew@hurwitzfine.com","good","ok","no","no"
"jpalmer@mh2.health","risky","catch_all","no","no"
"jparan@marincounty.org","bad","invalid","no","no"
"jparker@newportbeach.com","good","ok","no","no"
"jpaternostro@activecyber.us","good","ok","no","no"
"jpatriarca@concordtwp.com","good","ok","no","no"
"jpelka@alleganygroup.com","good","ok","no","no"
"jphelps@suretyland.com","good","ok","no","no"
"jphillips@heartwoodpartners.com","good","ok","no","no"
"jplacasse@bals.org","good","ok","no","no"
"jporter@mppinnovation.com","good","ok","no","no"
"jquinn@smmj.com","good","ok","no","no"
"jr@hudsonconstructiongrp.com","good","ok","no","no"
"jrabel@crdaniels.com","good","ok","no","no"
"jreavis@jdhteam.com","good","ok","no","no"
"jreith@rwllaw.com","bad","invalid","no","no"
"jrichardson@agnibiotx.com","good","ok","no","no"
"jrichardson@cnahsi.com","good","ok","no","no"
"jroloff@gwinnettlung.com","good","ok","no","no"
"jromano@calderonemckay.com","good","ok","no","no"
"jrowland@msbs.net","good","ok","no","no"
"jsalazar@karoub.com","good","ok","no","no"
"jsanchez@joinhomebase.com","good","ok","no","no"
"jsandgrund@bbp.nyc","good","ok","no","no"
"jschiaffo@schonfeld.com","good","ok","no","no"
"jscott@coatue.com","good","ok","no","no"
"jsharman@raiders.com","bad","invalid","no","no"
"jshuchatowitz@ijwwhiskey.com","good","ok","no","no"
"jsiau-chua@fhb.com","good","ok","no","no"
"jsiegal@madisondavis.com","good","ok","no","no"
"jslaughter@imperialco.com","good","ok","no","no"
"jsmith@ecobridgeservice.com","good","ok","no","no"
"jstahler@3650capital.com","good","ok","no","no"
"jsteele@schneiderdowns.com","good","ok","no","no"
"jstowers@atlanticfcu.com","good","ok","no","no"
"jtaylor@defiance.edu","good","ok","no","no"
"jtb@independencefoundation.org","good","ok","no","no"
"jthibault@bochner.law","good","ok","no","no"
"jtiefenbrunn@tricion.com","good","ok","no","no"
"jtorres@wso-security.com","good","ok","no","no"
"jtorrez@subnet345.com","good","ok","no","no"
"jtsmith@symphonixsolutions.com","good","ok","no","no"
"jtwite@zwickerpc.com","good","ok","no","no"
"juan.brito@ascendlearning.org","good","ok","no","no"
"juan@omnitransloading.com","good","ok","no","no"
"juan@rowling.com","good","ok","no","no"
"judy.northern@stvincent.org","good","ok","no","no"
"judy@smarttrackcollegefunding.com","good","ok","no","no"
"juerg@internationalforwardingacademy.com","good","ok","no","no"
"juggla@regenerationschools.org","good","ok","no","no"
"julia.berkuta@solid.software","good","ok","no","no"
"julia@bftlanddesign.com","good","ok","no","no"
"julia@halogenvc.com","good","ok","no","no"
"julia@mercuryvote.com","good","ok","no","no"
"julia@orthoadvanced.com","good","ok","no","no"
"julia@techarena.ai","good","ok","no","no"
"juliag@coastinjury.net","good","ok","no","no"
"juliana@youngkobras.com","good","ok","no","no"
"julie.guy@ippfa.org","good","ok","no","no"
"julie@kayahealthclinic.com","risky","catch_all","no","no"
"julie@newarkcommunitystreetteam.org","good","ok","no","no"
"juliegreenwell@sjkids.org","good","ok","no","no"
"juliette@therockandrollplayhouse.com","good","ok","no","no"
"julio.vidals@mejuri.com","good","ok","no","no"
"junean@wellspringca.org","good","ok","no","no"
"justin.bergeron@eo.foundation","good","ok","no","no"
"justin.bolmgren@wjcmllc.com","good","ok","no","no"
"justin.hernandez@scouting.org","good","ok","no","no"
"justin.hsu@chenco.com","good","ok","no","no"
"justin.rice@virtal.pl","bad","invalid","no","no"
"justin.w@globalconservationcorps.org","good","ok","no","no"
"justin@blackstoneelevatorconsulting.com","good","ok","no","no"
"justin@heatwavesupply.com","good","ok","no","no"
"justin@lastpatient.io","risky","catch_all","no","no"
"jvanderpool@precision-sg.net","good","ok","no","no"
"jvillalobos@rvacorp.com","good","ok","no","no"
"jwang@napcoprecast.com","good","ok","no","no"
"jwarnock@mercatopartners.com","good","ok","no","no"
"jweber@greerandkirby.com","good","ok","no","no"
"jweishuhn@ffin.com","good","ok","no","no"
"jwhipple@deodentalgroup.com","good","ok","no","no"
"jwilliams@gsul.org","good","ok","no","no"
"jwilson@smithcountyhabitat.org","good","ok","no","no"
"jwoodward@fordpiquetteplant.org","good","ok","no","no"
"jwren@pluspr.com","good","ok","no","no"
"jwright@yellawood.com","risky","catch_all","no","no"
"jziehl@umfs.org","good","ok","no","no"
"k-akita@on-chip.co.jp","good","ok","no","no"
"k.garcia@nphmedicalservices.com","good","ok","no","no"
"k.j.jaworek@exeter.ac.uk","good","ok","no","no"
"ka@hoplitecapital.com","good","ok","no","no"
"ka@twelve2cg.com","good","ok","no","no"
"kab@ait-co.com","good","ok","no","no"
"kahmed@blackbeardoperating.com","good","ok","no","no"
"kailun@marblehealth.com","good","ok","no","no"
"kailyn@leadshift.com","good","ok","no","no"
"kaitlyn.willing@babysteps.org","good","ok","no","no"
"kalpesh.patel@dicabs.com","good","ok","no","no"
"kanderson@allsurfaces.com","good","ok","no","no"
"kara@pandorusintelligence.com","good","ok","no","no"
"karac@rssohio.com","risky","catch_all","no","no"
"karen.simo@tn.gov","good","ok","no","no"
"karen@animalflow.com","risky","catch_all","no","no"
"karen@avtekvalves.com","risky","catch_all","no","no"
"karen@cookshelf.app","good","ok","no","no"
"karen@svpdenver.org","risky","catch_all","no","no"
"karenm@thundermisthealth.org","good","ok","no","no"
"kari.couret@betterwaymedicalgroup.com","good","ok","no","no"
"karin.olson@pinnbank.com","good","ok","no","no"
"karl@ohanamua.co.uk","good","ok","no","no"
"karla_jaramillo@rcab.org","good","ok","no","no"
"karlee@michiganrisk.com","good","ok","no","no"
"karlie.burkhalter@sevenspringswealth.com","good","ok","no","no"
"karlos@dsdt.edu","good","ok","no","no"
"karmstrong@advancedosm.com","good","ok","no","no"
"karole.yballe@pathfindershealth.com","risky","catch_all","no","no"
"karria@attorneyrobertjames.com","good","ok","no","no"
"kasey@nestcapital.com","good","ok","no","no"
"kate@10xtravel.com","good","ok","no","no"
"kate@warrickcompany.com","good","ok","no","no"
"kateb@pswipa.com","good","ok","no","no"
"kateri.ogrady@workwithyourhandz.com","good","ok","no","no"
"kateycampion@nectar.studio","good","ok","no","no"
"katherine@lazyboyagency.com","risky","catch_all","no","no"
"katherine@zackkass.com","good","ok","no","no"
"katheryn.pae@robocrispusa.com","good","ok","no","no"
"kathleen.miller@phaidoninternational.com","good","ok","no","no"
"kathleen@themusicstudioatlanta.com","good","ok","no","no"
"kathleen@toppallets.com","risky","catch_all","no","no"
"kathryn.meola@aalrr.com","good","ok","no","no"
"kathy.feeney@omicelo.com","good","ok","no","no"
"kathy@ck-litigation.com","good","ok","no","no"
"kathy@mineralanswers.com","good","ok","no","no"
"katic@rockywalton.com","good","ok","no","no"
"katie.bradley@centralishealth.com","good","ok","no","no"
"katie@apohco.com","risky","catch_all","no","no"
"katie@dayspring.bank","good","ok","no","no"
"katie@griffinhme.com","risky","catch_all","no","no"
"katie@healthclinicmd.com","good","ok","no","no"
"katie@paradigm.xyz","good","ok","no","no"
"katrina@rpmpb.com","risky","catch_all","no","no"
"katy.z@oneandonlycollective.com","good","ok","no","no"
"kawan@kido.school","good","ok","no","no"
"kayla@jewishfertilityfoundation.org","good","ok","no","no"
"kbachmann@quinlanpartners.com","good","ok","no","no"
"kball@lottserves.org","good","ok","no","no"
"kbasinger@kbprotection.com","risky","unknown","no","no"
"kbaxter@interfaithamerica.org","good","ok","no","no"
"kbergeron@cmbg3.com","good","ok","no","no"
"kbieber@deppemold.com","good","ok","no","no"
"kbirenbaum@bakerripley.org","good","ok","no","no"
"kbmarshall@sixthstreet.com","good","ok","no","no"
"kburbage@pennfs.com","good","ok","no","no"
"kc@lvlupexpo.com","good","ok","no","no"
"kcabral@breakingground.org","good","ok","no","no"
"kcarnes@originscu.org","good","ok","no","no"
"kcastaneda@abilityfirst.org","good","ok","no","no"
"kchristie@fronterahn.org","good","ok","no","no"
"kcollins@ffin.com","good","ok","no","no"
"kcolumbia@gseok.org","good","ok","no","no"
"kcorbett@arrowheadeval.com","good","ok","no","no"
"kdeboer@fpnb.net","risky","unknown","no","no"
"kdepre@aquarianlp.com","good","ok","no","no"
"kdittmann@ncapha.org","good","ok","no","no"
"kdooley@newfriendsnewlife.org","good","ok","no","no"
"kdotson@nanoflexpower.com","good","ok","no","no"
"kedmonds@hollins.edu","good","ok","no","no"
"kee.farmer@carolinachillers.com","good","ok","no","no"
"keith.snyder@dlallc.com","good","ok","no","no"
"keith.vandyke@trinitystrategicwealth.com","good","ok","no","no"
"kelia.adorno@j7trucking.com","good","ok","no","no"
"kelisha@labizspeaks.org","good","ok","no","no"
"kellelittle@coquilletribe.org","good","ok","no","no"
"kelley@fourpillarshospice.com","risky","catch_all","no","no"
"kellie.macpherson@radiangen.com","good","ok","no","no"
"kelly.martini@complisolv.com","good","ok","no","no"
"kelly.poliszuk@nm.com","good","ok","no","no"
"kelly@morrisonstreetadvisors.com","good","ok","no","no"
"kellye@hpeinc.com","good","ok","no","no"
"kelm@ibhe.org","good","ok","no","no"
"kelsi@dependabledocks.com","risky","catch_all","no","no"
"ken.bergman@cognia.org","good","ok","no","no"
"ken.garland@jtlogistics.com","good","ok","no","no"
"ken@applytoweld.com","risky","catch_all","no","no"
"ken@gem-tech.com","good","ok","no","no"
"ken@openarmsmn.org","good","ok","no","no"
"ken@safe2core.com","risky","catch_all","no","no"
"kendall.blackmon@lynchesriver.com","good","ok","no","no"
"kendra@flatlandsgroup.com","good","ok","no","no"
"kendrud@ambrosiatc.com","good","ok","no","no"
"kenneth@theunitycollaborative.com","good","ok","no","no"
"kenny.farrell@royals.com","good","ok","no","no"
"kenny.w.hutchins@tn.gov","good","ok","no","no"
"kent.anderson@hoolanapua.org","good","ok","no","no"
"kent.pfeil@cor.gov","good","ok","no","no"
"kerri.u@louisianacentral.org","good","ok","no","no"
"kerry.kourepenos@avicenemgmt.com","good","ok","no","no"
"ketompki@ucsc.edu","good","ok","no","no"
"kevin.babikian@redblacksoftware.com","good","ok","no","no"
"kevin.burns@principalservicesltd.com","good","ok","no","no"
"kevin.decker@novusconsulting.com","good","ok","no","no"
"kevin.gasque@greycroft.com","good","ok","no","no"
"kevin.gentry@tn.gov","risky","unknown","no","no"
"kevin.henry@lancerental.com","good","ok","no","no"
"kevin.long@ethic-tech.com","good","ok","no","no"
"kevin.plasek@pinnbank.com","good","ok","no","no"
"kevin.roberts@lanierlawfirm.com","good","ok","no","no"
"kevin.ross@igs.com","good","ok","no","no"
"kevin@alpinemar.com","good","ok","no","no"
"kevin@anchoredwealth.com","good","ok","no","no"
"kevin@arthursmithadvising.com","good","ok","no","no"
"kevin@contractologie.com","risky","catch_all","no","no"
"kevin@gibneydance.org","good","ok","no","no"
"kevin@kindredpm.ai","risky","catch_all","no","no"
"kevin@meteoracapital.com","good","ok","no","no"
"kevin@prosourcefit.com","good","ok","no","no"
"kevinallison@cmmcadvisors.com","good","ok","no","no"
"kfeldman@nuscalepower.com","good","ok","no","no"
"kfields@royalandross.com","good","ok","no","no"
"kfrawley@edgelogistics.com","good","ok","no","no"
"kfrazier@bigbadbreakfast.com","good","ok","no","no"
"kfunk@thesciongroup.com","good","ok","no","no"
"kgardner@bonfirecollective.com","good","ok","no","no"
"kgregoire@sykimls.com","good","ok","no","no"
"khale@unionbankvt.com","good","ok","no","no"
"kharrington@heartlandcu.com","good","ok","no","no"
"kharris@letezsolutionsdoit.com","good","ok","no","no"
"kharrison@ispmillwork.com","good","ok","no","no"
"khayes@ostglobal.com","good","ok","no","no"
"khemmer@altimetersg.com","good","ok","no","no"
"khill@socialfinance.org","good","ok","no","no"
"khirano@apiavote.org","good","ok","no","no"
"khochstein@hwcinc.com","good","ok","no","no"
"khodess@pacificcouncil.org","good","ok","no","no"
"khoffman@familyhomemedical.net","risky","catch_all","no","no"
"khubschmitt@cticus.com","good","ok","no","no"
"khvidtfeldt@handsfree.biz","good","ok","no","no"
"kia@onyximpact.org","good","ok","no","no"
"kia@realtals.com","good","ok","no","no"
"kierre@corsaautorental.com","risky","catch_all","no","no"
"kim.carrano@hifyve.com","good","ok","no","no"
"kim.kuebler@abovefood.com","good","ok","no","no"
"kim.robison@wafd.com","good","ok","no","no"
"kim@cgstrategiespa.com","good","ok","no","no"
"kim@donedealmgmt.com","good","ok","no","no"
"kim@maven-inc.com","good","ok","no","no"
"kim@mommypoppins.com","good","ok","no","no"
"kimber@allinpodcast.co","good","ok","no","no"
"kimberly_galligan@brown.edu","good","ok","no","no"
"kimmay@cnbbank.com","good","ok","no","no"
"kin@logistarinc.com","good","ok","no","no"
"kirby@gogoev.com","good","ok","no","no"
"kirill.b@s-i-r-k-a.com","good","ok","no","no"
"kirk.setzer@scouting.org","good","ok","no","no"
"kirk@graymatters-health.com","good","ok","no","no"
"kirsten@raygriffiths.com","good","ok","no","no"
"kirsten@seawall.com","good","ok","no","no"
"kit.fitzpatrick@ired.co.uk","good","ok","no","no"
"kjackson@poisefdn.org","good","ok","no","no"
"kjames@afyainc.com","good","ok","no","no"
"kjenkins@flylansing.com","bad","invalid","no","no"
"kjustice@growthopsadvisory.com","good","ok","no","no"
"kkahn@fairchildus.com","good","ok","no","no"
"kkuchinski@princetonpartners.com","good","ok","no","no"
"klaus.kuehne@laxxonmedical.com","good","ok","no","no"
"klaus@aplosinnovation.com","good","ok","no","no"
"klin@missionpeakoptics.com","good","ok","no","no"
"klocklear@capefearclinic.org","good","ok","no","no"
"kmarlar@wilsonac.com","good","ok","no","no"
"kmayer@globaldraintech.com","good","ok","no","no"
"kmcclain@energizecap.com","good","ok","no","no"
"kmccoy@thedalagroup.com","good","ok","no","no"
"kmcintyre@cmtc.com","good","ok","no","no"
"kmedford@entek.com","good","ok","no","no"
"kmillner@guilford.edu","good","ok","no","no"
"knicholas@mcneese.edu","good","ok","no","no"
"kodi@laser-lofts.com","good","ok","no","no"
"koehnj@lithko.com","good","ok","no","no"
"kokeefe@vestarcapital.com","good","ok","no","no"
"kolten@glacierrockcapital.com","good","ok","no","no"
"kpaige@ehs.org","good","ok","no","no"
"kpayton@rocklandurgentcare.net","good","ok","no","no"
"kpendo@clpchicago.com","good","ok","no","no"
"kpinkert@livvie.io","good","ok","no","no"
"kpolay@windroseadvisor.com","good","ok","no","no"
"kramires@allegeant.net","good","ok","no","no"
"krau@accesscct.com","good","ok","no","no"
"kris@shipailabs.com","risky","unknown","no","no"
"krisi@doorandco.com","good","ok","no","no"
"kristag@falconaerolab.org","risky","catch_all","no","no"
"kristen@aperfectlinepainting.com","good","ok","no","no"
"kristen@tandemstride.com","good","ok","no","no"
"kristi.brown@easmj.com","good","ok","no","no"
"kristi.wallace@steampunk.com","good","ok","no","no"
"kristin.leggio@aslservicesmb.com","bad","invalid","no","no"
"kristin@nenwusa.com","good","ok","no","no"
"kristina.meyer@lasalle.com","good","ok","no","no"
"kritchie@calc.edu","good","ok","no","no"
"krobinson2@lutheransettlement.org","good","ok","no","no"
"krohrer@myhrcounsel.com","good","ok","no","no"
"krubalcava@artsdistrictlibertystation.org","good","ok","no","no"
"kruse@cir-usa.org","good","ok","no","no"
"krysta@reverseamerica.com","risky","unknown","no","no"
"ksantos@jflusvi.org","good","ok","no","no"
"kscalise@getsecuretech.com","good","ok","no","no"
"ksgreen@yondertech.com","good","ok","no","no"
"kshaw@bizjournals.com","good","ok","no","no"
"ksmith@lps-ins.com","good","ok","no","no"
"kspencer-pike@northstarnm.com","good","ok","no","no"
"ksumme@sequoiacap.com","good","ok","no","no"
"ktrott@aqualateral.com","risky","catch_all","no","no"
"kuhnle@praedictus.com","good","ok","no","no"
"kumara@arborteksys.com","good","ok","no","no"
"kuntal@eathappynow.org","good","ok","no","no"
"kurtk@ogdenadams.com","good","ok","no","no"
"kvelghe@mytbas.com","good","ok","no","no"
"kwacha@neurosurgeryone.org","good","ok","no","no"
"kward@maskillsusa.org","good","ok","no","no"
"kyle.lunt@sunlyhome.com","good","ok","no","no"
"kyle@centerlineusa.com","good","ok","no","no"
"kyle@essentials360.com","good","ok","no","no"
"kyle@eventopsdepot.com","good","ok","no","no"
"kyle@joinasher.com","good","ok","no","no"
"kyle@mycareclub.com","risky","catch_all","no","no"
"kyle@rallysea.com","good","ok","no","no"
"kyle@retailservicesystems.com","good","ok","no","no"
"kyle@thenavingroup.com","good","ok","no","no"
"l.coleman@greenvilletransitions.com","risky","catch_all","no","no"
"lacey@communitycoliving.com","risky","catch_all","no","no"
"laila@hyerenterprise.com","good","ok","no","no"
"laith@alnejmah.com","good","ok","no","no"
"lalt@erpactuaries.com","good","ok","no","no"
"lance.clark@atcsi.com","good","ok","no","no"
"landon.p@wildlandsconservancy.org","good","ok","no","no"
"lanham@ccj.com","good","ok","no","no"
"lanny@stanleycap.com","good","ok","no","no"
"lara.hoyem@schooltheworld.org","good","ok","no","no"
"lara@cocoaccinos.com","bad","invalid","no","no"
"larry.abels@backcountryjourneys.com","good","ok","no","no"
"latanya@southernflavorsllc.com","good","ok","no","no"
"laura.fava@raft.ai","good","ok","no","no"
"laura.lyon@heartlandsconservancy.org","good","ok","no","no"
"laura.newell-mclaughlin@transactcampus.com","good","ok","no","no"
"laura.ramirez@goodamerican.com","good","ok","no","no"
"laura@stoneworksanddesign.com","risky","catch_all","no","no"
"laura@treklv.com","good","ok","no","no"
"laurakate@visionpath.net","good","ok","no","no"
"lauralynlee@cathedral.org","good","ok","no","no"
"lauram@markiiieb.com","good","ok","no","no"
"lauras@passagewealthadvisors.com","good","ok","no","no"
"laurel.milliken@futureearth.org","good","ok","no","no"
"laurel@cyberdata.net","good","ok","no","no"
"laurel@turningpointcom.com","bad","invalid","no","no"
"lauren.demarte@godigitalmg.com","risky","catch_all","no","no"
"lauren.kerner@highlandcreekadvisors.com","risky","catch_all","no","no"
"lauren.lau@definitivehc.com","good","ok","no","no"
"lauren.paver@pflugerarchitects.com","good","ok","no","no"
"lauren@evolutionli.com","good","ok","no","no"
"lauren@firstandfirstconsulting.com","good","ok","no","no"
"lauren@menlatech.com","good","ok","no","no"
"lauren@sandwich.co","good","ok","no","no"
"laurina@davie-coopercity.org","good","ok","no","no"
"lauryn.vaughn@croissant.com","good","ok","no","no"
"lawrence@mota.ai","good","ok","no","no"
"lbartlett@first.media","good","ok","no","no"
"lbartochak@premierchoiceexteriors.com","good","ok","no","no"
"lbell@stpeteinnovationdistrict.com","risky","catch_all","no","no"
"lblakey@wccnet.edu","good","ok","no","no"
"lbloom@restaurantproshop.com","good","ok","no","no"
"lbrody@healthystpete.foundation","good","ok","no","no"
"lcallan@latusevents.com","good","ok","no","no"
"lcole@scifirstforhunters.org","good","ok","no","no"
"ldaily@physicianlcp.com","good","ok","no","no"
"ldrewitz@uwpv.org","good","ok","no","no"
"leach@eversoleassociates.com","good","ok","no","no"
"leah.bartlo@empower-wny.org","good","ok","no","no"
"leah@hartagencyny.com","good","ok","no","no"
"lee@bgclaredo.com","good","ok","no","no"
"lee@evio.vc","good","ok","no","no"
"lee@idoincorporated.com","good","ok","no","no"
"lee@mach-1financial.com","good","ok","no","no"
"leeann@thehiddenopponent.org","good","ok","no","no"
"leilani@roguepsych.org","risky","catch_all","no","no"
"leithad@excelfcu.org","good","ok","no","no"
"leng@deekuhealth.com","good","ok","no","no"
"leslie@titosvodka.com","good","ok","no","no"
"leslie@usmigraine.com","good","ok","no","no"
"leslie@webstudioswest.com","good","ok","no","no"
"leviperry@blackcapelectric.com","good","ok","no","no"
"lewis.m@barges.us","good","ok","no","no"
"lfain@harryanddavid.com","good","ok","no","no"
"lg@trucraftdesign.com","bad","invalid","no","no"
"lgarcia@b2gstrategies.com","good","ok","no","no"
"lgloververhagen@seymour.k12.wi.us","good","ok","no","no"
"lhall@thda.org","risky","unknown","no","no"
"lhess@pgsmillwork.com","risky","catch_all","no","no"
"lhewey@fmc.edu","good","ok","no","no"
"lhollenbeck@kitonginternational.org","good","ok","no","no"
"lhylton@ichs.edu","good","ok","no","no"
"li.qiao@handapharma.com","good","ok","no","no"
"lia@arundelgroupholdings.com","good","ok","no","no"
"lianne@smilebase.com","good","ok","no","no"
"libby@growlagency.com","good","ok","no","no"
"libby@potomacconcierge.com","good","ok","no","no"
"liliana.hunter@orionssllc.com","good","ok","no","no"
"liliya@dimovtax.com","good","ok","no","no"
"lilly.cubano@maryland.gov","good","ok","no","no"
"lina@globalinsurancepro.com","good","ok","no","no"
"linda@creative-acoustics.com","good","ok","no","no"
"linda@ppdocs4.com","good","ok","no","no"
"lindsay@cfdc.org","good","ok","no","no"
"lindsay@code3service.com","good","ok","no","no"
"lindsay@fidatowealth.com","good","ok","no","no"
"lindsay@jessicamaguire.com","risky","catch_all","no","no"
"lindsey.lux@fssa.in.gov","good","ok","no","no"
"lindsey@movementleaderscollective.com","good","ok","no","no"
"lippincott@ackerman-group.com","good","ok","no","no"
"lisa.b@rankpay.com","risky","catch_all","no","no"
"lisa.brown@faegredrinker.com","good","ok","no","no"
"lisa.fischer@missionlane.com","good","ok","no","no"
"lisa.russell@helixbenefits.net","good","ok","no","no"
"lisa.schad@pmiwi.com","good","ok","no","no"
"lisa@alvarezgower.com","good","ok","no","no"
"lisa@coactiongrp.com","good","ok","no","no"
"lisa@em-staff.com","good","ok","no","no"
"lisena.mathurin@millennialhcs.com","good","ok","no","no"
"liz.palmer@ttsp.org","good","ok","no","no"
"ljennings@hello.storage","good","ok","no","no"
"lkamper@starfishms.com","good","ok","no","no"
"lkasehagen@soanetechnologies.com","good","ok","no","no"
"lkreis@stevenscountywa.gov","good","ok","no","no"
"llamoreaux@perryhbo.com","bad","invalid","no","no"
"llanda@avaloncollision.com","risky","catch_all","no","no"
"llewis@brandproperties.com","good","ok","no","no"
"llira@irisecare.com","good","ok","no","no"
"llocey@dosp.org","good","ok","no","no"
"lluevano@goldcoastbank.net","good","ok","no","no"
"llynn@abim.org","good","ok","no","no"
"lmarler@truenaturalgas.com","bad","invalid","no","no"
"lmarlow@senegence.com","good","ok","no","no"
"lmartin@textileexchange.org","good","ok","no","no"
"lmathis@ccbss.com","good","ok","no","no"
"lmb@binkleybarfield.com","good","ok","no","no"
"lmccarty@seleniteenergy.com","good","ok","no","no"
"lmcginnis@htts.com","good","ok","no","no"
"lmenighan@haddonhomecare.com","good","ok","no","no"
"lmiralles@casfid.com","good","ok","no","no"
"lmizanin@accsc.org","good","ok","no","no"
"lmyers@salemalliance.org","good","ok","no","no"
"lnavarro@seminariosecurities.com","good","ok","no","no"
"loai@katiespizza.com","risky","catch_all","no","no"
"logan@sassychapgames.com","risky","catch_all","no","no"
"lolivieri@darslaw.com","bad","invalid","no","no"
"lonnie@dreamsdesignandlife.com","good","ok","no","no"
"lora@dentalartshawaii.com","risky","catch_all","no","no"
"lori.martin@vumc.org","good","ok","no","no"
"lori@kdcrpartners.com","good","ok","no","no"
"lori@theheistagency.co","good","ok","no","no"
"lpiazza@lewisllewellyn.com","good","ok","no","no"
"lprinciv@mjhs.org","good","ok","no","no"
"lreau@autonomycapitalgroup.com","good","ok","no","no"
"lsgliddon@knowledgerelay.com","good","ok","no","no"
"lsimmons@simmonscorp.com","good","ok","no","no"
"lsmith@pyapc.com","good","ok","no","no"
"lsolano@gslsavingsbank.com","good","ok","no","no"
"lstacy@casewv.org","good","ok","no","no"
"lstrott@cdrtek.com","good","ok","no","no"
"lsturos@esportsfoundry.com","good","ok","no","no"
"lswaggerty@lithko.com","good","ok","no","no"
"ltl@goglt.com","good","ok","no","no"
"ltodd@nvcf.org","good","ok","no","no"
"lucas@marketinginventors.com","good","ok","no","no"
"lucas@parametric.company","good","ok","no","no"
"luciano.salata@edgeuno.com","good","ok","no","no"
"lucio@softwareontheroad.com","risky","catch_all","no","no"
"luckyr@avlinc.com","risky","unknown","no","no"
"lucy@apexmedia.com","good","ok","no","no"
"luis.aguirre@riovistabh.com","good","ok","no","no"
"luis.ferreira@jcferreiraconstruction.com","good","ok","no","no"
"luize.dallacosta@paracogas.com","good","ok","no","no"
"lvalyou@rockpinepartners.com","good","ok","no","no"
"lvapniarek@abai.org","good","ok","no","no"
"lwhite@xsquaredlife.com","risky","unknown","no","no"
"lwilliams@mdhumanities.org","good","ok","no","no"
"lyates@heycoenergy.com","good","ok","no","no"
"lydia.rostkowski@ct.gov","good","ok","no","no"
"lyn.blandi@nm.com","good","ok","no","no"
"lyndon.dupont@bridgesourcesolutions.com","good","ok","no","no"
"lyndsey@blueskyathomevetcare.com","good","ok","no","no"
"lynn.epps@psa-online.net","good","ok","no","no"
"lynn@automotivestrategiestx.com","good","ok","no","no"
"lyza@redux-games.com","good","ok","no","no"
"lzashin@finleybeer.com","good","ok","no","no"
"lzimmermann@fifthseason.com","good","ok","no","no"
"m.camaro@ibernova.com","good","ok","no","no"
"m.canter@iyfglobal.org","good","ok","no","no"
"m.demarchi@plastictechnologies.com","good","ok","no","no"
"m.mashburn@surv7x.com","good","ok","no","no"
"m.shearer@wilmingtonpharmatech.com","good","ok","no","no"
"m.stefanini@horizon51.com","good","ok","no","no"
"maahi.vyas@seeair.com","risky","catch_all","no","no"
"mac@schlawpc.com","good","ok","no","no"
"mackl@industrialfinishes.com","good","ok","no","no"
"macleodj@dyc.edu","good","ok","no","no"
"macy.claprood@floridawatersafety.org","good","ok","no","no"
"madamo@medcerts.com","good","ok","no","no"
"maddie@endoverdose.net","good","ok","no","no"
"madelyn@cannonbilling.com","good","ok","no","no"
"maggie@patanimation.com","good","ok","no","no"
"magron@newmanarchitects.com","good","ok","no","no"
"mahdi@mitomaterials.com","good","ok","no","no"
"malkasiane@vcu.edu","good","ok","no","no"
"mallen@pepinerealty.com","good","ok","no","no"
"maltieri@wrencap.com","good","ok","no","no"
"mandy.mota@kbcadvisors.com","good","ok","no","no"
"mandy@mbari.org","good","ok","no","no"
"manuel@avitsol.com","good","ok","no","no"
"maorb@algroup.com","good","ok","no","no"
"marc.m@individualhcp.com","risky","catch_all","no","no"
"marc.silverman@buyerstitle.com","good","ok","no","no"
"marc@artegousa.com","risky","unknown","no","no"
"marc@fuseventures.com","good","ok","no","no"
"marc@jaffetilchin.com","good","ok","no","no"
"margaret@cafoodlink.org","bad","invalid","no","no"
"margaux.sloan@uncommon.studio","good","ok","no","no"
"marguerite.desir@harrispaintsonline.com","good","ok","no","no"
"maria.polanco@creganna.com","good","ok","no","no"
"maria.s.caruso@nm.com","good","ok","no","no"
"maria@aromazhome.com","good","ok","no","no"
"marianna.kmbikyan@bserved.us","good","ok","no","no"
"marie@mdpmrentals.com","good","ok","no","no"
"marika@hunnex.com","good","ok","no","no"
"mario.bufalini@basolighting.com","good","ok","no","no"
"mario@warnerc.com","risky","catch_all","no","no"
"marjona@lyratechgroup.com","bad","invalid","no","no"
"mark.abernathy@pensasystems.com","good","ok","no","no"
"mark.frahm@aureliatechnology.com","good","ok","no","no"
"mark.fransen@hs.utc.com","good","ok","no","no"
"mark.gomulka@westfall-technik.com","good","ok","no","no"
"mark.hur@cityofpaloalto.org","good","ok","no","no"
"mark.ptashkin@120degreez.com","good","ok","no","no"
"mark.reilly@mass.gov","good","ok","no","no"
"mark.schaaf@beaconsoftware.com","good","ok","no","no"
"mark@douglaslaw.com","good","ok","no","no"
"mark@esmproducts.com","good","ok","no","no"
"mark@gristanalytics.com","good","ok","no","no"
"mark@intelligible.ai","good","ok","no","no"
"mark@reidylawoffice.com","good","ok","no","no"
"mark@trex-arms.com","good","ok","no","no"
"mark@youlsl.org","good","ok","no","no"
"markc@solidearthconstruction.com","good","ok","no","no"
"marlene.steiner@bhaktaspirits.com","good","ok","no","no"
"marnold@narragansettbsa.org","good","ok","no","no"
"mars.rojas@esquiresolutions.com","good","ok","no","no"
"martin.gollwitzer@kirksey.com","good","ok","no","no"
"martin@mdwcomm.com","good","ok","no","no"
"marty.summers@pleres.group","good","ok","no","no"
"marty@oversightpartners.com","good","ok","no","no"
"maru.sokolowski@founders-agency.com","good","ok","no","no"
"mary.dalzell@skuad.io","good","ok","no","no"
"mary.mattes@harpula.com","good","ok","no","no"
"mary@authorable.com","risky","catch_all","no","no"
"maryanne@georgiahealthinitiative.org","good","ok","no","no"
"maryslenni.gil@sierravistamedfl.com","good","ok","no","no"
"marzina.shaheed@shos.com","good","ok","no","no"
"mashcraft@che.in.gov","good","ok","no","no"
"mathew@darrow.ai","good","ok","no","no"
"matt.gibson@evolveincorporated.com","good","ok","no","no"
"matt.haynes@fathomre.com","good","ok","no","no"
"matt.kobunski@thehelperbees.com","good","ok","no","no"
"matt@artwithme.org","good","ok","no","no"
"matt@countrysweetproduce.com","good","ok","no","no"
"matt@cyberneticsound.org","good","ok","no","no"
"matt@deepdivestudios.net","risky","catch_all","no","no"
"matt@pairedgolf.com","good","ok","no","no"
"matt@phoenixmedics.org","good","ok","no","no"
"matt@principiacapital.com","good","ok","no","no"
"matt@sageforce.ai","good","ok","no","no"
"matt@thelovingfungi.com","risky","catch_all","no","no"
"mattgrinsell@beelineneuro.com","good","ok","no","no"
"matthew.dangler@stratascorp.com","good","ok","no","no"
"matthew.gowen@skycell.ch","good","ok","no","no"
"matthew.johnen@amrok.space","good","ok","no","no"
"matthew.mccoy@sunlightfinancial.com","risky","catch_all","no","no"
"matthew.truscott@ntgfreight.com","good","ok","no","no"
"matthew@eatsimple.com","good","ok","no","no"
"matthew@netzzar.com","good","ok","no","no"
"matthew@solarcfo.com","risky","catch_all","no","no"
"matthew@surfprepsanding.com","good","ok","no","no"
"mattm@adkammo.com","good","ok","no","no"
"mattwilson@newks.com","good","ok","no","no"
"maurice.king@ingredion.com","good","ok","no","no"
"mauricio@silviatcherassi.com","good","ok","no","no"
"mavillari@broadwayhousing.org","good","ok","no","no"
"max@lendfriendmtg.com","good","ok","no","no"
"maxeckstein@colo-law.com","good","ok","no","no"
"maya@landingcollective.com","good","ok","no","no"
"mbarley@cassinfo.com","good","ok","no","no"
"mbeatty@cinnamombakery.com","good","ok","no","no"
"mbelcher@growaldclimatefund.org","good","ok","no","no"
"mbenton@theproper.group","risky","catch_all","no","no"
"mbosch@weioffice.com","good","ok","no","no"
"mbowman@portjersey.com","good","ok","no","no"
"mc@connorsllp.com","good","ok","no","no"
"mcalamari@trumporg.com","good","ok","no","no"
"mcclaincr@lithko.com","good","ok","no","no"
"mchavez@smythindustries.com","good","ok","no","no"
"mckinley@backflip.com","good","ok","no","no"
"mcleary@cantwellcleary.com","good","ok","no","no"
"mcoffey@rmhouse.org","good","ok","no","no"
"mcombs@bankofmissouri.com","risky","catch_all","no","no"
"mconway@millerenv.com","good","ok","no","no"
"mcook@buffalo.edu","good","ok","no","no"
"mcox@newjerseycommunitycapital.org","good","ok","no","no"
"mcross@deserttownhall.org","good","ok","no","no"
"mdamato@bazzini.com","good","ok","no","no"
"mdavis@pvfilms.com","good","ok","no","no"
"mdelorenzo@straamgroup.com","good","ok","no","no"
"mdiehl@pikecac.org","good","ok","no","no"
"mdonovan@mmjccm.org","good","ok","no","no"
"mdotson@indianalatinoinstitute.org","good","ok","no","no"
"mdover@nctd.org","good","ok","no","no"
"mdubose@ips.us","good","ok","no","no"
"meagan@iverson.inc","good","ok","no","no"
"meagan@outthinkgroup.com","good","ok","no","no"
"meekin@augustvt.com","good","ok","no","no"
"megan.h.keenan@lansingadv.com","good","ok","no","no"
"megan.mills@millsmachineworks.com","risky","catch_all","no","no"
"megan@charlesjewelry.com","good","ok","no","no"
"megan@overthetopmagic.co","risky","unknown","no","no"
"megan@wlp-tv.com","good","ok","no","no"
"meganlewis@bgcportland.org","good","ok","no","no"
"meghan.curran@echioncapital.com","good","ok","no","no"
"meghan@wnc-cbd.com","good","ok","no","no"
"mehickey@rstthermal.com","good","ok","no","no"
"mehlinger@gisaoh.org","good","ok","no","no"
"meinzer@ats.edu","good","ok","no","no"
"meiting@puffmedia.co","good","ok","no","no"
"melanie@esquiresolutions.com","good","ok","no","no"
"melaniee@gattilaw.com","risky","catch_all","no","no"
"melisa.cobb@tn.gov","good","ok","no","no"
"melissa.lewin@fixedpointadvisors.com","good","ok","no","no"
"melissa@corsha.com","good","ok","no","no"
"melissa@creativelegion.com","good","ok","no","no"
"melissa@raynacorp.com","good","ok","no","no"
"melissa@sellercloud.com","good","ok","no","no"
"melissafilipovic@thegrandresidence.com","good","ok","no","no"
"mellisa.blankenship@louisvilleky.gov","bad","invalid","no","no"
"melvin.russell@palomarhealth.org","good","ok","no","no"
"menendez@celebrity.edu","good","ok","no","no"
"meredith.larson@ndus.edu","good","ok","no","no"
"meredith@amanmeeks.com","good","ok","no","no"
"meredith@cvsc.org","good","ok","no","no"
"merrick+duplicate@molsbeeroofing.com","good","ok","no","no"
"mevans@collectiveinsights.com","good","ok","no","no"
"mfalotico@thechicagoschool.edu","good","ok","no","no"
"mfarmer@stepbystepwv.org","good","ok","no","no"
"mferkovic@ingw.com","good","ok","no","no"
"mfernandez@nesolutions.us","good","ok","no","no"
"mfigurelle@wtsolutionsllc.com","good","ok","no","no"
"mflowers@greaterwashingtonpartnership.com","good","ok","no","no"
"mfonseca@baltimorebsa.org","good","ok","no","no"
"mgabler@pahousegop.com","good","ok","no","no"
"mgallagher@tecolote.com","risky","catch_all","no","no"
"mganucheau@crawfordelectricsupply.com","risky","catch_all","no","no"
"mgiamou@giapm.ca","risky","catch_all","no","no"
"mgoldfarb@bdcm.com","good","ok","no","no"
"mgoodwin@designcollective.com","good","ok","no","no"
"mguevara-torres@aals.org","good","ok","no","no"
"mguzman@hgwlawfirm.com","good","ok","no","no"
"mhaskins0933@sdsu.edu","good","ok","no","no"
"mhellmers@pioneerhealthfl.org","good","ok","no","no"
"mhendrix@pureheart.org","good","ok","no","no"
"mhirsch@cpins.com","good","ok","no","no"
"mhowell@satco-inc.com","good","ok","no","no"
"mhuffty@gulfsouthtowers.com","good","ok","no","no"
"mhumes@marthastable.org","good","ok","no","no"
"mhumphrey@dealerswholesale.com","bad","invalid","no","no"
"miatalley@c2h.us","risky","catch_all","no","no"
"michael.arnold@osbm.nc.gov","good","ok","no","no"
"michael.babbitt@cascadehasson.com","good","ok","no","no"
"michael.baddour@baddourcarentals.com","good","ok","no","no"
"michael.boler@christianemergencynetwork.net","good","ok","no","no"
"michael.dargavell@onuvets.org","good","ok","no","no"
"michael.finney@bimeda.com","good","ok","no","no"
"michael.goldstein@altertrading.com","good","ok","no","no"
"michael.harris@bucks.edu","good","ok","no","no"
"michael.hesbach@redcross.org","good","ok","no","no"
"michael.jewart@starmarkcp.com","good","ok","no","no"
"michael.martin@sfport.com","good","ok","no","no"
"michael.richardson@blvsecurities.com","risky","unknown","no","no"
"michael.roche@drips.com","good","ok","no","no"
"michael.rybicki@mass.gov","good","ok","no","no"
"michael.squire@kinecta.org","good","ok","no","no"
"michael.vargo@jetexcellence.com","good","ok","no","no"
"michael.vente@dhe.state.co.us","good","ok","no","no"
"michael.vercio@deltaxpropulsion.com","good","ok","no","no"
"michael.willette@gaudenzia.org","good","ok","no","no"
"michael.wilson@scouting.org","good","ok","no","no"
"michael.winton@clearwell.ai","good","ok","no","no"
"michael@amantielectric.com","good","ok","no","no"
"michael@cliquify.me","good","ok","no","no"
"michael@completeiq.com","good","ok","no","no"
"michael@eptacapitalmgmt.com","good","ok","no","no"
"michael@insightvisionoc.com","good","ok","no","no"
"michael@o-ltd.net","good","ok","no","no"
"michael@shopplanetbylaureng.com","risky","catch_all","no","no"
"michael@uprightmedia.co","good","ok","no","no"
"michael@zpizza.com","good","ok","no","no"
"michaelb@kannareno.com","bad","invalid","no","no"
"michaelwade@familychatterbox.com","good","ok","no","no"
"micheal.migliara@sss.gov","good","ok","no","no"
"micheal@xtal.ventures","risky","catch_all","no","no"
"michele.adler@timelooper.com","good","ok","no","no"
"michele.tinsley@chesteranimalclinic.com","good","ok","no","no"
"michele@lightning.capital","good","ok","no","no"
"michelle.despres@physnet.com","good","ok","no","no"
"michelle.hester@odwlogistics.com","good","ok","no","no"
"michelle.holbrook@esquiresolutions.com","good","ok","no","no"
"michelle.mohrman@annandale.org","good","ok","no","no"
"michelle@art25consulting.com","good","ok","no","no"
"michelle@embedsecurity.com","good","ok","no","no"
"michelle@floridapolebarn.com","good","ok","no","no"
"michelle@volunteerblue.org","good","ok","no","no"
"mick@cmaxadvisory.com.au","good","ok","no","no"
"mikaylah.wheeler@smithsinterconnect.com","good","ok","no","no"
"mike-obrien@stormgeo.com","risky","catch_all","no","no"
"mike.schaller@benere.us","good","ok","no","no"
"mike@3dsitedev.com","good","ok","no","no"
"mike@bigv.com","good","ok","no","no"
"mike@crosshm.com","good","ok","no","no"
"mike@dreamcoat.org","good","ok","no","no"
"mike@finrokgroup.com","good","ok","no","no"
"mike@lowandslowsnacks.com","good","ok","no","no"
"mike@lutgert.com","good","ok","no","no"
"mike@mnroofingco.com","risky","catch_all","no","no"
"mike@ovii.com","good","ok","no","no"
"mike@palletrackworld.com","risky","catch_all","no","no"
"mike@poolcenturion.com","good","ok","no","no"
"mike@toplandconstruction.com","risky","catch_all","no","no"
"mikeb@performanceoptimalhealth.com","good","ok","no","no"
"mikebadger@ratiochristi.org","good","ok","no","no"
"mikec@agencygroupinc.com","good","ok","no","no"
"miked@hiltonheadislandsc.gov","good","ok","no","no"
"mikeg@advanced-rv.com","good","ok","no","no"
"mikeh@altuscxo.com","good","ok","no","no"
"mikes@brentwoodflooringamerica.com","good","ok","no","no"
"miket@woodlandcabinetry.com","good","ok","no","no"
"milan@zjindustries.com","risky","catch_all","no","no"
"milana@suncoamerica.com","good","ok","no","no"
"miles@infrahub.ai","good","ok","no","no"
"miles@titangroupdea.com","good","ok","no","no"
"mindy.flint@vtx1.net","good","ok","no","no"
"mindy.south@fullypromoted.com","good","ok","no","no"
"mini@accesscareers.net","good","ok","no","no"
"mira@vsengineering.co","good","ok","no","no"
"miranda@matchfire.com","good","ok","no","no"
"mirandab@ntlifts.com","good","ok","no","no"
"miri@nibbana-group.com","good","ok","no","no"
"mirza@injectiveprotocol.com","good","ok","no","no"
"mirzabaig@safinternational.net","good","ok","no","no"
"mish@mfh.law","good","ok","no","no"
"mishal@halvex.net","good","ok","no","no"
"mitch.icard@spectralenergies.com","good","ok","no","no"
"mitch@underdeckshield.com","good","ok","no","no"
"mitchell.london@seascapeaqua.com","good","ok","no","no"
"mjmillea@esf.edu","good","ok","no","no"
"mjohnson@deltaadvisor.com","good","ok","no","no"
"mjoyce@evamedtec.com","bad","invalid","no","no"
"mjsmith@isothermal.edu","good","ok","no","no"
"mk@elisium.city","good","ok","no","no"
"mkeegan@frazierfinancial.com","good","ok","no","no"
"mking@vmiaa.org","good","ok","no","no"
"mkluczynski@swbr.com","good","ok","no","no"
"mkosak@uvmhealth.org","good","ok","no","no"
"mkutzer@cbharper.com","good","ok","no","no"
"mlaro@potomaclaw.com","bad","invalid","no","no"
"mlindloff@mpsqrd.com","good","ok","no","no"
"mlofton@indyecondev.com","good","ok","no","no"
"mlove@orionlegalmso.com","good","ok","no","no"
"mlujan@camh.org","risky","catch_all","no","no"
"mlutsky@tmusallc.com","good","ok","no","no"
"mm@onewayclean.com","good","ok","no","no"
"mmarotta@iconarch.com","good","ok","no","no"
"mmarr@creovalo.com","good","ok","no","no"
"mmatson@ratcliffarch.com","risky","catch_all","no","no"
"mmatter@sdsu.edu","good","ok","no","no"
"mmekha@theartofderm.com","good","ok","no","no"
"mmenard@comluxamerica.com","good","ok","no","no"
"mmendoza@claremontlincoln.edu","good","ok","no","no"
"mmendoza@stateslogistics.com","good","ok","no","no"
"mmerchant@colburnschool.edu","good","ok","no","no"
"mmiller@brainbalancecenters.com","good","ok","no","no"
"mmouer@arc-sd.com","good","ok","no","no"
"mmracna@tippmanngroup.com","good","ok","no","no"
"mmurdock@energyaccess.com","good","ok","no","no"
"moe@myswitchpower.com","bad","invalid","no","no"
"molly@gostaffify.com","risky","catch_all","no","no"
"momundson@columnarinvestments.com","good","ok","no","no"
"moni@thecowleygroup.com","good","ok","no","no"
"mpagewhite@bertnash.org","good","ok","no","no"
"mparada@morrisexport.com","bad","invalid","no","no"
"mperez@inogen.net","good","ok","no","no"
"mpresley@thewilmingtongroup.com","risky","catch_all","no","no"
"mprincic@smexpertsolutions.com","good","ok","no","no"
"mrahman@ulkasemi.com","good","ok","no","no"
"mriska@thevbshop.com","good","ok","no","no"
"mrobbins@kravmd.com","risky","catch_all","no","no"
"mrsam@dlymfgusa.com","risky","catch_all","no","no"
"mrudnitsky@amphenol-aao.com","good","ok","no","no"
"mrugani@handelandhaydn.org","good","ok","no","no"
"mschaffner@graphiteoneinc.com","good","ok","no","no"
"mschilling@ginosko.com","good","ok","no","no"
"mseacrest@ryanseacrestfoundation.org","good","ok","no","no"
"mselbie@yourfuturestrategy.com.au","risky","catch_all","no","no"
"msheahan@bendercareycap.com","good","ok","no","no"
"mshelton@coastal24.com","good","ok","no","no"
"msherman@odyssey-academy.com","good","ok","no","no"
"mskeate@mbopartners.com","good","ok","no","no"
"mskinner@dse-inc.net","good","ok","no","no"
"msolomon@fnbhartford.com","bad","invalid","no","no"
"mspangler@finback670.com","good","ok","no","no"
"mspatafore@pinnaclefertility.com","good","ok","no","no"
"mspeck@southeastpcp.com","good","ok","no","no"
"mspencer@elendilresources.com","good","ok","no","no"
"mstanford@targetarea.org","good","ok","no","no"
"mstanton@lily.com","good","ok","no","no"
"msteinhart@unbeatenpath.com","bad","invalid","no","no"
"mstrong@caretogether.ai","good","ok","no","no"
"msuckow@waepa.org","good","ok","no","no"
"mtaylor@gleanerlife.org","good","ok","no","no"
"mtaylor@rbwlogistics.com","good","ok","no","no"
"mtimpson@plusonecompany.com","good","ok","no","no"
"mtiner@andovercorp.com","good","ok","no","no"
"mtipps@fcventures.com","good","ok","no","no"
"mtossetto@preferredhotels.com","good","ok","no","no"
"muneer@actconstruction.net","good","ok","no","no"
"mvega@sratrials.com","good","ok","no","no"
"mvenay@madison-park.org","good","ok","no","no"
"mvgoodrich@usdi.com","good","ok","no","no"
"mvolovic@mountainshealth.org","good","ok","no","no"
"mvotta@nautic.com","good","ok","no","no"
"mwalden@1800radiator.com","good","ok","no","no"
"mwaldenmeyer@3dxscenic.com","good","ok","no","no"
"mwalker@stopbreastcancer.org","bad","invalid","no","no"
"mwasley@coneyislandprep.org","good","ok","no","no"
"mweeks@outdooramerica.com","risky","catch_all","no","no"
"mweidman@netacare.org","bad","invalid","no","no"
"mwilson@ase.com","good","ok","no","no"
"mwong@altairlaw.com","good","ok","no","no"
"myers-myra@galls.com","good","ok","no","no"
"mylissa@valerieshouse.org","good","ok","no","no"
"myoung@flamboyanfoundation.org","good","ok","no","no"
"mzecevic@harmonycares.com","good","ok","no","no"
"nabil.taha@azzo.com","good","ok","no","no"
"nac@audienhearing.com","good","ok","no","no"
"nadean_varas@agppg.com","good","ok","no","no"
"nakul@tecorb.com","good","ok","no","no"
"namil.choi@und.edu","good","ok","no","no"
"nancy.huynh@brevanhoward.com","good","ok","no","no"
"nancy.stagliano@neuron23.com","good","ok","no","no"
"nancy@apricott.com","good","ok","no","no"
"nancy@cmeconsultants.com","good","ok","no","no"
"nancy@stfvision.org","risky","catch_all","no","no"
"nangrisano@treanor.design","good","ok","no","no"
"natalie@cogworkconsulting.com","good","ok","no","no"
"natalie@conciergelaw.com","bad","invalid","no","no"
"natalie@gracekleincommunity.com","good","ok","no","no"
"nate.marks@acentria.com","good","ok","no","no"
"nate@castlerockagentservices.com","good","ok","no","no"
"nathan-stack@hibid.com","good","ok","no","no"
"nathan@proposedspaces.com","risky","catch_all","no","no"
"nathan@shipfbl.com","good","ok","no","no"
"nathan@stemwave.com","good","ok","no","no"
"naval.rajpurkar@loadpivot.com","good","ok","no","no"
"naylore@design-zyme.com","risky","catch_all","no","no"
"nbrown@homelandcenter.org","good","ok","no","no"
"nbuckles@flaglerclerk.com","good","ok","no","no"
"ncampbell@ccbss.com","good","ok","no","no"
"ncannon@wvrf.org","good","ok","no","no"
"neal-mcmaster@ccctx.org","good","ok","no","no"
"neal@fairvoypw.com","good","ok","no","no"
"neal@ztek-inc.com","good","ok","no","no"
"neby@sosglobal.com","good","ok","no","no"
"nedwards@blackwatertechnologysolutions.com","good","ok","no","no"
"neha.gupta@partnersforpublicgood.org","good","ok","no","no"
"neha.kapuria@revvana.com","good","ok","no","no"
"neilmehra@r-squaredgroup.com","good","ok","no","no"
"neira@ustdts.edu","good","ok","no","no"
"nerisen@muulahub.com","good","ok","no","no"
"nez@blueladderstrategies.com","risky","catch_all","no","no"
"nfein@trcnyc.org","good","ok","no","no"
"ngauthier@digitalprospectors.com","good","ok","no","no"
"ngisbert@usenelson.com","good","ok","no","no"
"ngk@nttcsurgerycenter.com","good","ok","no","no"
"ngoberman@seabridge.com","good","ok","no","no"
"nherr@archersystems.com","good","ok","no","no"
"nhudson@sheppard.com","bad","invalid","no","no"
"nhunot@rdoor.org","good","ok","no","no"
"nicholas.cornell@ironbank.com","good","ok","no","no"
"nicholas.dwyer@youturn.org.au","good","ok","no","no"
"nicholas.oconnell@manyriversmontessori.org","good","ok","no","no"
"nicholas.treschitta@rainbowwestchester.com","bad","invalid","no","no"
"nick.norder@ntgfreight.com","good","ok","no","no"
"nick@chainlink-solutions.com","good","ok","no","no"
"nick@everthrivelandscape.com","good","ok","no","no"
"nick@h6advisors.com","good","ok","no","no"
"nick@hintyr.com","good","ok","no","no"
"nick@outlive.com","risky","catch_all","no","no"
"nick@themjewelersny.com","good","ok","no","no"
"nickespinola@cscontractsolutions.com","good","ok","no","no"
"nickfiore@fenixparts.com","good","ok","no","no"
"nicki.perkins@commonsecuritization.com","good","ok","no","no"
"nickriddell@callswan.com","good","ok","no","no"
"nicola.reynolds@justice.gov.uk","good","ok","no","no"
"nicolas@lemondestudio.com","good","ok","no","no"
"nicolasy@hialtitudebrands.com","risky","catch_all","no","no"
"nicole.foltos@twomen.com","good","ok","no","no"
"nicole.talanay@phaidoninternational.com","good","ok","no","no"
"nicole@evhybridnoire.com","good","ok","no","no"
"nicole@morrill.law","good","ok","no","no"
"nicole@rohangurram.com","good","ok","no","no"
"nicole@scheel-mann.com","good","ok","no","no"
"nicole@woodmontcounsel.com","good","ok","no","no"
"nicoleta@llwebconsulting.com","good","ok","no","no"
"nidehen@redartscapital.com","good","ok","no","no"
"nik@gastleylaw.com","good","ok","no","no"
"nikki@gracefultherapy.com","good","ok","no","no"
"nikki@monarchcypress.com","risky","catch_all","no","no"
"nilesh@fgfcmarkets.com","bad","invalid","no","no"
"nilles@vivvi.com","good","ok","no","no"
"nina.redd@viskoteepak.com","good","ok","no","no"
"ninarichardson@fortna.com","risky","unknown","no","no"
"njolly@bridgestulsa.org","good","ok","no","no"
"njoseph@cm.law","good","ok","no","no"
"njosephs@veritext.com","good","ok","no","no"
"nkhan@teamconsult.com","good","ok","no","no"
"nlieberman@ovationinstore.com","good","ok","no","no"
"nlimner@consultkey.com","good","ok","no","no"
"nm@greentherma.com","good","ok","no","no"
"nmarkoff@jeffdeals.com","good","ok","no","no"
"nmasenthin@ipxpower.com","good","ok","no","no"
"nmattison@seedinc.org","risky","catch_all","no","no"
"nmendlovic@jfsa-cleveland.org","good","ok","no","no"
"nmeyer@powersolutionsinc.net","good","ok","no","no"
"nnovak@novakdental.com","good","ok","no","no"
"nochoa@blueteamalpha.com","good","ok","no","no"
"noel@analytaix.com","good","ok","no","no"
"noepineda@laluztortillafactory.com","risky","catch_all","no","no"
"nolan@mundoacademy.com","good","ok","no","no"
"noor@nooneleft.org","good","ok","no","no"
"nordina@the1836club.com","good","ok","no","no"
"north.carter@mosaicbhc.com","good","ok","no","no"
"northshorepos@willowcreek.org","good","ok","no","no"
"nquinn@cornerstoneenv.com","good","ok","no","no"
"nrackleff@alliancehtx.org","good","ok","no","no"
"nramirez@mohrtalent.com","good","ok","no","no"
"nreed@dutchtest.com","good","ok","no","no"
"nsikak@sparknerds.io","risky","catch_all","no","no"
"nsmith-bligen@stanns.org","good","ok","no","no"
"nstrong@cmcenergy.com","good","ok","no","no"
"nsymons@numinagroup.com","good","ok","no","no"
"ntedrow@aiin.com","good","ok","no","no"
"nuchem@brimgrantconsulting.com","good","ok","no","no"
"nwg@jjgco.com","good","ok","no","no"
"nyda@pickfordrealty.com","good","ok","no","no"
"obehi@worklyn.com","risky","unknown","no","no"
"ochiawunma.akwiwu-ibe@taconnect-ng.org","good","ok","no","no"
"odickerson@newpsalmist.org","good","ok","no","no"
"odisbennett@enercon.com","good","ok","no","no"
"oherrera@swiscorp.com","good","ok","no","no"
"olive@caidesystems.com","good","ok","no","no"
"orobinson@cheyney.edu","good","ok","no","no"
"oscar.mejia@ifpartners.com","good","ok","no","no"
"oscar@evolvending.com","good","ok","no","no"
"owen@tiberindustries.com","good","ok","no","no"
"oyinda.ajayi@3hcg.com","good","ok","no","no"
"pablo@krishtel.com","good","ok","no","no"
"pablo@menahomes.com","risky","catch_all","no","no"
"paco@amazinglab.tech","good","ok","no","no"
"pallav.vora@eskala.org","good","ok","no","no"
"pallavi@nohm-devices.com","good","ok","no","no"
"pam@icp.com","bad","invalid","no","no"
"pamela.gordon@princetonpharmatech.com","good","ok","no","no"
"panchal@episafe.co","good","ok","no","no"
"paola@e-nodos.com","risky","catch_all","no","no"
"paolo.franzese2@mass.gov","good","ok","no","no"
"parkerd@lithko.com","good","ok","no","no"
"parmfield@resolutionrecruiting.com","good","ok","no","no"
"partha@blackshoedigital.com","good","ok","no","no"
"pas2237@columbia.edu","good","ok","no","no"
"pat@alphaarchitect.com","good","ok","no","no"
"patina.p@natifs.org","good","ok","no","no"
"patrice.dickson@utahca.org","good","ok","no","no"
"patrice.gillespiesmith@theunderline.org","good","ok","no","no"
"patricia@thepianohomegroup.com","good","ok","no","no"
"patrick.bowman@jmsmucker.com","good","ok","no","no"
"patrick.erwin@saltybeachescreations.com","good","ok","no","no"
"patrick.rombalski@joyce.edu","good","ok","no","no"
"patrick@gibinremodeling.com","risky","catch_all","no","no"
"patrick@nanoteintech.com","good","ok","no","no"
"patrickjs@esreco.net","good","ok","no","no"
"patti.helfer@huckcapital.com","good","ok","no","no"
"patti@chagrinfallspopcorn.com","good","ok","no","no"
"patty.lindsay@wvmarg.org","good","ok","no","no"
"paul.pica@csielectric.com","good","ok","no","no"
"paul@consistentcare.org","good","ok","no","no"
"paul@coresrenovations.com","good","ok","no","no"
"paul@hebertfoods.com","good","ok","no","no"
"paul@strictly-recruitment.com","good","ok","no","no"
"paul@thebronxbeerhall.com","good","ok","no","no"
"paula.shepherd@bannerhealth.com","risky","unknown","no","no"
"paula@theaibusiness.com","risky","catch_all","no","no"
"paulh@nycrecapital.com","risky","catch_all","no","no"
"pauls@mksh.com","good","ok","no","no"
"payten.buchanan@mejuri.com","good","ok","no","no"
"pbennett@alyeskatire.com","good","ok","no","no"
"pbenton@tjclp.com","risky","catch_all","no","no"
"pbomba@gufcu.org","good","ok","no","no"
"pbrown@setrustco.com","good","ok","no","no"
"pcolbert@patriotleague.com","good","ok","no","no"
"pdonovan@c3s.co","risky","catch_all","no","no"
"pdorvilus@infinitezionfarms.org","good","ok","no","no"
"pdunne@hightoweradvisors.com","good","ok","no","no"
"pei@theoriq.ai","risky","catch_all","no","no"
"penny@exciteallstars.org","good","ok","no","no"
"pete@charlotteblackcarservice.com","good","ok","no","no"
"pete@lagomdevelopment.com","good","ok","no","no"
"pete@mademeals.co","good","ok","no","no"
"pete@thelittlebluelion.com","good","ok","no","no"
"peter.halvorsen@usnwc.edu","good","ok","no","no"
"peter.mwyne@kamiliprivacy.com","bad","invalid","no","no"
"peter.trumbo@pacificridgecapital.com","good","ok","no","no"
"peter@caldwellglobal.io","good","ok","no","no"
"peter@missionallabs.co","good","ok","no","no"
"peter@usemason.ai","good","ok","no","no"
"peyton@southerntooling.net","good","ok","no","no"
"pfischer@coreworld.org","good","ok","no","no"
"pforberger@frostpointcapital.com","good","ok","no","no"
"pgabriel@heartnexus.com","good","ok","no","no"
"pgallegos@madera.gov","risky","unknown","no","no"
"pgifford@malmanlaw.com","good","ok","no","no"
"pglynn@atlanticpropmgmt.com","good","ok","no","no"
"pgrassinger@rawle.com","good","ok","no","no"
"pgreiss@apmdefense.com","good","ok","no","no"
"phalter@ameriflight.com","good","ok","no","no"
"phanahan@fobare.com","good","ok","no","no"
"phil.c@holeintheroof.com","good","ok","no","no"
"phil.driggs@kis-mail.com","good","ok","no","no"
"phil.lattanzio@nacmconnect.org","good","ok","no","no"
"phil@airrunsservices.com","good","ok","no","no"
"phil@annarborusa.org","good","ok","no","no"
"phil@springwellseniorliving.com","good","ok","no","no"
"philip.torsiello@witheritelaw.com","good","ok","no","no"
"phillip@chubbygroup.com","good","ok","no","no"
"phillip@getcultivate.ai","risky","catch_all","no","no"
"phubbard@atlmed.org","good","ok","no","no"
"pinkyk@hubercap.com","good","ok","no","no"
"pinnowtd@alma.edu","good","ok","no","no"
"pkacsir@chmbinc.com","good","ok","no","no"
"plank@newtrailcorp.com","risky","unknown","no","no"
"plombino@titanadvisors.com","good","ok","no","no"
"plorenz@aspm-sd.com","good","ok","no","no"
"plove@kidsaboveall.org","good","ok","no","no"
"plynch@slkone.com","good","ok","no","no"
"pmillet@mmc.edu","good","ok","no","no"
"pmiorin@afcea.org","good","ok","no","no"
"pmorrow@thrivenewengland.org","good","ok","no","no"
"pobrien@k2mdesign.com","good","ok","no","no"
"polly@microdreams.org","good","ok","no","no"
"porter@prophit.investments","good","ok","no","no"
"ppadilla@seurat.com","good","ok","no","no"
"ppantzer@reesbroome.com","good","ok","no","no"
"ppick@embarkit.com","good","ok","no","no"
"ppickering@vanguardprepschool.com","good","ok","no","no"
"ppownell@innovate32services.com","good","ok","no","no"
"prasanna.rahini@pavaigeotech.com","good","ok","no","no"
"presley.curley@solace.health","good","ok","no","no"
"priscilla@assetpulse.com","good","ok","no","no"
"prithwijit@getalchemystai.com","risky","catch_all","no","no"
"prochaskam@butler-weldments.com","good","ok","no","no"
"prountree@avsant.com","good","ok","no","no"
"ps@leftlane.dev","good","ok","no","no"
"pscott@ridgemont.com","bad","invalid","no","no"
"psnider@astroturf.com","good","ok","no","no"
"putnam.coes@llfunds.com","good","ok","no","no"
"pvandyke@californiamuseum.org","good","ok","no","no"
"pwales@wausm.education","good","ok","no","no"
"pware@panhandleilc.org","good","ok","no","no"
"pwestberg@marquismd.com","good","ok","no","no"
"pzahn@inverto.com","good","ok","no","no"
"pzusi@adventinternational.com","good","ok","no","no"
"qb@fiercesix.com","good","ok","no","no"
"qformel@mayorsmigrationcouncil.org","good","ok","no","no"
"r.davison@assurelease.com","good","ok","no","no"
"r.ganim@tfmil.com","good","ok","no","no"
"rachel.larsen@pori.org","good","ok","no","no"
"rachel.rodolph@certifiedsource.com","good","ok","no","no"
"rachel@barringercustomhomes.com","good","ok","no","no"
"rachel@ultimateehs.com","risky","unknown","no","no"
"rachelsouthard@happinest.com","good","ok","no","no"
"rajesh@naviaenergy.com","good","ok","no","no"
"raji@saahasforcause.org","good","ok","no","no"
"ralph@steamboatmotors.com","good","ok","no","no"
"ramon@vesicatulum.com","bad","invalid","no","no"
"randall@graphenecomposites.com","good","ok","no","no"
"randerson@compassrestores.com","good","ok","no","no"
"randy.nichols@kilocharge.com","good","ok","no","no"
"randy.roth@southlandsteel.com","good","ok","no","no"
"randy.seager@bythehand.org","good","ok","no","no"
"rashcraft@hpillc.org","good","ok","no","no"
"ratnadeep@prudentcpas.com","bad","invalid","no","no"
"ray.letourneur@sante-group.com","good","ok","no","no"
"ray.qu@wyze.com","good","ok","no","no"
"ray.turner@ttcin.com","good","ok","no","no"
"ray@bravebeancoffee.com","risky","catch_all","no","no"
"ray@rodeoathleticclub.com","risky","catch_all","no","no"
"rbachrach@etzchaim.net","good","ok","no","no"
"rbass@teamclc.com","good","ok","no","no"
"rbernard@echogen.com","good","ok","no","no"
"rbongartz@growamerica.org","good","ok","no","no"
"rbradley@calimmunology.org","good","ok","no","no"
"rbuford@freedomtogether.org","good","ok","no","no"
"rcain@beadcomply.com","good","ok","no","no"
"rcamu@pipeworks.com","good","ok","no","no"
"rcanales@traverconnect.com","good","ok","no","no"
"rcapa@gammainternationalbank.com","good","ok","no","no"
"rcarr@3f-northamerica.com","good","ok","no","no"
"rcarrell@callcarpenter.com","good","ok","no","no"
"rdasaro.consultant@vitalstrategies.org","good","ok","no","no"
"rdinsmore@dwr.com","good","ok","no","no"
"rdonaho@ourfamily.church","good","ok","no","no"
"rdye@texasadvocacyproject.org","good","ok","no","no"
"rebecca.fandl@cibc.com","good","ok","no","no"
"rebecca@marblewealth.com","good","ok","no","no"
"rebecca@pbpf.us","good","ok","no","no"
"reese@intercoastalusa.com","risky","unknown","no","no"
"regan@massbaycu.org","good","ok","no","no"
"reginald.robinson@raingroupllc.com","good","ok","no","no"
"reid@avalonclean.com","risky","unknown","no","no"
"reid@ce21.com","good","ok","no","no"
"remi@dramandakahn.com","good","ok","no","no"
"renee@amairamedspa.com","risky","catch_all","no","no"
"rescorza@masconectiva.com","good","ok","no","no"
"rex@cairnaccounting.com","good","ok","no","no"
"rex@thefranchisemarketinggroup.com","good","ok","no","no"
"reza@ecoatex.com","good","ok","no","no"
"reza@mach1capital.net","good","ok","no","no"
"rfaler@ssequips.com","good","ok","no","no"
"rfear@moderncoop.net","good","ok","no","no"
"rfossi@rmcommunities.org","good","ok","no","no"
"rgangireddigari@advanitytech.com","good","ok","no","no"
"rgarrison@ycs.org","good","ok","no","no"
"rgerety@clearstreet.io","risky","catch_all","no","no"
"rgignac@lccps.org","good","ok","no","no"
"rgoebel@cinqsvc.com","good","ok","no","no"
"rgonnella@rosamondgiffordzoo.org","good","ok","no","no"
"rgonzalez@sbdairport.com","good","ok","no","no"
"rgund@thegundcompany.com","good","ok","no","no"
"rgunnlaugsson@ed.sc.gov","good","ok","no","no"
"rguttman@jmi.com","good","ok","no","no"
"rhaas@oaknoll.com","good","ok","no","no"
"rhamar@4thsc.com","good","ok","no","no"
"rhamilton@thnhawaii.org","good","ok","no","no"
"rhea-claire@keyrenterkaty.com","good","ok","no","no"
"rheaney@discoverymanagementgroup.com","good","ok","no","no"
"rhett@knool.ai","risky","catch_all","no","no"
"rhoda@colterlewis.com","good","ok","no","no"
"rholt@mealsonwheelsofsi.org","good","ok","no","no"
"rhonda.terrell-lipscomb@qolhs.com","good","ok","no","no"
"ric@gideonstone.com","risky","catch_all","no","no"
"ricardo.reis@facilitapay.com","good","ok","no","no"
"ricardo@dumpstar-services.com","good","ok","no","no"
"ricardo@ricardorodriguez.com","good","ok","no","no"
"rich.corey@voyatek.com","good","ok","no","no"
"rich.hunter@aerondefense.com","good","ok","no","no"
"rich.smith@aplusairfreight.com","bad","invalid","no","no"
"richard.mcallister@caldigit.com","good","ok","no","no"
"richard@rdlewiswealthmanagement.com","risky","catch_all","no","no"
"rick.childress@phxsp.com","good","ok","no","no"
"rick.galipeau@worldenergyes.com","good","ok","no","no"
"rick.mcdole@img.com","risky","catch_all","no","no"
"rick.peterson@iowaeda.com","good","ok","no","no"
"rick@dunhamtrimmer.com","good","ok","no","no"
"rick@mayflowerbsa.org","good","ok","no","no"
"rick_elmore@mcmurrayfabrics.com","good","ok","no","no"
"ricky@atops.aero","good","ok","no","no"
"ricky@mastercraftps.com","good","ok","no","no"
"rika.jain@salientmotion.com","good","ok","no","no"
"rishabh.dsouza@ema.ai","good","ok","no","no"
"ritika@datagol.ai","risky","catch_all","no","no"
"rivka@pinecrestgroup.com","good","ok","no","no"
"rj@ainsteinai.com","good","ok","no","no"
"rjenkins@thegellerlawgroup.com","good","ok","no","no"
"rjohnson@aulder.com","good","ok","no","no"
"rjones@capstoneits.com","good","ok","no","no"
"rkenny@anchoragemuseum.org","good","ok","no","no"
"rkesterson@teamwendy.com","good","ok","no","no"
"rkoski@bacsit.com","good","ok","no","no"
"rlarson@gosaddleback.com","good","ok","no","no"
"rlindberg@quadstrat.com","good","ok","no","no"
"rluck@santamariaairport.com","good","ok","no","no"
"rmarks@landmarkleadership.com","good","ok","no","no"
"rmartin@riconst.com","good","ok","no","no"
"rmccoy@jagresources.com","good","ok","no","no"
"rmckie@remedysports.ai","good","ok","no","no"
"rmessick@citymission.com","good","ok","no","no"
"rmondragon@autoap.com","good","ok","no","no"
"rmyers@sandhill-im.com","good","ok","no","no"
"rnichols@awtlabelpack.com","good","ok","no","no"
"rnorman@theagencyonerock.com","good","ok","no","no"
"rnudell@respiratoryexperts.com","good","ok","no","no"
"rob@greyhavengroup.com","risky","catch_all","no","no"
"rob@quickaccountingsolutions.com","risky","catch_all","no","no"
"rob@rileyjacksonlaw.com","good","ok","no","no"
"rob@vvpusa.net","good","ok","no","no"
"robert.brenner@advancedcomforthealth.org","risky","catch_all","no","no"
"robert.davis@aspettoinc.com","good","ok","no","no"
"robert.engle@kornbusch.us","good","ok","no","no"
"robert.gudz@agilecyberseal.com","good","ok","no","no"
"robert.sinda@scouting.org","good","ok","no","no"
"robert.thompson@partnersfcu.org","good","ok","no","no"
"robert.wakefield@i5-networks.com","good","ok","no","no"
"robert@61five.com","risky","catch_all","no","no"
"robert@bar-all.com","good","ok","no","no"
"robert@eqpcm.com","good","ok","no","no"
"robert@trustedcapitalhomes.com","good","ok","no","no"
"robert_schmidt@t90ventures.com","good","ok","no","no"
"robertb@mcrtechnologies.com","good","ok","no","no"
"roberto@signal13msp.com","good","ok","no","no"
"robpiziali@go4cannabis.com","good","ok","no","no"
"rochelle@jirishealth.com","risky","catch_all","no","no"
"rocky.breeden@vitalogixs.com","good","ok","no","no"
"rod.hall@securafy.com","good","ok","no","no"
"rod@visiondoesit.com","good","ok","no","no"
"rodette@andersenmh.com","good","ok","no","no"
"rodrigo@the25h.com","good","ok","no","no"
"roger@nehemiahreset.org","bad","invalid","no","no"
"rohan.gandhi@rynsciences.org","good","ok","no","no"
"roman.y@teslyar.com","good","ok","no","no"
"romano@hawaii.usta.com","good","ok","no","no"
"romeo.tan@wvfirst.org","good","ok","no","no"
"romerol@easterndental.com","bad","invalid","no","no"
"ron.lamb@iron-will.us","good","ok","no","no"
"ron.thompson@mass.gov","good","ok","no","no"
"ronan@heyworkbestie.com","risky","catch_all","no","no"
"rond@finet.net","risky","catch_all","no","no"
"ronen@intermarkindustries.com","good","ok","no","no"
"rosina.cline@inclinehr.com","risky","catch_all","no","no"
"ross.cantor@healthuniverse.com","risky","catch_all","no","no"
"ross.hancock@nextnrgy.net","risky","unknown","no","no"
"ross@mendellhelium.com","good","ok","no","no"
"ross@trajangroup.com","good","ok","no","no"
"rosse@digitalshapingagency.com","bad","invalid","no","no"
"rossietrujillo@da4colorado.gov","good","ok","no","no"
"rouven.schwarz@schwarz-rohstoff.de","good","ok","no","no"
"roy.french@nbslab.com","good","ok","no","no"
"roy@cpsolmgt.com","risky","catch_all","no","no"
"roy@tahomacap.com","good","ok","no","no"
"roya.azimi@intellicyte.com","good","ok","no","no"
"royh@bchoa.org","good","ok","no","no"
"rpal@cwea.org","bad","invalid","no","no"
"rpeixoto@coastlinetrust.com","good","ok","no","no"
"rpena@casa-trinity.org","good","ok","no","no"
"rpetersen@tridenttrust.com","good","ok","no","no"
"rpowers-hunt@universityeye.com","good","ok","no","no"
"rpreamy@orionsolutionsllc.com","good","ok","no","no"
"rpuepke@suckerpunchpickles.com","good","ok","no","no"
"rreid@caprockhealthsystem.com","good","ok","no","no"
"rringelsten@slibuy.com","good","ok","no","no"
"rrodriguez@greencirclegrowers.com","good","ok","no","no"
"rrutherford@recycle-alabama.com","good","ok","no","no"
"rsasnett@arsenalservices.com","good","ok","no","no"
"rselover@selovers.com","risky","unknown","no","no"
"rshuket@oldworldprovisions.com","good","ok","no","no"
"rsmith@ias.edu","good","ok","no","no"
"rspampinato@coniferllc.com","good","ok","no","no"
"rstramara@njmep.org","good","ok","no","no"
"rswoboda@amanitx.com","good","ok","no","no"
"rtaylor@oasissahel.org","good","ok","no","no"
"rthomas@nacm-se.com","good","ok","no","no"
"rtrevisani@housingvisions.org","good","ok","no","no"
"russ.haugan@dedrone.com","good","ok","no","no"
"ruxandra.tereanu@lotto.com","good","ok","no","no"
"rvanlanot@thetachi.org","good","ok","no","no"
"rvina@cibestcapital.us","good","ok","no","no"
"rwalas@metromobility.io","good","ok","no","no"
"rwilcox@gocloudinc.net","good","ok","no","no"
"rwilkes@perkinscoie.com","good","ok","no","no"
"rwilson@crossnore.org","good","ok","no","no"
"rwrussell@nealrgross.com","good","ok","no","no"
"ryan.byrd@hourigan.group","good","ok","no","no"
"ryan.drumm@lcatterton.com","good","ok","no","no"
"ryan.hannay@chs-us.com","good","ok","no","no"
"ryan.kennedy@tflgroup.com","good","ok","no","no"
"ryan@alterraadvisors.com","good","ok","no","no"
"ryan@networks8.com","good","ok","no","no"
"ryan@paramounthomegroup.com","good","ok","no","no"
"ryanahern@crestcura.com","good","ok","no","no"
"ryanh@axsysinc.com","good","ok","no","no"
"s.chochois@powerling.com","good","ok","no","no"
"s.ke@kungho.com","good","ok","no","no"
"sabeen@interfacefinancial.com","good","ok","no","no"
"sabra.ehrhart@kerogensystems.com","good","ok","no","no"
"sadler.walker@rmrgroup.com","good","ok","no","no"
"safia.gulamani@convergence.finance","good","ok","no","no"
"saim@talkingmindz.com","bad","invalid","no","no"
"salley@cfacadiana.org","good","ok","no","no"
"sally.ward@dir.texas.gov","good","ok","no","no"
"salsup@armadaglobal.com","good","ok","no","no"
"salvador.ramon@fulton.es","good","ok","no","no"
"sam.seymour@centurum.com","good","ok","no","no"
"sam@nvrfreight.com","risky","catch_all","no","no"
"sam@salmonforsoldiers.org","good","ok","no","no"
"sam@simcare.ai","good","ok","no","no"
"sam@theonehorse.com","good","ok","no","no"
"samantha@wellthapp.com","good","ok","no","no"
"samantham@metrotampabay.org","good","ok","no","no"
"samaya@leaderfit.org","risky","catch_all","no","no"
"samckay@montgomeryhospice.org","good","ok","no","no"
"sameer@hipcamp.com","good","ok","no","no"
"sammy@simplehousecapital.com","good","ok","no","no"
"samreen.khan@zetaschools.org","good","ok","no","no"
"sandeep.arora@transcendstreet.com","good","ok","no","no"
"sandemicael@belongo.org","good","ok","no","no"
"sanela@iceboxenergy.com","good","ok","no","no"
"sanjay@sonictoolsusa.com","good","ok","no","no"
"sanjit.addepally@thedonovan.org","good","ok","no","no"
"sara@bedtimemath.org","good","ok","no","no"
"sara@hemlockhomebuilding.com","risky","catch_all","no","no"
"sara@iamhoa.com","good","ok","no","no"
"sarah.d@aaristherapy.com","bad","invalid","no","no"
"sarah.nobert@brophywealth.com","good","ok","no","no"
"sarah.steuer@cadencecare.org","good","ok","no","no"
"sarah.stokes@convertr.io","good","ok","no","no"
"sarah@amethystops.com","good","ok","no","no"
"sarah@dmcapp.com","good","ok","no","no"
"sarah@ootbsolutions.com","good","ok","no","no"
"sarahc@opendoorsus.org","good","ok","no","no"
"sarahsingh@estrellalaw.com","good","ok","no","no"
"sarmstrong@solutionsplusbank.com","good","ok","no","no"
"sarutkowski@topfloorbev.com","good","ok","no","no"
"saumil.shah@kippdc.org","good","ok","no","no"
"saustin@amliberty.com","good","ok","no","no"
"savannah.cordell@compassionunited.us","good","ok","no","no"
"sayoni.banerjee@splitpinegroup.com","good","ok","no","no"
"sbachwich@grassrootsmidwest.com","risky","catch_all","no","no"
"sbagshaw@optica.org","good","ok","no","no"
"sbarnett@joplinlawyers.com","good","ok","no","no"
"sbarr@hfhmco.org","good","ok","no","no"
"sbarr@nuwave.com","good","ok","no","no"
"sbateman@coastalmetal.biz","good","ok","no","no"
"sbattista@cgagroup.com","good","ok","no","no"
"sbennett@csaseapines.com","good","ok","no","no"
"sbergey@affinityonefcu.org","good","ok","no","no"
"sberry@srenergyllc.com","good","ok","no","no"
"sbird@moxcar.com","good","ok","no","no"
"sbodemann@nostressimpress.com","risky","catch_all","no","no"
"sboroi@ccicomply.com","good","ok","no","no"
"sburke@halmarinternational.com","good","ok","no","no"
"sburkholder@heartland-derm.com","good","ok","no","no"
"scampion@adventmediaco.com","good","ok","no","no"
"scappello@homewatchcaregivers.com","good","ok","no","no"
"scarlet.montilla@psc.com","good","ok","no","no"
"scarr@capecodmechanical.com","good","ok","no","no"
"schiang@fprpartners.com","good","ok","no","no"
"scho@coatue.com","good","ok","no","no"
"sclark@advancedsoftwareintegration.com","good","ok","no","no"
"sclemente@authoritybrands.com","good","ok","no","no"
"scolvin@argenttrust.com","good","ok","no","no"
"scorlett@adler.edu","good","ok","no","no"
"scott.conner@baysideonline.com","good","ok","no","no"
"scott.elhardt@lema.io","good","ok","no","no"
"scott.reese@cordeaconsulting.com","good","ok","no","no"
"scott.salemme@redcross.org","good","ok","no","no"
"scott.sloan@tn.gov","good","ok","no","no"
"scott.watson@duraservcorp.com","good","ok","no","no"
"scott@0sto1s.com","bad","invalid","no","no"
"scott@adamahind.com","good","ok","no","no"
"scott@aicapital.com","good","ok","no","no"
"scott@jamestownc.com","good","ok","no","no"
"scott@lotusfuneral.com","good","ok","no","no"
"scott@superiorloanservicing.com","good","ok","no","no"
"scotty.smith@chansuttpearls.com","risky","catch_all","no","no"
"scroque@flylcpa.com","good","ok","no","no"
"scrump@bluegrassfederal.com","bad","invalid","no","no"
"sdavenport@bluearrowop.com","good","ok","no","no"
"sdeigner@energyprofessionals.com","good","ok","no","no"
"sdolan@dri.org","good","ok","no","no"
"sdonohoe@vistaequitypartners.com","good","ok","no","no"
"sdouglass@reiconcapital.com","good","ok","no","no"
"seamus.kavanaugh@noctrixhealth.com","good","ok","no","no"
"sean.oneil@sedgwickgovernment.com","bad","invalid","no","no"
"sean@bigplanholdings.com","good","ok","no","no"
"sean@city-lumber.com","good","ok","no","no"
"sean@shophwangbishop.com","risky","catch_all","no","no"
"sean@superiorphm.com","good","ok","no","no"
"seans@vortexdoors.com","good","ok","no","no"
"sedde@shfb.org","good","ok","no","no"
"sedwards@zenrgservices.com","good","ok","no","no"
"seema.otoya@atria.org","good","ok","no","no"
"sejal@nomadnesstv.com","risky","catch_all","no","no"
"sekharm@arohak.com","good","ok","no","no"
"selene@sssfirm.com","good","ok","no","no"
"sellsworth@pecklaw.com","good","ok","no","no"
"selnaggar@womensheartalliance.org","good","ok","no","no"
"sepstein@avorocapital.com","good","ok","no","no"
"serazi@bessemer.com","good","ok","no","no"
"serena@underwood.law","good","ok","no","no"
"sergio.brandao@aromocoffee.com","good","ok","no","no"
"sergio@investnotic.com","bad","invalid","no","no"
"seth.eddy@chainlinkservices.com","good","ok","no","no"
"seth.rogers@thejandorgroup.com","good","ok","no","no"
"seth@hunterpasteurhomes.com","good","ok","no","no"
"sewardw@lithko.com","good","ok","no","no"
"sfahey@zwangerpesiri.com","good","ok","no","no"
"sfishback@fuse-tg.com","good","ok","no","no"
"sfotos@maculogix.com","good","ok","no","no"
"sfranklin@banyanhealth.org","good","ok","no","no"
"sfriedman@aleracare.com","good","ok","no","no"
"sgay@gamedaymenshealth.com","good","ok","no","no"
"sgilbert@springboro.org","good","ok","no","no"
"sgordon@metzlerna.com","good","ok","no","no"
"sgraves@whcenergyservices.com","good","ok","no","no"
"shaggerty@kcorthoalliance.com","good","ok","no","no"
"shahnti@human-content.com","good","ok","no","no"
"shalini@radiantstrategies.co","good","ok","no","no"
"shalita.myrick@plu.edu","good","ok","no","no"
"shalom@rejoiceinthelord.org","good","ok","no","no"
"shamim@genetech.io","good","ok","no","no"
"shana.clay@wvsto.gov","good","ok","no","no"
"shanay@pathworklife.com","good","ok","no","no"
"shane@metl-fab.com","good","ok","no","no"
"shanele@angelichomecaresolution.com","good","ok","no","no"
"shanice@infinityhh.com","good","ok","no","no"
"shannin@sentinelcyber.us","good","ok","no","no"
"shannon@openheartsbigdreams.org","good","ok","no","no"
"shannon@robertsinsurancegroup.com","good","ok","no","no"
"sharadiya.dasgupta@indefi.com","good","ok","no","no"
"sharaf@civicoperationsgroup.com","risky","catch_all","no","no"
"sharla@sanbornbank.com","good","ok","no","no"
"sharon.basso@cmc.edu","good","ok","no","no"
"sharon@chariotclaims.com","good","ok","no","no"
"sharrell@lumbertonhousing.org","good","ok","no","no"
"shashi@neoviaoncology.com","good","ok","no","no"
"shaun.c@prismalaska.com","good","ok","no","no"
"shawn.crosby@ohiobwc.com","good","ok","no","no"
"shawn@curtisconnections.com","good","ok","no","no"
"shawn@letsplaykout.com","risky","catch_all","no","no"
"shawn@orbitfab.com","risky","unknown","no","no"
"shawne@tmsj.com","good","ok","no","no"
"shea.mcglinchey@missionlane.com","good","ok","no","no"
"shecker@envisionphysicians.com","good","ok","no","no"
"shelby.kelley@bgllp.com","good","ok","no","no"
"shelia@allfamilylaw.com","good","ok","no","no"
"shelly.kadoun@firstsavingsbanks.com","good","ok","no","no"
"sheri.rodriguez@abnamroclearing.com","good","ok","no","no"
"sheros@helpingheartsalliance.org","good","ok","no","no"
"sherri.clark@bangormaine.gov","good","ok","no","no"
"sherry.sun@g-meo.com","good","ok","no","no"
"sherylb@habitatroaringfork.org","good","ok","no","no"
"sheryll.villanueva@mbcbiolabs.com","good","ok","no","no"
"shignite@thekidzclub.com","good","ok","no","no"
"shiral@thecenternj.org","good","ok","no","no"
"shirleen.travis@tristarbank.com","bad","invalid","no","no"
"shirley.bergholtz@pafacom.org","good","ok","no","no"
"shordvik@forsythadvisors.com","good","ok","no","no"
"shoresd@carolinahorizons.com","good","ok","no","no"
"shrey@indianmuneem.com","good","ok","no","no"
"shulse@fteconnect.com","good","ok","no","no"
"sidney@culturenest.io","risky","catch_all","no","no"
"sierra.sharp@skyspecs.com","good","ok","no","no"
"simmonsj@lithko.com","good","ok","no","no"
"simon@isr.uk.com","good","ok","no","no"
"simon@leadgodental.com","good","ok","no","no"
"siobahn@cefund.org","good","ok","no","no"
"siva@qualitasinfo.com","good","ok","no","no"
"sjamroz@dan.org","good","ok","no","no"
"sjansen@arkmfa.org","good","ok","no","no"
"sjean@bigsnyc.org","good","ok","no","no"
"sjung@mo-sci.com","good","ok","no","no"
"skapur@hudsonbaycapital.com","good","ok","no","no"
"skenmochi@thepurplecarrot.com","good","ok","no","no"
"sking@aesa.us","good","ok","no","no"
"skip.metro@centauranimalhealth.com","good","ok","no","no"
"skorach@cerebre.io","good","ok","no","no"
"skrug@schererdesigngroup.com","good","ok","no","no"
"slanzoni@splacement.com","good","ok","no","no"
"slapp@pay-onward.com","risky","unknown","no","no"
"slitchy@tseg.com","good","ok","no","no"
"slow@ntracts.com","good","ok","no","no"
"smanyam@wfdsa.org","good","ok","no","no"
"smccants@usc.edu","good","ok","no","no"
"smichalek@ruotoloassociates.com","good","ok","no","no"
"smiller@wpc.com","good","ok","no","no"
"smith@kcse.com","good","ok","no","no"
"smith_c@associatedbenefits.com","good","ok","no","no"
"smithsg@adea.org","good","ok","no","no"
"smontgomery@myhawaiitax.com","good","ok","no","no"
"smorrishipkins@staritas.com","good","ok","no","no"
"smoury@altatravel.net","good","ok","no","no"
"snewman@healthsolutions.org","good","ok","no","no"
"soleary@gtiqpartners.com","good","ok","no","no"
"soly@holtstreet.com","good","ok","no","no"
"sonny@swiftriverconsulting.com","risky","catch_all","no","no"
"sonya@nextgened.ai","good","ok","no","no"
"sophia@springtaxadvisors.com","good","ok","no","no"
"sotto@pritzker-pas.com","good","ok","no","no"
"sp@driveoscar.com","good","ok","no","no"
"spage@lifecider.com","good","ok","no","no"
"sparanjpe@novabone.com","good","ok","no","no"
"sparry@commuserv.com.au","good","ok","no","no"
"speterson@allwestern.com","good","ok","no","no"
"speterson@senecazoo.org","good","ok","no","no"
"sporter@aquarianlp.com","bad","invalid","no","no"
"sprocopio@coalfieldhealth.com","good","ok","no","no"
"spykett@barnesaero.com","good","ok","no","no"
"srice@encoreinvestment.com","good","ok","no","no"
"ssalazar@amplifire.com","good","ok","no","no"
"ssarmento@prim.com","good","ok","no","no"
"ssearles@skillman.org","good","ok","no","no"
"sshah@pennpowergroup.com","good","ok","no","no"
"ssherman@dynamicevents.com","good","ok","no","no"
"ssibley@worldboston.org","good","ok","no","no"
"ssimmons@onsitewomenshealth.com","good","ok","no","no"
"ssimpson@hopeiowa.org","good","ok","no","no"
"ssmith@cmepeerreview.com","good","ok","no","no"
"ssmith@dioknox.org","good","ok","no","no"
"ssmith@rosedalebaptist.org","good","ok","no","no"
"ssobkov@brainbalancecenters.com","good","ok","no","no"
"sswan@bgccg.org","risky","catch_all","no","no"
"ssystems@insightcs.com","bad","invalid","no","no"
"stacey.harper@aquitysolutions.com","good","ok","no","no"
"stacey.r@beavercountyhospitalauthority.com","risky","catch_all","no","no"
"stacey@sedwho.com","good","ok","no","no"
"staci@blackmaleeducatorsalliance.org","good","ok","no","no"
"staci@pinevilleneighbors.org","good","ok","no","no"
"stacie.farris@westendschool.org","bad","invalid","no","no"
"stacy@alleycompanyllc.com","good","ok","no","no"
"stacy@recreatebehavioralhealth.com","good","ok","no","no"
"stacy@verandaconnect.com","good","ok","no","no"
"stanislaw.k@masterborn.com","good","ok","no","no"
"starr@dscc.org","good","ok","no","no"
"stater@cbm-consulting.com","good","ok","no","no"
"stefani.smith@tensegritylawgroup.com","good","ok","no","no"
"stendulkar@imohealth.com","good","ok","no","no"
"steph.laplant@wbrcinc.com","good","ok","no","no"
"stephanie.edwards@beghouconsulting.com","good","ok","no","no"
"stephanie.wengler@guardian-light.com","good","ok","no","no"
"stephanie.witte@t2t.org","good","ok","no","no"
"stephanie@embarkfoundation.org","good","ok","no","no"
"stephanie@mcbec.com","good","ok","no","no"
"stephanie@panelope.com","risky","catch_all","no","no"
"stephanie@thorslandconcrete.com","good","ok","no","no"
"stephen.brady@lightsourceuk.net","risky","catch_all","no","no"
"stephen.busse@local1403.org","good","ok","no","no"
"stephen.moore@shieldtec.com","good","ok","no","no"
"stephen.shadle@cdrmaguire.com","good","ok","no","no"
"stephen@fatbrands.com","good","ok","no","no"
"stephen@jetsetpilates.com","good","ok","no","no"
"stephen@olympiarenewable.com","good","ok","no","no"
"stephenbeale@cbtax.com","good","ok","no","no"
"steve.dallaire@offshoreaviation.com","good","ok","no","no"
"steve.harmon@elevate.law","good","ok","no","no"
"steve.remington@swbc.com","risky","unknown","no","no"
"steve.sepko@crestpc.com","good","ok","no","no"
"steve.taylor@starseafood.com","good","ok","no","no"
"steve@brainmurmurs.com","bad","invalid","no","no"
"steve@enlighten360.com","good","ok","no","no"
"steve@findingyouprograms.com","risky","unknown","no","no"
"steve@lahjavida.com","good","ok","no","no"
"steve@lorenz.com","bad","invalid","no","no"
"steve@nexuscognitive.com","good","ok","no","no"
"steve@titanmsp.ai","good","ok","no","no"
"steveb@legacycoalition.com","good","ok","no","no"
"steven.marder@streettalk.com","risky","catch_all","no","no"
"steven.ohrt@missionlane.com","good","ok","no","no"
"steven.ortley@deltaplus-usa.com","good","ok","no","no"
"steven.parker@californiasteel.com","good","ok","no","no"
"steven@shieldagency.com","good","ok","no","no"
"steven@whrestaurantsgroup.com","good","ok","no","no"
"stevep@unicorpok.com","good","ok","no","no"
"steves@ajayglass.com","good","ok","no","no"
"stewart@himcenter.org","risky","catch_all","no","no"
"sthames@threeroots.org","risky","catch_all","no","no"
"sthelen@cardinalseniorliving.com","good","ok","no","no"
"sthomas@artxcryogen.com","good","ok","no","no"
"sthomas@evergreensiteworks.com","good","ok","no","no"
"stirnk@lithko.com","risky","unknown","no","no"
"stostado@jemby.com","good","ok","no","no"
"stotah@teamconsult.com","good","ok","no","no"
"stuart.hinson@withcroft.com","good","ok","no","no"
"su-lin@idprivacy.ai","good","ok","no","no"
"sue-ann.schmitt@clinicontact.com","good","ok","no","no"
"sue.sanders@rockdalecountyga.gov","good","ok","no","no"
"sundar@dollarbirdinc.com","good","ok","no","no"
"sunny@tenda.cn","good","ok","no","no"
"susan.an@joindeleteme.com","good","ok","no","no"
"susan.barrett@vermont.gov","good","ok","no","no"
"susan.gilfillan@randombitcorp.com","good","ok","no","no"
"susan.hackner@cuvs.org","good","ok","no","no"
"susan@bearlakereserve.com","good","ok","no","no"
"susan@valtasgroup.com","good","ok","no","no"
"susanc@ecredable.com","bad","invalid","no","no"
"susannah@read718.org","good","ok","no","no"
"suzanne.tosini@frtib.gov","good","ok","no","no"
"svanhooker@matauro.com","good","ok","no","no"
"sverjan@holtecllc.com","good","ok","no","no"
"svyat.kozak@xbyte.io","risky","unknown","no","no"
"swhite@contactdiscoveryservices.com","good","ok","no","no"
"swhite@ghwcc.org","good","ok","no","no"
"swhite@pltrust.org","good","ok","no","no"
"swilkie@texashealthinstitute.org","good","ok","no","no"
"swillis@mannadc.org","good","ok","no","no"
"swoulfe@tcai.org","risky","catch_all","no","no"
"swray@mymcpl.org","good","ok","no","no"
"syates@premiercarecoordination.com","bad","invalid","no","no"
"sydneym@uriux.com","good","ok","no","no"
"syedanargis@arc-aerospace.us","good","ok","no","no"
"sylvia@girlscouts.org","good","ok","no","no"
"sylvia@venusmedia.com","good","ok","no","no"
"syno@infotronsolutions.com","good","ok","no","no"
"szimmerman@evanstoncap.com","good","ok","no","no"
"t.campbell@hpclubs.org","good","ok","no","no"
"t.moore@iraiseinc.org","good","ok","no","no"
"t.tunduwani@sncrlv.com","risky","unknown","no","no"
"tabitha@deanbargerstudios.com","good","ok","no","no"
"tackerson@engageded.net","risky","catch_all","no","no"
"tadd.baughman@alliedcomp.net","good","ok","no","no"
"taharper@mitacss.com","good","ok","no","no"
"tahorne@commwellhealth.org","good","ok","no","no"
"taldrich@360privacy.io","good","ok","no","no"
"tamar.s@sency.ai","risky","catch_all","no","no"
"tamara.sheils@donoco.com","good","ok","no","no"
"tamer.elattar@kmhotels.com","good","ok","no","no"
"tammy@disruptready.com","good","ok","no","no"
"tammybocian@causeandsolution.com","good","ok","no","no"
"tammywynn@newhope-cdc.org","good","ok","no","no"
"tamura-k@bcd.taisei.co.jp","good","ok","no","no"
"tanya@techvision.global","bad","invalid","no","no"
"tanyas@sfjcf.org","good","ok","no","no"
"tarah@emergescholars.org","good","ok","no","no"
"tavey@brownadvisory.com","good","ok","no","no"
"taylor@followustosuccess.com","good","ok","no","no"
"taylor@skylight.digital","good","ok","no","no"
"taylor@speedydumpsinc.com","good","ok","no","no"
"taylormorris@combinedbrain.org","good","ok","no","no"
"tbaker@highyieldmedreviews.com","good","ok","no","no"
"tbarrett@phoenixwelding.com","good","ok","no","no"
"tbaxter@iot.in.gov","good","ok","no","no"
"tbeckstead@artestar.com","good","ok","no","no"
"tbowen@vanwagner.com","good","ok","no","no"
"tbradley@bradleyparker.com","bad","invalid","no","no"
"tbueche@lufkinrubber.com","good","ok","no","no"
"tcarnrik@detroitchamber.com","good","ok","no","no"
"tdenette@bfair.org","risky","catch_all","no","no"
"tdivinnie@habitathealth.com","good","ok","no","no"
"tdrudi@bgctm.org","good","ok","no","no"
"ted.levatter@homesliceproductions.com","bad","invalid","no","no"
"ted.rea@855alltrades.com","good","ok","no","no"
"ted@leonidcp.com","good","ok","no","no"
"tejedaj@perspectivehealthpartners.com","good","ok","no","no"
"telansary@donumdei.org","good","ok","no","no"
"telrod@pattonac.com","good","ok","no","no"
"tennesonr@sbaglobal.com","good","ok","no","no"
"teresa.cummings@hccts.org","good","ok","no","no"
"teresa@texasliver.com","good","ok","no","no"
"terishkaf@drivegranite.com","good","ok","no","no"
"terra.calloway@cmrinc.com","good","ok","no","no"
"terri.dennis@kaitlab.com","risky","catch_all","no","no"
"terry.g@highmarkcos.com","good","ok","no","no"
"terry@thenuancecollective.net","good","ok","no","no"
"tess@gaspars.com","good","ok","no","no"
"tfair@uwde.org","good","ok","no","no"
"tflannery@firstmelissa.com","good","ok","no","no"
"tfreeman@thefreeman.group","bad","invalid","no","no"
"tgaffney@lippes.com","good","ok","no","no"
"tgalloway@americanfreight.us","good","ok","no","no"
"tgibson@vtcmonterey.org","good","ok","no","no"
"tgilbert@systems-enginuity.com","good","ok","no","no"
"tgooding@bldgre.com","good","ok","no","no"
"tgoodman@familylifeline.org","good","ok","no","no"
"tguthrie@isa911.com","good","ok","no","no"
"thall@ccsdallas.org","good","ok","no","no"
"thathaway@gastro.org","good","ok","no","no"
"thenry2667@sdsu.edu","risky","unknown","no","no"
"theresa.s@unrl.com","good","ok","no","no"
"theron@rootberry.com","good","ok","no","no"
"thewes@morselife.org","good","ok","no","no"
"tholland@nterents.com","good","ok","no","no"
"thomas.hallford@tscassociates.com","good","ok","no","no"
"thomas.huether@scouting.org","good","ok","no","no"
"thomas@theveritasschools.org","risky","catch_all","no","no"
"thull@eyeinst.com","good","ok","no","no"
"tiffany@eurasiantx.com","risky","catch_all","no","no"
"tiffany@givebluehope.org","bad","invalid","no","no"
"tim.amitie@cubistsystematic.com","good","ok","no","no"
"tim.baker@ervingraves.com","good","ok","no","no"
"tim.bridges@advancedonion.com","good","ok","no","no"
"tim@dirtbikekidz.com","good","ok","no","no"
"tim@floridahempcollective.com","good","ok","no","no"
"tim@homeatlanta.com","good","ok","no","no"
"tim@missionomega.com","good","ok","no","no"
"tim@naturaldes.com","good","ok","no","no"
"tim@platformgolf.com","risky","catch_all","no","no"
"tim@riocap.com","good","ok","no","no"
"tim@sbsnw.biz","good","ok","no","no"
"tim@sma.design","good","ok","no","no"
"tim@waystreetteam.com","good","ok","no","no"
"timh@alexanderdevine.org","good","ok","no","no"
"timothy.bowe@safar.partners","good","ok","no","no"
"timp@converge.org","good","ok","no","no"
"timwise@ryatt.net","good","ok","no","no"
"tina.c.1@bwc.ohio.gov","good","ok","no","no"
"tina@wccfcu.com","good","ok","no","no"
"tinyoung@pplfirst.com","good","ok","no","no"
"tives@homfurniture.com","good","ok","no","no"
"tjarvis@sbschools.net","good","ok","no","no"
"tjenkins@tuliphillhealthcare.com","good","ok","no","no"
"tjenkinson@yourlifeafterwork.com","good","ok","no","no"
"tjohnson@tekkgear.com","good","ok","no","no"
"tjones@wirelessbuybacks.com","good","ok","no","no"
"tkann@bigfoottechnology.com","bad","invalid","no","no"
"tkunkel@ua-arc.org","good","ok","no","no"
"tleap@relearnit.com","good","ok","no","no"
"tlewis@shelbyelectric.net","good","ok","no","no"
"tmacgregor@restaurantscanada.org","good","ok","no","no"
"tmarsters@thirtycapital.com","good","ok","no","no"
"tmcgiffin@gojoepatrol.com","good","ok","no","no"
"tmckenna@apg.org","good","ok","no","no"
"tmclaurin@1soi.com","good","ok","no","no"
"tmilesjr@golfvisions.net","risky","catch_all","no","no"
"tnicholas@datacapture.cc","good","ok","no","no"
"tnobles@wcgconstruct.com","good","ok","no","no"
"todd.fuller@mylut.com","good","ok","no","no"
"todd.liljenquist@mmha.com","good","ok","no","no"
"todd.oakes@govalign.com","good","ok","no","no"
"tola@faithagencyinc.com","good","ok","no","no"
"tom.aitchison@arkestro.com","good","ok","no","no"
"tom.arterberry@membershq.com","good","ok","no","no"
"tom.dunn@emsaonline.com","risky","unknown","no","no"
"tom.hallam@facetls.com","good","ok","no","no"
"tom.hyatt@stratos-solutions.com","good","ok","no","no"
"tom.rood@faithfulcompanion.com","good","ok","no","no"
"tom.smith@rozmith.com","good","ok","no","no"
"tom.sullivan@gocitywide.com","good","ok","no","no"
"tom.szejko@waynesburg.edu","good","ok","no","no"
"tom.wallace@waikatowaters.co.nz","good","ok","no","no"
"tom@depco.com","good","ok","no","no"
"tom@edgewatercastlefc.com","good","ok","no","no"
"tom@exodustitle.com","good","ok","no","no"
"tom@riverside.partners","good","ok","no","no"
"tom@themeparty.com","good","ok","no","no"
"tomb@oss.net","good","ok","no","no"
"tomschneck@baumancpa.com","good","ok","no","no"
"toneill@jenner.com","good","ok","no","no"
"tony.lunt@roadid.com","good","ok","no","no"
"tony@appvertiser.io","risky","catch_all","no","no"
"tony@assocmc.com","good","ok","no","no"
"tony@auragens.com","good","ok","no","no"
"tony@dellinolaw.com","good","ok","no","no"
"tony@stayuncommon.com","risky","catch_all","no","no"
"tony@theyachtgroup.com","risky","catch_all","no","no"
"tonya.markert@uwhealthrehabhospital.com","good","ok","no","no"
"tonyag@costamesa.paulmitchell.edu","risky","catch_all","no","no"
"tonye@prevuepet.com","good","ok","no","no"
"tonyschmid@meltrotter.org","good","ok","no","no"
"torzechowski@virtuslab.com","good","ok","no","no"
"tparmelee@wahooslv.com","good","ok","no","no"
"tphilley@oru.edu","good","ok","no","no"
"traci@apexoperationspartners.com","risky","unknown","no","no"
"tracy.allan@gpostcorp.com","good","ok","no","no"
"tracy.schneid@provteam.com","good","ok","no","no"
"tracy@customaisoft.com","good","ok","no","no"
"tracy@davidzwirner.com","good","ok","no","no"
"tracy@moshierlaw.com","good","ok","no","no"
"tracy@thfashions.org","bad","invalid","no","no"
"tracycosker@harborbehavioralhealth.com","good","ok","no","no"
"tracydowell@caringforcambodia.org","good","ok","no","no"
"travis.cox@kscventure.com","good","ok","no","no"
"travis.emery@scouting.org","good","ok","no","no"
"travis.green@baltimorecity.gov","good","ok","no","no"
"travis@cd-mt.com","good","ok","no","no"
"travis@lilbuff.com","good","ok","no","no"
"travis@transactional.net","risky","catch_all","no","no"
"travisread@ammaxbio.com","good","ok","no","no"
"trevor@dorgersoft.com","good","ok","no","no"
"trevorm@wilkem.com","good","ok","no","no"
"tricia.johnson@dhe.state.co.us","good","ok","no","no"
"trisha.rule@cj.net","good","ok","no","no"
"tristan@masseycontractingfl.com","good","ok","no","no"
"troach@finneganhealth.com","good","ok","no","no"
"trogers@pd-sys.net","good","ok","no","no"
"trosati@rosatiwindows.com","good","ok","no","no"
"trossi@frontierrestoration.com","good","ok","no","no"
"troy.stovern@findtruenorth.com","good","ok","no","no"
"troy@ameritechcontracting.com","good","ok","no","no"
"troy@auvilfruit.com","good","ok","no","no"
"troy@metalexteriors.com","good","ok","no","no"
"trubitsin.artem@opportunity.global","good","ok","no","no"
"tschroeder@ricca.com","good","ok","no","no"
"tsimons@workonewestcentral.org","good","ok","no","no"
"tslattery@ssbhibbing.com","good","ok","no","no"
"tspinelli@ameri-cans.com","good","ok","no","no"
"tsprecher@loveandcompany.com","good","ok","no","no"
"tswerczek@commonwealthhandtherapy.com","bad","invalid","no","no"
"ttaglang@federaltaxlawgroup.com","risky","catch_all","no","no"
"ttownsend@iff.org","good","ok","no","no"
"ttrendell@rhondarita.com","good","ok","no","no"
"tuckerr@lithko.com","good","ok","no","no"
"tupshaw@momentumleaders.org","good","ok","no","no"
"tutgard@harknesscapital.com","good","ok","no","no"
"twahlenmaier@synergyspinesolutions.com","good","ok","no","no"
"twatkins@railfieldrealty.com","good","ok","no","no"
"twilliams@beltservice.com","good","ok","no","no"
"twillis@umcmission.org","good","ok","no","no"
"twilson@pbwt.com","good","ok","no","no"
"txu@harmonycares.com","good","ok","no","no"
"ty@frostandflow.com","good","ok","no","no"
"tyler@dirthugger.com","risky","catch_all","no","no"
"tyler@savannaboda.com","risky","catch_all","no","no"
"tyler@summermoon.com","good","ok","no","no"
"uchalla@iconicpet.com","good","ok","no","no"
"ufranco@verciaservicesgroup.com","good","ok","no","no"
"ulyana@goldbugstrategies.com","good","ok","no","no"
"uri@emerest.com","good","ok","no","no"
"v@earlybird.co","good","ok","no","no"
"vachanas@circulants.com","good","ok","no","no"
"vadim.klochko@thresholds.org","bad","invalid","no","no"
"vaidyag@whitman.edu","good","ok","no","no"
"valeria@schwarzlogistics.com","good","ok","no","no"
"valerie.angell@acuityfundsolutions.com","good","ok","no","no"
"valerie.gallimore@darostructures.com","good","ok","no","no"
"vanessa.smith@jetpower.aero","good","ok","no","no"
"vanessa.trevino@hilltopsecurities.com","good","ok","no","no"
"vanessa@canopyaerospace.com","good","ok","no","no"
"vanessa@cava.law","good","ok","no","no"
"vanessa@cniit.com","good","ok","no","no"
"vbader@acmeware.com","good","ok","no","no"
"vbhandarkar@water.org","good","ok","no","no"
"vborchardt@deodentalgroup.com","good","ok","no","no"
"vdeleon@ecorenewgroup.com","bad","invalid","no","no"
"vee@dominaconsultwi.com","risky","catch_all","no","no"
"veracelle@prosehair.com","good","ok","no","no"
"vernon.hirata@territorialsavings.net","good","ok","no","no"
"vferebee@douglaschurch.net","good","ok","no","no"
"vfranco@rockcreekenergygroup.com","bad","invalid","no","no"
"vgh@aurumpropertypartners.com","good","ok","no","no"
"victor@ensohomes.com","risky","catch_all","no","no"
"victor@skeelo.com","good","ok","no","no"
"victor@walbrandt.com","good","ok","no","no"
"victoria@mtindustrialsolutions.com","good","ok","no","no"
"victoria@tradeweave.co","good","ok","no","no"
"vince@smbattorney.com","good","ok","no","no"
"vincent@fromthegroundupsnacks.com","good","ok","no","no"
"vincentb@bu.edu","good","ok","no","no"
"vincentx@mit.edu","good","ok","no","no"
"vinnie.beltrano@setnaio.com","good","ok","no","no"
"vinny@ravynex.com","bad","invalid","no","no"
"virginia.dooley@hopequestgroup.org","good","ok","no","no"
"vishal@volfr.com","risky","catch_all","no","no"
"vlparker-high@theinstitutenc.org","good","ok","no","no"
"vngo@dmvparking.net","risky","unknown","no","no"
"vnguy@aging.nyc.gov","good","ok","no","no"
"voakley@ethra.org","good","ok","no","no"
"vsteeger@marylandtaxes.gov","good","ok","no","no"
"vthomas@awdms.com","good","ok","no","no"
"vvoong@mktpro.com","good","ok","no","no"
"w@trendsmartsolutions.com","risky","catch_all","no","no"
"wade@honchoexecutive.com","bad","invalid","no","no"
"wailani@kulaniakea.org","good","ok","no","no"
"waltero@maitland175.com","good","ok","no","no"
"wanda.bailey@seniorlivingproperties.com","good","ok","no","no"
"wason@cypressintl.com","good","ok","no","no"
"wayne.steed@wofb.org","good","ok","no","no"
"wayne@ecoworldwater.com","risky","catch_all","no","no"
"wbell@mictax.com","bad","invalid","no","no"
"wbyrd@circlecityschools.org","good","ok","no","no"
"wcaston@eagleresource.com","good","ok","no","no"
"wclary@buckeyerec.com","good","ok","no","no"
"wcooper@rx.umaryland.edu","good","ok","no","no"
"wcostello@pictorlabs.ai","good","ok","no","no"
"wdetwiler@idsinternational.com","good","ok","no","no"
"wei@thethinkacademy.com","good","ok","no","no"
"wellsjj@kw.com","good","ok","no","no"
"wendel@pcdltd.com","good","ok","no","no"
"wentet@lithko.com","good","ok","no","no"
"werner.leibrandt@axaitra.com","good","ok","no","no"
"wesley@greenfieldwater.com","good","ok","no","no"
"wess@advancedgourmet.com","good","ok","no","no"
"wgoodsell@wmc.org","good","ok","no","no"
"whit.payne@commitpartnership.org","good","ok","no","no"
"whitney@betterlawnsar.com","good","ok","no","no"
"whitney@myhospitalhub.com","good","ok","no","no"
"whitney@resolveforensics.com","good","ok","no","no"
"whoffman@mfcpinc.com","good","ok","no","no"
"wholloway@aicholdings.com","good","ok","no","no"
"whoye@iesabroad.org","good","ok","no","no"
"wib.owen@southernforests.org","good","ok","no","no"
"wil.kopp@assettechnologies.us","good","ok","no","no"
"will@crabtreeautorepair.com","good","ok","no","no"
"will@getlofti.com","risky","catch_all","no","no"
"will@lspups.com","good","ok","no","no"
"william.carr@frosttaxlaw.com","good","ok","no","no"
"william.garcia@kencogroup.com","good","ok","no","no"
"william.kleinschmidt@fatpipeinc.com","risky","catch_all","no","no"
"william@vehiclechocolates.com","good","ok","no","no"
"williama@indiana.edu","good","ok","no","no"
"williamr@brookwoodcommunity.org","good","ok","no","no"
"willie.triplett@kcmo.org","good","ok","no","no"
"windy@virtualemdr.com","risky","catch_all","no","no"
"wmosher@bldrcorp.com","good","ok","no","no"
"wplace@lauricellaland.com","good","ok","no","no"
"wrobinson@feedingsga.org","good","ok","no","no"
"wswearingen@nps-corp.com","good","ok","no","no"
"wyoung@tharseoit.com","good","ok","no","no"
"xander.bullock@atcbuilder.com","good","ok","no","no"
"xiomara.guevara@greaterbergen.org","good","ok","no","no"
"yael@thorin.com","risky","catch_all","no","no"
"yasho@forkastrestaurants.com","risky","catch_all","no","no"
"ygonzalez@sunshinegasoline.com","good","ok","no","no"
"yhao@flagshippioneering.com","good","ok","no","no"
"yoav@elfandsons.com","good","ok","no","no"
"yogesh.verma@rssped.com","good","ok","no","no"
"yolanda.zhang@luyaxyz.com","good","ok","no","no"
"yrobinson@nchs.org","good","ok","no","no"
"yrodrigues@sunstrongmanagement.com","good","ok","no","no"
"ythurman@results.org","good","ok","no","no"
"yuki@outercoast.org","good","ok","no","no"
"yvonne@chambiar.ai","risky","catch_all","no","no"
"yyee@ohiojusticefoundation.org","good","ok","no","no"
"zacfox@gameniteshop.com","good","ok","no","no"
"zach@stayblink.com","good","ok","no","no"
"zach@strongsuit.com","good","ok","no","no"
"zack@buddybrand.us","good","ok","no","no"
"zack@drivewealth.com","good","ok","no","no"
"zackb@forzabuilt.com","good","ok","no","no"
"zadoo@berealstudios.com","good","ok","no","no"
"zara.anwarzai@careerwiseny.org","good","ok","no","no"
"zca@pnwfamilylaw.com","good","ok","no","no"
"zdavood@eliteuniforms.org","risky","catch_all","no","no"
"zelkins@lfg.us","good","ok","no","no"
"zfaugno-teig@thetrustees.org","good","ok","no","no"
"zico@kickitsoccer.com","good","ok","no","no"
"ziemsm@minster.com","good","ok","no","no"
"zillehuma.ebrahim@axisclinics.org","good","ok","no","no"
"zmaslyn@monroegolfclub.com","good","ok","no","no"
"zoe.shyn@glca.com","good","ok","no","no"
"zorta@brzoninglaw.com","good","ok","no","no"
"zruiz@kra.com","good","ok","no","no"
"zselmanlar@ankafoods.com","risky","catch_all","no","no"
"zuhair.kazi@synaptix.dev","risky","catch_all","no","no"
"zvargeson@richmondcoliseum.net","risky","unknown","no","no"
