"email","quality","result","free","role"
"20kirreh@hawken.edu","good","ok","no","no"
"8amethod@taptoshift.com","good","ok","no","no"
"a.sinha@columbia.edu","good","ok","no","no"
"aadit@getpruf.app","risky","catch_all","no","no"
"aaditya@getcybersphere.com","good","ok","no","no"
"aahmad@quickpantri.com","risky","unknown","no","no"
"aanderson@shopsabre.com","good","ok","no","no"
"aantram@vt.edu","good","ok","no","no"
"aarav@dineindealz.com","good","ok","no","no"
"aarohi@phoenixlabs.co","good","ok","no","no"
"aaron.uydess@kairosmeridian.us","good","ok","no","no"
"aaron@aaronymous.com","good","ok","no","no"
"aaron@marcprop.com","risky","catch_all","no","no"
"aaron@villageparlor.com","good","ok","no","no"
"aaron@wildfiregrowthagency.com","risky","catch_all","no","no"
"aashna@trybounty.ai","good","ok","no","no"
"aayush@medcoach.io","good","ok","no","no"
"ab@ashburgessmedia.com","good","ok","no","no"
"abakalis@silakab.com","bad","invalid","no","no"
"abartlett@easttennesseepbs.org","good","ok","no","no"
"abbey@thedatey.com","risky","catch_all","no","no"
"abdul.ghani@sgc.com.pk","good","ok","no","no"
"abdullah@acquizition.io","good","ok","no","no"
"abdullah@nvdigital.in","good","ok","no","no"
"abe@awardcare.com","good","ok","no","no"
"abhiram@stockling.finance","risky","catch_all","no","no"
"abhishek.bhatnagar@celestiumx.com","good","ok","no","no"
"abhishek.r@vcreatek.com","good","ok","no","no"
"abhishek.sancheti@rutgers.edu","good","ok","no","no"
"abhishek@meghaos.ai","risky","unknown","no","no"
"abigail@outershed.com","good","ok","no","no"
"aburns@tallgrass3d.com","good","ok","no","no"
"acollier@mountairymd.gov","good","ok","no","no"
"acortes@particle.io","bad","invalid","no","no"
"acosentino@earthworkcollective.com","risky","catch_all","no","no"
"adam.chiasson@dmaxconsulting.com","good","ok","no","no"
"adam.curran@northboundsolutions.net","risky","unknown","no","no"
"adam.nelson@reactivlaser.com","good","ok","no","no"
"adam.parrottino@knightmoveconsulting.com","good","ok","no","no"
"adam@adamcosgrove.com","risky","catch_all","no","no"
"adam@airbase.us","risky","catch_all","no","no"
"adam@airworks.io","good","ok","no","no"
"adam@arcwoundcare.com","good","ok","no","no"
"adam@ascended-consulting.com","good","ok","no","no"
"adam@fintelhub.com","risky","catch_all","no","no"
"adam@get-optimal.ai","good","ok","no","no"
"adam@hartwickproperties.com","good","ok","no","no"
"adam@kladeai.com","risky","catch_all","no","no"
"adam@riseservicegroup.com","good","ok","no","no"
"adennis@weareoverwatch.com","good","ok","no","no"
"adepass@depassconsulting.com","good","ok","no","no"
"adil@codeninjaconsulting.com","good","ok","no","no"
"adine@theempathycollective.com","good","ok","no","no"
"aditya@alldunkin.com","good","ok","no","no"
"aditya@profine.ai","risky","unknown","no","no"
"aditya@projectsyard.com","good","ok","no","no"
"adjaballah@tripadvisor.com","good","ok","no","no"
"adnan@torshesys.com","good","ok","no","no"
"adolfo@bananablueprint.com","good","ok","no","no"
"adrian@autoquillai.com","good","ok","no","no"
"adrian@rapidplumbingtx.com","good","ok","no","no"
"adriel@vocira.net","good","ok","no","no"
"ae@alumni.stanford.edu","good","ok","no","no"
"aelaf@melafinance.com","risky","unknown","no","no"
"afarroni@bodytimemd.com","good","ok","no","no"
"afoley@five20money.com","risky","catch_all","no","no"
"agansky@linksdating.com","risky","unknown","no","no"
"agapinowska@globalgae.com","good","ok","no","no"
"agasthya.shenoy@teachinglabstudio.com","risky","catch_all","no","no"
"agold@solventum.com","good","ok","no","no"
"agonzalez@agateit.org","good","ok","no","no"
"agreenwell@harris-greenwell.com","good","ok","no","no"
"ahabib@truad.com","good","ok","no","no"
"ahmed@amyn.us","risky","unknown","no","no"
"aidan@conwaytravelcollective.com","good","ok","no","no"
"aidan@mccapes.net","good","ok","no","no"
"aidenneary@xscindo.com","good","ok","no","no"
"aj@honesto.ai","good","ok","no","no"
"aj@playr1.com","good","ok","no","no"
"ajai.george@pyramidci.com","risky","catch_all","no","no"
"ajoyce@drinkpraxus.com","risky","catch_all","no","no"
"ak@adaptivexc.com","good","ok","no","no"
"akaya@kayasec.com","good","ok","no","no"
"akber@kajconsultancy.com","good","ok","no","no"
"akelly@novicagency.com","risky","unknown","no","no"
"akeyes@bigwavestudio.co","good","ok","no","no"
"akhan@depauseit.com","risky","catch_all","no","no"
"akshay@chromie.dev","risky","catch_all","no","no"
"akurinovich@apkcpa.com","bad","invalid","no","no"
"al@everetttransmission.com","good","ok","no","no"
"alan.perez@nagoya.tech","good","ok","no","no"
"alan@albrecht.es","good","ok","no","no"
"alan@coloshield.com","good","ok","no","no"
"alan@splparts.com","good","ok","no","no"
"alayna@cxblackbelts.com","good","ok","no","no"
"alaysha@theinnerlace.com","good","ok","no","no"
"alba@dawnlightstudios.com","good","ok","no","no"
"aldo@oobali.app","risky","unknown","no","no"
"aleal@clarus.com","good","ok","no","no"
"aleary@catalystmedtech.com","good","ok","no","no"
"alec.maki@maxism.ai","good","ok","no","no"
"alecbemis@brassland.org","good","ok","no","no"
"alejandrobernal@tribecom.co","good","ok","no","no"
"alejandrocorreal@alecore.com","risky","catch_all","no","no"
"alena@neqla.app","bad","invalid","no","no"
"alessandra@altra.studio","good","ok","no","no"
"alex.daniello@inmedtory.com","good","ok","no","no"
"alex@ashell.dev","risky","catch_all","no","no"
"alex@biniampro.com","risky","unknown","no","no"
"alex@completetaxsolutions.com","risky","catch_all","no","no"
"alex@coplane.com","good","ok","no","no"
"alex@desireddesignsyoungstown.com","good","ok","no","no"
"alex@easterlyevents.com","good","ok","no","no"
"alex@formationscorp.com","good","ok","no","no"
"alex@fortuneip.us","good","ok","no","no"
"alex@growthfactor.ai","good","ok","no","no"
"alex@hotmetalinsurance.com","good","ok","no","no"
"alex@javier-suarez.com","good","ok","no","no"
"alex@muchamachany.com","good","ok","no","no"
"alex@obsidianluxeholdingsllc.com","good","ok","no","no"
"alex@outersignal.com","good","ok","no","no"
"alex@plotpointe.com","risky","catch_all","no","no"
"alex@revolaunch.us","good","ok","no","no"
"alex@theagoralabs.ai","risky","catch_all","no","no"
"alex@thedominionconsulting.com","good","ok","no","no"
"alex@thefireandsalt.com","good","ok","no","no"
"alex@thegigswipe.com","good","ok","no","no"
"alex@wadsway.com","risky","catch_all","no","no"
"alexa@alexard.com","good","ok","no","yes"
"alexander.s@flipkart.com","risky","catch_all","no","no"
"alexander@uptickrobotics.com","good","ok","no","no"
"alexander@venturalabs.ai","risky","unknown","no","no"
"alexandra.nader@omnicommediagroup.com","good","ok","no","no"
"alexandra@classiccoco.com","good","ok","no","no"
"alexandra@stewardlybh.com","risky","catch_all","no","no"
"alexandra@thinkingcapsgroup.com","risky","catch_all","no","no"
"alexandre@drftdigital.com","risky","catch_all","no","no"
"alexb@bdhomebuyer.com","risky","catch_all","no","no"
"alexey@ontrade.ai","good","ok","no","no"
"alexia.coutts@muhzabeauty.com","good","ok","no","no"
"alexis@getophidia.com","good","ok","no","no"
"alexis@wonderdigital.org","good","ok","no","no"
"alexz@lightauto.tech","good","ok","no","no"
"alfredo.a@boxcreative.site","good","ok","no","no"
"ali@moveforward-pt.com","risky","catch_all","no","no"
"ali@thepeopleskitchen.co","good","ok","no","no"
"alicia@athoz.ai","risky","catch_all","no","no"
"alickaraman@sfaai.co","risky","unknown","no","no"
"alinberg@rebuilding-recovery-center.com","good","ok","no","no"
"alisha@livingholistic.org","good","ok","no","no"
"alison@maggiespets.com","good","ok","no","no"
"alissa.fodor@altamh.com","risky","unknown","no","no"
"allan.mottram@perennialwellness.io","good","ok","no","no"
"allen@landexsystems.com","good","ok","no","no"
"allie.wilson@iepassure.com","good","ok","no","no"
"allison@allisongrubbsnc.com","bad","invalid","no","no"
"allison@commongoodstrategies.org","risky","catch_all","no","no"
"allison@felinegrove.com","risky","catch_all","no","no"
"allison@gemmadallas.com","good","ok","no","no"
"almaflores@proximitycare.net","good","ok","no","no"
"almas@vantage-ct.com","good","ok","no","no"
"alw@cheteklaw.com","good","ok","no","no"
"alyssa@beyondtheathlete.net","good","ok","no","no"
"alyssa@helmsbnb.com","good","ok","no","no"
"alyssamcginn@infofluency.net","good","ok","no","no"
"amanda.matthews@theperspectivehouse.com","good","ok","no","no"
"amanda@aimhienterprises.com","good","ok","no","no"
"amanda@amandakidd.com","good","ok","no","no"
"amanda@bateconsultingllc.com","good","ok","no","no"
"amanda@bendandblaze.yoga","good","ok","no","no"
"amanda@bycounterpart.com","good","ok","no","no"
"amanda@gavin.com","good","ok","no","no"
"amanda@herdingcatscampaigns.com","good","ok","no","no"
"amanda@hivewellnessco.com","good","ok","no","no"
"amanda@meridianadvisorypartner.com","good","ok","no","no"
"amanda@monoline.studio","risky","catch_all","no","no"
"amanda@returnoncreators.com","risky","catch_all","no","no"
"amanda@swnsnpr.com","good","ok","no","no"
"amanda@talentbridgetrainingsolutions.com","good","ok","no","no"
"amanjyot.s@progressivetele.com","risky","catch_all","no","no"
"amar@fineartventures.ai","good","ok","no","no"
"amar@monolithportfolios.com","good","ok","no","no"
"amartin@springusa.com","good","ok","no","no"
"amber@centralwiav.com","good","ok","no","no"
"amber@msbmd.com","good","ok","no","no"
"amber@soulsciencestudio.com","risky","catch_all","no","no"
"amber@swingu.com","bad","invalid","no","no"
"amiddleton@nextchapterwomenshealth.com","good","ok","no","no"
"amine@escalado.com","bad","invalid","no","no"
"amir@cuvelocity.com","good","ok","no","no"
"amir@intotheprism.com","good","ok","no","no"
"amit@realdeal360.com","good","ok","no","no"
"amitklein@solution4u.com","risky","unknown","no","no"
"amruth.hiremath@h-math.com","good","ok","no","no"
"amvernon@longdservices.com","good","ok","no","no"
"amy.pepin@optimumcrush.com","good","ok","no","no"
"amy@417propertypros.com","good","ok","no","no"
"amy@itroadmap.com","good","ok","no","no"
"amy@lihmt.com","good","ok","no","no"
"amy@twiceright.dev","good","ok","no","no"
"an10a@cia-aa.com","good","ok","no","no"
"ana@capitalnature.org","good","ok","no","no"
"ana@hokulanicollection.com","risky","catch_all","no","no"
"anand@usegiggles.com","good","ok","no","no"
"anastasia.nicole@rightshift.co","bad","invalid","no","no"
"anderson@stokes-ai.com","bad","invalid","no","no"
"andi@dhamore.com","good","ok","no","no"
"andre.khalil@wavedmedical.com","good","ok","no","no"
"andrea@affiliatesmind.com","good","ok","no","no"
"andrea@avocreativestudio.com","good","ok","no","no"
"andrea@eighty8thebrand.com","good","ok","no","no"
"andrea@irc.academy","good","ok","no","no"
"andrea@l3brokers.com","good","ok","no","no"
"andrea@magnoliaandmariner.com","good","ok","no","no"
"andrea@rappaportandschaer.com","good","ok","no","no"
"andrea@stellar-mgmt.com","good","ok","no","no"
"andreagomez@socialcurrant.co","good","ok","no","no"
"andreas.john-good@virtuvibez.com","good","ok","no","no"
"andreas@briefly.com.cy","risky","catch_all","no","no"
"andres@tataritrends.com","good","ok","no","no"
"andrew.kiser@bringprinttolife.com","risky","unknown","no","no"
"andrew.koalska@nbcuni.com","good","ok","no","no"
"andrew.ruiter@odl.com","good","ok","no","no"
"andrew.scholz@headwaterentertainment.com","risky","catch_all","no","no"
"andrew@abrabenefits.com","good","ok","no","no"
"andrew@acsmediamarketing.com","good","ok","no","no"
"andrew@andrewfink.co","good","ok","no","no"
"andrew@courselytics.io","good","ok","no","no"
"andrew@finest-form.com","good","ok","no","no"
"andrew@getsurfaced.co","good","ok","no","no"
"andrew@kinexion.net","good","ok","no","no"
"andrew@lexenne.com","risky","unknown","no","no"
"andrew@libationproject.com","good","ok","no","no"
"andrew@px.company","good","ok","no","no"
"andrew@smalldoginnovations.com","risky","catch_all","no","no"
"andrew@smartadvocate.com","good","ok","no","no"
"andrew@sportswingman.com","good","ok","no","no"
"andrew@thebellepointcompany.com","good","ok","no","no"
"andrew@thelinksource.com","good","ok","no","no"
"andrew@unlockhipo.com","good","ok","no","no"
"andrew@varefoods.com","good","ok","no","no"
"andrew@vorsora.com","good","ok","no","no"
"andrew@zsoldoscoaching.com","good","ok","no","no"
"andrewb@ezertechsolutions.com","good","ok","no","no"
"andrewweir@weirtech.net","good","ok","no","no"
"andy.deaton@thrillfleet.com","good","ok","no","no"
"andy.y@luxtechdesign.com","good","ok","no","no"
"andy@ahattek.com","good","ok","no","no"
"andy@algoarena.net","good","ok","no","no"
"andy@evermorehall.com","good","ok","no","no"
"andy@ezrepairhotlinellc.com","good","ok","no","no"
"andy@flow-visuals.com","good","ok","no","no"
"andy@leanandgreenmi.com","risky","catch_all","no","no"
"andy@prophasecapital.com","good","ok","no","no"
"andy@resolutehospitality.net","good","ok","no","no"
"andy@stillway.ai","risky","catch_all","no","no"
"andy@theironhorsegrill.com","risky","catch_all","no","no"
"andy@usdicoin.com","good","ok","no","no"
"angela.knadler@codeninjas.com","good","ok","no","no"
"angela.okoro@sitensight.com","risky","catch_all","no","no"
"angela@asta-architecture.com","risky","unknown","no","no"
"angela@cmx.ventures","good","ok","no","no"
"angela@kindledger.com","good","ok","no","no"
"angela@luxebusinessfunding.com","good","ok","no","no"
"angelaf@amarinasearch.com","good","ok","no","no"
"angelia@myamplifiedexcellence.com","good","ok","no","no"
"angelly@ascendcapital.llc","risky","catch_all","no","no"
"angelo.chan@thestrategyzgroup.com","good","ok","no","no"
"angelo.flemings@diversesolutions-inc.com","good","ok","no","no"
"angelo@deleniconsulting.com","good","ok","no","no"
"anh@recursive.com","good","ok","no","no"
"anhaffner@nebraskamed.com","good","ok","no","no"
"aniesa@hansoncomplete.com","risky","catch_all","no","no"
"anish@solfoundry.co","good","ok","no","no"
"anissa@anissadouglass.com","good","ok","no","no"
"anitha@epathusa.net","good","ok","no","no"
"ankur.narang@deepcorexlabs.com","good","ok","no","no"
"anli.tam@cardionexa.com","risky","catch_all","no","no"
"anna.corin@newkroo.com","risky","unknown","no","no"
"anna@anna-equestrian.com","good","ok","no","no"
"anna@annaterry.me","good","ok","no","no"
"anna@desigfy.com","good","ok","no","no"
"anna@drinkalmatcha.com","good","ok","no","no"
"anna@education-rethink.com","good","ok","no","no"
"anna@parchmate.com","good","ok","no","no"
"annawilliams@solpatchusa.com","good","ok","no","no"
"anne@katonalinnconsulting.com","good","ok","no","no"
"anne@portlandgrille.com","risky","unknown","no","no"
"anne@truestorytheater.org","good","ok","no","no"
"anneke@wetellgoodstories.com","good","ok","no","no"
"annie@oasisconsultingfirm.co","good","ok","no","no"
"anny@createtransformationcoaching.com","good","ok","no","no"
"annychan@atwinedu.com","good","ok","no","no"
"anpu.rajaratnam@infinara.org","good","ok","no","no"
"anshul.bajaj@perfality.com","good","ok","no","no"
"anshuman@atglobalmovers.com","risky","catch_all","no","no"
"anshuman_yadav@theneuracraft.com","good","ok","no","no"
"answerbox@ansbox.ai","bad","invalid","no","no"
"anthony.catalano@optimizesg.com","good","ok","no","no"
"anthony.deanfrasio@alwayslab.com","good","ok","no","no"
"anthony@atlaspcg.com","good","ok","no","no"
"anthony@builderstrustcapital.com","good","ok","no","no"
"anthony@catchlifedojo.com","good","ok","no","no"
"anthony@covari.io","good","ok","no","no"
"anthony@filmiq.io","risky","unknown","no","no"
"anthony@goputts.com","good","ok","no","no"
"anthony@gunforhire.com","good","ok","no","no"
"anthony@renomediacompany.com","good","ok","no","no"
"anthony@rockbeachllc.com","good","ok","no","no"
"anthony@zerosstash.com","risky","unknown","no","no"
"antomusic@officialanto.com","good","ok","no","no"
"anton.senerpida@oprones.com","good","ok","no","no"
"antonia.lopes@edelman.com","good","ok","no","no"
"antonio@sonovisuals.com","good","ok","no","no"
"antonio@verified.trading","risky","catch_all","no","no"
"anuasokan@stemachip.com","good","ok","no","no"
"anumerick@volkscannabis.com","risky","catch_all","no","no"
"apinon@ideaautogroup.com","good","ok","no","no"
"apodolsky@jade-cap.com","risky","catch_all","no","no"
"april@insphereconsulting.com","good","ok","no","no"
"aprile.andelle@mftexamstudy.com","bad","invalid","no","no"
"aprilphillips@vertexhealthcareoperations.com","good","ok","no","no"
"apryor@pryor-strategies.com","good","ok","no","no"
"aquarious@llmatix.com","good","ok","no","no"
"aquetzeri@nubeinternet.com","good","ok","no","no"
"ara@storieswork.studio","good","ok","no","no"
"arahman@nutbazar.in","good","ok","no","no"
"aramos@lionsarksolutions.com","good","ok","no","no"
"areaume@meliordiscovery.com","good","ok","no","no"
"areed@firstpro.biz","good","ok","no","no"
"argenis@simplenetworksolutions.com","good","ok","no","no"
"arguez@nourishmentresource.center","risky","catch_all","no","no"
"ari@arianademaj.com","good","ok","no","no"
"ariel@arielfrey.com","good","ok","no","no"
"aristide@trustbridgecouriers.com","bad","invalid","no","no"
"arman@cavernmarketing.com","good","ok","no","no"
"armando@goat305.com","good","ok","no","no"
"armandpatepat@estlla.com","good","ok","no","no"
"armin@garage-lux.com","good","ok","no","no"
"armond@noblehoneycompany.com","good","ok","no","no"
"arnold@thebramble.space","good","ok","no","no"
"arron@haulhive.com","good","ok","no","no"
"art@olgaprudka.com","good","ok","no","yes"
"arthur.doty@cleanvalve.com","bad","invalid","no","no"
"aruckdaschel@iowaabi.org","good","ok","no","no"
"arun@dutyai.in","good","ok","no","no"
"arva.anees@onemax.org","good","ok","no","no"
"arvind.mishra@aeriumtechusa.com","good","ok","no","no"
"ary@avearobotics.com","risky","catch_all","no","no"
"aryan@gatherevents.online","good","ok","no","no"
"asad@admomento.com","good","ok","no","no"
"aseem@photonqueue.com","good","ok","no","no"
"asha@four44agency.com","good","ok","no","no"
"asha@nubiomes.com","good","ok","no","no"
"ashelee@asheschoolofmusic.com","good","ok","no","no"
"ashish@xorque.com","good","ok","no","no"
"ashley@consultingbycatalyst.com","good","ok","no","no"
"ashley@porchlight.media","good","ok","no","no"
"ashley@solodaughter.com","good","ok","no","no"
"ashley@startupsdecoded.com","good","ok","no","no"
"ashley@suescenter.com","good","ok","no","no"
"ashleyb@realtracs.com","good","ok","no","no"
"ashutosh@hellozelo.com","risky","catch_all","no","no"
"asia@systemcleaners.com","good","ok","no","no"
"asm@jellyfish.co","good","ok","no","no"
"asma@masadtax.com","good","ok","no","no"
"ataylor@signalittech.com","good","ok","no","no"
"atul@leadershipethumanite.com","risky","unknown","no","no"
"audrey@healthbridgeadvocacy.com","good","ok","no","no"
"audrey@icyfinch.com","risky","catch_all","no","no"
"audrey@thenoblemarketing.com","good","ok","no","no"
"austin@aiwaterside.com","risky","catch_all","no","no"
"austin@campusmate360.com","good","ok","no","no"
"austin@cartersllc.com","risky","unknown","no","no"
"austin@stoneflowerinvest.com","good","ok","no","no"
"austin@synthesiswebsites.com","good","ok","no","no"
"austin@thornappleconstruction.com","risky","catch_all","no","no"
"austin@umbrellasystems.net","risky","catch_all","no","no"
"austin@uptown.com","good","ok","no","no"
"austinmiles@blatantdope.com","good","ok","no","no"
"autumn@4seasonsbyautumn.com","bad","invalid","no","no"
"ava@nomadcharger.com","good","ok","no","no"
"avery@tbartspassport.com","good","ok","no","no"
"avik@galogisticsllc.com","good","ok","no","no"
"avril@form-atelier.com","good","ok","no","no"
"awalston@saltandlytenutrition.com","good","ok","no","no"
"awong@cihealth.org","good","ok","no","no"
"awong@zvxlabs.com","risky","unknown","no","no"
"awoosley@vac2go.com","good","ok","no","no"
"awright@buildingnb.com","risky","catch_all","no","no"
"ayaan.ali@synaptix.dev","risky","catch_all","no","no"
"ayush.patel@zenexaglobalsolutions.com","good","ok","no","no"
"ayushpverma@berkeley.edu","good","ok","no","no"
"azeez.shaik@contextral.com","good","ok","no","no"
"azeezakinyemi@agriqconnect.com","risky","unknown","no","no"
"azhar@meterid.com","risky","unknown","no","no"
"b.david@cutpeakenergy.com","good","ok","no","no"
"b.farrell@thefarrellcompanies.com","good","ok","no","no"
"b_hutton@runrb.com","risky","unknown","no","no"
"badr.alboulad@a-tier-exotics.com","good","ok","no","no"
"baktash.eskandary@afghanu.com","good","ok","no","no"
"banu.tomruk@ascendcc.biz","good","ok","no","no"
"bara.ndiaye@sadiogroup.com","good","ok","no","no"
"barakah@avinaignite.com","good","ok","no","no"
"bardon@aasafetyresources.com","good","ok","no","no"
"barrett@nexgenlogisticsgrp.com","good","ok","no","no"
"barry.worthy@holtworthyfederalservices.com","risky","catch_all","no","no"
"barry@moltz.com","good","ok","no","no"
"barry@visipay.io","good","ok","no","no"
"bart@acesbranding.com","good","ok","no","no"
"basil.lone@certifyai.us","good","ok","no","no"
"bastian@manbitesthedog.com","good","ok","no","no"
"batholomew.manjoro@flyhijet.com","risky","catch_all","no","no"
"baya@scdrelief.com","good","ok","no","no"
"bb@modfyr.com","risky","catch_all","no","no"
"bbernard@sunlakes.ai","good","ok","no","no"
"bbryant@redeemera2.org","good","ok","no","no"
"bbushnell@bushnelllawgroup.com","good","ok","no","no"
"bcasey@rltlogistics.net","good","ok","no","no"
"bclemente@brio4life.com","good","ok","no","no"
"bclemons@clemonsbusinessgroup.com","good","ok","no","no"
"bcrowder@edvistas.com","good","ok","no","no"
"bczubaj@efsanjuan.com","good","ok","no","no"
"bdavis@avalanchefirm.com","good","ok","no","no"
"bdepaul@depaultutoringtestprep.com","risky","catch_all","no","no"
"bdouglas@udtech-usa.com","risky","unknown","no","no"
"becca@auroraalliance.org","good","ok","no","no"
"bella@minetta.com","risky","catch_all","no","no"
"ben.stradtmann@answerbar.io","bad","invalid","no","no"
"ben@alltdesigns.com","good","ok","no","no"
"ben@bencurry.net","risky","catch_all","no","no"
"ben@bluesonde.com","risky","catch_all","no","no"
"ben@daoco.org","good","ok","no","no"
"ben@harbour-systems.com","good","ok","no","no"
"ben@hayden5.com","good","ok","no","no"
"ben@hybrid.aero","good","ok","no","no"
"ben@infohawk.com","good","ok","no","no"
"ben@joinreva.com","risky","catch_all","no","no"
"ben@joymore.com","good","ok","no","no"
"ben@lakeshoretalentconsulting.com","good","ok","no","no"
"ben@mabeastasteofliberia.com","risky","catch_all","no","no"
"ben@revphlo.com","risky","catch_all","no","no"
"ben@swissappeal.com","good","ok","no","no"
"ben@thedistrictfishwife.com","good","ok","no","no"
"benjamin.botwin@stablekernel.com","good","ok","no","no"
"benjamin@coenvisionllc.com","good","ok","no","no"
"benjamin@softwareclub.io","good","ok","no","no"
"benjamin@streamsmore.com","bad","invalid","no","no"
"benjy@perfectattendanceco.com","good","ok","no","no"
"benknutson@greyducklab.com","good","ok","no","no"
"benny@gabble.world","good","ok","no","no"
"benoit@goodhive.io","good","ok","no","no"
"bentley@cleanweb.solutions","risky","catch_all","no","no"
"benton@ccmoa.org","good","ok","no","no"
"berden@erdenusa.com","good","ok","no","no"
"bernie@publickhousenj.com","risky","catch_all","no","no"
"berti@tblistagency.com","good","ok","no","no"
"betsie@gambelpr.com","good","ok","no","no"
"betto@4expats.ai","good","ok","no","no"
"bfoster@nba.com","good","ok","no","no"
"bfreeman@freemangroup.org","good","ok","no","no"
"bfriel@bdsquaredllc.com","good","ok","no","no"
"bhays@fractalpolymers.com","good","ok","no","no"
"bhumika@truvana.services","good","ok","no","no"
"bi@restfull.com","good","ok","no","no"
"bibilash@cosmasol.com","good","ok","no","no"
"biff@imgink.com","good","ok","no","no"
"biff@niceenough.com","good","ok","no","no"
"bill.adamowski@theatlasinstitute.com","good","ok","no","no"
"bill.beckham@d1training.com","good","ok","no","no"
"bill.desmet@mw.accountants","good","ok","no","no"
"bill@wilcoxinc.net","good","ok","no","yes"
"billie@bosscooperative.com","good","ok","no","no"
"billy@courieinahurry.com","good","ok","no","no"
"billy@hussey.co","good","ok","no","no"
"bj@strydedigital.com","good","ok","no","no"
"bjen@benjenholdings.com","good","ok","no","no"
"bjorn.winden@shortcutcfd.com","good","ok","no","no"
"bkennington@austinsportsbh.com","good","ok","no","no"
"bkhan@myquickaccountant.com","risky","catch_all","no","no"
"bkim@byaht.com","good","ok","no","no"
"blaine@superconnector.com","good","ok","no","no"
"blaire@arc-mktg.com","good","ok","no","no"
"blairmiddleton@computefutures.org","good","ok","no","no"
"blake.eaton@prolineproductsinc.com","good","ok","no","no"
"blake.stanley@amplified-ai.co","good","ok","no","no"
"blove@southerncapitalco.com","good","ok","no","no"
"bmilam@forgeconstructors.com","good","ok","no","no"
"bmr@hackthetrash.com","good","ok","no","no"
"bob.benjamin@lightofday.org","good","ok","no","no"
"bob.fox@workdesign.com","risky","catch_all","no","no"
"bob@builderlogix.com","good","ok","no","no"
"bob@holdsworth.com","good","ok","no","no"
"bob@myaligndesign.com","good","ok","no","no"
"bob@ricciardicpa.net","good","ok","no","no"
"bob@texastitle.com","good","ok","no","no"
"bob@windsorcarehomes.com","good","ok","no","no"
"bobbyp@beknowncustomapparel.com","good","ok","no","no"
"bobmorin@qualityresearchinc.com","good","ok","no","no"
"bodashee@diddeet.com","risky","catch_all","no","no"
"bomalley@angelabassadicpa.com","good","ok","no","no"
"bosmat@epia.app","good","ok","no","no"
"bowling@hallmarklanes.com","good","ok","no","no"
"boya@tryeverease.com","good","ok","no","no"
"bperry@pavonegroup.com","bad","invalid","no","no"
"bpierce@igniterevs.com","good","ok","no","no"
"brad.semp@backology.com","good","ok","no","no"
"brad@apollo-cares.com","good","ok","no","no"
"brad@bghoskins.com","good","ok","no","no"
"brad@continuumstandard.com","good","ok","no","no"
"brad@itbybrad.com","good","ok","no","no"
"brad@kairossoftware.ai","good","ok","no","no"
"brad@mainstagemusic.com","risky","unknown","no","no"
"brad@ozarkboatrentals.com","good","ok","no","no"
"brad@timfm.com","good","ok","no","no"
"brad@veritas-cfo.com","good","ok","no","no"
"bradley.heidebrecht@fidelity.com","good","ok","no","no"
"bradley@loanlight.com","risky","catch_all","no","no"
"brady.jones@bandithome.com","good","ok","no","no"
"brady@clearcrestmgmt.com","risky","catch_all","no","no"
"brandon.baker@databp.com","good","ok","no","no"
"brandon.nichols@arlow.ai","good","ok","no","no"
"brandon@beaversadvisors.com","good","ok","no","no"
"brandon@mdforkids.org","risky","catch_all","no","no"
"brandon@nudgeu.app","good","ok","no","no"
"brandon@residence-atl.com","good","ok","no","no"
"brandon@urgood.com","good","ok","no","no"
"brandon@yadalog.com","risky","catch_all","no","no"
"brandy@deltaxcoop.com","good","ok","no","no"
"brandy@dexafit.com","good","ok","no","no"
"braydon@bbnab.com","good","ok","no","no"
"breanna@eloquencecreative.com","good","ok","no","no"
"breinn@collectiveleadershipstrategies.com","good","ok","no","no"
"bremen@thebikiniglowsociety.com","good","ok","no","no"
"brendan@hunterandlaine.com","good","ok","no","no"
"brendan@quinnlabs.ai","good","ok","no","no"
"brendan@withlevy.com","risky","catch_all","no","no"
"brennan@southsmoke.com","risky","catch_all","no","no"
"brennen@ultimate-senior-resource.com","good","ok","no","no"
"brent@5050sp.com","good","ok","no","no"
"brent@verlo.finance","risky","catch_all","no","no"
"brent@vivvira.com","good","ok","no","no"
"brett.kelley@emapta.com","good","ok","no","no"
"brett@grapeintentions.com","good","ok","no","no"
"brett@uselunchpail.com","risky","catch_all","no","no"
"brett@wereallsalespeople.com","good","ok","no","no"
"brian.cheung@memoryshop.com","risky","catch_all","no","no"
"brian@bkbuildskc.com","good","ok","no","no"
"brian@breathtaker.app","good","ok","no","no"
"brian@brianfountain.com","good","ok","no","no"
"brian@brianrella.me","good","ok","no","no"
"brian@brynovaai.com","good","ok","no","no"
"brian@doriapp.io","good","ok","no","no"
"brian@forgepointgrowth.com","good","ok","no","no"
"brian@gambitcpg.com","risky","catch_all","no","no"
"brian@grailstar.com","good","ok","no","no"
"brian@heritagebb.com","risky","catch_all","no","no"
"brian@lgcyus.com","risky","catch_all","no","no"
"brian@loopdeco.com","good","ok","no","no"
"brian@middleeats.com","good","ok","no","no"
"brian@mysignalpath.com","good","ok","no","no"
"brian@oneprojectconsulting.com","bad","invalid","no","no"
"brian@prisminitiative.ai","risky","unknown","no","no"
"brian@scafold.studio","good","ok","no","no"
"brian@thebanburygroup.com","good","ok","no","no"
"brian@vowsandspeeches.com","risky","catch_all","no","no"
"briana@sloburncollective.com","risky","catch_all","no","no"
"brianna@fivethirteenmedia.org","good","ok","no","no"
"brianrosenberg@betweenideasconsulting.com","good","ok","no","no"
"brigid@vibrantbadass.com","bad","invalid","no","no"
"brigitte@vendybox.com","good","ok","no","no"
"brittany.mincher@ailignify.com","risky","catch_all","no","no"
"brittany@higherorderhealth.com","good","ok","no","no"
"brittany@sessionpilates.com","good","ok","no","no"
"brittany@wearswimclean.com","good","ok","no","no"
"brock@blackflagcapital.org","good","ok","no","no"
"brooke@quinnspired.com","good","ok","no","no"
"brooke@thirdspacecoffee.co","good","ok","no","no"
"brooks@kanaisrolloff.com","risky","catch_all","no","no"
"brooks@visibilitypilotpro.com","good","ok","no","no"
"brooks@yourwingspan.com","good","ok","no","no"
"brown@capecreative.co","good","ok","no","no"
"broynyv@workatwheel.com","good","ok","no","no"
"bruce@barterfy.app","good","ok","no","no"
"bryan.gutierrez@ilbg.co","good","ok","no","no"
"bryan.taylor@premiaadvisors.com","good","ok","no","no"
"bryan@alignbridgeconsulting.com","good","ok","no","no"
"bryan@armadillowoolery.com","good","ok","no","no"
"bryan@berdservices.com","good","ok","no","no"
"bryan@groundedlending.com","good","ok","no","no"
"bryan@meetcasero.com","good","ok","no","no"
"bryan@moneystrong.net","risky","unknown","no","no"
"bryce@24acapital.com","good","ok","no","no"
"brycen@pettrialfinder.com","risky","catch_all","no","no"
"bryn@ventouxadvisoryco.com","risky","catch_all","no","no"
"bryson@yona-standard.org","risky","unknown","no","no"
"bschroeder@lifelinerevenue.com","risky","catch_all","no","no"
"bshearer@shearers.com","bad","invalid","no","no"
"btwente@growamsterdamny.org","good","ok","no","no"
"burkhard@joingenius.org","risky","unknown","no","no"
"burton@baldridge-architects.com","good","ok","no","no"
"butch@butchlaw.com","risky","unknown","no","no"
"bweislo@wiseguysohio.com","good","ok","no","no"
"bwiley@lsmmedia.net","good","ok","no","no"
"bwood@btlparking.com","bad","invalid","no","no"
"bz@secondseasongroup.com","risky","catch_all","no","no"
"bzm@eightyfourninety.com","risky","catch_all","no","no"
"cade.higgins@electrogum.com","risky","unknown","no","no"
"cade@theturffactory.com","good","ok","no","no"
"caden.picard@brightspeed.com","good","ok","no","no"
"caden@vexcitebikes.com","good","ok","no","no"
"caeden@roadrunnersu.com","good","ok","no","no"
"caelsereith@aetherprotocols.com","good","ok","no","no"
"caitlin@camgroupmedianc.com","bad","invalid","no","no"
"cale@praxoraenergy.com","good","ok","no","no"
"caleb@curonow.com","risky","catch_all","no","no"
"caleb@localmargin.com","good","ok","no","no"
"caleb@lutzmovefreight.com","good","ok","no","no"
"caleb@shackletonanddrake.com","good","ok","no","no"
"calebbryant@hardais.com","risky","catch_all","no","no"
"calebthomas@goclearfuture.com","good","ok","no","no"
"calvin@jb5investments.com","good","ok","no","no"
"calvin@medmojo.ai","risky","catch_all","no","no"
"calvinbush@getscoutedge.com","risky","catch_all","no","no"
"cam@backbonecoffee.com","good","ok","no","no"
"camacho@fullpressure.net","good","ok","no","no"
"cameron@ibizdigitalsolutions.com","good","ok","no","no"
"cameron@woolyvard.com","risky","catch_all","no","no"
"camilla@ohlpracticeconsulting.com","good","ok","no","no"
"camille@cas-strategies.com","good","ok","no","no"
"camille@theccappetite.com","good","ok","no","no"
"candace@wewellnessroots.com","bad","invalid","no","no"
"candice@threedayrule.com","good","ok","no","no"
"candry@getwsper.com","good","ok","no","no"
"captmatt@smokinreels.com","good","ok","no","no"
"cara@caravantripplan.com","good","ok","no","no"
"caresupervisor@comfortangelscaring.com","risky","catch_all","no","no"
"cariel@creativeroommedia.com","risky","catch_all","no","no"
"carla@hostlyworld.com","good","ok","no","no"
"carla@markethouseonthesquare.com","good","ok","no","no"
"carlos@completelosscontrol.com","risky","catch_all","no","no"
"carlos@kovoco.net","good","ok","no","no"
"carlos@maisonsun.nyc","risky","catch_all","no","no"
"carlton@eikonicknifeco.com","risky","catch_all","no","no"
"carmin@nomadwhitewater.com","good","ok","no","no"
"carol@carolbrodie.com","good","ok","no","no"
"carol@shequip.org","risky","catch_all","no","no"
"caroline@228accelerator.com","risky","catch_all","no","no"
"caroline@shopvanillawaves.com","good","ok","no","no"
"caroline@sixheures.com","good","ok","no","no"
"carrie@leadhumans.org","good","ok","no","no"
"carrie@thewidowcollaborative.com","good","ok","no","no"
"carroyo@embroideredclothworks.com","bad","invalid","no","no"
"carson.kramer@bigleagues.co","good","ok","no","no"
"carson@keystonecourtdata.com","risky","catch_all","no","no"
"carter@cchcollection.com","good","ok","no","no"
"carter@rich-habits.com","good","ok","no","no"
"cartor@autosana.ai","good","ok","no","no"
"cary.cote@sundialcocktails.com","risky","catch_all","no","no"
"cary@teachaiedu.com","good","ok","no","no"
"cary_wolff@glic.com","good","ok","no","no"
"casey@compoundcoffee.us","good","ok","no","no"
"casey@hendrickschurchill.com","good","ok","no","no"
"casey@salesy.ai","risky","catch_all","no","no"
"caspar@snydergolfusa.com","good","ok","no","no"
"cassie@integrityfirstbilling.com","good","ok","no","no"
"cassie@revisarthq.com","good","ok","no","no"
"cassie@studio3e8.com","good","ok","no","no"
"cassie@thehightidecollective.com","good","ok","no","no"
"cat@lightpier.io","risky","catch_all","no","no"
"cat@thinkvoen.com","good","ok","no","no"
"catherine_peterson@belk.com","good","ok","no","no"
"cathy@newfoundlakeinn.com","good","ok","no","no"
"cav@creative-electrical.com","good","ok","no","no"
"cbowler@queueassoc.com","good","ok","no","no"
"ccarter@ultrasonium.com","good","ok","no","no"
"cdd@microerapower.com","good","ok","no","no"
"cdolce@xohealth.com","good","ok","no","no"
"cdriscoll@7seaswater.com","good","ok","no","no"
"cedric@andgarsolutions.com","good","ok","no","no"
"celeste@daybreakmanagementgroup.com","risky","catch_all","no","no"
"celina@leadlivelearn.com","good","ok","no","no"
"cgaither@mimirlabs.net","risky","catch_all","no","no"
"cgoggins@ashler.ai","risky","catch_all","no","no"
"cgunter@panthertraining.co","good","ok","no","no"
"chad@firstphinfirst.com","good","ok","no","no"
"chad@orangetowelventures.com","good","ok","no","no"
"chad@waterfrontestateproperties.com","good","ok","no","no"
"chad@zalintechnologies.com","good","ok","no","no"
"chaim.cohen@citynational.com","good","ok","no","no"
"chaim@fivestarcorr.com","good","ok","no","no"
"chaim@nattrly.com","good","ok","no","no"
"chalkidis@sportslink.ai","good","ok","no","no"
"chanel@namedropstudio.com","good","ok","no","no"
"chantal@qswardrobe.com","good","ok","no","no"
"chantel@teamdemi.com","good","ok","no","no"
"chantelle@stclaircreative.com","good","ok","no","no"
"charles.alexander@c2retailpartners.com","good","ok","no","no"
"charles.lilly@jll.com","good","ok","no","no"
"charles@agenteer.com","good","ok","no","no"
"charles@agntic.co","good","ok","no","no"
"charles@sentient.solutions","good","ok","no","no"
"charles@tryprofound.com","good","ok","no","no"
"charlie.schwartz@zipf.ai","bad","invalid","no","no"
"charlie@visiblelight.org","good","ok","no","no"
"chase@oakhousedistillery.com","good","ok","no","no"
"chase@relterra.com","risky","catch_all","no","no"
"chase@streamlinecustombuilders.com","good","ok","no","no"
"chase@sysdoms.com","risky","catch_all","no","no"
"chassity@chassityevans.com","risky","catch_all","no","no"
"cheistine@brandfluencia.com","bad","invalid","no","no"
"chelsea@chelsealaneco.com","risky","unknown","no","no"
"chelsearowen@youfromme.com","good","ok","no","no"
"cherien@visibilityfilms.com","risky","unknown","no","no"
"cheryl@jcwagency.com","good","ok","no","no"
"cheryl@symdiy.com","good","ok","no","no"
"chet@mochatrade.com","risky","catch_all","no","no"
"chiamakaezeunala@northstarconsulting.us","risky","catch_all","no","no"
"chipbrewer@growthstoryllc.com","good","ok","no","no"
"chirag.patel@carbonhealth.com","good","ok","no","no"
"chirzel@cheapbrothers.com","risky","unknown","no","no"
"choffman@peregrinehealthcare.com","good","ok","no","no"
"chris.frosaker@hiwirebrewing.com","good","ok","no","no"
"chris.fuller@jcdmagency.com","good","ok","no","no"
"chris.ruden@paid2present.com","bad","invalid","no","no"
"chris.sharrow@zedteq.com","risky","catch_all","no","no"
"chris.worley@supersymm.io","risky","catch_all","no","no"
"chris@2ampartners.com","good","ok","no","no"
"chris@40acres.finance","risky","catch_all","no","no"
"chris@aerovisionindustries.com","good","ok","no","no"
"chris@besorcs.com","good","ok","no","no"
"chris@bombadil.systems","risky","unknown","no","no"
"chris@callbackhvac.com","good","ok","no","no"
"chris@carvercannabiscompany.com","good","ok","no","no"
"chris@clarkhomeservices.net","risky","catch_all","no","no"
"chris@coraleye.ai","good","ok","no","no"
"chris@getnomad.io","good","ok","no","no"
"chris@globalcareercenter.org","good","ok","no","no"
"chris@greekcore.com","good","ok","no","no"
"chris@lendnav.com","risky","catch_all","no","no"
"chris@lohire.co","good","ok","no","no"
"chris@mirrorlabs3d.com","risky","catch_all","no","no"
"chris@mydailybloom.com","good","ok","no","no"
"chris@nationalpm.us","good","ok","no","no"
"chris@newshoresventures.com","good","ok","no","no"
"chris@number8.com","good","ok","no","no"
"chris@offlinetalent.com","good","ok","no","no"
"chris@pickletexas.com","good","ok","no","no"
"chris@pwr-labs.ai","good","ok","no","no"
"chris@readysetvan.com","risky","catch_all","no","no"
"chris@thcgummies.com","good","ok","no","no"
"chris@themundialpartners.com","risky","catch_all","no","no"
"chris@topguncargo.com","good","ok","no","no"
"chris@tubbyrobot.com","good","ok","no","no"
"chris@woodenshoe-productions.com","good","ok","no","no"
"chrissy@nineteen93.co","good","ok","no","no"
"christen@aculog.com","good","ok","no","no"
"christian.dejesus@choosecovenant.org","risky","unknown","no","no"
"christian@leona35.com","bad","invalid","no","no"
"christian@pulsecommunityagency.com","good","ok","no","no"
"christina@creativeclimbacademy.net","good","ok","no","no"
"christine.ellie@nyboneandjoint.com","good","ok","no","no"
"christine@alturarealtygroup.org","good","ok","no","no"
"christine@bluefireflyinc.com","good","ok","no","no"
"christine@magnet-labs.com","bad","invalid","no","no"
"christine@stewart-schafer.com","good","ok","no","no"
"christopher.martin@kepler.ai","risky","catch_all","no","no"
"christopher@iwanttoretirewell.com","good","ok","no","no"
"christopher@mechro.ai","risky","catch_all","no","no"
"christopher@monthlees.com","good","ok","no","no"
"christopherjones@risefashionevents.com","risky","unknown","no","no"
"chrisvin@tepali.com","good","ok","no","no"
"chuck@girouxtech.com","good","ok","no","no"
"chuck@mclanecommercial.com","bad","invalid","no","no"
"chunter@anchorlineuw.com","good","ok","no","no"
"cierra@click4good.org","good","ok","no","no"
"circle@bluemarble.net","bad","invalid","no","no"
"cirving@dvnpt.net","risky","catch_all","no","no"
"cj@cjacob.com","risky","unknown","no","no"
"cj@lafayetteamerican.com","good","ok","no","no"
"ck@ckjames.com","good","ok","no","no"
"ckim@tcapassociates.com","good","ok","no","no"
"claire@cruisebound.com","good","ok","no","no"
"claire@legacyenvlab.com","risky","unknown","no","no"
"clark.sterner@crookedcreekdistillery.com","good","ok","no","no"
"claudia@pangeacapitalpartnersus.com","risky","catch_all","no","no"
"claudio@qwavelabs.io","risky","catch_all","no","no"
"clawless@thedearborntavern.com","good","ok","no","no"
"clay@couplework.ai","good","ok","no","no"
"clayton.terry@psionline.com","good","ok","no","no"
"clayton@conedgeconstruction.com","good","ok","no","no"
"clayton@volta.audio","good","ok","no","no"
"claytonbannock@procuronconsulting.com","risky","catch_all","no","no"
"clc@sapphi.app","good","ok","no","no"
"clewis@score-alert.com","risky","unknown","no","no"
"cli@tidalhq.com","good","ok","no","no"
"cliff@exitreadystrategy.com","good","ok","no","no"
"clift@publicus.net","good","ok","no","no"
"clifton.royston@isctsystem.com","good","ok","no","no"
"clinton@mcprimedigital.com","risky","unknown","no","no"
"clive@pelhamfuneral.com","good","ok","no","no"
"clkendall@clkbookkeepingllc.com","risky","catch_all","no","no"
"cmace@commhospital.com","good","ok","no","no"
"cmason@edimprovement.org","good","ok","no","no"
"cmccunney@successfuel.com","good","ok","no","no"
"cmcqueen@flexusco.com","good","ok","no","no"
"cminguez@one2oneinc.com","good","ok","no","no"
"cn2660@columbia.edu","good","ok","no","no"
"cnolan@navglobalsolutions.com","good","ok","no","no"
"coachmike@180warrior.com","good","ok","no","no"
"coco@kitsfootwear.com","good","ok","no","no"
"cody@coastalleadsgroup.com","good","ok","no","no"
"cody@milestonetops.com","risky","unknown","no","no"
"cody@oldbarncompany.com","risky","catch_all","no","no"
"cody@verdantvalleysolutions.net","good","ok","no","no"
"cofo@aviationbrake.com","good","ok","no","no"
"cogillsb@urtech.io","risky","catch_all","no","no"
"cole.g@diamond-details.com","risky","catch_all","no","no"
"colin@trujob.io","good","ok","no","no"
"colleen@hunthiddentreasures.com","good","ok","no","no"
"collin@antioch.com","good","ok","no","no"
"collin@cambrient.ai","good","ok","no","no"
"collin@wgcpayments.com","good","ok","no","no"
"colton@cwpfilms.com","good","ok","no","no"
"colton@neronisai.com","good","ok","no","no"
"conner@rileyproperties.com","bad","invalid","no","no"
"connor@creator-rights.com","bad","invalid","no","no"
"connor@digicastmetal.com","good","ok","no","no"
"connor@inkspeakstudio.com","good","ok","no","no"
"connorleemhuis@wintersunequity.com","risky","unknown","no","no"
"constansa@nexoria-mktg.com","risky","catch_all","no","no"
"constantine@vavusai.com","good","ok","no","no"
"consulting@blueoceanyachting.com","good","ok","no","no"
"cooper@smallcaps.nyc","good","ok","no","no"
"corbin@rawplanethealth.com","good","ok","no","no"
"cordelia@tvintelligentsia.com","risky","catch_all","no","no"
"corey.anderson@leap21llc.com","good","ok","no","no"
"corey.knapp@endeavourii.com","good","ok","no","no"
"corey@compass-exteriors.com","good","ok","no","no"
"corey@elitesolarteam.com","bad","invalid","no","no"
"corey@insuredbycorey.com","good","ok","no","no"
"corey@poolfounder.com","risky","unknown","no","no"
"cory.holland@nabacoinc.com","good","ok","no","no"
"cory.radcliffe@businessengineered.io","risky","catch_all","no","no"
"cory@foliohd.com","good","ok","no","no"
"cory@highpathdigital.com","good","ok","no","no"
"courtney@alainesfield.com","risky","unknown","no","no"
"courtney@cceventco.com","good","ok","no","no"
"courtney@nextwdm.com","good","ok","no","no"
"courtney@pikeventures.net","good","ok","no","no"
"courtney@playcor.com","good","ok","no","no"
"cploujoux@blaxel.ai","risky","catch_all","no","no"
"craig.maddox@2twelve.us","risky","catch_all","no","no"
"craig@caprockpartnersllc.com","good","ok","no","no"
"craig@customersuccessaudit.com","risky","catch_all","no","no"
"craig@legaloperator.ai","good","ok","no","no"
"craig@littleouchies.com","good","ok","no","no"
"craig@routeobjects.com","good","ok","no","no"
"craig@sfsmd.com","good","ok","no","no"
"craig@streamlinedadvisor.com","good","ok","no","no"
"crespo@crespodesigngroup.com","good","ok","no","no"
"crew@deluge.dev","good","ok","no","yes"
"crichmond@microsociety.org","good","ok","no","no"
"cristian@centriccreatives.com","bad","invalid","no","no"
"cristingayles@officeconnectstaffing.org","good","ok","no","no"
"crydell@decaturmetalworks.com","good","ok","no","no"
"crystal@thecscafe.org","bad","invalid","no","no"
"cschroeder@oblong.com","good","ok","no","no"
"csims@alumni.harvard.edu","good","ok","no","no"
"csnyder@360mediaandmarketing.com","good","ok","no","no"
"cstjohn@smartersecurity.com","good","ok","no","no"
"ct@christalarico.com","risky","unknown","no","no"
"ctobar@overseasbit.com","good","ok","no","no"
"cturkmen@ua.com.tr","bad","invalid","no","no"
"cullen@theauthenticage.com","good","ok","no","no"
"curtis@drinkhoja.com","good","ok","no","no"
"curtis@goldvine.ai","risky","catch_all","no","no"
"curtis@okemarketing.com","good","ok","no","no"
"cvance@freedomstructures.us","good","ok","no","no"
"cweinstock@glissnhair.com","risky","catch_all","no","no"
"cwolfenbarger@cccti.edu","good","ok","no","no"
"cwollan@synergycubed.com","good","ok","no","no"
"cynthia@cynthiaboyddesign.com","good","ok","no","no"
"cyrus@vicktr.com","risky","catch_all","no","no"
"d.patel@choicehotels.com","good","ok","no","no"
"d.wooten@bwimpact.org","good","ok","no","no"
"dade@gaari.io","good","ok","no","no"
"dahlia@thehouseofmilo.com","good","ok","no","no"
"dahmari.taplin@ziga.app","risky","catch_all","no","no"
"daisy@knowvela.com","risky","catch_all","no","no"
"dale@dalemccarty.com","good","ok","no","no"
"dale@serenespiritmhc.com","good","ok","no","no"
"dallas@weatherbrother.com","risky","catch_all","no","no"
"daly@crewcapable.com","risky","catch_all","no","no"
"damien@reillyrecovery.com","risky","catch_all","no","no"
"damionketchmark@regentvirtual.com","good","ok","no","no"
"dan.doyle@goldsn.com","good","ok","no","no"
"dan.le@cyberup24.com","good","ok","no","no"
"dan.rizzo@draiver.com","good","ok","no","no"
"dan@3d-pb.com","good","ok","no","no"
"dan@astromagicfx.com","good","ok","no","no"
"dan@awxfinancial.com","good","ok","no","no"
"dan@learninggpt.ai","good","ok","no","no"
"dan@pfmlpro.com","risky","unknown","no","no"
"dan@phaseshift.io","good","ok","no","no"
"dan@smartcappartners.com","good","ok","no","no"
"dan@superoai.com","good","ok","no","no"
"dan@theprompttank.com","good","ok","no","no"
"dan@weareallaway.com","good","ok","no","no"
"dana@minimalistbaker.com","risky","catch_all","no","no"
"dani@vidasoft.es","risky","catch_all","no","no"
"daniel.merrill@micromanagerai.com","risky","catch_all","no","no"
"daniel.ranke@adatomis.com","risky","unknown","no","no"
"daniel@amstiel.com","risky","catch_all","no","no"
"daniel@beeswaxtips.com","good","ok","no","no"
"daniel@bizwizard.ai","risky","catch_all","no","no"
"daniel@lacasa-delpadel.com","good","ok","no","no"
"daniel@pro-hahn.de","good","ok","no","no"
"daniel@pumpgearshop.com","good","ok","no","no"
"daniel@refreshroutinecleaning.com","good","ok","no","no"
"daniel@thedewolffgroup.com","good","ok","no","no"
"daniel@trycarti.com","risky","catch_all","no","no"
"danielh@romi.gov","good","ok","no","no"
"daniellaueki@sachi-health.com","risky","catch_all","no","no"
"danielle.bigelli@cellier.com","good","ok","no","no"
"danielle.daiz@dolcevita.com","good","ok","no","no"
"danielle@blufftoninn.com","good","ok","no","no"
"danielle@dg-hospitality.com","risky","unknown","no","no"
"danielle@fridayafternoons.co","good","ok","no","no"
"danielle@luxleveltravel.com","good","ok","no","no"
"danielle@tartanorganizing.com","good","ok","no","no"
"danielmargolin@vleyr.com","risky","catch_all","no","no"
"danna@gotentations.com","good","ok","no","no"
"danny@asztra.app","good","ok","no","no"
"danny@autolotimpact.com","risky","catch_all","no","no"
"danny@livalyticsapp.com","good","ok","no","no"
"dannyc@creatorentertainment.com","good","ok","no","no"
"dapo@assignmentme.com","risky","unknown","no","no"
"dare@fitfinderpro.com","good","ok","no","no"
"darien@artifactaisolutions.com","risky","catch_all","no","no"
"darien@figur4media.com","good","ok","no","no"
"darinsimmonsjr@debraegroup.com","good","ok","no","no"
"darren@millionairemastermindgroup.io","risky","catch_all","no","no"
"darryl@atlforever.com","good","ok","no","no"
"darshan@ornament.systems","good","ok","no","no"
"daryl.washington@infotech123.com","good","ok","no","no"
"dave@daps.fit","risky","catch_all","no","no"
"dave@militaryonboardsolutions.com","good","ok","no","no"
"dave@northshiretech.com","good","ok","no","no"
"dave@portwoodglobalsolutions.com","risky","catch_all","no","no"
"dave@scriptflowservices.com","good","ok","no","no"
"davian@rentaba.co","risky","catch_all","no","no"
"david.buman@aviso.com","good","ok","no","no"
"david@betbitsports.com","risky","catch_all","no","no"
"david@bunkersocialgr.com","good","ok","no","no"
"david@bychae.com","good","ok","no","no"
"david@catalystmminc.com","good","ok","no","no"
"david@clearwaycreative.com","good","ok","no","no"
"david@collisionconnectionusa.com","good","ok","no","no"
"david@columbiasearchgroup.com","good","ok","no","no"
"david@davidjoel.net","risky","unknown","no","no"
"david@ddmcc.net","good","ok","no","no"
"david@dkvalet.com","good","ok","no","no"
"david@focalsynergy.com","good","ok","no","no"
"david@framewisehealth.com","risky","catch_all","no","no"
"david@grainmill.coop","good","ok","no","no"
"david@hannoushny.com","good","ok","no","no"
"david@homecookapp.com","good","ok","no","no"
"david@kiperecruiting.com","good","ok","no","no"
"david@law0fcreation.com","good","ok","no","no"
"david@locklab.co","good","ok","no","no"
"david@myagentworks.ai","good","ok","no","no"
"david@nttwconsulting.com","good","ok","no","no"
"david@olvcapital.com","good","ok","no","no"
"david@optimation.io","risky","catch_all","no","no"
"david@reddoglogisticsinc.com","good","ok","no","no"
"david@reelly.app","bad","invalid","no","no"
"david@ridesafecam.com","good","ok","no","no"
"david@sevenconsulting.co","risky","catch_all","no","no"
"david@subhub.io","good","ok","no","no"
"david@thepremiumpen.com","good","ok","no","no"
"david@thetornabenegroup.com","good","ok","no","no"
"david@visionequipment.net","good","ok","no","no"
"david@williamswealthinc.com","risky","catch_all","no","no"
"davidjanke@billablecpq.com","good","ok","no","no"
"davidmiller@ilrep.com","risky","unknown","no","no"
"davidmotz@costplusprovider.com","good","ok","no","no"
"davids@steadystatecommerce.com","good","ok","no","no"
"davidsandel@ineighborhoods.us","good","ok","no","no"
"davidw@sandboxdlabs.com","good","ok","no","no"
"davie@rentmytimeshares.com","risky","catch_all","no","no"
"dawn@eleivafinancial.com","good","ok","no","no"
"dawn@precisioneventworks.com","good","ok","no","no"
"dawson@storyandfields.com","risky","catch_all","no","no"
"dbermudez@millcreekplaces.com","good","ok","no","no"
"dblackwell@aegisempowerment.com","good","ok","no","no"
"dboaz@only1yes.com","good","ok","no","no"
"dburgess@blaxilon.com","good","ok","no","no"
"dc@revision.builders","good","ok","no","no"
"dcordova@wmcnlaw.com","good","ok","no","no"
"dcronce@andrewslogistics.com","good","ok","no","no"
"ddolins@indicatorrec.com","good","ok","no","no"
"ddyer@pjs.com","risky","unknown","no","no"
"deante@cbusevents.com","risky","unknown","no","no"
"deb@novus.global","good","ok","no","no"
"dededeyonker@atlantafinehomes.com","bad","invalid","no","no"
"dee@dfitfactor.com","risky","catch_all","no","no"
"deepak@axiomvee.com","good","ok","no","no"
"deirdre@rebelliscommunications.com","good","ok","no","no"
"delsey@transforze.com","good","ok","no","no"
"denis@aix.us.com","good","ok","no","no"
"denis@floxen.ai","risky","catch_all","no","no"
"denise@cambrianseniorliving.com","good","ok","no","no"
"dennis@ito.ai","good","ok","no","no"
"dennis@minimesports.com","risky","catch_all","no","no"
"dennis@stonerite.co.uk","good","ok","no","no"
"denny@studioaperitif.com","good","ok","no","no"
"derek@bizchamp.com","risky","unknown","no","no"
"derek@coverzeroanalytics.com","good","ok","no","no"
"derek@future-proofsolutions.com","good","ok","no","no"
"derek@greshm.org","good","ok","no","no"
"derek@joehallroofing.com","good","ok","no","no"
"derek@next-tabletop.com","risky","catch_all","no","no"
"derron@drivehernetwork.com","risky","unknown","no","no"
"derry@heritorslabs.com","good","ok","no","no"
"desk@drrimka.com","good","ok","no","no"
"desmond@oneluxuryint.com","good","ok","no","no"
"desmond_jackson@apple.com","good","ok","no","no"
"desquivel@esquivelconsulting.com","good","ok","no","no"
"destiny@buffumhomes.com","good","ok","no","no"
"dev@seaagency.co","risky","catch_all","no","yes"
"devan.smith@roofreign.com","risky","catch_all","no","no"
"devan@cyquential.com","risky","catch_all","no","no"
"devendragovil@mozie.app","risky","catch_all","no","no"
"devin@thecommon.news","risky","catch_all","no","no"
"dgardenhire@linchpinresources.com","good","ok","no","no"
"dgearhart@gearhartaerial.com","good","ok","no","no"
"dgliedman@itagholdings.com","good","ok","no","no"
"dhaines@achisgroup.com","risky","unknown","no","no"
"dharmik@mvclouds.com","good","ok","no","no"
"dharrisfit@directfitnesscollab.com","good","ok","no","no"
"dheeraj.inampudi@circuitry.ai","good","ok","no","no"
"dhernandez@fayobilingual.com","good","ok","no","no"
"dhiraj@sorted.agency","good","ok","no","no"
"dhollander@themedservgroup.com","good","ok","no","no"
"di@compava.com","good","ok","no","no"
"diana@locus.fyi","risky","catch_all","no","no"
"diana@plein-air-academy.com","good","ok","no","no"
"dianaagu@curain.org","risky","catch_all","no","no"
"diane.belew@ariix.com","bad","invalid","no","no"
"dianelattarulo@bhhsneproperties.com","good","ok","no","no"
"didem@dicamedcare.com","risky","catch_all","no","no"
"diego.chavez@maxitechusa.com","good","ok","no","no"
"diego@aibstracts.co","good","ok","no","no"
"diego@embodifitnessnj.com","good","ok","no","no"
"diego@hopprlive.com","risky","unknown","no","no"
"diego@revin.ai","good","ok","no","no"
"diego@v5group.com","good","ok","no","no"
"dieseldoctor@elmrepair.com","risky","unknown","no","no"
"dikasa@osias.io","risky","catch_all","no","no"
"dike@benecrm.com","risky","unknown","no","no"
"diksha@deeanimator.com","good","ok","no","no"
"dina.goloshchapova@carbo.tech","good","ok","no","no"
"dina@cc-smg.com","good","ok","no","no"
"dina@smartadvocate.com","good","ok","no","no"
"dinine@indyb3.com","good","ok","no","no"
"dipak@wallacefinance.io","risky","catch_all","no","no"
"disha@vigilassurance.com","good","ok","no","no"
"divya@aiseptor.com","good","ok","no","no"
"dj@campusreels.com","risky","catch_all","no","no"
"dkirk@surveyguard.com","good","ok","no","no"
"dkleefisch@willowbrook.il.us","good","ok","no","no"
"dknight@drknightconsulting.llc","good","ok","no","no"
"dkoch@carrd.co","bad","invalid","no","no"
"dkowalkowski@irtlive.com","good","ok","no","no"
"dlee@second-catch.com","good","ok","no","no"
"dlochner@merlincyber.com","good","ok","no","no"
"dmbreaux@aegiscompli.com","good","ok","no","no"
"dmcgee@vector-scribe.com","good","ok","no","no"
"dmitry@timeresource.com","good","ok","no","no"
"dmurphy@fgxi.com","good","ok","no","no"
"dmytro.deduhov@teriam.io","good","ok","no","no"
"dmytro@svetodesign.us","good","ok","no","no"
"dnadler@alachuaanimalhospital.com","risky","unknown","no","no"
"dnorman@netrality.com","good","ok","no","no"
"doha@daleelfinance.com","good","ok","no","no"
"dom.nelson@traplements.com","good","ok","no","no"
"dom@dndsolutions.io","good","ok","no","no"
"dom@puresentinel.com","risky","catch_all","no","no"
"dominique@shopclette.com","good","ok","no","no"
"don@laymansfitness.com","risky","catch_all","no","no"
"donna@pioneervalleycouplestherapy.com","good","ok","no","no"
"donna@theorganicmattress.com","good","ok","no","no"
"donnie@deshazergroup.com","good","ok","no","no"
"dor@proaxiscpa.com","good","ok","no","no"
"dorian@thelegacyvaultfinancial.com","good","ok","no","no"
"doron@getanml.com","good","ok","no","no"
"dorothy@paragonpropertygrp.com","good","ok","no","no"
"dorte@spezific.com","good","ok","no","no"
"doug@detroitjerkyllc.com","risky","catch_all","no","no"
"doug@executivelimousine.org","good","ok","no","no"
"doug@midwestfragranceco.com","risky","catch_all","no","no"
"doug@southside17.com","good","ok","no","no"
"doug@speechpilot.ai","good","ok","no","no"
"dpearce@sentinelllc.net","good","ok","no","no"
"dpoggi@bcg-pr.com","good","ok","no","no"
"dpolivka@agiq.app","risky","catch_all","no","no"
"dr.ellenhonsa@prioritymentalhealth.org","good","ok","no","no"
"dr.irina@weightdestiny.com","good","ok","no","no"
"drdan@acheronpsych.com","good","ok","no","no"
"drdani@eqmeno.com","good","ok","no","no"
"drdeb@crossroadspsychcenter.com","good","ok","no","no"
"drew.chamberlain@joann.com","good","ok","no","no"
"drew@4thdownconsulting.com","good","ok","no","no"
"drew@bidlineops.com","risky","unknown","no","no"
"drew@codewrd.ai","risky","catch_all","no","no"
"drew@principatuswealth.com","good","ok","no","no"
"drew@wall-r.com","good","ok","no","no"
"drharnick@westmauicounseling.com","good","ok","no","no"
"drjennifer@simplifyhealthtoday.com","good","ok","no","no"
"drjulie@sproutwellpediatrics.com","good","ok","no","no"
"drkenneth@nicholsleadership.com","good","ok","no","no"
"drlin@paulylindds.com","good","ok","no","no"
"drmeschino@luminosa.global","good","ok","no","no"
"drmorgan@allenmorganmd.com","good","ok","no","no"
"drobertson@yesandlab.com","good","ok","no","no"
"drorchid@oglethorpe-orchids.com","risky","catch_all","no","no"
"drosser@rosseraccountingsolutions.com","risky","catch_all","no","no"
"drryan@fortitudespine.com","good","ok","no","no"
"drshefali@globalid.com","good","ok","no","no"
"drtru@consciousmed.co","good","ok","no","no"
"dschroe@solidinvestmentsfl.com","risky","catch_all","no","no"
"dsymsmith@mobilityventures.com","good","ok","no","no"
"durant@mindpave.ai","risky","catch_all","no","no"
"durgasantosh@rejekt.ai","risky","unknown","no","no"
"dushyant@regvizion.com","good","ok","no","no"
"dustin@thinkleadlive.com","good","ok","no","no"
"dvlp@gamiapp.io","good","ok","no","no"
"dwhite@banksacademy.org","good","ok","no","no"
"dworsham@driversway.com","good","ok","no","no"
"dyenigun@ereteamanalytics.com","good","ok","no","no"
"dylan.hackworth@examcloud.com","good","ok","no","no"
"dylan.miles@mmagencyai.com","good","ok","no","no"
"dylan@biblingo.org","good","ok","no","no"
"dylan@dmsgrp.org","good","ok","no","no"
"dylan@thebuilderseries.co","good","ok","no","no"
"dylan@upshiftcollection.com","good","ok","no","no"
"dylan@vaultpilates.com","good","ok","no","no"
"e.lawrence@empowerlifeapp.com","risky","catch_all","no","no"
"eacosta@xlntbrain.com","risky","catch_all","no","no"
"eat@senyaipgh.com","good","ok","no","yes"
"eb@abibianos.com","good","ok","no","no"
"eb@hulaonline.com","good","ok","no","no"
"ebwynter@maxhealth.com","good","ok","no","no"
"ecanino@bellisiofoods.com","good","ok","no","no"
"echeverri.v@ufl.edu","good","ok","no","no"
"ed.wisneski@reimaginerecruiting.com","bad","invalid","no","no"
"eddie@garciagabs.com","good","ok","no","no"
"eddie@nexttieragency.com","good","ok","no","no"
"eddie@tandsdeliveryllc.com","bad","invalid","no","no"
"edgar.almaguer@mrkindustrialsolutions.com","good","ok","no","no"
"edie.pierelli@newellco.com","good","ok","no","no"
"edmond@lupa.bot","risky","catch_all","no","no"
"eduardo@mcsanitizing.com","good","ok","no","no"
"eduardo@nexuramedical.com","risky","catch_all","no","no"
"edward@305capitalsolutions.com","risky","catch_all","no","no"
"edward@humboldtdistributioncompany.com","risky","catch_all","no","no"
"edward@terrasalonnh.com","good","ok","no","no"
"edward@vigaeatery.com","good","ok","no","no"
"edwin@yitroglobal.com","good","ok","no","no"
"eesa@wlwsports.com","risky","catch_all","no","no"
"efarmer@farmer.cpa","good","ok","no","no"
"efinkelberg@mmprivatelending.com","good","ok","no","no"
"ehendricks@florissantmo.com","good","ok","no","no"
"ejacquez@arkeous.com","good","ok","no","no"
"ek@neuroiam.com","good","ok","no","no"
"ekam@getaxal.com","good","ok","no","no"
"el@o-studio.design","good","ok","no","no"
"elan@armorymedical.com","good","ok","no","no"
"elayne@elaynefluker.com","risky","catch_all","no","no"
"eli@humbirdusa.com","good","ok","no","no"
"eli@measured.one","risky","catch_all","no","no"
"elias@goepiminds.com","good","ok","no","no"
"elijah@altrosstudios.games","good","ok","no","no"
"elijah@wizardtechservices.com","risky","catch_all","no","no"
"elise.renzetti@lhh.com","good","ok","no","no"
"elise@elisezeng.com","good","ok","no","no"
"elisha@eatskye.com","good","ok","no","no"
"elizabeth@planwithivorie.com","risky","unknown","no","no"
"elizabeth@savoryourmoment.com","risky","unknown","no","no"
"elizabeth@thealchemyofyoga.com","good","ok","no","no"
"ellav@vt.edu","good","ok","no","no"
"ellie.sanchez@roommateagency.com","good","ok","no","no"
"elliot@flowdot.ai","good","ok","no","no"
"elva@fightofly.com","good","ok","no","no"
"elvicaperonis@reinvent-yourself.org","risky","unknown","no","no"
"emanuel@weistrans.com","good","ok","no","no"
"emefa@colorffles.com","good","ok","no","no"
"emilie@nestingnotesco.com","good","ok","no","no"
"emill@zalud.com","risky","catch_all","no","no"
"emily@housefinch.com","good","ok","no","no"
"emily@idestconsulting.com","good","ok","no","no"
"emily@parthenonpr.com","good","ok","no","no"
"emily@studioorder.com","good","ok","no","no"
"emily@supercycle.org","good","ok","no","no"
"emily@vyxenai.com","bad","invalid","no","no"
"emilygarrigan@westshorewildlife.org","good","ok","no","no"
"emilygoh@gohvio.io","good","ok","no","no"
"emin.arakelov@bvnk.com","good","ok","no","no"
"emmanuel@thegeneralcontractorapp.com","bad","invalid","no","no"
"emmanuel@usetroptix.com","good","ok","no","no"
"empire@empi.re","good","ok","no","no"
"emre@branchsight.com","good","ok","no","no"
"emrebagdogan@novarig.com","good","ok","no","no"
"enea@nxtwave-consulting.com","risky","catch_all","no","no"
"engels@smarteasymedia.com","good","ok","no","no"
"enzo@collegesensei.com","good","ok","no","no"
"eortlun@emory.edu","good","ok","no","no"
"eradoncic@harlemshake.com","good","ok","no","no"
"eric.james@forgetomorrow.com","risky","unknown","no","no"
"eric.savner@carbynix.com","risky","catch_all","no","no"
"eric@agenticcapitalenterprises.com","good","ok","no","no"
"eric@carolinahvacconstruction.com","good","ok","no","no"
"eric@cov4u.com","good","ok","no","no"
"eric@forge-edc.com","risky","catch_all","no","no"
"eric@froiland.com","good","ok","no","no"
"eric@goodnessandtruthstudio.com","good","ok","no","no"
"eric@hallmarkpropertiesny.com","good","ok","no","no"
"eric@jinxxy.com","risky","catch_all","no","no"
"eric@nashbar.us","good","ok","no","no"
"eric@ozzo.work","good","ok","no","no"
"eric@specialneedsnavigator.us","good","ok","no","no"
"eric@swipesaturday.com","good","ok","no","no"
"eric@thehomestarservice.com","risky","unknown","no","no"
"eric@trybivvy.com","good","ok","no","no"
"erica.olenski@monarchfutures.com","good","ok","no","no"
"erica@co-savant.com","good","ok","no","no"
"ericachapman@dkdkproject.org","good","ok","no","no"
"ericg@advancedpropertyanalytics.com","good","ok","no","no"
"erick@growthforgedigital.com","risky","catch_all","no","no"
"ericka@gwlfproperties.com","risky","unknown","no","no"
"erik@fluencify.io","risky","catch_all","no","no"
"erin.lucatorto@accelowave.com","good","ok","no","no"
"erin@cestacollective.com","risky","catch_all","no","no"
"erin@clocksynk.com","risky","catch_all","no","no"
"erin@cultivamos.com","good","ok","no","no"
"erin@fitbottomedgirls.com","bad","invalid","no","no"
"erin@makingfetchhappen.co","good","ok","no","no"
"erin@miraclemaxmarketing.com","risky","catch_all","no","no"
"erin@partnerwithvivid.com","good","ok","no","no"
"eroberts@nuwasolutions.org","good","ok","no","no"
"eroe@titanminingcorp.com","good","ok","no","no"
"ervens@jppolicygroup.com","good","ok","no","no"
"es@silver-star.capital","good","ok","no","no"
"esalinas@successsolutionz.com","good","ok","no","no"
"eshant.sharma@pyramidci.com","risky","catch_all","no","no"
"estella@wndrlust.travel","risky","catch_all","no","no"
"esther@getdoublenickel.com","good","ok","no","no"
"estudiantes@carlosdevis.com","risky","catch_all","no","no"
"esvind@4life.com","bad","invalid","no","no"
"ethan.feng@footballcafepodcast.com","good","ok","no","no"
"ethan.lowe@halieusmarketing.net","risky","catch_all","no","no"
"ethan@allodialsupply.com","risky","catch_all","no","no"
"ethan@briogroup.co","good","ok","no","no"
"ethan@ethanwong.photography","good","ok","no","no"
"ethan@fulcrumtechnologies.io","good","ok","no","no"
"ethan@whiteriverresearchgroup.com","good","ok","no","no"
"eugen@placifai.me","good","ok","no","no"
"eugene@armadafintech.com","good","ok","no","no"
"eugene@rawseo.com","bad","invalid","no","no"
"eunice.f.kyereme@avanade.com","good","ok","no","no"
"eva@heliosstrategies.co","good","ok","no","no"
"evan@amxllc.us","good","ok","no","no"
"evan@equiptra.com","good","ok","no","no"
"evan@inferadb.com","good","ok","no","no"
"evan@navehaus.co","risky","catch_all","no","no"
"evan@nxtgenfc.co","good","ok","no","no"
"evan@sikurd.com","good","ok","no","no"
"evan@thunderbird.ltd","good","ok","no","no"
"evan@tribecateleprompting.com","good","ok","no","no"
"evan@usebroadsides.com","good","ok","no","no"
"evanl@goclientsumo.com","good","ok","no","no"
"evanwelsh@amplifyproductivity.com","good","ok","no","no"
"evelyn@evelynmackacademy.com","bad","invalid","no","no"
"ewolfson@mychemmentor.com","good","ok","no","no"
"ext.fekulyckyj@onestreamsoftware.com","good","ok","no","no"
"ezra@bonafidebuildersny.com","good","ok","no","no"
"fabio@celularmania.net.br","good","ok","no","no"
"fabio@fspa.com.br","good","ok","no","no"
"fabio@lifeatcampus.com","good","ok","no","no"
"faisal@cogilent.com","risky","catch_all","no","no"
"family@staticmafiamusic.com","risky","unknown","no","no"
"farouk.belal@novagovcon.com","good","ok","no","no"
"fasoloj@sjhmc.org","risky","catch_all","no","no"
"fayet.r.valles@alietcapital.com","good","ok","no","no"
"fazil@longwaycompany.us","good","ok","no","no"
"fc@canestriandco.com","good","ok","no","no"
"fcooper@finriveradvisors.com","good","ok","no","no"
"felecia@faithworkstotalground.com","good","ok","no","no"
"felicia.baxter@dalesangelsinc.com","good","ok","no","no"
"felix@herisson.ai","risky","catch_all","no","no"
"feng.ding@webrandingglobal.com","risky","catch_all","no","no"
"fernando.esteves@aiqgen.com","bad","invalid","no","no"
"fernando.zapata@wrangle.security","risky","catch_all","no","no"
"fernando@choosedixon.com","risky","catch_all","no","no"
"firuze@fainteriorproject.com","good","ok","no","no"
"fletcher_dirkers@zado-usa.com","good","ok","no","no"
"flore@thekrayz.com","good","ok","no","no"
"floydie@44social.co","risky","catch_all","no","no"
"fmoore@virtual-corp.com","bad","invalid","no","no"
"fniada@baggual.com","good","ok","no","no"
"fodi@kibu.com","risky","catch_all","no","no"
"founder@buckheadprep.com","good","ok","no","no"
"founder@buje.io","good","ok","no","no"
"founder@corahome.ai","good","ok","no","no"
"founder@custodianttech.com","good","ok","no","no"
"francis@canalclear.org","risky","unknown","no","no"
"francis@originaleboutique.com","good","ok","no","no"
"francisco@passerum.io","good","ok","no","no"
"franco@tal3ntonyc.com","risky","catch_all","no","no"
"frank.warren@ironlegacyins.com","good","ok","no","no"
"frank@limoncellowc.com","good","ok","no","no"
"frank@marginfront.com","good","ok","no","no"
"franklin@ma360media.com","good","ok","no","no"
"frankp@sharpstechnology.com","good","ok","no","no"
"freda@zaarce.com","good","ok","no","no"
"frederik@exterminetagency.com","good","ok","no","no"
"frile@fcrcleaning.com","good","ok","no","no"
"fritz@data-hippo.com","risky","catch_all","no","no"
"fschwartz@pathfindercounselingllc.com","risky","unknown","no","no"
"gabe.whipple@steptechit.com","good","ok","no","no"
"gabe@atreyu.com","bad","invalid","no","no"
"gabe@fathersbrewing.com","good","ok","no","no"
"gabe@medleystudios.com","good","ok","no","no"
"gabriel@perfectdayscollective.com","risky","catch_all","no","no"
"gabriel@twentyninenorthwest.studio","good","ok","no","no"
"gabrielfontenot@huntrepellent.com","risky","catch_all","no","no"
"gabriella@pachamamabirth.com","good","ok","no","no"
"gabrielle@narrativehawaii.com","good","ok","no","no"
"gaetano.scuderi@cytonics.com","good","ok","no","no"
"gaines.p@imtrainingsolutions.com","bad","invalid","no","no"
"ganadiotis@linkeddataorchestration.com","good","ok","no","no"
"ganderson@tazandersonrealty.com","bad","invalid","no","no"
"garland.brooks@dell.com","good","ok","no","no"
"garrett.cox@coxcad.com","good","ok","no","no"
"garrett@detegopartners.com","good","ok","no","no"
"garrett@gilfillanventures.com","good","ok","no","no"
"garrett@totalclosingsolutions.com","risky","unknown","no","no"
"garvaa@salesintelligence.mn","good","ok","no","no"
"gary.bryant@gtoc.guru","risky","unknown","no","no"
"gary@garylico.tv","good","ok","no","no"
"gary@momentmstrategies.com","good","ok","no","no"
"gary@myreptilefamily.com","good","ok","no","no"
"gary@thecontractingedge.com","risky","catch_all","no","no"
"gary@ussalestalent.com","good","ok","no","no"
"gaurav.harsh@surelyplaced.com","risky","catch_all","no","no"
"gavin@gavinkarp.com","good","ok","no","no"
"gbailey@cruisearts.com","good","ok","no","no"
"gboone@walkwest.com","good","ok","no","no"
"gbrown@b-bmusic.com","good","ok","no","no"
"gcroom@hustlerscollective.io","good","ok","no","no"
"genavieve@liilu.life","good","ok","no","no"
"genesis@accountable.onmicrosoft.com","bad","invalid","no","no"
"geoffrey@mockz.com","risky","catch_all","no","no"
"george.cobi@getdoro.co","good","ok","no","no"
"george.nahhas@appaipointment.com","good","ok","no","no"
"george@getdayjob.ai","good","ok","no","no"
"georgiak@kooksheaders.com","good","ok","no","no"
"gerard@adventure-vr.com","good","ok","no","no"
"gerry@explorekentucky.us","good","ok","no","no"
"gershwin.narraidoo@gobrightline.com","good","ok","no","no"
"getstarted@onewindenergy.com","good","ok","no","no"
"gian@sommaaviation.com.br","good","ok","no","no"
"giancarlo@athariwear.com","good","ok","no","no"
"gianna@smalltalktees.com","good","ok","no","no"
"gianna@tandembridge.com","good","ok","no","no"
"giavino@brewchat.co","good","ok","no","no"
"gigi@delaheart.com","good","ok","no","no"
"gilad@loman.ai","good","ok","no","no"
"giles@gasp4.com","risky","unknown","no","no"
"gina@irishealthit.com","bad","invalid","no","no"
"gina@sippikids.com","good","ok","no","no"
"ginger@diabetesnerd.com","good","ok","no","no"
"gino@arcsite.com","good","ok","no","no"
"giuseppe@peruvianbrothers.com","risky","catch_all","no","no"
"gkaramchand@swkey.org","good","ok","no","no"
"gkornaker@seatsearch.co","good","ok","no","no"
"gleb@baraban.tech","good","ok","no","no"
"glenn@matthewsheating.com","good","ok","no","no"
"gloria@britleystoddlercare.com","good","ok","no","no"
"glynis@commonthread-creative.com","good","ok","no","no"
"gnagle@tulane.edu","good","ok","no","no"
"gomeara@c1advantage.com","good","ok","no","no"
"gouldh2@union.edu","good","ok","no","no"
"gpollam@cofactorai.com","good","ok","no","no"
"gprince@nightvision.net","good","ok","no","no"
"grace@gracecoudal.com","good","ok","no","no"
"grace@m2i.dev","good","ok","no","no"
"grace@pinesfootwear.com","good","ok","no","no"
"grace@sonderouspost.com","good","ok","no","no"
"gracia@vicciaai.com","good","ok","no","no"
"graham@alldraindayton.com","good","ok","no","no"
"graham@designside.co","risky","catch_all","no","no"
"grant.leighty@flocksafety.com","good","ok","no","no"
"grant@brisketsupply.com","good","ok","no","no"
"grayson@ibexintel.com","risky","unknown","no","no"
"greg@cultivateadvisors.com","good","ok","no","no"
"greg@oneteamfinancial.com","good","ok","no","no"
"greg@skymart.aero","good","ok","no","no"
"greg@sunriserentalsandevents.com","risky","catch_all","no","no"
"greggavin@verirfp.com","good","ok","no","no"
"gregm@yiaa.org","good","ok","no","no"
"gregorio@panandina.org","risky","catch_all","no","no"
"gregory.neal@corevigil.net","bad","invalid","no","no"
"gregory@coastaloakpartners.com","good","ok","no","no"
"gretchen@lumina.com.au","bad","invalid","no","no"
"grey@higher-roads.com","risky","catch_all","no","no"
"griffin@clerionai.com","good","ok","no","no"
"grivera@papercityinvestments.com","good","ok","no","no"
"grow@theinfluenceware.com","risky","unknown","no","no"
"gtoor@my.lonestar.edu","good","ok","no","no"
"guillermo@installsunllc.com","risky","catch_all","no","no"
"guy@taskquatch.app","risky","catch_all","no","no"
"gwenn@mothercompost.com","good","ok","no","no"
"gz@gemazarina.com","risky","catch_all","no","no"
"hailesebastian@trackith.com","risky","unknown","no","no"
"hak.ali@accountinglabs.net","risky","catch_all","no","no"
"hamed.dalir@ufl.edu","good","ok","no","no"
"hamsa@kintsugivillage.org","good","ok","no","no"
"hamza@hamzathealchemist.com","bad","invalid","no","no"
"hamza@jabwewed.com","risky","catch_all","no","no"
"hamza@thepakistandaily.com","good","ok","no","no"
"hanmingye@college.harvard.edu","good","ok","no","no"
"hannah@frameworkexperience.com","risky","catch_all","no","no"
"hao@semaphorsurgical.com","risky","catch_all","no","no"
"haolin@krexin.com","good","ok","no","no"
"harish.munireddy@weltrix.co","risky","catch_all","no","no"
"harris.durkovic@bridgeig.com","risky","catch_all","no","no"
"harrison.rogers@bhhsgeorgia.com","good","ok","no","no"
"harry.phan@fortiv.app","good","ok","no","no"
"harry@gomicannapros.com","risky","catch_all","no","no"
"harry@leiderhealthcaresolutions.com","good","ok","no","no"
"harsh.patel@pineapplecf.com","good","ok","no","no"
"hasan@ordercircle.com","good","ok","no","no"
"hashham@emaago.com","risky","catch_all","no","no"
"hashma@babatech.io","good","ok","no","no"
"hasnain@premed.pk","risky","unknown","no","no"
"hassan.elwahhabi@amtrak.com","good","ok","no","no"
"hayden@loyalhoodwaco.com","good","ok","no","no"
"hayden@riceworks.co","good","ok","no","no"
"heather.cange@cambriausa.com","good","ok","no","no"
"heather@bloomconsultingandcoaching.com","good","ok","no","no"
"heather@hscottconsulting.com","good","ok","no","no"
"heather@kaldero.io","risky","catch_all","no","no"
"heather@kinspiremn.com","risky","catch_all","no","no"
"heather@samplefinder.com","risky","unknown","no","no"
"heather@wesellpgh.com","good","ok","no","no"
"heather@wiseupcc.com","good","ok","no","no"
"hector@legadofinancialgroup.com","good","ok","no","no"
"heidi.glidden@highgrowthsolutions.com","bad","invalid","no","no"
"heidi@aluminm.com","good","ok","no","no"
"heidi@minetta.com","risky","catch_all","no","no"
"heidi@shopawakentennessee.com","bad","invalid","no","no"
"helen@helenarmstrong.life","good","ok","no","no"
"helyn@notary-etcetera.com","good","ok","no","no"
"hemanth.r@wise-sales.com","risky","unknown","no","no"
"henrique@dasfabri.com","bad","invalid","no","no"
"henry@laxcoachai.com","good","ok","no","no"
"henry@sandboxpresents.com","risky","unknown","no","no"
"herbs@shadyacres.com","good","ok","no","no"
"hermanbaker@bflcapacityco.com","good","ok","no","no"
"heroes@voiceforvalor.com","good","ok","no","no"
"hesam@vo2max.app","risky","unknown","no","no"
"hespy@moorlow.com","good","ok","no","no"
"hg@graniteriver.io","risky","catch_all","no","no"
"hila@hsbarc.com","good","ok","no","no"
"hillyu@kitchenautomatique.com","risky","catch_all","no","no"
"hisham@starpilot.ai","risky","catch_all","no","no"
"hjohnson@luminoah.com","bad","invalid","no","no"
"hkhalifa@abetheagency.com","good","ok","no","no"
"hollie@anchoredvoice.com","good","ok","no","no"
"holly@menopowerfitness.com","good","ok","no","no"
"holly@westtexaswoundcare.com","risky","unknown","no","no"
"hosts@manorbnb.com","good","ok","no","no"
"hovig@adv-cs.com","risky","unknown","no","no"
"howard.eirinberg@cesnationwide.com","bad","invalid","no","no"
"howard@buonaseramedia.com","good","ok","no","no"
"howard@stockownerreport.com","good","ok","no","no"
"hperez@hungryminds.education","good","ok","no","no"
"hq@lamaai.app","risky","unknown","no","yes"
"hubin.jiang@wiowise.com","good","ok","no","no"
"hudson.hale@inlit.ai","risky","catch_all","no","no"
"huellas@jeseniademoyacorrea.com","bad","invalid","no","no"
"hui.sun1@tiktok.com","good","ok","no","no"
"hunter@sellona.com","good","ok","no","no"
"huntergroton@pavilion.cc","risky","catch_all","no","no"
"huntor@goldenboybranding.com","risky","unknown","no","no"
"i.alvarez@viator.media","good","ok","no","no"
"i.am.adityaraj@chainpoints.app","good","ok","no","no"
"ian@ariareply.com","good","ok","no","no"
"ian@cortenfreight.com","good","ok","no","no"
"ian@thunderboltsalessystems.com","risky","catch_all","no","no"
"ian@tommyknocker.ai","good","ok","no","no"
"ian@viaviagroup.com","good","ok","no","no"
"ibanegas@donarraextrusions.com","good","ok","no","no"
"ibrahim.elnaggar@fraxera.com","good","ok","no","no"
"ibrahim@rjlimemedia.net","good","ok","no","no"
"icohen@innovationscapitalgroup.com","good","ok","no","no"
"id.ideas@saluni.io","risky","unknown","no","no"
"ifey@risource.co","good","ok","no","no"
"igor@babyshocks.us","risky","catch_all","no","no"
"igor@ironbridge.games","good","ok","no","no"
"igor@shygypsy.com","risky","catch_all","no","no"
"igor@simpleflooring.com","good","ok","no","no"
"iholm@torvexis.com","good","ok","no","no"
"ilindenberg@lindenbergcancer.com","good","ok","no","no"
"imani@maternalintelligence.health","good","ok","no","no"
"imran.ahamed@vezran.com","risky","catch_all","no","no"
"inam@stafflayer.com","good","ok","no","no"
"inanc@sour.studio","risky","catch_all","no","no"
"indigo@blacklovebaby.com","risky","catch_all","no","no"
"indu@indunan.com","risky","unknown","no","no"
"ines@hoko.studio","good","ok","no","no"
"inpyo@minaricrew.com","risky","catch_all","no","no"
"irfan@sacredhimalayas.in","good","ok","no","no"
"iris@thisisarchway.com","risky","unknown","no","no"
"irvin@bamboocollective.org","good","ok","no","no"
"isaac.malmsten@us.logicalis.com","good","ok","no","no"
"isaac@columbuscleaningservice.com","good","ok","no","no"
"isaac@l2labs.ai","good","ok","no","no"
"isaac@recruitcloud.io","good","ok","no","no"
"isaac@ticketmetric.io","risky","catch_all","no","no"
"isabel.cable@accessfortworth.com","good","ok","no","no"
"isabel@lagondolarossa.com","good","ok","no","no"
"isabella@airalux.com","risky","catch_all","no","no"
"isabella@joliecreative.com","good","ok","no","no"
"isaiah@rootedbusinessfoundations.com","risky","catch_all","no","no"
"ishan.m@growthspree.in","good","ok","no","no"
"ismail@atlasflowai.com","risky","catch_all","no","no"
"isolina@shapewow.com","good","ok","no","no"
"israel.reyes@blackind.net","good","ok","no","no"
"ivan@glibra.com","risky","unknown","no","no"
"ivan@whisplux.com","good","ok","no","no"
"ivana@absolute-innovate.com","good","ok","no","no"
"ivanbobev@bettersetters.io","bad","invalid","no","no"
"ivdad@lcasquare.com","good","ok","no","no"
"ivoryparker@ipxllc.net","good","ok","no","no"
"iyal@trubeaute.com","good","ok","no","no"
"iyin@lujischocolate.com","good","ok","no","no"
"iyobel@consultiwork.com","good","ok","no","no"
"izeah.v@floenseautomation.com","good","ok","no","no"
"j.bayne@wattelandyork.com","risky","catch_all","no","no"
"j.mooren@chello.nl","good","ok","no","no"
"j.tsai@unstudio.com","good","ok","no","no"
"jace@web-bldr.com","good","ok","no","no"
"jack.chen@public.com","good","ok","no","no"
"jack@almostsummer.com","risky","catch_all","no","no"
"jack@ewwarehouse.com","good","ok","no","no"
"jack@gasutilitysupply.com","good","ok","no","no"
"jack@ghmadvisory.com","good","ok","no","no"
"jack@gowindmill.com","good","ok","no","no"
"jack@jacksdumpsterrentals.com","bad","invalid","no","no"
"jack@lilsnack.co","good","ok","no","no"
"jack@locatahealth.com","good","ok","no","no"
"jack@performancesupply.co","risky","catch_all","no","no"
"jack@shiftclimbing.com","good","ok","no","no"
"jack@tendertow.com","good","ok","no","no"
"jack@valleygreeninn.com","good","ok","no","no"
"jack@yeschef.group","good","ok","no","no"
"jacki@ascendanceproductions.com","risky","catch_all","no","no"
"jackie@balebosta.com","good","ok","no","no"
"jackson@conchousa.com","risky","catch_all","no","no"
"jackson@personabrandingco.com","good","ok","no","no"
"jackson@smithfarmsnorth.com","good","ok","no","no"
"jacob.diven@realtorbotsolutions.com","risky","unknown","no","no"
"jacob.woods@constructionriskai.com","good","ok","no","no"
"jacob@bastion-sec.com","good","ok","no","no"
"jacob@chipadd.com","good","ok","no","no"
"jacob@cortexinnovations.co","good","ok","no","no"
"jacob@fuseagency.com","good","ok","no","no"
"jacob@insightfulrelations.com","good","ok","no","no"
"jacob@lumeandco.io","risky","catch_all","no","no"
"jacob@spadeservices.app","good","ok","no","no"
"jacquese.brown@cielotalent.com","good","ok","no","no"
"jada.jones@certifyai.us","good","ok","no","no"
"jaden@revitalizeimh.com","risky","catch_all","no","no"
"jadon@remodelboom.com","good","ok","no","no"
"jae@fmr.vc","risky","catch_all","no","no"
"jag@jagsheth.com","good","ok","no","no"
"jahan@ironpaws.co","good","ok","no","no"
"jai@deepline.com","risky","catch_all","no","no"
"jaime@vibesocietymgmt.com","good","ok","no","no"
"jaime@voyageandvibes.com","bad","invalid","no","no"
"jaimecc@cabrialeswebstudio.com","risky","unknown","no","no"
"jaimie@revampbookkeeping.com","risky","catch_all","no","no"
"jakaya.mccambry@abconsultingai.com","good","ok","no","no"
"jake@gplab.us","good","ok","no","no"
"jake@stratagp.com","good","ok","no","no"
"jake@tyltposture.com","good","ok","no","no"
"jake@zeropointstrategy.com","risky","catch_all","no","no"
"jakethornhill@mailmathhq.com","good","ok","no","no"
"jalphy@feelsceen.com","good","ok","no","no"
"jame@fightingchancesolutions.com","good","ok","no","no"
"james.andry@airpm.io","good","ok","no","no"
"james.cutter@vconversational.com","risky","catch_all","no","no"
"james.walls@baifokal.com","good","ok","no","no"
"james@brightburststrategies.com","good","ok","no","no"
"james@jamesjordanphoto.com","risky","unknown","no","no"
"james@jnlconsultingco.com","good","ok","no","no"
"james@marvelmentorship.com","good","ok","no","no"
"james@nexuspremed.com","good","ok","no","no"
"james@simpleinboxes.com","good","ok","no","no"
"james@termahq.com","good","ok","no","no"
"james@thethrivingcouple.com","good","ok","no","no"
"james@wethrivemgmt.com","good","ok","no","no"
"james_n@codexchocolate.com","good","ok","no","no"
"jamescole@jointcarephysiatry.com","good","ok","no","no"
"jamesgarrettllc@posteo.net","good","ok","no","no"
"jamessun@trellions.com","good","ok","no","no"
"jamez@plotpointe.com","good","ok","no","no"
"jamie@acceleratedmedicalpractices.com","risky","catch_all","no","no"
"jamie@afternow.studio","good","ok","no","no"
"jamie@brandcast.app","good","ok","no","no"
"jamie@cash-for-land.com","good","ok","no","no"
"jamie@dejterservices.com","good","ok","no","no"
"jamie@hunterstonconsulting.com","bad","invalid","no","no"
"jamison@demi.ai","good","ok","no","no"
"jane@iterlight.com","risky","catch_all","no","no"
"janel@teclaz.com","good","ok","no","no"
"janet.palmtag@palmtag.com","risky","unknown","no","no"
"janit.london@purpledragon.com","good","ok","no","no"
"jared@havenbridgegroup.com","good","ok","no","no"
"jared@latch.ai","good","ok","no","no"
"jared@praxionengineering.com","bad","invalid","no","no"
"jaredsmith@mcad-tx.org","good","ok","no","no"
"jarrid@lentzwastewater.com","good","ok","no","no"
"jarrod.glowacki@zionoutdoors.com","good","ok","no","no"
"jarrod@actionoverobstacles.com","good","ok","no","no"
"jashngulati@thepilotport.com","good","ok","no","no"
"jasmijn@loniccraft.com","risky","catch_all","no","no"
"jasmine@dwellder.com","good","ok","no","no"
"jasmineheard@jazzedupplanning.com","good","ok","no","no"
"jason.crawford@immediator.ai","good","ok","no","no"
"jason.pharr@s2i2.com","good","ok","no","no"
"jason@aviatorpalmbeach.com","risky","catch_all","no","no"
"jason@crashpulse.com","good","ok","no","no"
"jason@huntersvillehub.com","good","ok","no","no"
"jason@marchstag.com","good","ok","no","no"
"jason@nyxpartners.com","good","ok","no","no"
"jason@rayrwine.com","risky","unknown","no","no"
"jason@sipsocialco.com","good","ok","no","no"
"jason@spotsync.com","good","ok","no","no"
"jasonpaz@voltrack.app","good","ok","no","no"
"jasonzhu@senna.fit","good","ok","no","no"
"jassmire@thebomu.co","good","ok","no","no"
"javed@kajconsultancy.com","good","ok","no","no"
"javier.calvet@sumatica.es","good","ok","no","no"
"jay.brooks@yourhealthhub.app","risky","unknown","no","no"
"jay.mandel@daginty.com","good","ok","no","no"
"jay@acceleratedgrowthstrategies.com","bad","invalid","no","no"
"jay@asymmlabs.com","good","ok","no","no"
"jay@chkdsklabs.io","good","ok","no","no"
"jay@csrescue.com","good","ok","no","no"
"jay@lapdraw.com","good","ok","no","no"
"jay@lorain.ai","risky","catch_all","no","no"
"jayant@maximor.ai","good","ok","no","no"
"jaylah@cafecultura.tech","good","ok","no","no"
"jayme@circulartechnology.net","good","ok","no","no"
"jazmine@beinspiredagain.com","good","ok","no","no"
"jb@2pifinancial.com","good","ok","no","no"
"jbachman@hatfieldandcompany.com","good","ok","no","no"
"jbailey@winterhawkconsulting.com","bad","invalid","no","no"
"jbaines@isomhealth.com","good","ok","no","no"
"jbarbosa@jlsms.com","good","ok","no","no"
"jbaugnet@nativeoakdigital.com","good","ok","no","no"
"jblackaby@sandpro.com","good","ok","no","no"
"jboyd@titusalliance.com","good","ok","no","no"
"jbresko@coldwatercollectibles.com","bad","invalid","no","no"
"jbriggs@briggsitservices.com","good","ok","no","no"
"jbrush@brushneuropsych.com","good","ok","no","no"
"jburnett@pathfinderwealthgroup.com","risky","unknown","no","no"
"jc@soughthire.com","good","ok","no","no"
"jcarse@mynetwatchman.com","good","ok","no","no"
"jchavez@oryo.io","risky","catch_all","no","no"
"jcollier@optimize-hp.com","good","ok","no","no"
"jcraft@strengthsprep.org","good","ok","no","no"
"jd@possiclub.com","good","ok","no","no"
"jd@varefoods.com","good","ok","no","no"
"jdaniel@aflac.com","risky","catch_all","no","no"
"jdanneeru@raptive.com","good","ok","no","no"
"jdas@tamarti.com","risky","catch_all","no","no"
"jean@avantmgmt.co","risky","catch_all","no","no"
"jeanherline@moriwebstudios.com","risky","catch_all","no","no"
"jeanna@wearepne.com","good","ok","no","no"
"jeanne@guitarstop.com","good","ok","no","no"
"jee@troveline.com","good","ok","no","no"
"jeff.lott@jwlcs.com","good","ok","no","no"
"jeff.mchenry@dhaninfo.biz","good","ok","no","no"
"jeff.patten@flatiron-wines.com","good","ok","no","no"
"jeff.white@formusoft.com","good","ok","no","no"
"jeff@bewealthie.com","risky","catch_all","no","no"
"jeff@breakersdna.com","risky","catch_all","no","no"
"jeff@brookhavenwines.com","good","ok","no","no"
"jeff@dakotaadventuresupply.com","risky","catch_all","no","no"
"jeff@eventreps.io","good","ok","no","no"
"jeff@findyourstrength.com","good","ok","no","no"
"jeff@forbitterforworse.com","risky","catch_all","no","no"
"jeff@forgesynergyconsulting.com","good","ok","no","no"
"jeff@givcoffee.com","good","ok","no","no"
"jeff@ld-ent.com","risky","unknown","no","no"
"jeff@northwoodslearninglab.com","good","ok","no","no"
"jeff@rorshok.ai","risky","catch_all","no","no"
"jeff@thirdstonedesign.com","good","ok","no","no"
"jeffery.kumi@campdigital.com","good","ok","no","no"
"jeffrey.sullivan@airorasense.com","good","ok","no","no"
"jeffrey@harnessmobility.com","good","ok","no","no"
"jeffrey@heywav.com","good","ok","no","no"
"jeffrey@infinitydigital.dev","good","ok","no","no"
"jeffrey@sherpalabs.ai","good","ok","no","no"
"jemalaba@investfusionlabs.com","good","ok","no","no"
"jen@eleveboutique.com","good","ok","no","no"
"jen@forgettherankings.com","good","ok","no","no"
"jen@ripplepromotions.com","risky","unknown","no","no"
"jen@thecommitgroup.com","good","ok","no","no"
"jenei.ford@parasys.com","good","ok","no","no"
"jenifers@fabrics-fabrics.com","risky","catch_all","no","no"
"jennie.bridger@online-dysconnections.com","good","ok","no","no"
"jennifer.gwyn@sscoop.com","good","ok","no","no"
"jennifer@badassbagels.com","risky","catch_all","no","no"
"jennifer@elevenshoresdigital.com","good","ok","no","no"
"jennifer@fiftyfivemarketing.com","good","ok","no","no"
"jennifer@janiesplace.org","good","ok","no","no"
"jennifer@junndigital.com","good","ok","no","no"
"jennifer@kennedysolutionsgrp.com","good","ok","no","no"
"jennifer@loopups.com","good","ok","no","no"
"jennifer@qltycarecleaning.com","bad","invalid","no","no"
"jennifer@smallofficer.com","good","ok","no","no"
"jeremey@bodhi-retreats.com","risky","catch_all","no","no"
"jeremiah.c@fallbackmedia.com","risky","catch_all","no","no"
"jeremiah@captiveaudiencecreative.com","risky","catch_all","no","no"
"jeremiah@yhwhsystems.com","good","ok","no","no"
"jeremy@bearstack.ai","good","ok","no","no"
"jeremyc@team-success.net","bad","invalid","no","no"
"jerica@ntheducation.com","good","ok","no","no"
"jerin@mentage.com","risky","unknown","no","no"
"jerome@atfagency.com","bad","invalid","no","no"
"jeromet@bornherofit.com","good","ok","no","no"
"jerran@atlas-insight.com","good","ok","no","no"
"jerry@bnapoliitalian.com","good","ok","no","no"
"jerry@leadershipcoachgroup.com","good","ok","no","no"
"jerry@notyouraveragebdr.com","good","ok","no","no"
"jess@gethigherbar.com","good","ok","no","no"
"jess@humanfirstaiconsulting.com","good","ok","no","no"
"jesse.wolfe@mmg-stl.com","good","ok","no","no"
"jesse@aretedyte.com","risky","unknown","no","no"
"jesse@barnproductiongroup.com","good","ok","no","no"
"jesse@lasrocasclimbing.com","risky","catch_all","no","no"
"jesse@mavswealthgroup.com","risky","catch_all","no","no"
"jesse@montessorieducation.com","good","ok","no","no"
"jesse@moxieeventgroup.com","good","ok","no","no"
"jesse@stcalliance.com","good","ok","no","no"
"jesse@theneverblue.com","good","ok","no","no"
"jessica@drfewskincare.com","good","ok","no","no"
"jessica@forwardthiinkers.com","risky","catch_all","no","no"
"jessica@fredericksfreisergallery.com","good","ok","no","no"
"jessica@hireandthriveconsulting.com","good","ok","no","no"
"jessica@ivleaguedrips.com","risky","catch_all","no","no"
"jessica@lomii.studio","good","ok","no","no"
"jessica@techbizgurl.com","risky","catch_all","no","no"
"jessica@thewinecultureclub.com","good","ok","no","no"
"jessica@truepointagency.com","good","ok","no","no"
"jessica@whitechimneys.com","good","ok","no","no"
"jessicaprice@yourssafety.com","good","ok","no","no"
"jessie.bao@appliedvalue.com","good","ok","no","no"
"jessie@jessiecreative.co","good","ok","no","no"
"jessie@stemplaybook.org","risky","catch_all","no","no"
"jesus@oruco.com","good","ok","no","no"
"jesusalvarez@cjbecas.com","risky","unknown","no","no"
"jevwray@maverixx.ai","good","ok","no","no"
"jfalcone@italianconcierge.com","good","ok","no","no"
"jfeldman@stolarsystems.com","good","ok","no","no"
"jfelty@greenlinpetresorts.com","risky","catch_all","no","no"
"jferry@prosperityearth.com","good","ok","no","no"
"jfields@morningstarbenefits.com","risky","unknown","no","no"
"jflohr@harehoundpress.com","good","ok","no","no"
"jfrakes@carolina.rr.com","good","ok","no","no"
"jg@nothingbut.today","good","ok","no","no"
"jgille@shiftscaledigital.com","risky","catch_all","no","no"
"jhalen@powerthegenius.com","good","ok","no","no"
"jharry@justcallheritage.com","good","ok","no","no"
"jholmes@janerick.com","good","ok","no","no"
"jiancarlo@actifyautomations.com","risky","catch_all","no","no"
"jill.runyon@roommateagency.com","good","ok","no","no"
"jill@copperfaucetsoap.com","good","ok","no","no"
"jill@jilldahler.com","good","ok","no","no"
"jill@kinfolkhealing.org","risky","catch_all","no","no"
"jillian@rootandrisebranding.com","good","ok","no","no"
"jim-kastrup@cinci.rr.com","good","ok","no","no"
"jim@cdiscongo.com","bad","invalid","no","no"
"jim@digitalmentors.com","good","ok","no","no"
"jim@landvenues.com","good","ok","no","no"
"jim@petgusa.com","good","ok","no","no"
"jim@plukas.com","good","ok","no","no"
"jim@teamwavelength.com","good","ok","no","no"
"jim@theradiopitchman.com","risky","unknown","no","no"
"jim@timecaptis.com","good","ok","no","no"
"jim@trustaipartners.com","risky","catch_all","no","no"
"jim@usmicrogrids.com","good","ok","no","no"
"jimmy@bodyloom.com","risky","unknown","no","no"
"jjarrells@jdconsultingllc.com","good","ok","no","no"
"jjones@crtstrategyconsulting.org","good","ok","no","no"
"jkato@tonygroup.com","good","ok","no","no"
"jkirkland@interconnecttechs.com","good","ok","no","no"
"jlang@langdesigngroup.com","good","ok","no","no"
"jlarson@mainsailhotels.com","good","ok","no","no"
"jlevin@connectedmethods.com","good","ok","no","no"
"jlin@planetsunsolutions.com","good","ok","no","no"
"jlosito@sunvalleylanes.com","good","ok","no","no"
"jmacmenamin@zetaglobal.com","good","ok","no","no"
"jmartins@asbfinancial.com","good","ok","no","no"
"jmeck@newimage.co","risky","catch_all","no","no"
"jmerritt@aegpresents.com","good","ok","no","no"
"jmilam@nowcapitaladvisors.com","good","ok","no","no"
"jmilli@flexshieldpro.com","good","ok","no","no"
"jminch@littlefield.com","good","ok","no","no"
"jmontgomery@cateringwithpurpose.com","good","ok","no","no"
"jmunguia@thrroof.com","good","ok","no","no"
"jnlee@post.harvard.edu","good","ok","no","no"
"joan@hanoverpark.com","good","ok","no","no"
"joan@newheights-cc.com","good","ok","no","no"
"joanna@lucenthealing.com","good","ok","no","no"
"joanna@thewoundworx.com","good","ok","no","no"
"joao@dimenso.ai","good","ok","no","no"
"joao@upvote.app","good","ok","no","no"
"jocelynnsanford@inspirationalda.com","bad","invalid","no","no"
"joe.sauer@emotisphere.com","good","ok","no","no"
"joe@apexpro.ai","good","ok","no","no"
"joe@blazingstaranalytics.com","good","ok","no","no"
"joe@budgetbogeysgolf.com","risky","catch_all","no","no"
"joe@chainbridgeaccounting.com","good","ok","no","no"
"joe@cloudcastnh.com","risky","catch_all","no","no"
"joe@keylargofisheries.com","good","ok","no","no"
"joe@northcarolinatradeschool.com","good","ok","no","no"
"joe@opsmage.io","risky","catch_all","no","no"
"joe@ovation-group.com","good","ok","no","no"
"joe@shortroundproductions.com","good","ok","no","no"
"joe@stageunited.org","good","ok","no","no"
"joe@vendini.io","risky","catch_all","no","no"
"joe@whatsthatstrap.com","risky","unknown","no","no"
"joe@willowspacefortraumatreatment.com","good","ok","no","no"
"joev@macny.org","good","ok","no","no"
"joewegrzyn@aktakeaway.com","risky","catch_all","no","no"
"joey@brickstreetstudios.com","good","ok","no","no"
"joey@ffr-mass.com","risky","catch_all","no","no"
"joey@shade.inc","good","ok","no","no"
"joey@zonedmarketing.com","good","ok","no","no"
"john.kelly@rational-agents.ai","risky","unknown","no","no"
"john.manning@repsly.com","good","ok","no","no"
"john.stillman@nhscg.com","good","ok","no","no"
"john.stroud@odineyelpr.com","good","ok","no","no"
"john@armicerts.com","good","ok","no","no"
"john@beaconmaritimetraining.com","good","ok","no","no"
"john@belmontsearch.com","good","ok","no","no"
"john@businessedge.io","good","ok","no","no"
"john@coalitionholdings.com","good","ok","no","no"
"john@dimgenius.com","risky","catch_all","no","no"
"john@icos.ai","good","ok","no","no"
"john@jetsetpilates.com","good","ok","no","no"
"john@johnplunkettinteriors.com","good","ok","no","no"
"john@johnwelchfitness.com","bad","invalid","no","no"
"john@kwarsickconsulting.com","risky","catch_all","no","no"
"john@kynskyn.com","good","ok","no","no"
"john@litechadvisors.com","bad","invalid","no","no"
"john@lowkeymocap.com","good","ok","no","no"
"john@navigatemd.com","good","ok","no","no"
"john@neg.dev","good","ok","no","no"
"john@nprintgraphix.com","risky","catch_all","no","no"
"john@ooumamistreetfood.com","good","ok","no","no"
"john@patentflip.com","risky","catch_all","no","no"
"john@phosphor.tools","good","ok","no","no"
"john@prairieguesthouse.com","good","ok","no","no"
"john@scribedesignbuild.com","good","ok","no","no"
"john@sportandspecialty.com","good","ok","no","no"
"john@themanoratairmont.com","good","ok","no","no"
"john@timeoffofficial.com","good","ok","no","no"
"john@tpf.studio","risky","catch_all","no","no"
"johnathan.byron@rollohcm.com","good","ok","no","no"
"johnbarrett@trypathone.com","good","ok","no","no"
"johndunham@mailtroitradingandtech.com","risky","unknown","no","no"
"johnny.collins@mobisend.com","risky","catch_all","no","no"
"johnny@consciousimage.com","risky","unknown","no","no"
"johnny@generalintelligencecompany.com","good","ok","no","no"
"johnny@rsquaredmedia.com","good","ok","no","no"
"johns@mountainmoverstl.com","good","ok","no","no"
"johnsivori@ironveilintelligence.com","good","ok","no","no"
"joi@ajoitouchmarketingsolutions.com","good","ok","no","no"
"jolie@apricitycreative.space","good","ok","no","no"
"jolien@behavioral-health-billing.com","good","ok","no","no"
"jon.may@vadrillco.com","good","ok","no","no"
"jon@colorluxepaint.com","good","ok","no","no"
"jon@contentionmedia.com","good","ok","no","no"
"jon@northstarfinancial.com","good","ok","no","no"
"jon@rockwoodintl.com","good","ok","no","no"
"jon@roofplanservice.com","good","ok","no","no"
"jon@spiritofnewburyport.com","good","ok","no","no"
"jonah@gnvwebdesign.com","risky","catch_all","no","no"
"jonathan.hrang@gm.com","good","ok","no","no"
"jonathan.kopechek@louisville.edu","good","ok","no","no"
"jonathan@grantcomply.app","good","ok","no","no"
"jonathan@houseofthyme.co","good","ok","no","no"
"jonathan@kentcomputerservice.com","good","ok","no","no"
"jonathan@lakelow-insights.com","good","ok","no","no"
"jonathan@lawndalepopupspot.org","good","ok","no","no"
"jonathan@modani.com","good","ok","no","no"
"jonathan@overrad.ai","good","ok","no","no"
"jonathan@root-weaver.com","risky","catch_all","no","no"
"jonathan@sparkn.com","risky","catch_all","no","no"
"jonathan@tlklandscaping.com","risky","catch_all","no","no"
"jonathanberkeley@jmbconsulting.services","risky","catch_all","no","no"
"jonathanluethke@wayfindersystemsgroup.com","good","ok","no","no"
"jones.andre@focusedmedicalbilling.com","bad","invalid","no","no"
"jonn@piere.com","good","ok","no","no"
"jontan@gojolabs.io","good","ok","no","no"
"jordan.dunnington@ddsd.net","good","ok","no","no"
"jordan.stricklin@nm.org","good","ok","no","no"
"jordan@everettyoung.tech","risky","catch_all","no","no"
"jordan@foulballsafetynow.com","good","ok","no","no"
"jordan@glowfp.com","good","ok","no","no"
"jordan@meansforwardhr.com","good","ok","no","no"
"jordan@peaktreatsco.com","good","ok","no","no"
"jordan@stayfreshmarketing.com","good","ok","no","no"
"jordanovallos@gorenova.co","good","ok","no","no"
"jordanthompson@corevatechnologies.com","risky","unknown","no","no"
"jorge@assetsecureassociates.com","good","ok","no","no"
"jorge@revenuebuilders.io","bad","invalid","no","no"
"jorge@teach4life.net","good","ok","no","no"
"jose.diaz@juleconsulting.com","good","ok","no","no"
"jose_nunez@urbanretreat.co.uk","bad","invalid","no","no"
"joselynm@miniwonderschicago.com","risky","catch_all","no","no"
"josemagana@yellowberryhub.com","good","ok","no","no"
"joseph.mitchell@wini.com","good","ok","no","no"
"joseph@bluejacket.io","good","ok","no","no"
"joseph@blueworldweb.com","good","ok","no","no"
"joseph@hyppohq.ai","good","ok","no","no"
"joseph@mindgryd.com","good","ok","no","no"
"joseph@realtorch.ai","good","ok","no","no"
"joseph@typewritertx.com","bad","invalid","no","no"
"josephsanteford@suncoastleads.com","good","ok","no","no"
"josh.phillips@fearnworks.com","good","ok","no","no"
"josh.tuttle@fivestarpainting.com","bad","invalid","no","no"
"josh@aretepursuits.com","good","ok","no","no"
"josh@craftedtec.com","good","ok","no","no"
"josh@everywag.com","good","ok","no","no"
"josh@gettortl.com","risky","catch_all","no","no"
"josh@gocodeoverland.com","good","ok","no","no"
"josh@jnbwealth.com","good","ok","no","no"
"josh@listeasier.com","good","ok","no","no"
"josh@monoscope.tech","good","ok","no","no"
"josh@niteshift.dev","good","ok","no","no"
"josh@quantumcognition.com","risky","catch_all","no","no"
"josh@rubinteam.com","risky","catch_all","no","no"
"josh@salinasnursery.co","risky","catch_all","no","no"
"josh@sapien.team","risky","catch_all","no","no"
"josh@southgeorgiadigital.com","good","ok","no","no"
"josh@trywifishark.com","good","ok","no","no"
"joshmermelstein@compassmnt.com","good","ok","no","no"
"joshsargeant@signature.fit","good","ok","no","no"
"joshua.luthra@verdonzhq.com","good","ok","no","no"
"joshua@altair-advisors.com","good","ok","no","no"
"joshua@arplans.co","good","ok","no","no"
"joshua@closehive.com","good","ok","no","no"
"joshua@crawlspaces.tech","good","ok","no","no"
"joshua@mtm.now","risky","catch_all","no","no"
"joshua@nimblor.com","risky","unknown","no","no"
"joshua@outtake.ai","good","ok","no","no"
"joshua@salesglidergrowth.com","risky","catch_all","no","no"
"joshua@wjp.ai","risky","unknown","no","no"
"joshuablake@wiseandsavvy.com","risky","unknown","no","no"
"josphatn@edatafarm.com","risky","catch_all","no","no"
"josue.llanas@appgetsyou.com","good","ok","no","no"
"josue@qryptolabs.io","good","ok","no","no"
"jowens@genesisahc.com","good","ok","no","no"
"joy.curth@ellocale.com","good","ok","no","no"
"joy@asperamedical.com","good","ok","no","no"
"joy@fundflowos.com","risky","catch_all","no","no"
"joyce@gospidr.com","good","ok","no","no"
"jp@nsgventures.co","bad","invalid","no","no"
"jp@smartbots.ai","good","ok","no","no"
"jpitzen@wecandigit.com","good","ok","no","no"
"jpresley@southworthcap.com","good","ok","no","no"
"jr@jonrog.com","good","ok","no","no"
"jroeder@usedimensionality.com","good","ok","no","no"
"jrswoyer@paratrooper-communications.com","good","ok","no","no"
"js@digitalideasolutions.com","good","ok","no","no"
"jsalk@waltre.com","good","ok","no","no"
"jsprague@fanengine.ai","risky","catch_all","no","no"
"jstandridge@accruepartners.com","bad","invalid","no","no"
"jsvick@jsflyfishing.com","good","ok","no","no"
"jswitzer@waterverify.com","good","ok","no","no"
"jt@bydesignmusic.com","good","ok","no","no"
"jtemple@tidaltactical.com","good","ok","no","no"
"jthao@americanortho.com","bad","invalid","no","no"
"juan@lucivaramedical.com","risky","catch_all","no","no"
"juan@nuthaus.agency","good","ok","no","no"
"juan@worlder.co","risky","catch_all","no","no"
"juanch@workaround.cc","good","ok","no","no"
"juanparedes@silverscreenvideo.com","good","ok","no","no"
"judd@newamrecords.com","good","ok","no","no"
"judith@camperoo.com","good","ok","no","no"
"judith@judithharrison.com","good","ok","no","no"
"judy@sweetendingsdesserts.com","good","ok","no","no"
"jules@rovellegroup.com","good","ok","no","no"
"julia.izquierdo@omc.com","good","ok","no","no"
"julia@juliamyers.com","good","ok","no","no"
"julia@waveyogaretreat.com","good","ok","no","no"
"julian@xmartgroup.com","good","ok","no","no"
"juliana@liveonward.io","good","ok","no","no"
"juliana@magneticbrandstrategy.com","bad","invalid","no","no"
"juliana@newbeginningsma.com","risky","catch_all","no","no"
"juliana@theboothcollective.com","good","ok","no","no"
"julianne@tallantvirtualservices.com","risky","catch_all","no","no"
"julie@providenceinteriors.com","good","ok","no","no"
"julio@elevatesgroup.com","risky","catch_all","no","no"
"julius@battalion.com","good","ok","no","no"
"justin@agentichighway.ai","risky","catch_all","no","no"
"justin@authenticity-i.com","risky","catch_all","no","no"
"justin@carexis.net","good","ok","no","no"
"justin@charterleadingedge.us","good","ok","no","no"
"justin@cowts.com","good","ok","no","no"
"justin@dillosclothing.com","good","ok","no","no"
"justin@hasi.bet","good","ok","no","no"
"justin@ihelpmoms.com","bad","invalid","no","no"
"justin@koechleco.com","bad","invalid","no","no"
"justin@mantlethermal.com","good","ok","no","no"
"justin@needtalk.com","risky","catch_all","no","no"
"justin@refare.com","good","ok","no","no"
"justin@sinclairrestoration.com","good","ok","no","no"
"justin@tenantflow.io","good","ok","no","no"
"justin@thecontinentalcommunity.com","good","ok","no","no"
"justin_gadlage@gwinnett.k12.ga.us","good","ok","no","no"
"justindockstader@doctorpest.net","good","ok","no","no"
"jvazquez@coastalinjuryclinic.com","good","ok","no","no"
"jvenezia@theriskninja.com","good","ok","no","no"
"jw@astromegistus.com","good","ok","no","no"
"jwheeler@cpaglobal.com","bad","invalid","no","no"
"jwhite@pilgrimiq.com","good","ok","no","no"
"jwilbur@relaytx.com","good","ok","no","no"
"jwindfelder@ddnegative.com","good","ok","no","no"
"jwitchet@ancoraconsultants.com","good","ok","no","no"
"jyoti.sethi@arthavortex.com","good","ok","no","no"
"jzhou@tigerglobal.com","good","ok","no","no"
"kadar@customstroke.com","risky","unknown","no","no"
"kahele@mauicocktailkits.com","risky","unknown","no","no"
"kai@zukafilms.com","bad","invalid","no","no"
"kaitlyn.pennington@kw.com","good","ok","no","no"
"kalsey@madebymiro.com","good","ok","no","no"
"kalyan@viastrategy.net","good","ok","no","no"
"kamran@namus.io","good","ok","no","no"
"kanayoliseh@sole-running.com","good","ok","no","no"
"kane@refmasters.com","good","ok","no","no"
"kara@sageworksconsulting.com","bad","invalid","no","no"
"karan@raijinai.com","risky","catch_all","no","no"
"karan@strivetechpartners.com","good","ok","no","no"
"kareem.elfoulie@seniorshieldtech.com","risky","unknown","no","no"
"karen.hasenauer@iqhr.ai","good","ok","no","no"
"karen@gripguides.com","bad","invalid","no","no"
"karenarcilla@setforthny.com","good","ok","no","no"
"kari@meadoworganizing.com","good","ok","no","no"
"karife@dtcmails.com","good","ok","no","no"
"karl@tycheinsights.com","good","ok","no","no"
"karthik@dosth.ai","good","ok","no","no"
"karthikramanian@lattixsystems.com","risky","catch_all","no","no"
"kasey@bantor.ai","risky","catch_all","no","no"
"kasey@somewheremedia.com","good","ok","no","no"
"kate@missionadvancementpartners.com","good","ok","no","no"
"katherine@mightyem.com","risky","unknown","no","no"
"kathleen@athenainnovations.com","good","ok","no","no"
"kathryn@haddondesign.com","good","ok","no","no"
"kathryn@raineystrategicadvisors.com","good","ok","no","no"
"kathy@recipeideashop.com","good","ok","no","no"
"katie@myemotionalsupportbot.com","risky","unknown","no","no"
"katie@veteransinautomotive.com","good","ok","no","no"
"katie@wallacedg.com","bad","invalid","no","no"
"katie@zimmermaninteriors.com","good","ok","no","no"
"katrina@stellamariswealth.com","good","ok","no","no"
"katy@skyproof.com","good","ok","no","no"
"kauan@sunfieldmarketing.com","risky","catch_all","no","no"
"kaushik@pitchladder.com","good","ok","no","no"
"kaustubh.ghodeswar@thinktara.com","bad","invalid","no","no"
"kawish@exomerce.co","good","ok","no","no"
"kaye@hi-rx.com","risky","catch_all","no","no"
"kayla@thekoshacollective.com","good","ok","no","no"
"kbell@houlihans.com","good","ok","no","no"
"keaton@gmventures.xyz","risky","catch_all","no","no"
"kedar@digiautomize.com","risky","catch_all","no","no"
"keith@cwcfl.com","good","ok","no","no"
"keith@elephantmind.com","bad","invalid","no","no"
"keithoberlin@theenablry.com","good","ok","no","no"
"kelli@joneshealthagency.com","good","ok","no","no"
"kelly@kellydrinkswine.com","good","ok","no","no"
"kelly@taptubes.com","good","ok","no","no"
"kelly@wolfington.com","good","ok","no","no"
"kellye@kellyehoward.com","good","ok","no","no"
"kellyp@cardinalenvsolutions.com","risky","catch_all","no","no"
"kelseezabawski@iheartmedia.com","good","ok","no","no"
"kelsey@buranohome.com","good","ok","no","no"
"kelsey@eatkbc.com","risky","unknown","no","no"
"kelsey@hypauer.com","good","ok","no","no"
"kelsey@photonqueue.com","good","ok","no","no"
"kelvin@thktstudios.com","good","ok","no","no"
"kemi@justmovedtoyankee.com","good","ok","no","no"
"ken.clough@accreditationcollaborative.com","good","ok","no","no"
"ken.lannon@orgdrift.com","good","ok","no","no"
"ken@homequestproperties.net","good","ok","no","no"
"ken@hotbox.app","risky","catch_all","no","no"
"ken@sunnutra.com","good","ok","no","no"
"kenneth.white@pbfitnessprofessionals.com","good","ok","no","no"
"kenneth@monacoroofing.com","good","ok","no","no"
"kenny@brandnovus.com","risky","catch_all","no","no"
"kenny@kotprojects.com","good","ok","no","no"
"kenny@labami.ai","good","ok","no","no"
"kenny@managercircle.co","good","ok","no","no"
"kent@tikti.io","good","ok","no","no"
"kenya@klworklab.com","good","ok","no","no"
"keroulos@gwowai.com","good","ok","no","no"
"kerri@graceandfaye.com","good","ok","no","no"
"kerri@pathforesuccess.com","good","ok","no","no"
"kerri@shespeakscommunications.com","risky","catch_all","no","no"
"kerry@kerrykom.com","good","ok","no","no"
"kessem@odemrenovations.com","risky","catch_all","no","no"
"kevin.gonzalez@getgrowthterminal.com","good","ok","no","no"
"kevin.keathley@bayanicybersolutions.us","good","ok","no","no"
"kevin.michelson@goosehead.com","good","ok","no","no"
"kevin.whitman@53.com","good","ok","no","no"
"kevin@bigspringspirits.com","good","ok","no","no"
"kevin@boatsteer.com","good","ok","no","no"
"kevin@drinkfktea.com","good","ok","no","no"
"kevin@fuseagency.com","good","ok","no","no"
"kevin@kevincraft.co","good","ok","no","no"
"kevin@latticor.com","good","ok","no","no"
"kevin@midwesthomeco.com","risky","catch_all","no","no"
"kevin@riversidestrategies.com","good","ok","no","no"
"kevin@smovr.com","good","ok","no","no"
"kevin@spinnaker-rum.com","good","ok","no","no"
"kevin@tact.care","good","ok","no","no"
"kevin@unify-os.com","good","ok","no","no"
"kevin@xinvisionq.com","good","ok","no","no"
"kevinbiergans@advocate-patient.com","good","ok","no","no"
"kevinm@gala-productions.com","good","ok","no","no"
"keyvan.malek@panddi.ai","good","ok","no","no"
"kgarcia@theopsway.com","good","ok","no","no"
"kgarrett@board-orbit.com","bad","invalid","no","no"
"kgraves@concordms.com","good","ok","no","no"
"khakimov@kub-24.ru","good","ok","no","no"
"khaled_eldin@nuvasmile.com","bad","invalid","no","no"
"khari@loveandlob.co","risky","unknown","no","no"
"khoa.le@kvibe.com","good","ok","no","no"
"khushboo.singh@byteswave.ai","risky","unknown","no","no"
"kiakili@teach.trade","risky","catch_all","no","no"
"kieran@getundaunted.com","good","ok","no","no"
"kiley.heberlein@seedlingspediatrictherapy.com","bad","invalid","no","no"
"kim@restaurantcaddies.com","good","ok","no","no"
"kim@varietyintelligence.com","risky","catch_all","no","no"
"kimesh@optinova.ai","good","ok","no","no"
"kingsley@futureskills.co","good","ok","no","no"
"kira.mattingley@freedombhs.com","good","ok","no","no"
"kira@thecashmerefund.com","risky","catch_all","no","no"
"kirby@kirbythebarber.com","good","ok","no","no"
"kirstie@truecolorcreative.co","good","ok","no","no"
"kirtan@ivygro.com","good","ok","no","no"
"kirwinn@ibtalearning.com","good","ok","no","no"
"kisch@lovetrustloyalty.com","good","ok","no","no"
"kj@campfiredating.com","good","ok","no","no"
"kkester@rasmus.com","good","ok","no","no"
"klaprelle@bistro44.net","bad","invalid","no","no"
"klitfin@earshouldervoice.com","good","ok","no","no"
"km@karamelmccoy.com","good","ok","no","no"
"kmarin@kimberlymarin.com","good","ok","no","no"
"kmccarter@anomaly.com","good","ok","no","no"
"kmckenney1@binghamton.edu","good","ok","no","no"
"kmharris@duckhuntsrecords.com","good","ok","no","no"
"kml@marketools.io","risky","catch_all","no","no"
"kmolinari@kraftedcorp.com","risky","catch_all","no","no"
"kmperteet@bethe-miracle.org","good","ok","no","no"
"knielson@ncwashworks.com","bad","invalid","no","no"
"knox@transitai.app","good","ok","no","no"
"knoxt1@herbandorchid.com","good","ok","no","no"
"kobe@mutejack.com","good","ok","no","no"
"kodyhaubeil@cartesianintelligence.com","good","ok","no","no"
"kofi@mycareerinbeer.com","bad","invalid","no","no"
"kohl@solacebands.com","risky","catch_all","no","no"
"koiralagiri@aethyra.cloud","bad","invalid","no","no"
"kol@koldops.com","good","ok","no","no"
"konrad@matr.tech","risky","catch_all","no","no"
"kote@qualizeal.com","good","ok","no","no"
"koy@wherehowspace.com","good","ok","no","no"
"kozy@naunausosapp.com","risky","catch_all","no","no"
"kp@beviclub.com","good","ok","no","no"
"kpruegert@imagenet.com","good","ok","no","no"
"krichardson@cchl.com","bad","invalid","no","no"
"kris@essentialzen.net","good","ok","no","no"
"kris@kixx.name","good","ok","no","no"
"krishnar@makbusinesssolutions.com","good","ok","no","no"
"krismenos@humanbeingdesign.com","good","ok","no","no"
"krista@noblehotyoga.com","risky","catch_all","no","no"
"kristen@gtxteentherapy.com","good","ok","no","no"
"kristen@levelupwithkristen.com","bad","invalid","no","no"
"kristi@hero808.org","good","ok","no","no"
"kristian@lbymlabs.com","good","ok","no","no"
"kristin@contentbykristin.com","good","ok","no","no"
"kristin@graphicedgekc.com","good","ok","no","no"
"kristin@tothewhyinsights.com","good","ok","no","no"
"kristina@theempatheticleader.com","bad","invalid","no","no"
"kristine@thewellnesscultivator.com","good","ok","no","no"
"kristy@thevillagedowntown.com","good","ok","no","no"
"kriti@vfinal.ai","risky","unknown","no","no"
"krystal@nextlevelortho.com","risky","catch_all","no","no"
"krystle@yourequipmentsuppliers.com","good","ok","no","no"
"ksargent@volkscannabis.com","risky","catch_all","no","no"
"kschultz@revuloop.com","risky","unknown","no","no"
"ksmith@themovrapp.com","good","ok","no","no"
"kstaines@footprintsontheheart.org","good","ok","no","no"
"ktuck@charisclassical.com","good","ok","no","no"
"kumar@organicmedia.pro","good","ok","no","no"
"kurt@dangleverse.com","risky","catch_all","no","no"
"kurt@entuitive.ai","good","ok","no","no"
"kurt@hyygia.com","risky","catch_all","no","no"
"kwam@big6advisors.com","good","ok","no","no"
"kwatson@scottmadden.com","good","ok","no","no"
"kwells@triviumpartners.net","good","ok","no","no"
"kwh@alituspartners.com","good","ok","no","no"
"kwilson@kolsera.com","good","ok","no","no"
"kwruffin@didymosconsulting.com","good","ok","no","no"
"ky.vang@vangpropertygroup.com","risky","catch_all","no","no"
"ky@hottleggz.com","good","ok","no","no"
"kyle.thorpe@linksprivatewealth.com","good","ok","no","no"
"kyle@airlanguage.io","good","ok","no","no"
"kyle@dentalmanagerconnect.com","risky","catch_all","no","no"
"kyle@fervellcpa.com","good","ok","no","no"
"kyle@jointrybe.com","risky","catch_all","no","no"
"kyle@presidiocomponents.com","good","ok","no","no"
"kylebaumann@atlantafinehomes.com","good","ok","no","no"
"kyleflynn@bluhousesocials.com","risky","catch_all","no","no"
"kylelan@corion.ai","bad","invalid","no","no"
"kylerlapp@ilaiservices.com","risky","unknown","no","no"
"kylie@banterpr.com","good","ok","no","no"
"l.coleman@spiceandtea.com","good","ok","no","no"
"l.f@engagemy-ai.info","good","ok","no","no"
"l.theodule@3ndleague.com","good","ok","no","no"
"la@vanday.ai","good","ok","no","no"
"lado@lado.agency","risky","catch_all","no","no"
"ladon.sturgeon@iqfiber.com","good","ok","no","no"
"laila@kazbarmedia.com","good","ok","no","no"
"laina@bedsidevalues.com","good","ok","no","no"
"lainie@simile.ai","good","ok","no","no"
"lakshmi@shoptheyn.com","good","ok","no","no"
"lamont@prosperouscg.com","risky","catch_all","no","no"
"lana@hoosiermentalhealth.com","good","ok","no","no"
"landon@greenstephens.com","good","ok","no","no"
"landon@paniolosessions.com","risky","catch_all","no","no"
"landy@villagestrategy.com","good","ok","no","no"
"lanzasteven@eatfreshkitchen.com","bad","invalid","no","no"
"lara@georgicasearch.com","risky","catch_all","no","no"
"lara@jupitersupperclub.com","good","ok","no","no"
"lark@bolduccpa.com","good","ok","no","no"
"larry@hibesties.com","good","ok","no","no"
"larry@inspire-impact.net","good","ok","no","no"
"larry@warrenprinting.com","risky","unknown","no","no"
"lashazaridze@mtlfreight.com","good","ok","no","no"
"laura.hutchinson@ccistrategypartners.com","good","ok","no","no"
"laura@abclmnop.com","good","ok","no","no"
"laura@consolidationcoach.com","good","ok","no","no"
"laura@effectivetogreat.com","good","ok","no","no"
"laura@onemillionwomenwalking.com","good","ok","no","no"
"laura@openlysober.com","risky","catch_all","no","no"
"laura@rugiet.com","good","ok","no","no"
"laura@shiftwell.com","risky","unknown","no","no"
"laura@stitchersplayhouse.com","bad","invalid","no","no"
"laura@theaiedit.io","good","ok","no","no"
"laura@themahjonglounge.com","good","ok","no","no"
"laurad@health.solutions","bad","invalid","no","no"
"lauren@archangelcenters.com","good","ok","no","no"
"lauren@beforethebuild.co","bad","invalid","no","no"
"lauren@exquisitelyhandled.com","good","ok","no","no"
"lauren@itsthesalon.com","good","ok","no","no"
"lauren@keeks.com","good","ok","no","no"
"lauren@laurenbarkume.com","good","ok","no","no"
"lauren@rootwisewellness.com","good","ok","no","no"
"lauren@thenextofkinapp.com","good","ok","no","no"
"laurenanderson@growwithdrlauren.com","good","ok","no","no"
"laurent@aiinterconnect.com","good","ok","no","no"
"laurie@nowfound.co","good","ok","no","no"
"lauryn@palmberriesnc.com","good","ok","no","no"
"lav@openshut.me","risky","catch_all","no","no"
"lawson@enduragum.co","good","ok","no","no"
"lazlo@flinnley.com","risky","catch_all","no","no"
"lbak@elevatestudios.com","good","ok","no","no"
"lbednash@stealthcartel.com","good","ok","no","no"
"lbsjr@lbsmithpa.com","good","ok","no","no"
"lduran@sociablemtg.com","good","ok","no","no"
"leah@atlanticbehavioral.com","good","ok","no","no"
"leah@signs-by-design.com","good","ok","no","no"
"leandro.morais@gosmartos.com","risky","catch_all","no","no"
"leandro@betta.cloud","risky","catch_all","no","no"
"lee@offthex.io","good","ok","no","no"
"leigh@lkfreemanlaw.com","good","ok","no","no"
"leilani@synatastudio.com","good","ok","no","no"
"leile@onewomanstreasure.com","good","ok","no","no"
"len@lennyshairsalon.com","good","ok","no","no"
"leo@ihike.org","good","ok","no","no"
"leo@skyechopencil.com","good","ok","no","no"
"leon@voluntascpa.com","risky","unknown","no","no"
"leonard@mecha-data.com","good","ok","no","no"
"leonardo.matute@clarios.com","good","ok","no","no"
"leonel@precisionregulatory.com","good","ok","no","no"
"les.anokye@adropofchaos.com","good","ok","no","no"
"les@survivingnarcissism.tv","bad","invalid","no","no"
"lesha@inschoolsuccessprogram.com","bad","invalid","no","no"
"lesley@nukehydration.com","risky","catch_all","no","no"
"leslie@lesliezaikis.com","risky","catch_all","no","no"
"leslie@runfoxrun.co","good","ok","no","no"
"leslie@technevox.com","risky","unknown","no","no"
"lesterporche@hollomancorp.com","bad","invalid","no","no"
"leticia@xlproconsulting.com","good","ok","no","no"
"levi@beyou-sports.com","good","ok","no","no"
"levi@suisqua.com","good","ok","no","no"
"lewisj7@coadyandlewis.com","good","ok","no","no"
"lex.overholt@newbalance.com","good","ok","no","no"
"lex@222.place","good","ok","no","no"
"lfalgout@sapphirerisk.com","good","ok","no","no"
"lheller@clearspansystems.com","risky","catch_all","no","no"
"liam.kiernan@recruitu.com","good","ok","no","no"
"liam@evoadvance.com","good","ok","no","no"
"liam@hardcall.com","good","ok","no","no"
"lilibeth@archangel-insurance.com","good","ok","no","no"
"lillie@jerseyfashionista.com","good","ok","no","no"
"lily@radishfarmstop.com","good","ok","no","no"
"lina@empowerleadersai.com","bad","invalid","no","no"
"lincoln.jones@catalyst-labs.com","good","ok","no","no"
"lincoln.wurster@getmaintainx.com","good","ok","no","no"
"lindsay@permianexpo.com","risky","catch_all","no","no"
"lindsey.sand@humblehill.org","good","ok","no","no"
"ling.li@linkednav.com","good","ok","no","no"
"lis@upenn.edu","good","ok","no","no"
"lisa.parola@organon.com","good","ok","no","no"
"lisa.wickham@flyingpigtalent.com","good","ok","no","no"
"lisa@asterfive.com","good","ok","no","no"
"lisa@chezboetnaples.com","good","ok","no","no"
"lisa@daro.city","good","ok","no","no"
"lisa@meetlisaennis.com","good","ok","no","no"
"lisablack@aeonnexus.com","good","ok","no","no"
"liu@stdmachine.com","good","ok","no","no"
"liviu.sima@planograma.com","good","ok","no","no"
"lixia.zhu@ciphorama.com","risky","catch_all","no","no"
"liz@foodtruckcrazy.com","good","ok","no","no"
"liz@trueaxisrecruiting.com","good","ok","no","no"
"lizzie@greenlightrobotics.co","good","ok","no","no"
"ll2069@llstudio2069.com","good","ok","no","no"
"lm@pancheeadvisory.com","good","ok","no","no"
"lmspaulding@waketech.edu","good","ok","no","no"
"locked@zapecs.com","bad","invalid","no","no"
"logan.burton@everlutioncapital.com","risky","unknown","no","no"
"logan.frank@nextrepplatform.com","good","ok","no","no"
"logan@boydgrain.com","good","ok","no","no"
"lois@oneday.nyc","good","ok","no","no"
"lol@diageo.com","bad","invalid","no","no"
"lorena@jobnexo.app","good","ok","no","no"
"lorenzo@publicpartners.org","good","ok","no","no"
"lori@connectionsmodel.com","risky","catch_all","no","no"
"lori@loribilodeau.com","risky","unknown","no","no"
"lori@onceapp.org","good","ok","no","no"
"lotis.johnson@lyjcpa.com","good","ok","no","no"
"lotte@harmonic-accounting.com","risky","catch_all","no","no"
"lotzti@davenportschools.org","good","ok","no","no"
"lou@chronilogix.com","good","ok","no","no"
"louise@co-savant.com","good","ok","no","no"
"lowell@learningwithlowell.com","risky","catch_all","no","no"
"lowellbagley@lhb-ventures.com","risky","catch_all","no","no"
"lpollack@cardonecapital.com","good","ok","no","no"
"lsolt@vyridian.ai","good","ok","no","no"
"ltully@carflowpro.com","bad","invalid","no","no"
"luca@365bizfund.com","bad","invalid","no","no"
"lucas@clickgrow.space","good","ok","no","no"
"lucas@propatriapartners.com","good","ok","no","no"
"lucian.b@avisio.es","bad","invalid","no","no"
"lucy@communitybuildingcollective.com","risky","catch_all","no","no"
"luigi@luigiapecoraro.com","risky","unknown","no","no"
"luis@astramkt.com","good","ok","no","no"
"luis@kosmicvoice.ai","good","ok","no","no"
"luis@libreanalytics.ai","good","ok","no","no"
"luis@sigma.trade","good","ok","no","no"
"luisalcaraz@telara.dev","risky","catch_all","no","no"
"luka.undilashvili@emory.edu","good","ok","no","no"
"lukas@nausetmedia.com","good","ok","no","no"
"luke@devinspw.com","good","ok","no","no"
"luke@lukejazz.com","good","ok","no","no"
"luke@oliobuilders.com","risky","catch_all","no","no"
"luke@repvantage.io","good","ok","no","no"
"luvin.munoz@mattnoz.com","risky","catch_all","no","no"
"luw@glorianatx.com","good","ok","no","no"
"luzr@4life.com","good","ok","no","no"
"lwhatley@whatleyhr.com","good","ok","no","no"
"lwhetstone@centralstatesco.com","good","ok","no","no"
"lydia@fletchermediaconsulting.com","good","ok","no","no"
"lynda@livefromyourtruth.com","good","ok","no","no"
"lyndacohn@bhhsne.com","good","ok","no","no"
"lynns@zitaii.com","good","ok","no","no"
"lyo@cpsbuilder.com","good","ok","no","no"
"m.anas@masitsolutions.net","good","ok","no","no"
"m.waldrep@communityengagementassociates.com","good","ok","no","no"
"m.zaidi@strathwell.com","risky","catch_all","no","no"
"maandy@sugarhousewaffles.co","bad","invalid","no","no"
"maaz@aveniraisolutions.com","good","ok","no","no"
"mabram@roseengine.io","good","ok","no","no"
"mack@fwrdtheagency.com","good","ok","no","no"
"mack@palmcattle.com","good","ok","no","no"
"macy@chatterkin.com","good","ok","no","no"
"maddie.hunt@herrealtors.com","bad","invalid","no","no"
"maddie@altusmarketing.co","good","ok","no","no"
"madeline.melchiori@reve-and-roots.com","good","ok","no","no"
"madeline@marymilagros.com","good","ok","no","no"
"madhu.joshi@bizvizsolutions.ai","good","ok","no","no"
"madison@paidcreative.com","good","ok","no","no"
"mafe.dealba@hh.global","good","ok","no","no"
"maggie@alliancemrw.org","risky","catch_all","no","no"
"maggie@pomodorostudio.co","good","ok","no","no"
"maggie@thehyvemind.com","bad","invalid","no","no"
"maggie@thenewyorkgames.com","good","ok","no","no"
"main@rewiredelec.com","good","ok","no","yes"
"malcolm.ross@qlik.com","good","ok","no","no"
"malcolm@finvera.ai","risky","catch_all","no","no"
"malik@tekzotech.com","good","ok","no","no"
"malik@thedigitalelites.com","good","ok","no","no"
"malique.booker@longandfoster.com","good","ok","no","no"
"mallsteadt@heartwoodpartners.com","good","ok","no","no"
"manderson@germainlabs.com","good","ok","no","no"
"mandy.katz@giantfood.com","good","ok","no","no"
"manny@newsanalyse.com","good","ok","no","no"
"manuel@m2jes.com","risky","unknown","no","no"
"mara@withdrop.co","good","ok","no","no"
"maram@maramfinancial.com","good","ok","no","no"
"marc.ordonez@polyax.com","good","ok","no","no"
"marc@austinactivenetworking.com","good","ok","no","no"
"marc@instituteforrealgrowth.com","good","ok","no","no"
"marc@mindwolves.com","good","ok","no","no"
"marcello.locandro@aexp.com","good","ok","no","no"
"marcello@plaivo.org","good","ok","no","no"
"marcelo@fsroma.com","bad","invalid","no","no"
"marciat@levelmpls.com","bad","invalid","no","no"
"marco@statusai.com","good","ok","no","no"
"marcos@creativebuildershg.com","good","ok","no","no"
"marcos@themobileheadshot.com","good","ok","no","no"
"marcus.peake@voltstop.org","bad","invalid","no","no"
"marcus@numbru.com","risky","unknown","no","no"
"marcwarshaw@justdobetterconsulting.com","bad","invalid","no","no"
"margaret@skypaxxxrepairs.com","risky","unknown","no","no"
"maria@assentercoaching.com","good","ok","no","no"
"maria@barepilatesstudios.com","good","ok","no","no"
"maria@shopwitheternal.com","good","ok","no","no"
"maria@triage-sec.com","good","ok","no","no"
"mariana@baedebeauty.com","risky","catch_all","no","no"
"marianne@made-in-mo.org","good","ok","no","no"
"maribel@textfriday.com","risky","catch_all","no","no"
"marilyn.rosendahl@ci.stpaul.mn.us","good","ok","no","no"
"marisa@mariposafnc.com","good","ok","no","no"
"marisa@refinedbymarisa.com","good","ok","no","no"
"marissa@flyspacenyc.com","risky","catch_all","no","no"
"marius@naratix.ai","good","ok","no","no"
"mark.baechtel@grinnellmutual.com","good","ok","no","no"
"mark.salacinski@bms.com","good","ok","no","no"
"mark@alignathlete.com","good","ok","no","no"
"mark@catalogsignal.com","risky","catch_all","no","no"
"mark@languagebridge.ai","good","ok","no","no"
"mark@podatl.com","good","ok","no","no"
"mark@pubseed.com","bad","invalid","no","no"
"mark@roamrecs.com","good","ok","no","no"
"marks@stevensbuilds.com","good","ok","no","no"
"markus@flowbridgemedia.com","good","ok","no","no"
"marly@rentviagiulia.com","risky","catch_all","no","no"
"marna@novaponttechnology.com","good","ok","no","no"
"marshall@highervisionhealth.com","risky","catch_all","no","no"
"martang@aughdem.com","good","ok","no","no"
"martha@becauseneatnessmatters.com","good","ok","no","no"
"martin.dekker@solutionsunified.com","risky","catch_all","no","no"
"martin@techcartographer.com","good","ok","no","no"
"marvin@thewatchdogapp.com","risky","catch_all","no","no"
"marvin@thinkbuildlaunch.com","good","ok","no","no"
"mary@evolveded.com","risky","catch_all","no","no"
"mary@justsomary.com","risky","catch_all","no","no"
"mary@themilkmerchant.com","good","ok","no","no"
"maryanne@kayandcorec.com","good","ok","no","no"
"maryannep@careermp.com","good","ok","no","no"
"maryellen@kidzplayzone.com","good","ok","no","no"
"maryjane@maryjanesweet.com","good","ok","no","no"
"marykate@finerycollective.com","good","ok","no","no"
"marzullo.m@whereitsgreener.com","good","ok","no","no"
"mason@masonscurryconsulting.com","risky","catch_all","no","no"
"matan@groundswelladvisory.com","good","ok","no","no"
"mathew@hiresa.com","good","ok","no","no"
"matt.beine@gennaiosllc.com","good","ok","no","no"
"matt.kunkel@logicgate.com","good","ok","no","no"
"matt.young@makedataspeakhuman.com","good","ok","no","no"
"matt@adaptivops.com","good","ok","no","no"
"matt@buildironworksai.com","risky","catch_all","no","no"
"matt@fairwaysanddreamstravel.com","risky","catch_all","no","no"
"matt@forgepointgrowth.com","good","ok","no","no"
"matt@glasswaterheritage.com","good","ok","no","no"
"matt@graveldrivemedia.com","good","ok","no","no"
"matt@hierarchysearch.com","risky","catch_all","no","no"
"matt@kasmweb.com","good","ok","no","no"
"matt@liquifiedrv.com","risky","catch_all","no","no"
"matt@lxryluxury.com","good","ok","no","no"
"matt@madfishsolutions.com","good","ok","no","no"
"matt@meshdiscovery.com","good","ok","no","no"
"matt@mg-eq.com","good","ok","no","no"
"matt@parksupplier.com","good","ok","no","no"
"matt@skilledlocalmarketing.com","risky","catch_all","no","no"
"matt@spifinancialgroup.com","good","ok","no","no"
"matt@structr.realestate","good","ok","no","no"
"matt@svbusinessconsultants.com","good","ok","no","no"
"matt@torque.so","good","ok","no","no"
"matt@veracfo.com","risky","catch_all","no","no"
"matthew.cain@deathcertificationcompany.com","good","ok","no","no"
"matthew.davison@aeleris.com","good","ok","no","no"
"matthew.filepp@pbwealthmanagement.com","good","ok","no","no"
"matthew@curridex.com","good","ok","no","no"
"matthew@keymartech.com","good","ok","no","no"
"matthew@lifehealthinc.org","good","ok","no","no"
"matthew@parablegroupllc.com","good","ok","no","no"
"matthew@paxerp.com","risky","unknown","no","no"
"matthew@simplytechsolutions.dev","good","ok","no","no"
"matthew@youwillexit.com","risky","catch_all","no","no"
"matthewfultz@braisedanimation.com","good","ok","no","no"
"matthewg@seeitstudios.com","risky","catch_all","no","no"
"mattie@rushingtradingco.com","good","ok","no","no"
"maty@nutritiouslyeasy.com","good","ok","no","no"
"maureen.c@hey.com","good","ok","no","no"
"mauri@kosicekvineyards.com","good","ok","no","no"
"mauricio@babobot.com","risky","catch_all","no","no"
"max@contentcrow.io","good","ok","no","no"
"max@craifty.com","good","ok","no","no"
"max@grassrootech.com","risky","unknown","no","no"
"max@maximizedevents.co","good","ok","no","no"
"max@mixmeco.com","good","ok","no","no"
"max@scentxplore.com","risky","catch_all","no","no"
"max@sleekfitjewelry.com","risky","catch_all","no","no"
"max@zestmaps.com","good","ok","no","no"
"maximilian_clemons@teamhealth.com","risky","unknown","no","no"
"maxleal@almada-digital.com","bad","invalid","no","no"
"maxwell.cooper@dviacademy.com","good","ok","no","no"
"may@shopwestofmay.com","risky","catch_all","no","no"
"maya.gastman@informa.com","good","ok","no","no"
"maya@influencebyma.com","risky","unknown","no","no"
"mayowa@cohabli.com","good","ok","no","no"
"mbabalola@magnadynesolutionsinc.com","risky","unknown","no","no"
"mbeacham@cpk.com","good","ok","no","no"
"mbellamy@straightshot.co","bad","invalid","no","no"
"mboaz@steelcase.com","good","ok","no","no"
"mbrown@neotechconnect.com","good","ok","no","no"
"mbrowne@cityhall.nyc.gov","good","ok","no","no"
"mckeith@mgjdigital.org","risky","catch_all","no","no"
"mckenzie@tricagency.com","good","ok","no","no"
"mcneil@nolro.ai","good","ok","no","no"
"mcody@experiorfinancialgroup.com","good","ok","no","no"
"mcookman@shop-twine.com","good","ok","no","no"
"mcuellar@mttrainingcenter.edu","good","ok","no","no"
"mdai@miyidaistudio.com","good","ok","no","no"
"mdenison@idexcorp.com","good","ok","no","no"
"mdwinnell@mozartdevco.com","risky","catch_all","no","no"
"meadow@withjean.com.au","good","ok","no","no"
"meagan@osoehome.nl","good","ok","no","no"
"meg@memktg.com","good","ok","no","no"
"meg@nuvanahealthcare.com","risky","unknown","no","no"
"meg@thethrivingpracticecoach.com","good","ok","no","no"
"megan@equilibrium.nyc","risky","catch_all","no","no"
"megan@integrityaccounting.co","good","ok","no","no"
"megan@lightyearsahead.com","good","ok","no","no"
"megan@scapemaui.com","good","ok","no","no"
"meghan@boondockerapp.com","good","ok","no","no"
"meghan@considerateventures.net","good","ok","no","no"
"meghan@knightsenioradvisors.com","good","ok","no","no"
"mehdi.sunderji@curationcorp.com","good","ok","no","no"
"mehmet@bdgida.com","risky","unknown","no","no"
"melanie@tobybar.com","risky","catch_all","no","no"
"melih@smartfindsmarketing.com","good","ok","no","no"
"melina@firstdrivemarketing.com","good","ok","no","no"
"melissa.ms@melimethods.com","good","ok","no","no"
"melissa@arkangelalliance.org","good","ok","no","no"
"melissa@directedsuccess.com","good","ok","no","no"
"melissa@financialpulsepartners.com","good","ok","no","no"
"melissa@fishersoffolk.com","risky","unknown","no","no"
"melissa@luminaglobalstrategiesllc.com","good","ok","no","no"
"melissa@m2-photography.net","good","ok","no","no"
"melissa@myhealthbaselineapp.com","good","ok","no","no"
"melissa@onthefrio.com","good","ok","no","no"
"melissa@sugarhousecanna.com","good","ok","no","no"
"melissa@taylorstreetco.com","good","ok","no","no"
"melissa@yourdentalrecruiter.com","good","ok","no","no"
"melody@vantagepointmba.com","good","ok","no","no"
"melzaim@samiosystems.com","good","ok","no","no"
"mengyuan@taiatech.com","risky","catch_all","no","no"
"mercedes@atonedbody.com","good","ok","no","no"
"meredith@skinfinity242.com","good","ok","no","no"
"meredith@waypointfinanceadvisory.com","good","ok","no","no"
"met@olivejune.com","good","ok","no","no"
"metodiya@theconsulate.nyc","risky","catch_all","no","no"
"mgold@odysseanmedia.com","good","ok","no","no"
"mgresh@altdevstudios.com","good","ok","no","no"
"mh@eirsoccer.com","good","ok","no","no"
"mh@hagensmedia.com","good","ok","no","no"
"mherbert@chewy.com","good","ok","no","no"
"mhodde@reconstructiveortho.com","good","ok","no","no"
"mhubbard@rampcil.org","good","ok","no","no"
"mia.guild@hometownfoodcompany.com","good","ok","no","no"
"mia@rosy-arts.com","good","ok","no","no"
"mia@simplyrevops.io","risky","catch_all","no","no"
"micah@thewholebowl.com","risky","catch_all","no","no"
"micha@northshoresearch.net","good","ok","no","no"
"michael.ianni@generalmills.com","good","ok","no","no"
"michael.maltsev@riger.us","good","ok","no","no"
"michael.marecle@emberstreamstudio.com","risky","catch_all","no","no"
"michael.mclaughlin@path66.com","good","ok","no","no"
"michael.mercier@chatdod.ai","good","ok","no","no"
"michael@aestheticaimarketing.com","good","ok","no","no"
"michael@clearsignals.ai","risky","catch_all","no","no"
"michael@ddwdrugtestingservices.com","good","ok","no","no"
"michael@fyrolabs.com","good","ok","no","no"
"michael@get-zipped.com","good","ok","no","no"
"michael@getbrain.ai","risky","catch_all","no","no"
"michael@lab358.ai","risky","catch_all","no","no"
"michael@meadoh.com","good","ok","no","no"
"michael@morewealthmanagement.com","good","ok","no","no"
"michael@nextdoorleasing.com","good","ok","no","no"
"michael@officextend.com","good","ok","no","no"
"michael@optimuslabs.io","good","ok","no","no"
"michael@practicalgrowthcompany.com","good","ok","no","no"
"michael@revspanadvisors.com","risky","catch_all","no","no"
"michael@sandstormtequila.com","good","ok","no","no"
"michael@shearermail.com","good","ok","no","no"
"michael@storybonsai.com","good","ok","no","no"
"michael@thedauphineegroup.com","risky","catch_all","no","no"
"michael@twinprime.ai","good","ok","no","no"
"michael@unchartedlearning.org","good","ok","no","no"
"michael@varity.so","good","ok","no","no"
"michaelford@humancoreinno.com","good","ok","no","no"
"michaelyork@raymondtec.com","good","ok","no","no"
"michal@nerfie.ai","risky","catch_all","no","no"
"michele.desmet@mw.accountants","good","ok","no","no"
"michele@compliancefirstai.com","good","ok","no","no"
"michelle.van@kepler.ai","risky","catch_all","no","no"
"michelle.wallace@enlyte.com","bad","invalid","no","no"
"michelle@hollidaywp.com","good","ok","no","no"
"michelle@momentumorganizing.com","good","ok","no","no"
"michelle@mpactorlando.com","bad","invalid","no","no"
"michelle@venpathglobal.com","good","ok","no","no"
"michelleb@easyreportpro.com","good","ok","no","no"
"micky@accre.us","good","ok","no","no"
"miguel@headstart.health","good","ok","no","no"
"miguel@rsware.es","good","ok","no","no"
"mihirthosar@babadook.tech","good","ok","no","no"
"mikael@trovee.ai","good","ok","no","no"
"mikayel@picsart.com","good","ok","no","no"
"mike.gadzalski@alertmedia.com","good","ok","no","no"
"mike.massaro@trilogyems.com","good","ok","no","no"
"mike.perko@500fistbumps.org","risky","unknown","no","no"
"mike@bishopinvestmentmanagement.com","good","ok","no","no"
"mike@farmersandbankersbrewing.com","good","ok","no","no"
"mike@getuplvl.com","risky","unknown","no","no"
"mike@hawthornbev.com","good","ok","no","no"
"mike@intownads.com","risky","catch_all","no","no"
"mike@lifeconstruction.us","risky","catch_all","no","no"
"mike@pricelove.co","good","ok","no","no"
"mike@stonetowerwinery.com","good","ok","no","no"
"mike@upvance.nl","good","ok","no","no"
"mike@usdicoin.com","good","ok","no","no"
"mike@vanishedvalley.com","risky","catch_all","no","no"
"mikepfeffer@forgeprojectconsulting.com","good","ok","no","no"
"mikey@madstreetfilms.com","good","ok","no","no"
"mikhail@heyseven.ai","risky","catch_all","no","no"
"miles.crow@openhealthdata.com","good","ok","no","no"
"milos@inverto-group.com","risky","catch_all","no","no"
"min@heyea.ai","risky","catch_all","no","no"
"minot@goodalpha.vc","good","ok","no","no"
"mirko@transportationcode.com","good","ok","no","no"
"miryam@gameplanassociates.com","good","ok","no","no"
"mitch@mitchellsangola.com","good","ok","no","no"
"mitch@onebison.us","risky","catch_all","no","no"
"mitchell@mitchell.com","good","ok","no","no"
"mithilesh@irismobility.org","good","ok","no","no"
"mivehchi@biretechnologies.com","good","ok","no","no"
"mj@jefferiesagency.com","good","ok","no","no"
"mjohnson@actualimplementation.com","risky","unknown","no","no"
"mking@ckconxus.com","good","ok","no","no"
"mlange@cloudflexbroadcast.com","good","ok","no","no"
"mm@eightyfourninety.com","risky","catch_all","no","no"
"mmargiotta@1045inc.com","good","ok","no","no"
"mmartinez@mirandadeliciosa.com","risky","unknown","no","no"
"mmcdavid@traveljack.com","good","ok","no","no"
"mmendiola@tacinsight.com","good","ok","no","no"
"mmills@360painting.com","good","ok","no","no"
"mmurdock@corehealthyclean.com","risky","catch_all","no","no"
"moffattngugi@zingirapesa.com","risky","catch_all","no","no"
"mohamad.merhi@creativetechy.com","good","ok","no","no"
"molly@herhousetalent.com","good","ok","no","no"
"moma@momaseye.com","risky","catch_all","no","no"
"mona@spark-wonder.com","good","ok","no","no"
"monica.wright@docoschools.org","good","ok","no","no"
"monica@monicacleanllc.com","good","ok","no","no"
"monica@myrescuerituals.com","good","ok","no","no"
"monicar@themarketingblender.com","good","ok","no","no"
"monique@10clarke.com","risky","catch_all","no","no"
"monte@lpoperating.com","good","ok","no","no"
"mora@seasus.land","risky","unknown","no","no"
"morgan@fol-io.com","risky","catch_all","no","no"
"morganspencer@mspen.us","good","ok","no","no"
"moritz.bruder@avallon.ai","good","ok","no","no"
"mortizbenz@haldune.com","good","ok","no","no"
"mortodo@bu.edu","good","ok","no","no"
"motty@mavainsure.com","good","ok","no","no"
"mozturk@nordync.com","good","ok","no","no"
"mp9@chancescout.com","good","ok","no","no"
"mpergola@tsenergyllc.com","good","ok","no","no"
"mportela@aivanguardart.com","good","ok","no","no"
"mrabina@rabina.com","good","ok","no","no"
"mrahim@marssportslaw.com","bad","invalid","no","no"
"mredbord@sightlift.ai","good","ok","no","no"
"mrojas@shiftiq.ai","risky","catch_all","no","no"
"msalem@salemsconsulting.com","good","ok","no","no"
"msath@bu.edu","good","ok","no","no"
"mschmidt@basecobio.com","good","ok","no","no"
"mschutz@foliofilms.co","bad","invalid","no","no"
"mschwarz@rltlogistics.net","good","ok","no","no"
"msenyko@lyonhillstrategies.com","good","ok","no","no"
"mserviss@servissstation.com","good","ok","no","no"
"mshaikh@kodensoft.com","good","ok","no","no"
"mshain@takemates.com","good","ok","no","no"
"msheather@whizkidacademy.com","risky","catch_all","no","no"
"mshipley@sclogic.com","good","ok","no","no"
"msimms@heartlandhr.net","good","ok","no","no"
"mst@holisticeduservices.com","good","ok","no","no"
"mthomas@wealthshepard.com","risky","unknown","no","no"
"mubarak@halabeauty.com.my","good","ok","no","no"
"mudit@boostpad.net","risky","catch_all","no","no"
"muizz@musezzium.com","bad","invalid","no","no"
"mukooza.simon@empyreanroots.earth","bad","invalid","no","no"
"muneer@raqmautomation.com","good","ok","no","no"
"munish@asquarefinserv.us","risky","catch_all","no","no"
"murray87@buffalo.edu","good","ok","no","no"
"murthy@xavor.ai","risky","catch_all","no","no"
"mustafa@adgenixagency.com","risky","catch_all","no","no"
"mvp@nationalpettransport.com","bad","invalid","no","no"
"mwolff@abramslaw.com","good","ok","no","no"
"mya@snoozlesocialmedia.com","good","ok","no","no"
"myanhphan@popped-up.com","good","ok","no","no"
"mynaturalplayce@ilj.com","good","ok","no","no"
"myra@myranim.com","good","ok","no","no"
"n.anderson@ridgebackinfra.com","good","ok","no","no"
"nader@graphonosmaterials.com","good","ok","no","no"
"nadia@inspiredbynadia.com","risky","unknown","no","no"
"nadia@nadiamurdockfit.com","good","ok","no","no"
"nadya@mosaicminds.us","risky","catch_all","no","no"
"naftali@enhanced-labs.com","good","ok","no","no"
"nagganis@edgeautomationsolutions.com","good","ok","no","no"
"naisiadet@naikitaiconsulting.com","risky","catch_all","no","no"
"nakisha.stephens@igs.com","good","ok","no","no"
"nancy@madhrasi.com","risky","unknown","no","no"
"nancy@perfectscentskc.com","risky","unknown","no","no"
"nancy@promisefundofflorida.org","bad","invalid","no","no"
"nandhi@virgostudio.nyc","risky","catch_all","no","no"
"naresh.bobade@acilinos.com","good","ok","no","no"
"narivera@suffolk.com","good","ok","no","no"
"nasim@curetechbilling.com","good","ok","no","no"
"nataliar@rennacollective.com","good","ok","no","no"
"natalie@athletesoncall.com","good","ok","no","no"
"natalie@bestillbookkeepingllc.com","risky","catch_all","no","no"
"natalie@hellohollier.com","risky","catch_all","no","no"
"natalie@regbase.com","good","ok","no","no"
"natalie@rlaccservices.com","risky","catch_all","no","no"
"natan.e@sitewisemedia.com","bad","invalid","no","no"
"natasha@wrappersdelight-llc.com","risky","catch_all","no","no"
"nate@affordabledogsleds.com","good","ok","no","no"
"nate@duegooder.com","risky","catch_all","no","no"
"nate@powercarveatx.com","good","ok","no","no"
"nate@teamgoodwin.com","risky","catch_all","no","no"
"nathan.white@lumanity.com","risky","catch_all","no","no"
"nathan@canaveral.ai","risky","catch_all","no","no"
"nathan@clickwrightmedia.com","good","ok","no","no"
"nathan@fulfillmentheros.com","good","ok","no","no"
"nathan@gfmrockwall.com","good","ok","no","no"
"nathan@pine.ca","good","ok","no","no"
"nathan@tourthemetropolis.com","bad","invalid","no","no"
"naveen.katragadda@optum.com","good","ok","no","no"
"nayan@dhisolve.com","good","ok","no","no"
"neal@harringtonft.com","good","ok","no","no"
"neeha@figural.world","good","ok","no","no"
"neerja@rhythmofsuccess.com","good","ok","no","no"
"neha@healthexpress.care","good","ok","no","no"
"nehemiahl@uniqueindividualatlanta.org","good","ok","no","no"
"netasja.hatcher@globalstrategicbc.com","good","ok","no","no"
"ngraham@rgcompanyusa.com","good","ok","no","no"
"nhollingshead@wildcatconsultingservice.com","good","ok","no","no"
"nic@kressmann-studio.com","good","ok","no","no"
"nicholas.everhart@micasafresh.com","good","ok","no","no"
"nicholas@happysignskc.com","bad","invalid","no","no"
"nicholas@irokotechnologies.com","good","ok","no","no"
"nicholas@thicket.com","good","ok","no","no"
"nicholas@vulcanrobotics.ai","risky","catch_all","no","no"
"nick.goss@mlssoccer.com","good","ok","no","no"
"nick.smith@vidloft.com","risky","catch_all","no","no"
"nick.stanley@donaldson.com","good","ok","no","no"
"nick@adworth.app","good","ok","no","no"
"nick@bringthebeat.co","risky","unknown","no","no"
"nick@growthframe.co","good","ok","no","no"
"nick@hauseit.com","good","ok","no","no"
"nick@nbconcepts.com","good","ok","no","no"
"nick@pelycon.com","good","ok","no","no"
"nick@prairie.cc","risky","unknown","no","no"
"nick@sage-geo.com","good","ok","no","no"
"nick@stayoakandember.com","good","ok","no","no"
"nick@truvy.com","good","ok","no","no"
"nick@tympotour.com","good","ok","no","no"
"nickolaskimberlin@marked-mango.com","good","ok","no","no"
"nicolas@motived.org","good","ok","no","no"
"nicolasrivera@solidfactorconsulting.com","good","ok","no","no"
"nicole@advocatedpc.com","good","ok","no","no"
"nicole@bifsnacks.com","good","ok","no","no"
"nicole@hellomanythanks.com","good","ok","no","no"
"nicole@hm-strategies.com","bad","invalid","no","no"
"nicole@lemonwave.life","good","ok","no","no"
"nicole@medvient.com","good","ok","no","no"
"nicole@modernanarchypodcast.com","good","ok","no","no"
"nicole@primaprojects.com","risky","catch_all","no","no"
"nicole@theluminescentleader.org","good","ok","no","no"
"nicole@thesystemizedceo.com","bad","invalid","no","no"
"nicole@voltraenergyus.com","risky","catch_all","no","no"
"nicolegohil@sagevalleytherapy.com","good","ok","no","no"
"nicoleschulte@breakthroughsalesconsulting.com","good","ok","no","no"
"nicovblock@blockandhewston.com","good","ok","no","no"
"niela@reverieandcoevents.com","good","ok","no","no"
"nikita@kleosgroup.com","good","ok","no","no"
"nikki@claudinepr.com","good","ok","no","no"
"niko@guardiantcg.app","risky","catch_all","no","no"
"niko@nikosnaturals.com","bad","invalid","no","no"
"nilo@vamospadel.info","risky","unknown","no","no"
"nima.badri@hms-networks.com","good","ok","no","no"
"nina@mach1-performance.com","good","ok","no","no"
"nina@selefina.com","risky","catch_all","no","no"
"nirvana@fingerwavetechnologies.com","good","ok","no","no"
"nisha@gourmetchariot.com","good","ok","no","no"
"nitai@csrescue.com","good","ok","no","no"
"njenkins@jenkinswoodwrights.com","good","ok","no","no"
"nk@weltkern.com","good","ok","no","no"
"nkitchen@tallgrass3d.com","good","ok","no","no"
"nmalucha@sewerratmarketing.com","risky","catch_all","no","no"
"nneka@thewatkinscollective.com","good","ok","no","no"
"nnenna@burna.ai","good","ok","no","no"
"nnguyen@bioflare.co","bad","invalid","no","no"
"noah@aibuildpartners.com","good","ok","no","no"
"noah@profilelaunch.us","good","ok","no","no"
"noemie@useclayheadhunter.com","good","ok","no","no"
"nolan@bots-4-events.com","risky","catch_all","no","no"
"nolan@echelonmarketingus.com","good","ok","no","no"
"noman.jalal@techfy.io","good","ok","no","no"
"nongae@herdfoundation.com","good","ok","no","no"
"noor@7springnyc.com","risky","catch_all","no","no"
"nora@whyfully.com","good","ok","no","no"
"norka@caribbeanfashioncollective.com","good","ok","no","no"
"nowlin@thecreeksoftware.com","good","ok","no","no"
"nshipley@bio.org","good","ok","no","no"
"nsrobinson@alturuscapital.com","good","ok","no","no"
"ntaylor@utexas.edu","good","ok","no","no"
"ntsamis@mitre.org","bad","invalid","no","no"
"nuno@illixis.io","good","ok","no","no"
"nyah@toxome.app","risky","unknown","no","no"
"nycole@nycolekelly.com","good","ok","no","no"
"obi@buildingournextescape.com","risky","catch_all","no","no"
"ofri@owniful.com","risky","catch_all","no","no"
"ola.ajayi@mundoprints.com","risky","catch_all","no","no"
"olaf@kreitz.de","good","ok","no","no"
"oleg@thinklink.ai","good","ok","no","no"
"olga@guidethemind.com","risky","catch_all","no","no"
"olga@premiaadvisors.com","good","ok","no","no"
"oliver.garcia@scalerecurringgrowth.com","bad","invalid","no","no"
"oliver.thomas@ottechnologies1.com","good","ok","no","no"
"oliver@tryfieldindex.com","risky","catch_all","no","no"
"oliverm@bu.edu","good","ok","no","no"
"olivia@lumesecurity.com","risky","catch_all","no","no"
"olivia@shopgrippe.com","good","ok","no","no"
"olivia@smpl-design.com","good","ok","no","no"
"olivier@agency6.com","risky","catch_all","no","no"
"olu.olaniyan@pubsec.wwt.com","good","ok","no","no"
"omar@cpcompliance.co","good","ok","no","no"
"omar@omarknowsvideo.com","good","ok","no","no"
"omer@jointrak.io","good","ok","no","no"
"opeyemi@tryfisher.com","risky","unknown","no","no"
"oramirez@paintingempires.com","risky","catch_all","no","no"
"oren@secondcrew.ai","good","ok","no","no"
"oreo@chreeceaf.com","good","ok","no","no"
"oreynold@ashland.edu","good","ok","no","no"
"orhan@vizio.ai","good","ok","no","no"
"ori@hillms.com","good","ok","no","no"
"orin@5sbrands.com","good","ok","no","no"
"ornella@livingayni.org","good","ok","no","no"
"oscar@pedalandkey.com","good","ok","no","no"
"othoniel@data4rest.com","risky","unknown","no","no"
"otis@checkpointpictures.com","bad","invalid","no","no"
"otis@ventr.so","risky","catch_all","no","no"
"oumou@jokowellness.com","good","ok","no","no"
"ounlu@aiwithcare.com","good","ok","no","no"
"owen@arbadger.com","good","ok","no","no"
"oyemwen@oyemwen.com","good","ok","no","no"
"p.rozanski@tkhsecurity.com","good","ok","no","no"
"pablo@infinitewatch.ai","risky","catch_all","no","no"
"paige@lilaandhayes.com","good","ok","no","no"
"paige@parksportsandparadise.com","good","ok","no","no"
"pamela.packard@ewobnetwork.com","bad","invalid","no","no"
"pamela@firstbitehospitality.com","good","ok","no","no"
"pamela@pkcommunications.co","risky","catch_all","no","no"
"panh@ooumamistreetfood.com","good","ok","no","no"
"parker@pbrservices.net","risky","catch_all","no","no"
"parth@extdata.ai","good","ok","no","no"
"partha@volonxt.com","good","ok","no","no"
"pascale.sejean@greyco.com","good","ok","no","no"
"pastor@cohesionclt.org","good","ok","no","yes"
"pat@docpopcorn.com","good","ok","no","no"
"pat@isiresults.com","good","ok","no","no"
"patrichs.aglubat@meldmedium.com","good","ok","no","no"
"patricia@asperity.ai","good","ok","no","no"
"patricia@vertazengroup.com","bad","invalid","no","no"
"patrick.jung@oprones.com","good","ok","no","no"
"patrick@cetrapartners.com","good","ok","no","no"
"patrick@cleanedpristinesolutions.com","risky","catch_all","no","no"
"patrick@gmakcap.com","good","ok","no","no"
"patrick@magnifatent.com","good","ok","no","no"
"patrick@motorcade.vip","good","ok","no","no"
"patrick@myshiftchange.com","good","ok","no","no"
"patrick@teralynk.com","good","ok","no","no"
"patrick@the-krewe.com","risky","catch_all","no","no"
"patrick@timerguys.com","good","ok","no","no"
"patrick@waldingsolutionsllc.com","good","ok","no","no"
"patty.dandrea@healingwithhorsesranch.org","good","ok","no","no"
"pau.colas@neuronadigital.es","good","ok","no","no"
"paul.clark@clarkvantagegroup.com","risky","unknown","no","no"
"paul.elliott@ironrockwealth.com","risky","unknown","no","no"
"paul.zyla@purlinhorizonstech.com","good","ok","no","no"
"paul@airecoverycollective.com","good","ok","no","no"
"paul@confidentux.com","good","ok","no","no"
"paul@crimaa.com","good","ok","no","no"
"paul@cybri.com","good","ok","no","no"
"paul@decodablereads.com","good","ok","no","no"
"paul@electiotechnologies.com","good","ok","no","no"
"paul@expobeyondlimits.com","good","ok","no","no"
"paul@fiahospitality.com","good","ok","no","no"
"paul@fuf.de","bad","invalid","no","no"
"paul@kamishcreative.com","good","ok","no","no"
"paul@ouros.ai","good","ok","no","no"
"paul@precipicestay.com","good","ok","no","no"
"paul@sourcefortraining.com","risky","unknown","no","no"
"paula@ariawealthpartners.com","good","ok","no","no"
"paula@familyrosaries.com","good","ok","no","no"
"pauldeep@bettorca.com","good","ok","no","no"
"paulj@theflhomegroup.com","good","ok","no","no"
"paulo@vixon.pro","good","ok","no","no"
"paulr@usaninjachallenge.com","good","ok","no","no"
"pawlos@auriela.io","risky","catch_all","no","no"
"pbiggs@simmersive.ai","risky","catch_all","no","no"
"pdennis@greenline-hr.com","good","ok","no","no"
"pearl@sistemtutoring.com","good","ok","no","no"
"pecb@chironscientific.com","good","ok","no","no"
"pedro@ciao-sicily.com","good","ok","no","no"
"pedro@tactforcefinancial.com","good","ok","no","no"
"peg@little-inspirations.com","good","ok","no","no"
"penelope.montes@knokx.com","bad","invalid","no","no"
"penny.lee@ontheaveconsulting.com","good","ok","no","no"
"penny@1610bookkeeping.com","risky","catch_all","no","no"
"penny@pennyrosema.com","bad","invalid","no","no"
"perry@caterbytes.com","good","ok","no","no"
"pete9396@crk.umn.edu","bad","invalid","no","no"
"pete@petescalia.com","good","ok","no","no"
"peter.kim@balcony.group","good","ok","no","no"
"peter.makar@cvshealth.com","good","ok","no","no"
"peter@appleyard-pal.co.uk","good","ok","no","no"
"peter@pennhome.net","good","ok","no","no"
"peter@peterkrausfitness.com","risky","catch_all","no","no"
"peter@smartcompanyai.com","good","ok","no","no"
"peter@tabstpaul.com","good","ok","no","no"
"peterc@nocoaisolutions.com","good","ok","no","no"
"peyman@nairihealth.com","good","ok","no","no"
"pg@ledpax.co","good","ok","no","no"
"pharris@pryzm.io","good","ok","no","no"
"phil.fox@sinewmanagementgroup.com","good","ok","no","no"
"philburrows@burrowsadvisory.com","good","ok","no","no"
"philip@refinedva.com","risky","catch_all","no","no"
"philiphess@bpnsolutions.com","good","ok","no","no"
"phillip@intelliplay.io","risky","catch_all","no","no"
"phillip@launchbpo.com","good","ok","no","no"
"pierce@verdocs.com","risky","catch_all","no","no"
"pihn@boconcept.us","good","ok","no","no"
"pinto@cowlytic.com","good","ok","no","no"
"piyush.lamoria@mazinc.com","good","ok","no","no"
"pj@lemonadestandfilms.com","good","ok","no","no"
"pmiller@veritycare.management","risky","unknown","no","no"
"pmortimer@indeed.com","good","ok","no","no"
"podenkirk@sspa.com","good","ok","no","no"
"poe@nyantrace.ai","good","ok","no","no"
"polina@prostepstudio.com","good","ok","no","no"
"poyelakin@pjpros.com","good","ok","no","no"
"pr@rychem.com","good","ok","no","yes"
"pradeep.sadineni@rits-it.com","good","ok","no","no"
"prakash.mohandas@repairondemand.com","good","ok","no","no"
"pramod@rqvst.ai","good","ok","no","no"
"prasad@infyshine.com","good","ok","no","no"
"prashant@inprava.com","good","ok","no","no"
"prasoona@yugamgroup.com","good","ok","no","no"
"premi@chefexpress.it","bad","invalid","no","no"
"preston@foundershelpline.com","risky","catch_all","no","no"
"preston@memorialridge.com","good","ok","no","no"
"prestonj@mahigaming.com","bad","invalid","no","no"
"priscilla@itscillahope.com","risky","catch_all","no","no"
"prmiller@alcchildcare.com","good","ok","no","no"
"procurement@cornerstonetechnologysupply.com","good","ok","no","yes"
"prudence@shoesnbooze.com","good","ok","no","no"
"ps@walktru.io","good","ok","no","no"
"pshah@cantongroup.com","good","ok","no","no"
"purnendu.chatterjee@tcgny.com","good","ok","no","no"
"pwalker@blueridgecfogroup.com","risky","unknown","no","no"
"pweis@horizonhaus.com","good","ok","no","no"
"qadelani@onlinetech.com","bad","invalid","no","no"
"quincy@labro.info","good","ok","no","no"
"quinn@harmonycpaconsulting.com","risky","unknown","no","no"
"quinn@yuzu.health","good","ok","no","no"
"r.alfred@vai-core.com","good","ok","no","no"
"rachael@blueberrieproperties.com","good","ok","no","no"
"rachael@femsweat.com","good","ok","no","no"
"rachael@sharpstudiosusa.com","risky","catch_all","no","no"
"rachel.hughes@fortishieldcap.com","good","ok","no","no"
"rachel@arkadyliving.co","good","ok","no","no"
"rachel@clarityhaus.marketing","good","ok","no","no"
"rachel@copynco.com","good","ok","no","no"
"rachel@heroicaxe.com","good","ok","no","no"
"rachel@rachelpaulrecruiting.com","risky","catch_all","no","no"
"rachel@rachelwixey.com","good","ok","no","no"
"rachel@rbrands.co","good","ok","no","no"
"rachel@thryvegrowth.co","good","ok","no","no"
"rachelle@afuriaesthetics.com","good","ok","no","no"
"rachid@sbchecks.com","good","ok","no","no"
"rad@funnelcakemd.ai","risky","catch_all","no","no"
"radu@reoxis.com","good","ok","no","no"
"raeden@wavcards.com","bad","invalid","no","no"
"raf.xie@syrovex.com","good","ok","no","no"
"rafael@whatssupp.app","good","ok","no","no"
"ragland@connected-autonomy.com","good","ok","no","no"
"rahul@quarkmemory.com","risky","unknown","no","no"
"raj@neuraception.com","good","ok","no","no"
"raj@phoodstyle.com","good","ok","no","no"
"rajan@figsandhoneycatering.com","good","ok","no","no"
"rajaswa@maximor.ai","good","ok","no","no"
"raksha@houseofsantal.com","good","ok","no","no"
"ralph@okeesteakhouse.com","good","ok","no","no"
"ram@getopera.ai","risky","unknown","no","no"
"rami.badr@astravoice.co","bad","invalid","no","no"
"rami@humaloom.ai","good","ok","no","no"
"ramy@bonocle.co","risky","unknown","no","no"
"randa@inkandwonder.co","bad","invalid","no","no"
"randy.huynh@bristlecone.com","good","ok","no","no"
"randy@loweandbehold.com","good","ok","no","no"
"randy@stl-style.com","risky","catch_all","no","no"
"raphael@neurohavenmiami.com","good","ok","no","no"
"raphaela@cedarfunnel.com","good","ok","no","no"
"raquel.wietschner@supergoop.com","good","ok","no","no"
"rasel@arperfume.com","good","ok","no","no"
"rashed@mutandigitalmarketing.com","good","ok","no","no"
"raul@blastofftoysandgames.com","risky","unknown","no","no"
"raul@consultingauthoritysystems.com","risky","catch_all","no","no"
"ravin@kismetkapital.com","risky","catch_all","no","no"
"rawbar@thebrothershuckers.com","good","ok","no","no"
"ray@nextdaybaths.com","good","ok","no","no"
"ray@squarewaves.io","good","ok","no","no"
"rayansh@gosocialsect.com","good","ok","no","no"
"raza@cddwebdesign.com","good","ok","no","no"
"rbonds@aquinasnetwork.com","good","ok","no","no"
"rbrodie@lighthousesafeharbor.com","good","ok","no","no"
"rcurtis@blktravel.com","good","ok","no","no"
"rdowns@usa-guard.com","good","ok","no","no"
"rebecca@ascended-consulting.com","good","ok","no","no"
"rebecca@dantaconsulting.com","good","ok","no","no"
"rebecca@heypuds.com","risky","catch_all","no","no"
"reese@wearecomplex.com","risky","catch_all","no","no"
"regan@reganwalsh.com","good","ok","no","no"
"regatcy.g@bostonbrandmedia.com","risky","catch_all","no","no"
"rehaan@actuallypost.com","good","ok","no","no"
"reham.sadek@mylrh.org","good","ok","no","no"
"rehan@digicarehouse.com","good","ok","no","no"
"remi@theforensicfunnel.com","bad","invalid","no","no"
"remo.d@nubeamgensynergy.online","good","ok","no","no"
"remy@certidox.com","good","ok","no","no"
"renee@dmpne.com","good","ok","no","no"
"renee@dominoeffect.net","good","ok","no","no"
"renee@rkf-solutions.com","good","ok","no","no"
"reneecallahan@prospective-realty.com","bad","invalid","no","no"
"reneef@thecomunique.com","good","ok","no","no"
"rex@digitalacadiana.com","good","ok","no","no"
"rfrackt@sumersaulttech.com","good","ok","no","no"
"rgarza@rtjaviation.com","good","ok","no","no"
"rgoyette@mynesg.com","good","ok","no","no"
"rgrigore@phoenixdevelopmental.com","good","ok","no","no"
"rguy@veteranlawnsandlandscapes.com","bad","invalid","no","no"
"rhea@rhealsolutions.com","good","ok","no","no"
"rhianydd.hylton@lonelyplanet.com","good","ok","no","no"
"rhondashear@shearenterprises.com","good","ok","no","no"
"ria@nextgravity.com","good","ok","no","no"
"rich@lightshedvc.com","good","ok","no","no"
"rich@p-ai.net","good","ok","no","no"
"richard.canales@canalestech.com","good","ok","no","no"
"richard@amibeachclub.com","good","ok","no","no"
"richard@cutlets.co","bad","invalid","no","no"
"richard@imrbilling.com","good","ok","no","no"
"richard@lawyer19.onmicrosoft.com","good","ok","no","no"
"richard@stlabs.ai","good","ok","no","no"
"richie@earthworkcollective.com","risky","catch_all","no","no"
"rick.covert@invictavs.com","good","ok","no","no"
"rick@bergman.marketing","bad","invalid","no","no"
"rick@srhmediagroup.com","good","ok","no","no"
"rick@thepinpointpress.com","risky","catch_all","no","no"
"rick@upscalepatiocleaning.com","good","ok","no","no"
"ricky@alpinesearchpartners.com","good","ok","no","no"
"ridhita@bbecp.com","good","ok","no","no"
"ried@von-graffenried.com","risky","catch_all","no","no"
"rik@rabauw.org","good","ok","no","no"
"riley@humanityandhopeunited.org","good","ok","no","no"
"riley@risexdigital.com","good","ok","no","no"
"rishabh@uselatice.com","good","ok","no","no"
"rita@birdiebistro.co","risky","unknown","no","no"
"river@models.com","good","ok","no","no"
"rjohnson@invitationhomes.com","good","ok","no","no"
"rjs@ryanjscott.com","good","ok","no","no"
"rmccarthy@blackpointfg.com","good","ok","no","no"
"rmiller@prairiebiosciences.com","good","ok","no","no"
"rob@carboncre.ai","risky","catch_all","no","no"
"rob@hedgeducate.com","good","ok","no","no"
"rob@leaderreps.com","risky","catch_all","no","no"
"rob@oss-ok.com","good","ok","no","no"
"rob@thebreakroom.ai","risky","catch_all","no","no"
"rob@triyou.com","good","ok","no","no"
"robb@thehomestarservice.com","risky","unknown","no","no"
"robbie@luxe-scale.com","risky","catch_all","no","no"
"robbie@thetunnlgroup.com","good","ok","no","no"
"robby@jobsjudo.com","good","ok","no","no"
"robby@neolifept.com","risky","catch_all","no","no"
"robcohen@xperientialmarketplace.com","good","ok","no","no"
"robert@aflourishing.life","good","ok","no","no"
"robert@chiefaio.io","good","ok","no","no"
"robert@coded2lead.com","risky","catch_all","no","no"
"robert@credit1solutions.com","good","ok","no","no"
"robert@festingeradvisors.com","risky","catch_all","no","no"
"robert@lidardroneservices.com","risky","unknown","no","no"
"robert_kegan@mindsatwork.com","good","ok","no","no"
"roberta@learnmindfully.co","good","ok","no","no"
"roberto@simontecuida.com","risky","catch_all","no","no"
"robin@robinasbell.com","risky","catch_all","no","no"
"robyn@sisterwives.com","risky","unknown","no","no"
"rodrigo@kogiventures.com","good","ok","no","no"
"roey@lucyheritage.io","good","ok","no","no"
"roger@destinflorida.com","good","ok","no","no"
"roger@dogtiredguitars.com","good","ok","no","no"
"roger@ngonggovernance.com","good","ok","no","no"
"rogerstorm@aibystorm.com","risky","catch_all","no","no"
"rohan@heybrio.ai","risky","catch_all","no","no"
"rohith@attentionportfoliob2b.com","good","ok","no","no"
"roman.jasso@independencepoint.com","good","ok","no","no"
"roman@fernvayconsulting.com","good","ok","no","no"
"roman@makhmutov.com","bad","invalid","no","no"
"romir.jain@hikaflow.com","good","ok","no","no"
"ron@bolton.llc","good","ok","no","no"
"ron@campyoshi.com","risky","catch_all","no","no"
"ron@heart-mindlife.net","bad","invalid","no","no"
"ron@liveoakpizza.com","good","ok","no","no"
"ron@pinnaclelogisticsadvisors.com","risky","catch_all","no","no"
"ron@rtburdaconsulting.com","good","ok","no","no"
"rona@edelmancoloranddesign.com","risky","catch_all","no","no"
"ronald@wackermanagement.com","risky","catch_all","no","no"
"ronmartone@leviathansolutions.com","good","ok","no","no"
"ronnie@rlgproductions.org","good","ok","no","no"
"rose@rose-rivera.com","good","ok","no","no"
"roslyn@truegridco.com","risky","catch_all","no","no"
"ross.rhett@solc.co","good","ok","no","no"
"ross@benefitly.ai","good","ok","no","no"
"ross@creterminal.com","good","ok","no","no"
"roulla@ciirus.com","good","ok","no","no"
"rowe.rhett@solc.co","good","ok","no","no"
"roxana@rocksgy.com","risky","catch_all","no","no"
"royce@sentience.com","risky","catch_all","no","no"
"roza.vinogradov@nyulangone.org","good","ok","no","no"
"rozda@animus.tech","good","ok","no","no"
"rphillips@fedex.com","risky","unknown","no","no"
"rpinheiro@americanconstructors.com","good","ok","no","no"
"rquinn@salesianhigh.org","good","ok","no","no"
"rreid@salessim360.co","good","ok","no","no"
"rroark@portercreekinstruments.com","bad","invalid","no","no"
"rrobertson@amplify.com","good","ok","no","no"
"rsailor@metalsales.us.com","bad","invalid","no","no"
"ruhaan.munjuluri@ventrilinks.com","good","ok","no","no"
"rukesaw@boxerproperty.com","good","ok","no","no"
"rukmal@treehousechalets.com","good","ok","no","no"
"russ@russfarmer.com","good","ok","no","no"
"russell.n@baypaybank.com","bad","invalid","no","no"
"russell@bigyellowtaxi.com","risky","unknown","no","no"
"russell@smarthaven.house","good","ok","no","no"
"russellwells@thisisyou33.onmicrosoft.com","good","ok","no","no"
"ruth@getkept.ai","good","ok","no","no"
"rvescio@x-analytics.com","good","ok","no","no"
"rwilliams@commit2conquer.org","good","ok","no","no"
"ryan.jones@flashinsightsai.com","risky","catch_all","no","no"
"ryan.lefers@iyris.com","good","ok","no","no"
"ryan.nanni@falconscottproductions.com","good","ok","no","no"
"ryan.pollard@safetyiq.com","good","ok","no","no"
"ryan.riley@tevet.com","good","ok","no","no"
"ryan.waterbury@onedog.solutions","good","ok","no","no"
"ryan@adessobakeshop.com","good","ok","no","no"
"ryan@archangel-laboratories.com","good","ok","no","no"
"ryan@bluegulfpartners.com","risky","catch_all","no","no"
"ryan@evora-solutions.com","risky","catch_all","no","no"
"ryan@frippn.com","good","ok","no","no"
"ryan@growthgoaled.com","good","ok","no","no"
"ryan@iphicrates.com","good","ok","no","no"
"ryan@myinkwellbooks.com","good","ok","no","no"
"ryan@northco.us","risky","unknown","no","no"
"ryan@northstarappliedresearch.com","good","ok","no","no"
"ryan@qscdesign.com","good","ok","no","no"
"ryan@roughtinc.com","good","ok","no","no"
"ryan@ryannottingham.com","good","ok","no","no"
"ryan@soshal.us","risky","catch_all","no","no"
"ryan@termloansolutions.com","good","ok","no","no"
"ryan@tulboxx.com","risky","catch_all","no","no"
"ryan@urnicus.com","risky","catch_all","no","no"
"ryanmason@bedrockdetroit.com","good","ok","no","no"
"rzest@pridetravelers.com","risky","catch_all","no","no"
"saahil@hello-gubby.com","risky","catch_all","no","no"
"sabrina@flutterbutterbakery.com","risky","catch_all","no","no"
"sabrina@narmhealth.com","good","ok","no","no"
"sabrina@sapien.team","risky","catch_all","no","no"
"sadie@favourlinens.com","risky","catch_all","no","no"
"sagarika@paulgistics.com","good","ok","no","no"
"sai.shah@holdmate.net","good","ok","no","no"
"sailash@sanvia.biz","good","ok","no","no"
"sakethgunda@utexas.edu","good","ok","no","no"
"sallen@allenappraisal.com","good","ok","no","no"
"salvatore.esposito@bellillo.co.uk","good","ok","no","no"
"sam.honold@cipco.net","good","ok","no","no"
"sam@beonixe.com","good","ok","no","no"
"sam@blueatlasbiologics.com","risky","catch_all","no","no"
"sam@helpdeskid.com","good","ok","no","no"
"sam@oakwood.marketing","good","ok","no","no"
"sam@phillycreate.shop","good","ok","no","no"
"sam@qargocoffee.com","good","ok","no","no"
"sam@shopthesample.com","good","ok","no","no"
"sam@solvedontsell.co","good","ok","no","no"
"sam@taketwomedia.co","good","ok","no","no"
"sam@usecobalt.com","good","ok","no","no"
"samantha@hundredsofstoriescounseling.com","risky","catch_all","no","no"
"samantha@radiancecommunications.com","good","ok","no","no"
"samar.godil@the-farms.com","good","ok","no","no"
"samara.toledo@risecatalyst.io","good","ok","no","no"
"samer.zaaim@eartechit.com","good","ok","no","no"
"samiq@callsquadmedia.com","good","ok","no","no"
"samir@credal.ai","good","ok","no","no"
"samir@forsetiverify.com","good","ok","no","no"
"sammy.cetinkaya@fikitech.com","good","ok","no","no"
"sammy@intervieux.ai","risky","catch_all","no","no"
"samuel.olvera@jll.com","good","ok","no","no"
"samuel@crowncitycleaning.com","good","ok","no","no"
"samuel@effectiveheadhuntersllc.org","bad","invalid","no","no"
"samyak@themarketingfactory.co","risky","unknown","no","no"
"sana@prereqcare.com","good","ok","no","no"
"sandeep@nearsite.com","good","ok","no","no"
"sandor@northfortydesign.com","good","ok","no","no"
"sandra@plaintr.com","risky","catch_all","no","no"
"sandy@growyourbusinessservices.com","bad","invalid","no","no"
"sandy@sandyescapes.com","good","ok","no","no"
"sanjana@sovereigntechconsultants.com","risky","catch_all","no","no"
"sanjay.thasma@altriks.com","good","ok","no","no"
"santiago@dueflow.co","good","ok","no","no"
"sara.smith@gdslink.com","good","ok","no","no"
"sara@athingforstyling.com","risky","unknown","no","no"
"sara@hellosandgoodbyes.com","good","ok","no","no"
"sara@houseofthyme.co","good","ok","no","no"
"sara@saraphernalia.com","good","ok","no","no"
"sara@travina.co","risky","catch_all","no","no"
"sarabland@thehiredside.com","good","ok","no","no"
"sarah.lindman@vistagechair.com","good","ok","no","no"
"sarah.taylor@dteenergy.com","good","ok","no","no"
"sarah@agapehandcraftedgoods.com","good","ok","no","no"
"sarah@aibodeco.com","good","ok","no","no"
"sarah@bilottarch.com","good","ok","no","no"
"sarah@cedarrockhp.com","good","ok","no","no"
"sarah@collegeboundcareerready.com","good","ok","no","no"
"sarah@colorismhealing.com","good","ok","no","no"
"sarah@kaseinsurex.com","risky","catch_all","no","no"
"sarah@sagetherapyadvisors.com","good","ok","no","no"
"sarah@sarahkrippner.com","good","ok","no","no"
"sarah@setpr.nyc","good","ok","no","no"
"sarah@thrivecommunitypartners.com","good","ok","no","no"
"sarah@vault-va.com","good","ok","no","no"
"saravanan@zeal-solutions.com","good","ok","no","no"
"sarthak@minervalabs.ai","good","ok","no","no"
"sarthak@nyx-media.com","good","ok","no","no"
"sasha@compsci.boutique","good","ok","no","no"
"sasha@nextautomation.us","good","ok","no","no"
"sastry@principiumx.com","risky","catch_all","no","no"
"sathwik@hirebuddy.ai","good","ok","no","no"
"saulbarragan@eternal-massage.com","good","ok","no","no"
"saurabh.aggarwal@fractalkx.com","good","ok","no","no"
"savier@rootedlawnandlandscape.com","good","ok","no","no"
"savina@midwestmuralco.com","bad","invalid","no","no"
"sb@traderspointpeds.com","good","ok","no","no"
"sbenk@captivatetx.com","good","ok","no","no"
"sbrohammer@amloginc.com","good","ok","no","no"
"sbrown@balkebrown.com","good","ok","no","no"
"sbushley@bcp.io","good","ok","no","no"
"sc@artmajeur.com","good","ok","no","no"
"scarter@carterhayes.com","good","ok","no","no"
"schorr@supplementai.io","good","ok","no","no"
"schroederl@uncw.edu","good","ok","no","no"
"scott.byrd@group44marketing.com","bad","invalid","no","no"
"scott.davies@tendorai.com","good","ok","no","no"
"scott.essex@activaited.com","risky","unknown","no","no"
"scott.hatch@heidelbergmaterials.com","good","ok","no","no"
"scott.krinsky@crystal-clean.com","good","ok","no","no"
"scott.markley@modulaa.ai","good","ok","no","no"
"scott@ardaventures.us","good","ok","no","no"
"scott@builtbyroth.com","good","ok","no","no"
"scott@cardvaultbytombrady.com","good","ok","no","no"
"scott@flexcalls.com","bad","invalid","no","no"
"scott@griproyal.com","risky","catch_all","no","no"
"scott@markmywordsmedia.com","good","ok","no","no"
"scott@nextmoveworkforce.com","good","ok","no","no"
"scott@notclosed.com","good","ok","no","no"
"scott@scottpayneoutdoorgroup.com","risky","catch_all","no","no"
"scott@texaspowerinspections.com","risky","catch_all","no","no"
"scottie.young@dell.com","bad","invalid","no","no"
"scotty@terrace.software","good","ok","no","no"
"sdelia@datashepherd.ai","good","ok","no","no"
"sdesilva@sea.samsung.com","good","ok","no","no"
"sdunlap@vanguardelec.com","good","ok","no","no"
"sdurham@bops.ai","good","ok","no","no"
"sean.gransee@248.ai","risky","catch_all","no","no"
"sean@bidthis.ai","good","ok","no","no"
"sean@craigbretthomes.com","good","ok","no","no"
"sean@first24plan.com","good","ok","no","no"
"sean@fitmygolfclubs.com","good","ok","no","no"
"sean@metabolicwellnessdoc.com","good","ok","no","no"
"sean@realmvtt.com","good","ok","no","no"
"sean@surfside.io","good","ok","no","no"
"sean@zoomlogi.com","risky","catch_all","no","no"
"seanbrown@fortna.com","risky","unknown","no","no"
"seb@noware.nyc","risky","catch_all","no","no"
"sebastian.j.colon@runi-uni.com","good","ok","no","no"
"sebastian@arquillasolutions.com","risky","catch_all","no","no"
"sebastian@clearpathhealthinsuranceagency.com","risky","catch_all","no","no"
"sebastian@usafactorynet.com","risky","catch_all","no","no"
"secure@mylesdavisprotect.com","risky","catch_all","no","no"
"segun@quecorex.com","risky","unknown","no","no"
"sekoud@progressivesolution.org","good","ok","no","no"
"selena@porfacoffee.com","good","ok","no","no"
"senad@twosens.us","risky","catch_all","no","no"
"serg@windo.io","good","ok","no","no"
"sergei@cascadefirm.com","risky","unknown","no","no"
"sergey@justtalk.ai","risky","unknown","no","no"
"sergi@rsware.es","good","ok","no","no"
"seth@rapidworth.com","risky","unknown","no","no"
"sfan@drmilou.co","bad","invalid","no","no"
"sfletcher@learningwitheli.com","risky","catch_all","no","no"
"sfont@axonanalytics.io","risky","catch_all","no","no"
"sg@alignment-alpha.com","good","ok","no","no"
"sgrimsley@longevity.inc","good","ok","no","no"
"sguibergia@rpmachinery.com","good","ok","no","no"
"shahyan.khan@madebykneetoes.com","good","ok","no","no"
"shailesh@boondocktechnologies.com","good","ok","no","no"
"shalema@nhqcouncil.org","good","ok","no","no"
"shana@sophisticatedjoy.com","good","ok","no","no"
"shana@thecursivecollection.com","good","ok","no","no"
"shane.blozis@technipfmc.com","good","ok","no","no"
"shane@clume.ai","good","ok","no","no"
"shane@reliefconnect.us","risky","catch_all","no","no"
"shanepanas@levandbunzey.com","good","ok","no","no"
"shannon.harris@themarcuswaynefoundation.org","good","ok","no","no"
"shannon@goodmedicinecollective.shop","risky","unknown","no","no"
"shannon@watkinsbrandadvisors.com","risky","unknown","no","no"
"shannonw@seagreendesignsllc.com","good","ok","no","no"
"shari@pinkwasabilove.com","good","ok","no","no"
"shari@robbins-advisory.com","good","ok","no","no"
"sharma@s3connections.com","good","ok","no","no"
"sharon@prihodko.com","good","ok","no","no"
"sharona@co53.co","risky","catch_all","no","no"
"shashank@muslyclub.com","risky","catch_all","no","no"
"shaun.moran@gridcopartners.com","good","ok","no","no"
"shaun@ruthclinic.com","bad","invalid","no","no"
"shauna@zhounutrition.com","risky","catch_all","no","no"
"shauryaiyer@kosmos.fyi","good","ok","no","no"
"shavaun@pyroxotic.com","risky","catch_all","no","no"
"shawn.bigger@oracle.com","bad","invalid","no","no"
"shawn@discovercongruence.com","good","ok","no","no"
"shawn@jadelock.com","good","ok","no","no"
"shea@accommodatemenow.com","good","ok","no","no"
"shea@sokobag.com","good","ok","no","no"
"shelbi@yournextdinnerparty.com","risky","catch_all","no","no"
"sheldon@materiumtech.com","good","ok","no","no"
"shelley@lawofficeallies.com","good","ok","no","no"
"shenice@mvconsults.com","good","ok","no","no"
"sheri@dirtroaddietitian.com","good","ok","no","no"
"sheriff.taiwo@datadock.ai","good","ok","no","no"
"sheryl@blackwomenfilm.ca","bad","invalid","no","no"
"shiann@herlawnco.com","risky","catch_all","no","no"
"shikha@nyuway.ai","risky","catch_all","no","no"
"shirish@ashwattutorials.com","good","ok","no","no"
"shirley.tian@meetberryful.com","good","ok","no","no"
"shirleyp@plymateconsulting.com","bad","invalid","no","no"
"shivani.oberoi@exclquest.com","good","ok","no","no"
"shiwali@theca.capital","good","ok","no","no"
"shlome@skylineelevatorsny.com","good","ok","no","no"
"shoaib@njnopain.com","good","ok","no","no"
"shonda@quettabyteinnovation.com","good","ok","no","no"
"shraddha@bhashaapp.com","good","ok","no","no"
"shrevzen@umich.edu","good","ok","no","no"
"shuban@qequity.co","bad","invalid","no","no"
"silvestre@bcsusa.us","good","ok","no","no"
"silvia@bestsicily.com","good","ok","no","no"
"simha@wavel.ai","good","ok","no","no"
"simi@simihazebeauty.com","good","ok","no","no"
"simon.fiechtner@deep-care.com","good","ok","no","no"
"simon.goldin@twing.ai","bad","invalid","no","no"
"simon@blnkcanvas.co.nz","risky","catch_all","no","no"
"simone.fratus@dabpumps.com","bad","invalid","no","no"
"six@streamlinecollective.media","good","ok","no","no"
"sj@twelvelabs.io","good","ok","no","no"
"sjason@rtbf.be","good","ok","no","no"
"sk@mrshortsale.net","good","ok","no","no"
"skarami@cougarnet.uh.edu","good","ok","no","no"
"skent@capunderwriters.com","good","ok","no","no"
"slezak@kossmek.com","good","ok","no","no"
"sloma@peninsulabookman.com","good","ok","no","no"
"smanna@shadowservers.net","good","ok","no","no"
"smaslow@thehaihaus.com","risky","catch_all","no","no"
"smasucci@cornerstonefinancing.com","good","ok","no","no"
"smc@ingeniumvector.com","good","ok","no","no"
"smcclain@lakesaerospace.com","good","ok","no","no"
"smile@synergydentaltx.com","good","ok","no","yes"
"smoreno@thearcofloudoun.org","good","ok","no","no"
"smyk@smyk.studio","good","ok","no","no"
"snine@neora.com","bad","invalid","no","no"
"sofia@cinesuncreative.com","good","ok","no","no"
"sohail@thesouthstarconsulting.com","good","ok","no","no"
"sol@foundri.me","good","ok","no","no"
"sola@american.edu","good","ok","no","no"
"solomon@verivafrica.com","good","ok","no","no"
"solutions@omnityx.com","risky","catch_all","no","yes"
"sonia.banks@sessionsinnovations.com","good","ok","no","no"
"sonia@alchemiilabs.com","good","ok","no","no"
"sonia@connexaconsulting.com","good","ok","no","no"
"sonika@jaintaxsolutions.com","good","ok","no","no"
"sonny@onechronos.com","good","ok","no","no"
"sonumalhotra@adeptmed.in","good","ok","no","no"
"sophie@amberbox.com","good","ok","no","no"
"sophie@philosophienyc.com","risky","catch_all","no","no"
"sophie@the-relationship-studio.com","good","ok","no","no"
"souley@amerifilms.io","good","ok","no","no"
"soumick.dasgupta@seerhealth.ai","good","ok","no","no"
"sp@c2insights.ai","risky","catch_all","no","no"
"spartanpoolspa@optimum.net","good","ok","no","no"
"spatel2026@pingry.org","good","ok","no","no"
"spencer@axleaccess.com","good","ok","no","no"
"spencer@highroad.capital","risky","catch_all","no","no"
"spencer@smithnetworksolutions.com","good","ok","no","no"
"spencer@spencerlauren.com","risky","catch_all","no","no"
"spencer@web3enabler.com","good","ok","no","no"
"sperez@extremenetworks.com","good","ok","no","no"
"spring@springtrainingmd.com","good","ok","no","no"
"sr@rexcap.net","good","ok","no","no"
"sracharla@eigennet.com","risky","catch_all","no","no"
"sramon@s2pros.com","good","ok","no","no"
"sreechanumolu@abyagenomics.com","risky","catch_all","no","no"
"srgentile@computerizedfinancials.com","good","ok","no","no"
"srothman@valuebridgepartners.ai","risky","unknown","no","no"
"sscott@gisscenter.org","risky","catch_all","no","no"
"sspitalny@realchemistry.com","risky","catch_all","no","no"
"sstadler@seamancorp.com","good","ok","no","no"
"ssurace@liquibase.com","good","ok","no","no"
"st@bhsphere.com","risky","unknown","no","no"
"st@flowmatrixai.com","good","ok","no","no"
"stacie@ssrdigitalgroup.com","good","ok","no","no"
"stacy@singcreativegroup.com","risky","catch_all","no","no"
"stefan_sloma@trekbikes.com","good","ok","no","no"
"steff@authenticgrowthcoaching.com","good","ok","no","no"
"stephan@parryrestaurantgroup.com","good","ok","no","no"
"stephanie@careerconnectedconsulting.com","good","ok","no","no"
"stephanie@empoweryourvoice.com","good","ok","no","no"
"stephanie@highwaypress.net","good","ok","no","no"
"stephanie@nextdoor-tech.com","good","ok","no","no"
"stephanie@rippleeffectmedia.co","good","ok","no","no"
"stephanie@stephanierennerspeaks.com","risky","catch_all","no","no"
"stephanie@stillva.com","good","ok","no","no"
"stephanysoto@quickbooksprofe.com","good","ok","no","no"
"stephen.cobb@electricaliq.net","good","ok","no","no"
"stephen.freeman@catapultlearning.com","good","ok","no","no"
"stephen.sheppard@blackbox.com","good","ok","no","no"
"stephen.yarad@nearwatercapital.com","good","ok","no","no"
"stephen@celeritaslabs.com","good","ok","no","no"
"stephen@drinksollos.com","risky","unknown","no","no"
"stephen@moddog.ai","good","ok","no","no"
"stephen@mohawkcapitalgroup.com","risky","catch_all","no","no"
"stephen@mountainties.net","good","ok","no","no"
"stephen@wpfinpro.com","good","ok","no","no"
"steve.barth@obsidianmg.com","good","ok","no","no"
"steve@defensorsecurity.co.uk","risky","unknown","no","no"
"steve@edviceprinceton.com","good","ok","no","no"
"steve@efmediaphl.com","good","ok","no","no"
"steve@exponenteducation.com","risky","catch_all","no","no"
"steve@rootedandrefinedliving.com","good","ok","no","no"
"steve@sonicfarms.com","risky","unknown","no","no"
"steve@stevenatto.com","good","ok","no","no"
"steve@strategicanalysisenterprises.com","good","ok","no","no"
"steven.r@emberdevstudios.com","good","ok","no","no"
"steven.selznick@cfppg.com","good","ok","no","no"
"steven@forethebrand.com","good","ok","no","no"
"steven@terragoldgroup.com","good","ok","no","no"
"stewella@caribbeanfashioncollective.com","good","ok","no","no"
"strey@neuroblox.ai","good","ok","no","no"
"stuartb@easyreportpro.com","good","ok","no","no"
"studiomanager0169@orangetheoryfitness.com","good","ok","no","no"
"sua.kim@septembermedia.ro","risky","catch_all","no","no"
"suahn@ricebari.com","good","ok","no","no"
"subba@aptan.ai","good","ok","no","no"
"subrat@share.xyz","risky","catch_all","no","no"
"sucheta@aquerius.ai","good","ok","no","no"
"sue@libbler.com","good","ok","no","no"
"sue@willowtreeupholstery.co.uk","risky","unknown","no","no"
"sujetka@chances.social","good","ok","no","no"
"suley@suusconnect.com","good","ok","no","no"
"sultan@usehawala.com","good","ok","no","no"
"sung@spotonfence.com","good","ok","no","no"
"sunilc@meta-dology.com","good","ok","no","no"
"sunni@forthefamilynyc.com","good","ok","no","no"
"suntiw@novarevpartners.com","risky","unknown","no","no"
"suraya@imaginecasa.com","good","ok","no","no"
"susan@innerbanksinn.com","good","ok","no","no"
"susan@ivyleaguetutoring.net","risky","unknown","no","no"
"susan@sphaeramor.com","good","ok","no","no"
"susie@rebelleaders.com","good","ok","no","no"
"suzanne@cred-sync.com","bad","invalid","no","no"
"suzanne@thehazeladvisory.com","good","ok","no","no"
"svansolkema@pumacap.com","good","ok","no","no"
"swainwright@bloombergindustry.com","good","ok","no","no"
"swaraj@ipromind.com","good","ok","no","no"
"sylvia@chicagosma.com","good","ok","no","no"
"t.ganka@dagsterlabs.com","good","ok","no","no"
"t@ramanacapital.com","good","ok","no","no"
"tabatha@stillwatersymphony.com","bad","invalid","no","no"
"tabitha@confluxwellness.com","good","ok","no","no"
"taha@admomento.com","good","ok","no","no"
"taina@lasioinc.com","good","ok","no","no"
"taka@springhousemen.com","good","ok","no","no"
"talia@goasher.com","good","ok","no","no"
"talib.edun@armaninollp.com","good","ok","no","no"
"talu@c3-english.com","bad","invalid","no","no"
"tamera@blackspacetherapy.com","good","ok","no","no"
"tami.griffeth@ariix.com","bad","invalid","no","no"
"tammi@socialhausnbtx.com","risky","catch_all","no","no"
"tania.velez@velezfamilyhealth.com","risky","catch_all","no","no"
"tania@petiteobm.com","good","ok","no","no"
"tanmay@lumesecurity.com","risky","catch_all","no","no"
"tanmoy@arprax.com","good","ok","no","no"
"tanner@aerialaccesssolutions.com","good","ok","no","no"
"tanner@finvidi.com","good","ok","no","no"
"tapas@viamarketingagency.com","good","ok","no","no"
"tara@arashaus.com","risky","catch_all","no","no"
"tara@kingstyledogboarding.com","good","ok","no","no"
"tara@travelbytarab.com","good","ok","no","no"
"tarun@mamidi.ai","risky","catch_all","no","no"
"tatiana.semina@charismamedia.com","risky","unknown","no","no"
"tatiana@mowebeauty.com","good","ok","no","no"
"tavares.stephens@verbaleyze.org","risky","unknown","no","no"
"taylor@beyondgymnastics.net","good","ok","no","no"
"taylor@bruhskin.com","risky","unknown","no","no"
"taylor@haven-ai.app","good","ok","no","no"
"taylor@minimega.studio","good","ok","no","no"
"taylor@modifibrands.com","risky","catch_all","no","no"
"taylor@mooraisolutions.com","risky","catch_all","no","no"
"taylor@sweetnutritioncanada.com","risky","catch_all","no","no"
"taylor@thegrowingplaceaba.org","risky","catch_all","no","no"
"tbada@statusswap.com","good","ok","no","no"
"tc@designproremodeling.com","risky","catch_all","no","no"
"tcozad@shop-health.com","good","ok","no","no"
"tdavis@alrinc.org","bad","invalid","no","no"
"tdonald@springanewtherapy.com","good","ok","no","no"
"tdowning@lwmus.com","good","ok","no","no"
"ted.ciricillo@toothbrushexpress.com","risky","catch_all","no","no"
"ted@earthscapehome.com","good","ok","no","no"
"tedwards@joedefaziooil.com","good","ok","no","no"
"tee@teetalksmyeloma.com","good","ok","no","no"
"tej@cyberadvizr.com","good","ok","no","no"
"teja.c@datainsit.com","risky","catch_all","no","no"
"tejas@lyteview.com","good","ok","no","no"
"tepple@seengineering.com","good","ok","no","no"
"terence@chimerapathways.com","good","ok","no","no"
"teresa@joltprocurement.com","good","ok","no","no"
"teresa@tgmadvisory.com","good","ok","no","no"
"terrie.mogavero@wellnesspointe.org","good","ok","no","no"
"terry@iprinttechnologies.com","good","ok","no","no"
"terry@noiseblender.com","good","ok","no","no"
"tgrisham@drexelrealtypartners.com","good","ok","no","no"
"thanley@fourseasonspreschool.com","good","ok","no","no"
"theo@lighthousecannabis.co","good","ok","no","no"
"theo@prodos.dev","risky","catch_all","no","no"
"theogifford@kg3ads.com","good","ok","no","no"
"theresa@arrowedconsulting.com","good","ok","no","no"
"thet@brightwave.io","good","ok","no","no"
"thom@studioforsyth.com","good","ok","no","no"
"thomas.gammer@contextral.com","good","ok","no","no"
"thomas.webert@histobrick.com","risky","unknown","no","no"
"thomas@gatewayclinical.com","risky","catch_all","no","no"
"thomas@kilnhq.co","risky","unknown","no","no"
"thomas@zollege.com","good","ok","no","no"
"thomasd@sohodragon.com","good","ok","no","no"
"ticard_bowser@clarohistoria.com","risky","catch_all","no","no"
"tiffany@heightsins.com","good","ok","no","no"
"tiffany@humancreative.org","good","ok","no","no"
"tigran@skypivotnj.com","good","ok","no","no"
"tilman@3riversops.com","good","ok","no","no"
"tim.li@group-miki.com","bad","invalid","no","no"
"tim.mcculla@compliancy.com","good","ok","no","no"
"tim.roy@iques.com","good","ok","no","no"
"tim@creativeintegrations.com","good","ok","no","no"
"tim@datavine.com","risky","catch_all","no","no"
"tim@familiamorgan.com","good","ok","no","no"
"tim@goldenpointgrowth.com","good","ok","no","no"
"tim@hincheyroark.com","good","ok","no","no"
"tim@motorsportscollective.com","risky","catch_all","no","no"
"tim@tim-white.com","good","ok","no","no"
"timothy@namlehstudios.com","good","ok","no","no"
"timothy@synchronyip.com","good","ok","no","no"
"timschultz@trsheating.net","good","ok","no","no"
"tina@thelakeshoregroup.net","good","ok","no","no"
"tinashe@twmarketingagency.com","good","ok","no","no"
"ting@tingcosmetics.com","good","ok","no","no"
"tisha@shopcashmeremoon.com","good","ok","no","no"
"tiziana@studio9pt5.com","risky","catch_all","no","no"
"tjinks@fivestarks.com","good","ok","no","no"
"tjohnston@carthage.edu","bad","invalid","no","no"
"tlee@bayoubarco.com","bad","invalid","no","no"
"tmoore@quantis.llc","risky","catch_all","no","no"
"tnanda@sternathometherapy.com","good","ok","no","no"
"todd.coles@eprocureai.com","bad","invalid","no","no"
"todd@cleanmethod.com","good","ok","no","no"
"todd@linkshousedornoch.com","good","ok","no","no"
"todd@motacarclub.com","good","ok","no","no"
"tom.brady@cardvaulbytombrady.com","bad","invalid","no","no"
"tom@alphavirtual.com","good","ok","no","no"
"tom@assetplusdigital.co.uk","risky","unknown","no","no"
"tom@eatbananadaddy.com","good","ok","no","no"
"tom@merriampartners.com","good","ok","no","no"
"tom@methodlearning.com","good","ok","no","no"
"tom@neonaliens.com","good","ok","no","no"
"tom@ouryogaplace.com","good","ok","no","no"
"tom@plangrep.com","good","ok","no","no"
"tom@stellewine.com","risky","unknown","no","no"
"tom@suctionstow.com","good","ok","no","no"
"tomas@flexbouwers.nl","good","ok","no","no"
"tommy@airloommedia.com","good","ok","no","no"
"tommy@cheddarstudios.net","risky","catch_all","no","no"
"tommy@thrivesalesperformance.com","good","ok","no","no"
"tony@fintaxcpa.com","good","ok","no","no"
"tony@getcurbwise.com","good","ok","no","no"
"tony@ragmind.ai","risky","catch_all","no","no"
"tony@wisdom4good.com","risky","unknown","no","no"
"tonyell@radiantvisionsolutions.com","good","ok","no","no"
"toran@speaksstaffing.com","good","ok","no","no"
"tori@intuitiveorton.com","risky","catch_all","no","no"
"tori@thewelcomestandard.com","risky","catch_all","no","no"
"torin@marginforge.solutions","good","ok","no","no"
"torry.crass@insomnisec.com","good","ok","no","no"
"tovia@charglize.com","good","ok","no","no"
"tpi@turningpointinc.org","good","ok","no","no"
"traceygeary@sagefiremedia.com","risky","catch_all","no","no"
"traci@datavoce.com","good","ok","no","no"
"tracy@woodpeckertrailolivefarm.com","good","ok","no","no"
"travell@epiphanyfinancialgroup.com","good","ok","no","no"
"travis.coombs@interplaylearning.com","good","ok","no","no"
"travis@almalabs.io","risky","catch_all","no","no"
"travis@boldcitycyber.com","risky","catch_all","no","no"
"travis@ruralsolutionsvt.com","good","ok","no","no"
"travis@simpleaction.com","risky","catch_all","no","no"
"traviswallace@theformulafactory.com","good","ok","no","no"
"tre@mermaidmelts.com","risky","catch_all","no","no"
"trea@fanfeednetwork.com","good","ok","no","no"
"trevor@hiphi.earth","good","ok","no","no"
"trevor@saintstu.com","good","ok","no","no"
"trevor@thrive.investments","risky","catch_all","no","no"
"trevor@titleabstractai.com","good","ok","no","no"
"treyv@vollmeranimation.com","risky","catch_all","no","no"
"tri@lumius-imaging.com","good","ok","no","no"
"tricia@twztn.com","good","ok","no","no"
"tricia@wendandroot.com","good","ok","no","no"
"trish@lifestylewellnessgroup.com","good","ok","no","no"
"troy.potts@publicacoffee.com","good","ok","no","no"
"troy@syncwealthgroup.com","good","ok","no","no"
"troyle@jfayacht.com","bad","invalid","no","no"
"tserrato@yachtingmcg.com","risky","catch_all","no","no"
"tshoemaker@gmvoices.com","good","ok","no","no"
"tsmith@dwr.com","good","ok","no","no"
"tunde.ei@radarhostapp.com","bad","invalid","no","no"
"turner@nbcuni.com","good","ok","no","no"
"turnerlogan@parallelstudios.co","good","ok","no","no"
"twilk@kraftedcorp.com","risky","catch_all","no","no"
"tydon@gonotebridge.com","bad","invalid","no","no"
"tyler.mcbeth@siiqiq.com","good","ok","no","no"
"tyler.passyn@abstractus.ai","good","ok","no","no"
"tyler@accre.us","good","ok","no","no"
"tyler@buy-sell.land","good","ok","no","no"
"tyler@colbysdatamovers.com","good","ok","no","no"
"tyler@consciouseatz.com","good","ok","no","no"
"tyler@getductwork.io","good","ok","no","no"
"tyler@getprofitscout.com","good","ok","no","no"
"tyler@stafford-strategies.com","good","ok","no","no"
"tylergliem@puetzconstruction.com","risky","catch_all","no","no"
"tyo@primeconstructioneng.com","bad","invalid","no","no"
"tzeping@teachablemath.com","risky","unknown","no","no"
"ujjrai@nyano.life","good","ok","no","no"
"umar@logicpro.io","good","ok","no","no"
"umesh@ecosum.io","good","ok","no","no"
"umut@superposition.ai","good","ok","no","no"
"upillai@newskyghg.com","good","ok","no","no"
"ursula.marks@fedex.com","risky","unknown","no","no"
"usaid@tastemango.com","good","ok","no","no"
"usama.siddiqui@rapidpay.pk","good","ok","no","no"
"usama@meta-xcel.com","risky","catch_all","no","no"
"utkarsh@cyware.com","good","ok","no","no"
"utsav@byteforgesystems.io","good","ok","no","no"
"uwe@generalflash.com","risky","catch_all","no","no"
"v@vreservebeauty.com","risky","catch_all","no","no"
"vadim@vugolaai.com","risky","catch_all","no","no"
"vaishnav@ciceroailaw.com","risky","catch_all","no","no"
"valentina.a.woodcraft@dupont.com","good","ok","no","no"
"valeria@zelifcam.net","good","ok","no","no"
"valerie@empressa.io","good","ok","no","no"
"valil@ollietravel.app","bad","invalid","no","no"
"vamsi@rasamallu.com","good","ok","no","no"
"vanesha@efficientimpactsolutions.com","bad","invalid","no","no"
"vanessa.neumann@asymmetrica.net","bad","invalid","no","no"
"vanessa@alirahpeoplestudio.com","good","ok","no","no"
"vanessa@brandexpandinc.com","risky","catch_all","no","no"
"vansht@chapter-01.com","good","ok","no","no"
"vasyl@thedirecthaul.com","good","ok","no","no"
"vbagal@i360-llc.com","good","ok","no","no"
"vedwin@zogenix.com","bad","invalid","no","no"
"venkat.subramanian@stotio.io","good","ok","no","no"
"veronika@zestsecurity.com","good","ok","no","no"
"vic@viewpointagency.org","good","ok","no","no"
"vicky@rviqproducts.com","risky","catch_all","no","no"
"victor@musashi.bot","risky","catch_all","no","no"
"victor@offmediainc.com","good","ok","no","no"
"victoria.yang@dermstore.com","risky","catch_all","no","no"
"victoria@gohighvalue.com","good","ok","no","no"
"victoriac@americanflatbread.com","good","ok","no","no"
"victornikiforov@ascendautomations.biz","risky","catch_all","no","no"
"vijaykprasad@srijanllc.com","risky","unknown","no","no"
"vikas@ensuredit.com","good","ok","no","no"
"vikas@locarda.com","good","ok","no","no"
"vikas@revivelifellc.com","good","ok","no","no"
"vin@hellothea.ai","good","ok","no","no"
"vince@ecomclaw.co","risky","catch_all","no","no"
"vincent.amedekah@kentecode.ai","good","ok","no","no"
"vincent@3vflooring.com","risky","catch_all","no","no"
"vineet@getflipturn.com","good","ok","no","no"
"violet@presencecoaches.com","good","ok","no","no"
"vir@kastle.ai","good","ok","no","no"
"virginia@harmony-charlotte.com","good","ok","no","no"
"vishaal@pedestal.ai","good","ok","no","no"
"vishal.bhasin@wizeacademy.com","good","ok","no","no"
"vishnu@juno.tax","good","ok","no","no"
"viswa@stabilistech.com","risky","catch_all","no","no"
"vitalyk@hiveb2x.com","good","ok","no","no"
"vivek@latitude.xyz","good","ok","no","no"
"vivek@shoorafit.com","good","ok","no","no"
"vivian@brookshireinstruments.com","good","ok","no","no"
"vlad@roboclinic.ai","good","ok","no","no"
"vlad@stairwayventures.com","good","ok","no","no"
"vlad@triangu.io","risky","catch_all","no","no"
"vnicole@voilamarketingllc.com","good","ok","no","no"
"vonn.webb@stayshadedlifestyle.com","bad","invalid","no","no"
"vquintero@jqgroup.com","good","ok","no","no"
"vs@gravitienergy.com","good","ok","no","no"
"vshah@emedsim.com","good","ok","no","no"
"w@qedaudit.io","risky","catch_all","no","no"
"wade@fernstone.com","good","ok","no","no"
"wafaa.aldhafiri@waffooai.com","good","ok","no","no"
"walker.lee@dataengines.com","good","ok","no","no"
"walkerlillard@echopm.app","good","ok","no","no"
"wallace@schoolrubric.com","good","ok","no","no"
"waqas@devpier.net","good","ok","no","no"
"waringinstruments@waringmusic.com","good","ok","no","no"
"warren@semispheregroup.com","good","ok","no","no"
"warrenjo@plexor.dev","good","ok","no","no"
"wayne.jensen@stahlinsurance.com","good","ok","no","no"
"wayne@acellc.ai","good","ok","no","no"
"wayne@darwinfundingsolutions.com","good","ok","no","no"
"wbeck@risepropertiesllc.com","good","ok","no","no"
"we@ooiee.me","good","ok","no","no"
"wells@b25capital.com","good","ok","no","no"
"wendy@bigdeal.nyc","good","ok","no","no"
"wesley@castleandkey.com","good","ok","no","no"
"weston@workwithwha.com","good","ok","no","no"
"wfrancois@lessimp.com","good","ok","no","no"
"wgallacher@rochester-assoc.com","good","ok","no","no"
"wglorieux@knytt.xyz","bad","invalid","no","no"
"whayes@yellowzip.com","good","ok","no","no"
"whilburn@karkeyusa.com","good","ok","no","no"
"will.polanco@3mgroofing.com","good","ok","no","no"
"will@bonde.ai","good","ok","no","no"
"will@cipherprime.com","good","ok","no","no"
"will@claytonbaptistchurch.com","good","ok","no","no"
"will@escorealsolutions.com","good","ok","no","no"
"will@kodebase.us","good","ok","no","no"
"will@sprkiq.com","good","ok","no","no"
"william.bright@pendry.com","good","ok","no","no"
"william.davis@regnovaiq.com","good","ok","no","no"
"william.r@therossmediagroup.com","good","ok","no","no"
"william@allegorygallery.com","good","ok","no","no"
"william@properfilmworks.com","risky","catch_all","no","no"
"william@superprogressive.club","good","ok","no","no"
"william@vyroenvironmental.com","good","ok","no","no"
"willie@studeomedia.com","good","ok","no","no"
"wilman@typa.ai","good","ok","no","no"
"winfree@playerfax.tech","good","ok","no","no"
"winn@southern-rail.com","risky","unknown","no","no"
"winslow@fableforestry.com","good","ok","no","no"
"wipsllc@willinghamdesign.com","risky","catch_all","no","no"
"wisdomwell@modernelderacademy.com","risky","catch_all","no","no"
"wli@ftpartners.com","good","ok","no","no"
"worth@avmadesimple.us","risky","catch_all","no","no"
"wosborn@cestanova.com","good","ok","no","no"
"wsullivan@meetintakeai.com","good","ok","no","no"
"wthompson@moveanalytical.com","good","ok","no","no"
"wwilliams@levelup-pd.com","good","ok","no","no"
"wyatt.oring@person2patient.com","good","ok","no","no"
"x.du@dymmoy.com","bad","invalid","no","no"
"xavier@thrivvai.com","good","ok","no","no"
"xavier@webwideagency.com","good","ok","no","no"
"xiefeng@lollitech.com","good","ok","no","no"
"xstokes@callinsite.com","bad","invalid","no","no"
"xuedong.song@kcc.com","good","ok","no","no"
"yaakov.rabinowitz@getsimplifiedlicensing.com","good","ok","no","no"
"yaj@athonai.com","risky","catch_all","no","no"
"yamir@newslyfeed.com","good","ok","no","no"
"yash@sandstone.ai","good","ok","no","no"
"yasminhc@2sportsmoms.com","good","ok","no","no"
"yianni@yiannisdistributing.com","bad","invalid","no","no"
"yifanj@complexity-ai.com","good","ok","no","no"
"yisroel@merozcpa.com","good","ok","no","no"
"yochonon@curarobotic.com","bad","invalid","no","no"
"yogananda@convosatya.com","risky","unknown","no","no"
"yogesh@primaverse.com","good","ok","no","no"
"yohanes@ownyourcard.com","good","ok","no","no"
"yoni@nesterahealth.com","good","ok","no","no"
"young@hapakristin.us","good","ok","no","no"
"ytazoui@uchicago.edu","good","ok","no","no"
"yu@vyehealth.com","good","ok","no","no"
"yuri@armatsoftware.com","good","ok","no","no"
"yusuf@noahlabs.ai","risky","catch_all","no","no"
"yuvraj@simpleoutreach.in","good","ok","no","no"
"yvette@cosmopolitaninteriors.design","good","ok","no","no"
"yvette@nextlevelmedsolutions.com","good","ok","no","no"
"yzl@scenix.ai","risky","catch_all","no","no"
"zach.morrison@tinuiti.com","good","ok","no","no"
"zach.white@enhancedpt.com","risky","catch_all","no","no"
"zach@cyascend.com","good","ok","no","no"
"zach@get-tested-covid19.org","good","ok","no","no"
"zach@xpestmanagement.com","good","ok","no","no"
"zach@zakov.ai","good","ok","no","no"
"zach@zoneketech.com","good","ok","no","no"
"zachary@stagewater.com","risky","catch_all","no","no"
"zadie@alchmapp.com","risky","catch_all","no","no"
"zain.merchant@choosecadence.com","risky","catch_all","no","no"
"zain@agiz.ai","risky","catch_all","no","no"
"zane@twinlantern.com","good","ok","no","no"
"zann@artizanns.com","good","ok","no","no"
"zarmina@peaktive.com","bad","invalid","no","no"
"zaur@theblocks.app","risky","catch_all","no","no"
"zb@choobiekids.com","good","ok","no","no"
"zbf5md@virginia.edu","good","ok","no","no"
"zev@wolfstoneequity.com","good","ok","no","no"
"zhannaw@stamfordpolytechnic.org","good","ok","no","no"
"zmitchell@lanternresidences.org","risky","catch_all","no","no"
"zohaib@adsvize.com","bad","invalid","no","no"
"zottenweller@soariondigital.com","risky","catch_all","no","no"
"zsultan@blackdogadvisor.com","good","ok","no","no"
