"email","quality","result","free","role"
"a.diplacido@pdinstore.com","good","ok","no","no"
"a.flanagan@visasolutionshc.com","good","ok","no","no"
"a.kaiser@joinparachute.com","good","ok","no","no"
"a.karawan@corporateleadership.org","good","ok","no","no"
"a.mccarthy@kezzler.com","good","ok","no","no"
"a.myrick@profax-lenco.com","good","ok","no","no"
"aabern@ajcpt.com","good","ok","no","no"
"aagrawal@cabreracapital.com","good","ok","no","no"
"aalexander@liftbrands.com","bad","invalid","no","no"
"aalkozbari@wildfire-energy.com","good","ok","no","no"
"aargenta@thefremontseniorliving.com","good","ok","no","no"
"aaron.alley@doubleline.com","good","ok","no","no"
"aaron.felix@springworkstx.com","good","ok","no","no"
"aaron.freeman@timberwolves.com","good","ok","no","no"
"aaron.stoll@gridunited.com","good","ok","no","no"
"aaron.wolfe@sewellfleetmanagement.com","good","ok","no","no"
"aaron@brockpartners.com","risky","unknown","no","no"
"aaron@picnikins.com","good","ok","no","no"
"aaron@texas-microsintering.com","good","ok","no","no"
"aaronvail@eidecom.com","good","ok","no","no"
"aasawari.pawar@gridunited.com","good","ok","no","no"
"aatkinson@bellavistasl.com","good","ok","no","no"
"aaulanier@compassdatacenters.com","risky","unknown","no","no"
"abby.legatt@granitebank.com","good","ok","no","no"
"abby.moore@levelaccess.com","good","ok","no","no"
"abby@murphymedicalsolutions.com","risky","catch_all","no","no"
"abbystrothkamp@foxquilt.com","good","ok","no","no"
"abdul.lateef@eg4electronics.com","good","ok","no","no"
"abeach@ashfordinc.com","good","ok","no","no"
"abermudez@stoneward.com","good","ok","no","no"
"ablackwell@rockettinc.com","good","ok","no","no"
"ablau@sportsfacilities.com","good","ok","no","no"
"abond@learningresources.com","good","ok","no","no"
"abora@harmonyhospiceri.com","good","ok","no","no"
"abossi@groomsinc.com","good","ok","no","no"
"aboyce@weavix.com","good","ok","no","no"
"abraun@sundbergamerica.com","good","ok","no","no"
"abrutton@nwoitservices.com","good","ok","no","no"
"abuckneberg@curiousplot.agency","good","ok","no","no"
"abuford@weinsteinspira.com","good","ok","no","no"
"acampbell@realgoodfoods.com","good","ok","no","no"
"acctmgr@kawnation.gov","good","ok","no","no"
"achewning@megladonmfg.com","good","ok","no","no"
"achipman@banklandmark.com","good","ok","no","no"
"achoquettehoffart@trustexterity.com","good","ok","no","no"
"acimino@advantismed.com","good","ok","no","no"
"aclemons@ecrtx.com","good","ok","no","no"
"acoplin@bwwmh.com","good","ok","no","no"
"acortinas@gvamgt.com","good","ok","no","no"
"acrooks@securedotstar.com","good","ok","no","no"
"across@reliantcaremgmt.com","good","ok","no","no"
"adair@irby.com","risky","catch_all","no","no"
"adam.cavaliere@temporal.io","good","ok","no","no"
"adam.griffith@okc.gov","good","ok","no","no"
"adam.hansen@vytalizehealth.com","good","ok","no","no"
"adam.hanzalik@mindbridge.ai","good","ok","no","no"
"adam.nelson@gsdm.com","good","ok","no","no"
"adam.parker@treatyoakcleanenergy.com","good","ok","no","no"
"adam@9mothers.com","good","ok","no","no"
"adaniel@qmiusa.com","good","ok","no","no"
"adax@m2logistics.com","good","ok","no","no"
"addisonnelson@pylantmedical.com","good","ok","no","no"
"adeguire@myameripro.com","good","ok","no","no"
"adehoyos@sterlingmccalltoyota.com","risky","catch_all","no","no"
"adelossantos@kens5.com","bad","invalid","no","no"
"adirector@indvillage.com","good","ok","no","no"
"adixon@audubonfertility.com","good","ok","no","no"
"adria.stoner@loanvision.com","good","ok","no","no"
"adrian@humanauthealth.com","good","ok","no","no"
"adrianobrito@uzecomvoce.com.br","risky","unknown","no","no"
"adrien.echols@btcpa.net","good","ok","no","no"
"adrienne@treemannsolutions.com","good","ok","no","no"
"adrimarcovich@sm-consultores.com","good","ok","no","no"
"adubinsky@one.health","good","ok","no","no"
"aebert@drivecentric.com","good","ok","no","no"
"aedwards@arcturis.com","good","ok","no","no"
"aesparza@rigrunnerinc.com","good","ok","no","no"
"aficca@xvand.com","good","ok","no","no"
"aflorczak@toyotaofmckinney.com","good","ok","no","no"
"agaddie@cabrilloadvisors.com","good","ok","no","no"
"agamson@madeforretail.com","good","ok","no","no"
"agarrett@voltus.co","good","ok","no","no"
"agarza@berghospitality.com","bad","invalid","no","no"
"agiandomenico@district4labs.com","good","ok","no","no"
"agillman@ramovachicago.com","good","ok","no","no"
"agipson@orthohealthkc.com","good","ok","no","no"
"agnes@littlesleepies.com","good","ok","no","no"
"agoodwin@mchms.org","bad","invalid","no","no"
"agostina@thewaxspace.com","bad","invalid","no","no"
"agreenfield@ffaesthetics.com","good","ok","no","no"
"agrimes@loomsecurity.io","good","ok","no","no"
"aguilark@iwsfamilyhealth.org","good","ok","no","no"
"aguillory@mccarthy.com","good","ok","no","no"
"agunn@proclaimsolar.com","bad","invalid","no","no"
"aharless@delrealfoods.com","good","ok","no","no"
"ahaseeb@uturndata.com","good","ok","no","no"
"ahavens@dataclean.com","good","ok","no","no"
"ahorne@haynesaviation.com","good","ok","no","no"
"ahudgens@lifepathsystems.org","good","ok","no","no"
"aidan.crosby@arkestro.com","good","ok","no","no"
"aileen.letourneau@altariscap.com","good","ok","no","no"
"aimbornone@ergenterprises.net","good","ok","no","no"
"aimee.hamilton@shippbelting.com","good","ok","no","no"
"aj.gilbert@justvanilla.com","good","ok","no","no"
"ajaguste@cyrusone.com","good","ok","no","no"
"ajallison@enernovapartners.com","good","ok","no","no"
"ajanardhanan@senescomarine.com","good","ok","no","no"
"ajay@ultralighthealth.com","good","ok","no","no"
"ajohnson@koala-t-kare.com","good","ok","no","no"
"ajohnston@lbcap.com","good","ok","no","no"
"ajoshi@shorecp.com","good","ok","no","no"
"akalish@lineleap.com","good","ok","no","no"
"akbar.muhammad@mastery.net","good","ok","no","no"
"akhan@klettwl.com","good","ok","no","no"
"akoonce@trinityhunt.com","good","ok","no","no"
"al.borgeson@bankpeoples.com","bad","invalid","no","no"
"alaina@avantihs.com","good","ok","no","no"
"alan.salomon@tobincenter.org","good","ok","no","no"
"alan_hsu@trendmicro.com","risky","unknown","no","no"
"albert.gonzalez@gocitywide.com","good","ok","no","no"
"alberto@ingeniarg.com","good","ok","no","no"
"alec@gen4jets.com","good","ok","no","no"
"alejandro.natoli@flowmeet.com","good","ok","no","no"
"alessio@on.energy","good","ok","no","no"
"alex.few@outposttechnologies.com","good","ok","no","no"
"alex.martell@myersholum.com","good","ok","no","no"
"alex.wojcik@choosecmc.com","good","ok","no","no"
"alex@corecreative.com","good","ok","no","no"
"alex@flatfeelandlord.com","good","ok","no","no"
"alex@thejavahouse.com","risky","catch_all","no","no"
"alex@therewardsnation.com","good","ok","no","no"
"alex@youragempire.com","good","ok","no","no"
"alexa@chomps.com","good","ok","no","yes"
"alexander@hayden5.com","good","ok","no","no"
"alexe@nisos.com","good","ok","no","no"
"alexh@twusa.com","good","ok","no","no"
"alexis@orugacine.com","good","ok","no","no"
"alexwhite@equalparts.ai","good","ok","no","no"
"alh@artemisdallas.com","good","ok","no","no"
"ali.karmali@plansource.com","good","ok","no","no"
"aliakas@phxpkg.com","good","ok","no","no"
"alicia.s.davidson@nodaintelligence.ai","good","ok","no","no"
"alicia@ptglab.com","good","ok","no","no"
"aliebman@truth.agency","good","ok","no","no"
"alindner@connorgroup.com","good","ok","no","no"
"alisha@risechiropractic.co","risky","unknown","no","no"
"alison.gugglberger@playbookexp.com","good","ok","no","no"
"alissa.langner@payforward.com","good","ok","no","no"
"aliu@aypa.com","good","ok","no","no"
"allan@oneeightproductions.com","good","ok","no","no"
"allen.fennewald@gorilla76.com","good","ok","no","no"
"allen.johnson@cummingssigns.com","good","ok","no","no"
"alli.deluca@lindushealth.com","bad","invalid","no","no"
"allison@ankerstarwealth.com","bad","invalid","no","no"
"allisonb@pinnacle-exp.com","good","ok","no","no"
"allydaniels@kw.com","good","ok","no","no"
"allyson@ccgatx.com","good","ok","no","no"
"allysun@machinacasting.com","good","ok","no","no"
"aloquercio@tiltingpoint.com","bad","invalid","no","no"
"alowry@mmgy.com","good","ok","no","no"
"alyson.stewart@zixi.com","good","ok","no","no"
"alyssa.murphy@vetclaims.ai","risky","catch_all","no","no"
"alyssa@crownlegacyinc.com","good","ok","no","no"
"alyssa@gamedayyourway.com","good","ok","no","no"
"amanda.kyle@susiecakes.com","good","ok","no","no"
"amanda.sliwa@sparrowliving.com","good","ok","no","no"
"amanda.talmadge@gsdm.com","good","ok","no","no"
"amanda.wyatt@lwha.com","good","ok","no","no"
"amandar@eleos.health","good","ok","no","no"
"amarquez@360chicago.com","good","ok","no","no"
"amartinez@weetech-usa.com","good","ok","no","no"
"amber.barron@provista.com","good","ok","no","no"
"amber.christensen@tessiersinc.com","good","ok","no","no"
"amber@grownassman.co","good","ok","no","no"
"amberlie.penny@seniorlivingproperties.com","bad","invalid","no","no"
"amccall@harrisassoc.com","good","ok","no","no"
"amcgettrick@noble.com","good","ok","no","no"
"amckenzie@telehealthevals.com","good","ok","no","no"
"ameliab@bciks.com","good","ok","no","no"
"amelo@chicagopropertyservices.com","good","ok","no","no"
"amendolaj@patrioterectors.com","good","ok","no","no"
"amey.sadekar@vytlcontrols.com","good","ok","no","no"
"amiller@amcglobal.com","good","ok","no","no"
"amontano@cglife.com","good","ok","no","no"
"amp@weramp.com","good","ok","no","no"
"amughal@accessionrmg.com","risky","catch_all","no","no"
"amussehl@epinc.com","good","ok","no","no"
"amy.burkett@esgarch.com","good","ok","no","no"
"amy.clifton@sequeldata.com","good","ok","no","no"
"amy.duke@myscpl.org","good","ok","no","no"
"amy.johnson@hotelviata.com","good","ok","no","no"
"amy.macon@hubledigital.com","risky","catch_all","no","no"
"amy.malevany@otthydromet.com","good","ok","no","no"
"amy.n@lifekindhealth.com","good","ok","no","no"
"amy.sturdevant@eldermfg.com","risky","catch_all","no","no"
"amy.supalla@adfarm.com","good","ok","no","no"
"amy@stlshakes.org","good","ok","no","no"
"amyc@alto-shaam.com","good","ok","no","no"
"amyh@lmfj.com","good","ok","no","no"
"ana.lewandusky@10eqs.com","good","ok","no","no"
"anaitza.santos@lifeskillsautism.com","good","ok","no","no"
"anastasia.quanbeck@aerostar.com","good","ok","no","no"
"anations@firstcommercialbk.com","good","ok","no","no"
"andre.hoang@mccorp.com","good","ok","no","no"
"andrea.mcnichols@propeller-com.com","good","ok","no","no"
"andrea.norris@quartile.com","good","ok","no","no"
"andreai@tecnicarmaq.com.ar","good","ok","no","no"
"andrei@honorcodemedical.com","risky","catch_all","no","no"
"andrew.buccanero@jnba.com","good","ok","no","no"
"andrew.easley@epay3.com","good","ok","no","no"
"andrew.lecrone@bluebirdfiber.com","good","ok","no","no"
"andrew.s@thursdaystrategy.com","good","ok","no","no"
"andrew.splawn@cristcot.com","good","ok","no","no"
"andrew.springer@precisiondsm.com","good","ok","no","no"
"andrew.starks@macnica.com","good","ok","no","no"
"andrew.wilson3@moody.edu","good","ok","no","no"
"andrew@datavox.net","good","ok","no","no"
"andrew@globulussolutions.com","risky","unknown","no","no"
"andrewf@uniquehr.com","good","ok","no","no"
"andrewrice@shermansnow.com","good","ok","no","no"
"andy.gotelli@aiven.io","good","ok","no","no"
"andy.west@mypcb.com","good","ok","no","no"
"andy@nomadsauna.com","risky","catch_all","no","no"
"andy@smartcitymedia.us","bad","invalid","no","no"
"andy@socialresponsemarketing.com","good","ok","no","no"
"anevarez@centennialrec.com","good","ok","no","no"
"angela.hartwig@electricpulp.com","good","ok","no","no"
"angela.jos@tandemcrew.com","good","ok","no","no"
"angela.walker@craftydelivers.com","good","ok","no","no"
"angela@ryestrategy.com","good","ok","no","no"
"angelac@rudickgroup.com","good","ok","no","no"
"angelcasamalhuapa@plastproinc.com","good","ok","no","no"
"angeline.bonin@apollographql.com","good","ok","no","no"
"angeline.mclagan@tenfoldcoffee.com","good","ok","no","no"
"anguyen@sabg.com","good","ok","no","no"
"anil.dave@ktekresourcing.com","good","ok","no","no"
"anita.alfaro@sschc.org","good","ok","no","no"
"anna.dinterman@nm.com","good","ok","no","no"
"anna.torvi@propertymeld.com","good","ok","no","no"
"anna.waterman@rxhealing.com","bad","invalid","no","no"
"anna@dynamicdescaler.com","risky","catch_all","no","no"
"anna@eliteaustin.com","good","ok","no","no"
"anna@loveyourshelf.co","risky","catch_all","no","no"
"annalise.reichert@ugei.com","good","ok","no","no"
"anne@danarebeccadesigns.com","good","ok","no","no"
"annette@racketsocialclub.us","good","ok","no","no"
"anthony.haapala@eventionllc.com","good","ok","no","no"
"anthony.mccloyn@gourmetland.com","good","ok","no","no"
"anthony@procurelogix.com","good","ok","no","no"
"anthony@qualiphy.me","good","ok","no","no"
"anthony@tcmachineinc.com","good","ok","no","no"
"antonio.zambrano@cmenergyconcepts.com","good","ok","no","no"
"antony.james@learnskin.com","good","ok","no","no"
"anya@petwealth.com","risky","catch_all","no","no"
"aorn@cypressacademy.com","good","ok","no","no"
"ap@pragmatica.design","risky","catch_all","no","yes"
"apaape@wkbt.com","good","ok","no","no"
"apasicznyk@datos-insights.com","good","ok","no","no"
"apatrick@talonpro.com","good","ok","no","no"
"apatterson@ampinnovationsinc.com","good","ok","no","no"
"apayne@geron.com","good","ok","no","no"
"apeacock@middletoninc.com","good","ok","no","no"
"aperez@academysecurities.com","good","ok","no","no"
"apeterson@valere.com","good","ok","no","no"
"apetraske@psseasoning.com","good","ok","no","no"
"aposleman@portfoliopersonal.com","good","ok","no","no"
"aproctor@allymarhealth.com","good","ok","no","no"
"apurnell@chanhassendt.com","good","ok","no","no"
"arader@hospiceofeasttexas.org","good","ok","no","no"
"aramos@prioritymgt.com","good","ok","no","no"
"aranson@exmaroffshore.com","good","ok","no","no"
"areeder@meyerlab.com","good","ok","no","no"
"arenmurray@atgentertainment.com","risky","catch_all","no","no"
"ari@audiomediagrading.com","good","ok","no","no"
"ariana@wallstmastermind.com","risky","catch_all","no","no"
"arica.bakay@terrasource.com","good","ok","no","no"
"arijanab@themosaiccompany.com","good","ok","no","no"
"arlan.whitebreast@meskwaki-nsn.gov","good","ok","no","no"
"arnav.diwan@cypresscreekenergy.com","good","ok","no","no"
"arnie.mueller@boschrexroth-us.com","good","ok","no","no"
"arobinson@opticgaming.com","good","ok","no","no"
"arobinson@usaclinics.com","good","ok","no","no"
"art@quartermaster.us","good","ok","no","yes"
"arthur.bai@infinitysolarusa.com","good","ok","no","no"
"arthur.hammel@twinpikefamilyymca.org","good","ok","no","no"
"asaenz@earthtonescompanies.com","good","ok","no","no"
"asanchez@bridgepointconsulting.com","good","ok","no","no"
"aschmidt@emmerandrye.com","good","ok","no","no"
"aschultz@lindfastgrp.com","good","ok","no","no"
"aschultz@manhattan.institute","good","ok","no","no"
"aschultze@veryon.com","good","ok","no","no"
"aschweiss@lsco-inc.com","good","ok","no","no"
"ashah@vivarailings.com","good","ok","no","no"
"asharma@dss.net","good","ok","no","no"
"ashish.chamaria@fourthsquare.com","good","ok","no","no"
"ashleigh@a1ptaxgroup.com","good","ok","no","no"
"ashleigh@rankings.io","good","ok","no","no"
"ashley.burgamy@airrosti.com","good","ok","no","no"
"ashley.oliver@ksnt.com","good","ok","no","no"
"ashley.shindler@thewonderproject.com","good","ok","no","no"
"ashley.washington@vlses.com","good","ok","no","no"
"ashley@chargescape.com","good","ok","no","no"
"ashley@g7ranches.com","risky","catch_all","no","no"
"ashley@hallow.app","good","ok","no","no"
"ashley@hancecpa.com","good","ok","no","no"
"ashley@visitvicksburg.com","good","ok","no","no"
"ashleycarmack@stonemartin.com","good","ok","no","no"
"ashlyn@freundgroup.com","risky","unknown","no","no"
"asiegel@petwants.com","good","ok","no","no"
"asievert@worcester-investments.com","good","ok","no","no"
"askodowski@eeibuildingperformance.com","good","ok","no","no"
"asmith@ricochetfuel.com","good","ok","no","no"
"aspence@hptuners.com","good","ok","no","no"
"asrivastava@fulcrumgt.com","bad","invalid","no","no"
"astepper@madisonair.com","good","ok","no","no"
"aswearingen@ally-energy.com","good","ok","no","no"
"aswynenberg@civil-edge.com","good","ok","no","no"
"atillemans@grapevinedcj.com","risky","catch_all","no","no"
"atraver@iacommunicationsall.com","good","ok","no","no"
"atredway@datavizion.com","good","ok","no","no"
"atsakiris@habitat.com","good","ok","no","no"
"attorres@fundservicesgroup.com","good","ok","no","no"
"aubrey.mclawhon@regalohealth.com","good","ok","no","no"
"audrey@teamlifecares.com","risky","unknown","no","no"
"august@nosmokenofire.com","good","ok","no","no"
"aurelio@ebmerit.com","risky","catch_all","no","no"
"austin.fee@scmid.com","good","ok","no","no"
"austin.stanley@itelinc.com","good","ok","no","no"
"austin.watkins@solobrands.com","good","ok","no","no"
"austin@bowentx.com","good","ok","no","no"
"austin@self.inc","good","ok","no","no"
"avalentino@lyratechgroup.com","good","ok","no","no"
"avalinsky@shepherdagency.com","good","ok","no","no"
"avang@uchicago.edu","good","ok","no","no"
"averyr@mercola.com","good","ok","no","no"
"avespucci@grupoprovincia.com.ar","good","ok","no","no"
"avodp@paragoncasinoresort.com","good","ok","no","no"
"awanland@intersportnet.com","good","ok","no","no"
"awayda@lifeshareok.org","good","ok","no","no"
"awelsh@carnivoremeat.com","good","ok","no","no"
"awheeler@tredittire.com","good","ok","no","no"
"awilkinson@cleanspaceus.com","good","ok","no","no"
"awolfe@smcelectric.com","good","ok","no","no"
"ayang@mimsoftware.com","good","ok","no","no"
"ayoukerd@kanecountycougars.com","good","ok","no","no"
"azamora01@covliving.org","good","ok","no","no"
"aziz@imprint.com","good","ok","no","no"
"azornio@onixsa.com.ar","good","ok","no","no"
"azuckerman@imaginepediatrics.org","good","ok","no","no"
"b.foerster@daxxgrp.com","good","ok","no","no"
"b.stafford@cassini-technologies.com","good","ok","no","no"
"b.stuart@afiama.com","good","ok","no","no"
"bacary.sano@kclife.com","good","ok","no","no"
"bahmed@nsmjawa.com","good","ok","no","no"
"bailey.gee@esvolta.com","good","ok","no","no"
"baileyd@dragcity.com","risky","catch_all","no","no"
"balyce@boldorange.com","good","ok","no","no"
"banthony@carlsmed.com","good","ok","no","no"
"baqai@panahospital.com","risky","unknown","no","no"
"barbara.kowalczyk@unitedevv.com","good","ok","no","no"
"barnall@americanfreedomins.com","good","ok","no","no"
"barry.nelson@norcostco.com","good","ok","no","no"
"barton.a@mcintoshok.com","good","ok","no","no"
"baskar.rajendran@isteer.com","good","ok","no","no"
"bbai@frontenac.com","good","ok","no","no"
"bbarwick@ehra.team","good","ok","no","no"
"bbearshield@mvbbanking.com","good","ok","no","no"
"bbender@calculatedhire.com","good","ok","no","no"
"bbennett@quantaservices.com","good","ok","no","no"
"bblake@bizco.com","good","ok","no","no"
"bbrown@flexspace360.com","good","ok","no","no"
"bbrownlee@andisco.com","good","ok","no","no"
"bbumgarner@bwwmh.com","good","ok","no","no"
"bbyrd@pksti.com","good","ok","no","no"
"bbyrd@titan-development.com","good","ok","no","no"
"bcalvert@conceptserv.com","good","ok","no","no"
"bcameron@live365.com","good","ok","no","no"
"bcampbell@sarofim.com","good","ok","no","no"
"bcarlson@creativegroupinc.com","good","ok","no","no"
"bcaulfield@redcommamedia.com","good","ok","no","no"
"bcomes@zydususa.com","good","ok","no","no"
"bcone@avoa-dallas.com","good","ok","no","no"
"bcope@pulsephysicians.com","good","ok","no","no"
"bcrocker@mytgh.com","good","ok","no","no"
"bdenman@rockefellergroup.com","good","ok","no","no"
"bdozier@evolutionpetroleum.com","risky","catch_all","no","no"
"bdurdin@halcyon.ai","good","ok","no","no"
"bea@pumpkinpie.com","good","ok","no","no"
"bealey@emidstream.com","bad","invalid","no","no"
"beau.beason@pssigroup.com","good","ok","no","no"
"beau@qualitystandard.com","good","ok","no","no"
"bec.page@healthtronics.com","bad","invalid","no","no"
"becca@grgplayscapes.com","good","ok","no","no"
"becky.ullman@lennar.com","good","ok","no","no"
"bedwards@dlrdmv.com","bad","invalid","no","no"
"belinda.solis@integrityrise.com","good","ok","no","no"
"belindagarcia@newson.io","bad","invalid","no","no"
"belsen@superscapes.net","good","ok","no","no"
"ben.berardi@shiphlg.com","good","ok","no","no"
"ben.dupslaff@thermalworks.com","good","ok","no","no"
"ben.ganje@apadanatechnology.com","good","ok","no","no"
"ben.kraemer@neostella.com","good","ok","no","no"
"ben.rady@aquatic.com","good","ok","no","no"
"ben.straub@abirasecurity.com","good","ok","no","no"
"ben@finandfurfilms.com","good","ok","no","no"
"ben@urbanspacehospitality.com","good","ok","no","no"
"ben@wellbrookrecovery.com","good","ok","no","no"
"benjamin@sfe-brands.com","good","ok","no","no"
"berkley@thestellarfamily.com","good","ok","no","no"
"bernardo.reiter@lanzola.com","good","ok","no","no"
"bess@sbmanagement.com","good","ok","no","no"
"bess@shirleyhollywoodinc.com","good","ok","no","no"
"beth.rutherford@zynphony.com","good","ok","no","no"
"bethany.zimmerman@bravatile.com","good","ok","no","no"
"bethany@sackansas.org","good","ok","no","no"
"betsy.walker@heritagealmc.com","good","ok","no","no"
"betsy@bloomfire.com","good","ok","no","no"
"betty.hernandez@checksammy.com","good","ok","no","no"
"beubank@paragon4design.com","good","ok","no","no"
"bfinley@encoreofs.com","good","ok","no","no"
"bgordon@enterpriseelectricalco.com","good","ok","no","no"
"bgordon@permiantank.com","good","ok","no","no"
"bgotcher@trinityhospice.com","good","ok","no","no"
"bgripe@3dsolutions.com","good","ok","no","no"
"bhaskar.ray@ecenta.com","good","ok","no","no"
"bhavesh.patel@ghxinc.com","risky","catch_all","no","no"
"bheinzeroth@practicevelocity.com","good","ok","no","no"
"bhicks@cpfounders.com","good","ok","no","no"
"bhoffmann@ramservices.com","good","ok","no","no"
"bhoward@intuitivemachines.com","good","ok","no","no"
"bianca.hartfelder@powerhousenow.com","good","ok","no","no"
"bill.bailey@forgen.com","good","ok","no","no"
"bill.wrath@bradyplus.com","good","ok","no","no"
"bill@bcsswitchgear.com","good","ok","no","yes"
"bill@fulfordhomes.com","good","ok","no","yes"
"billie.whittington@covingtonbh.com","good","ok","no","no"
"billy@cmcauto.net","good","ok","no","no"
"bisabell@hartinc.com","good","ok","no","no"
"bisbell@acasia.com","good","ok","no","no"
"biwen@idexcorp.com","good","ok","no","no"
"bjjones@cmrconstruction.com","good","ok","no","no"
"bjones@maverickpwr.com","good","ok","no","no"
"bkinamore@cipherhealth.com","good","ok","no","no"
"bkinney@truenorthadvisors.com","good","ok","no","no"
"bkirkpatrick@dtrusa.com","good","ok","no","no"
"bknipe@birdelectricinc.com","good","ok","no","no"
"blair.prinz@luxresearchinc.com","good","ok","no","no"
"blairhusted@skillstruck.com","good","ok","no","no"
"blake.klosterman@happyegg.com","good","ok","no","no"
"blake.wieland@leveecap.com","good","ok","no","no"
"blake@absmodular.com","good","ok","no","no"
"blake@iseeinnovation.com","good","ok","no","no"
"blampley@nova-compression.com","good","ok","no","no"
"blanca.cobb@thestoragemall.com","good","ok","no","no"
"blanca@encendercomunicacion.com","bad","invalid","no","no"
"blannon@spins.com","good","ok","no","no"
"blieser@meritex.com","good","ok","no","no"
"bloser@iamilwaukee.com","good","ok","no","no"
"bluera@databahn.ai","good","ok","no","no"
"bmboettcher@stjohnsofalbertlea.org","good","ok","no","no"
"bmesservey@waylinpartners.com","good","ok","no","no"
"bmichalak@culverbd.com","good","ok","no","no"
"bmiller@robertlynn.com","good","ok","no","no"
"bmoeller@cormedix.com","good","ok","no","no"
"bmoghaddam@warespace.com","good","ok","no","no"
"bmontoya@americanrampcompany.com","good","ok","no","no"
"bmullins@eagleus.com","good","ok","no","no"
"bnelson@mmgyglobal.com","good","ok","no","no"
"bob.bedrich@ebcogc.com","good","ok","no","no"
"bob.vonderau@vividseats.com","good","ok","no","no"
"bob@propertyss.com","good","ok","no","no"
"bobbie.koch@high5health.com","good","ok","no","no"
"boconnor@mufg-is.com","good","ok","no","no"
"bond.cavazos@orbus.com","good","ok","no","no"
"bpadilla@sbchc.net","good","ok","no","no"
"bpawl@rentbutter.com","good","ok","no","no"
"bpeters@cdivalve.com","good","ok","no","no"
"bpetty@propelhealth.com","good","ok","no","no"
"bphillips@allegiancecrane.com","good","ok","no","no"
"bpitt@bhmlegion.com","good","ok","no","no"
"brad.hardin@fabarc.com","good","ok","no","no"
"brad.simmons@milespartnership.com","bad","invalid","no","no"
"brad.smith@terraformpower.com","good","ok","no","no"
"brad.williams@currency.bank","good","ok","no","no"
"brad@goidentify.com","risky","catch_all","no","no"
"brad@pbcproductions.com","good","ok","no","no"
"bradbates@altushospice.com","good","ok","no","no"
"braden@athletecollective.com","good","ok","no","no"
"brader@pbr.com","risky","catch_all","no","no"
"bradm@ctechmanufacturing.com","good","ok","no","no"
"brandee.gonzalez@101media.com","good","ok","no","no"
"brandon.alonzo@thermell.com","good","ok","no","no"
"brandon.blackman@carerev.com","good","ok","no","no"
"brandon.speckels@pndtllc.com","good","ok","no","no"
"brandon.stevens@fairmountsa.com","good","ok","no","no"
"brandon.swanson@d1g1t.com","good","ok","no","no"
"brandon@yokemtoyota.com","good","ok","no","no"
"brandon_bonser@steris.com","risky","unknown","no","no"
"brandt@clementind.com","good","ok","no","no"
"brayden@atlasmarketinggroupinc.com","good","ok","no","no"
"breanne@choosecapstone.com","good","ok","no","no"
"breed@monroecap.com","good","ok","no","no"
"brenda.orellana@healthcarehighways.com","good","ok","no","no"
"brendan.sweeney@tutenlabs.com","good","ok","no","no"
"brendan@localcrafts.com","good","ok","no","no"
"brennah@personapilates.com","good","ok","no","no"
"brent.broussard@1ssb.com","good","ok","no","no"
"brent.turner@employmentboost.com","good","ok","no","no"
"brent.warren@dtn.com","good","ok","no","no"
"brentw@bttrailerstx.com","good","ok","no","no"
"brett.ganther@purposebrands.com","good","ok","no","no"
"brett.powell@veloxuc.com","risky","catch_all","no","no"
"brett.rench@elucent.com","good","ok","no","no"
"brian.berryhill@teamsewell.com","good","ok","no","no"
"brian.bock@eprkc.com","good","ok","no","no"
"brian.buzinski@sekisuidiagnostics.com","good","ok","no","no"
"brian.daskam@aier.org","good","ok","no","no"
"brian.haas@ascendhealth.com","good","ok","no","no"
"brian.haffner@gofoton.com","good","ok","no","no"
"brian.iskra@tfwarren.com","good","ok","no","no"
"brian.jeeninga@globaliid.com","good","ok","no","no"
"brian.king@apiphani.com","good","ok","no","no"
"brian.moran@davenportgroup.com","good","ok","no","no"
"brian.peterson@mdfcommerce.com","good","ok","no","no"
"brian.rae@freeman.com","good","ok","no","no"
"brian.strawn@fnf.com","good","ok","no","no"
"brian.vanbrogen@bherenewables.com","good","ok","no","no"
"brian.waheed@upstack.com","good","ok","no","no"
"brian@ausonio.com","good","ok","no","no"
"brian@catalinasnacks.com","good","ok","no","no"
"brian@marshilltexas.com","good","ok","no","no"
"brian@recurrentadvisors.com","good","ok","no","no"
"brian@squarerootsgrow.com","good","ok","no","no"
"brian_morovitz@trendmicro.com","good","ok","no","no"
"briandonais@culvers.com","good","ok","no","no"
"brianfiliatrault@weisbuilders.com","good","ok","no","no"
"briang@midwestmachinery.net","good","ok","no","no"
"briank@surefirelocal.com","good","ok","no","no"
"brianm@neolytix.com","good","ok","no","no"
"brice@forte.agency","risky","catch_all","no","no"
"bridget.folse@integra-tech.com","good","ok","no","no"
"bridgetgeorge@dgiusa.net","good","ok","no","no"
"brie@suitelivingsenior.com","good","ok","no","no"
"brie_willey@trektravel.com","good","ok","no","no"
"brigette.hackett@food52.com","good","ok","no","no"
"brittany.aprati@mastery.net","good","ok","no","no"
"brittany.irvin@roviaclinical.com","good","ok","no","no"
"brittany@openarmswellness.com","good","ok","no","no"
"brittany@statuslabs.com","good","ok","no","no"
"brittney.frontera@historymaker.com","good","ok","no","no"
"britton.hibbard@gridiron-air.com","good","ok","no","no"
"brock.maxwell@instride.health","good","ok","no","no"
"brock.neil@viracor.eurofinsus.com","good","ok","no","no"
"brodyv@ameriglobe-fibc.com","good","ok","no","no"
"bronstein@serman.com.ar","good","ok","no","no"
"brook@rbakc.com","good","ok","no","no"
"brooke.a@deananddahl.com","good","ok","no","no"
"brooks.ivey@dedicatedcomputing.com","risky","catch_all","no","no"
"bruce.morgan@shoulderinnovations.com","good","ok","no","no"
"bruce.otoole@cofense.com","good","ok","no","no"
"bruffin@jupiterchev.com","good","ok","no","no"
"bryan.brotchie@invitedclubs.com","good","ok","no","no"
"bryan.clithero@coretransformers.com","good","ok","no","no"
"bryan.counts@pantheon.io","good","ok","no","no"
"bryan.eisenberger@granum.com","good","ok","no","no"
"bryan.floren@viaphoton.com","good","ok","no","no"
"bryan.fulton@tmsh.net","good","ok","no","no"
"bryan.gottsman@cirrascale.com","good","ok","no","no"
"bryan.hyde@ezeefiber.com","good","ok","no","no"
"bryan.m@sfrdc.com","good","ok","no","no"
"bryan.mcnevin@jackson.com","good","ok","no","no"
"bryan.nelson@addigy.com","good","ok","no","no"
"bryce.nelson@lgcgroup.com","good","ok","no","no"
"bryce@ecs-asbestos.com","good","ok","no","no"
"bsaline@ieaworld.com","good","ok","no","no"
"bschaeffer@meyerlab.com","good","ok","no","no"
"bschwartz@kingjuice.com","good","ok","no","no"
"bshawhan@eigeroperating.com","good","ok","no","no"
"bslaymaker@gatr.net","good","ok","no","no"
"bsmith@genescosports.com","good","ok","no","no"
"bsmith@projectcontrol.com","good","ok","no","no"
"bspratt@marketmakerleads.com","risky","catch_all","no","no"
"bstallings@carolinatraffic.com","good","ok","no","no"
"bstevens@riskscout.com","good","ok","no","no"
"bstreilein@gagecc.com","good","ok","no","no"
"bthompson@cima-energy.com","good","ok","no","no"
"btomasiewicz@capital-data.com","good","ok","no","no"
"btroutman@roselandhospital.org","good","ok","no","no"
"buhlig@eoiservice.com","good","ok","no","no"
"bvermillion@in2itive.org","good","ok","no","no"
"bward@colonialfw.com","good","ok","no","no"
"bwarden@deepbluewater.com","good","ok","no","no"
"bwarsing@sitetracker.com","good","ok","no","no"
"bwbuckley@uabmc.edu","risky","catch_all","no","no"
"bwhitmire@chief.energy","bad","invalid","no","no"
"bwilliams@rancherspremium.com","good","ok","no","no"
"bwingo@mpowerinc.com","good","ok","no","no"
"bwoolheater@pppllc.com","good","ok","no","no"
"bwroberts@tokaicarboncb.com","good","ok","no","no"
"byron.foote@tekzenit.com","good","ok","no","no"
"byron.hall@watchfire.com","good","ok","no","no"
"byron.martinez@bausch.com","good","ok","no","no"
"c.evans@qwikkit.com","good","ok","no","no"
"c.schoonover@rainbowenergy.com","good","ok","no","no"
"cadewoodall@packagingexchange.com","good","ok","no","no"
"caitlin.cummings@novagroupgbc.com","good","ok","no","no"
"caitlin@curioso.us","good","ok","no","no"
"caitlinb@capbarbell.com","good","ok","no","no"
"caitlyn.bowman@dieseldirect.com","good","ok","no","no"
"caitlyn.koscielski@saltandstone.com","good","ok","no","no"
"caitlyn.oconnor@rate.com","good","ok","no","no"
"caleb.kopta@kclife.com","good","ok","no","no"
"caleb@rileyfamilyfarms.com","good","ok","no","no"
"callen@aticoatx.com","risky","unknown","no","no"
"callie.mcbee@partnersrealestate.com","good","ok","no","no"
"camee@linden-creek.com","good","ok","no","no"
"cameron.klade@timberwolves.com","good","ok","no","no"
"cameron.kosid@secsports.com","risky","unknown","no","no"
"cameron.mcmillian@vividseats.com","good","ok","no","no"
"cameron@thesociallights.com","good","ok","no","no"
"camille@ciwebgroup.com","good","ok","no","no"
"camille@rizenergy.com","good","ok","no","no"
"cantolak@wareracing.com","good","ok","no","no"
"caperton@expatsi.com","risky","catch_all","no","no"
"carey@hausmaninterests.com","good","ok","no","no"
"carina@milsteinravel.com.ar","good","ok","no","no"
"carl.albrechtbuehler@ariessolutions.io","good","ok","no","no"
"carl@cookchevrolet.com","bad","invalid","no","no"
"carla.hardy@thinkenvironmental.com","good","ok","no","no"
"carleigh@phghealth.com","good","ok","no","no"
"carley@touchpointlabs.io","good","ok","no","no"
"carlh@peoplescu.net","good","ok","no","no"
"carlos.ayala@solaris-energy.com","good","ok","no","no"
"carlos.castillo2@aeroalliancejv.com","good","ok","no","no"
"carlos.cristofalo@autoblog.com.ar","risky","catch_all","no","no"
"carlos.galvez@mediacorp.com.mx","risky","catch_all","no","no"
"carlos.gomez@pcmhfs.com","good","ok","no","no"
"carlos.theriot@p1dentalpartners.com","good","ok","no","no"
"carlos@lunavolleyballacademy.com","risky","catch_all","no","no"
"carlos@meccadesign.com","good","ok","no","no"
"carly.sherman@mycorrhealth.com","good","ok","no","no"
"carly@longleafcenters.com","good","ok","no","no"
"carmenm@swanturismo.com.ar","good","ok","no","no"
"carol.cox@hyatt.com","good","ok","no","no"
"carola@getit.com.ar","good","ok","no","no"
"caroline.patterson@reecesupply.net","good","ok","no","no"
"caroline.thomas@missionchem.com","good","ok","no","no"
"caroline.yan@smartwingshome.com","bad","invalid","no","no"
"caroline@brightharbor.com","good","ok","no","no"
"carolyn.hervin@accura.healthcare","good","ok","no","no"
"carolyn.lau@hungryroot.com","good","ok","no","no"
"carolyn@frontierpharm.com","good","ok","no","no"
"carrie.vick@peoplefluent.com","good","ok","no","no"
"carrie.wilks@healthtrackrx.com","good","ok","no","no"
"carson.doran@therugcompany.com","good","ok","no","no"
"cassandra@nelsonhomegroupkc.com","good","ok","no","no"
"cassie.kitchell@tsmgi.com","good","ok","no","no"
"catherine.depew@sol-ark.com","good","ok","no","no"
"catherinea@camp-able.org","good","ok","no","no"
"catherinew@pioneercare.org","good","ok","no","no"
"cathy.adler-marks@hsahospitals.com","good","ok","no","no"
"cavan@roka.com","good","ok","no","no"
"cayleep@heightenedleaders.com","good","ok","no","no"
"cbaban@ridgewoodwaco.com","risky","unknown","no","no"
"cbachner@yunker.com","good","ok","no","no"
"cbarrett@viralnation.com","good","ok","no","no"
"cbaumgarte@perryridgelandfill.com","good","ok","no","no"
"cbenoit@bluehawaiian.com","good","ok","no","no"
"cbettin@colepapers.com","good","ok","no","no"
"cbilberry@rangeroil.com","risky","unknown","no","no"
"cbrewer@mcdonoughmarine.com","good","ok","no","no"
"cbruce@martinch.org","good","ok","no","no"
"cbuchanan@williamsmarston.com","risky","catch_all","no","no"
"cburns@paragon4design.com","good","ok","no","no"
"ccanales@trancasa.com","good","ok","no","no"
"ccarstens@unityone.org","good","ok","no","no"
"ccarter@bealeinfra.com","good","ok","no","no"
"ccecchin@t2investments.com","good","ok","no","no"
"ccharles@chaparralinsulation.com","good","ok","no","no"
"cchung@mandelmetals.com","good","ok","no","no"
"cclark@kerecis.com","good","ok","no","no"
"cconnolly@goco.com","good","ok","no","no"
"ccorlett@augustwinter.com","good","ok","no","no"
"ccowen@northgate-tx.com","good","ok","no","no"
"cculter@c-hawkk.com","good","ok","no","no"
"ccurran@lakecountypads.org","bad","invalid","no","no"
"cdavis@aypa.com","good","ok","no","no"
"cdean@placemakerproperties.com","good","ok","no","no"
"cdexter@cloudrise.com","good","ok","no","no"
"cdobbs@natlrecruiting.com","good","ok","no","no"
"cdomenech@provincialseniorliving.com","good","ok","no","no"
"cdowning@infectolab-americas.com","good","ok","no","no"
"celeste.higgins@franklinhospital.net","risky","unknown","no","no"
"cem.mazlum@unitedpayment.com","good","ok","no","no"
"cesar.mejia@areteres.com","good","ok","no","no"
"cevans@balconesresources.com","good","ok","no","no"
"ceverett@ssequips.com","good","ok","no","no"
"cfberisso@grupoieb.com.ar","good","ok","no","no"
"cfeltrin@cordis.com.ar","good","ok","no","no"
"cflowers@encoreofs.com","good","ok","no","no"
"cfontana@beltinc.com","good","ok","no","no"
"cforeman@vitaehs.com","good","ok","no","no"
"cfortunato@purposebuiltbrands.com","good","ok","no","no"
"cfree@mazre.com","good","ok","no","no"
"cfry@omegaseniorliving.com","good","ok","no","no"
"cgaglio@ccaglobal.com","good","ok","no","no"
"cgasche@lfgsm.edu","good","ok","no","no"
"cgoding@solarcraft.net","good","ok","no","no"
"cgray@rshomebuilders.com","good","ok","no","no"
"cgrelyak@davidgomezpartners.com","good","ok","no","no"
"chad.lyon@warrencat.com","good","ok","no","no"
"chad.schwinghammer@xigentsolutions.com","good","ok","no","no"
"chad@holydippers.com","good","ok","no","no"
"chad@leveltechnologies.net","good","ok","no","no"
"chall@peritusservices.com","risky","unknown","no","no"
"chance@vbarequipment.com","good","ok","no","no"
"chandler@plprglobal.com","good","ok","no","no"
"chang.liu@retechadvisors.com","good","ok","no","no"
"charan@shiftiqsolutions.com","good","ok","no","no"
"chardin@deep.health","good","ok","no","no"
"charity@waukeshacountyfair.com","good","ok","no","no"
"charles.griffiths@e4harchitecture.com","good","ok","no","no"
"charles.hart@united-dynamics.com","good","ok","no","no"
"charles.mckenzie@leowealth.com","good","ok","no","no"
"charles@recovery.com","good","ok","no","no"
"charlie.thomas@attconf.utexas.edu","good","ok","no","no"
"charlie@wealthhg.com","good","ok","no","no"
"charlie_chandler@ajg.com","good","ok","no","no"
"charlotte.kerr@conklin.com","bad","invalid","no","no"
"charlotte@thepac.com","good","ok","no","no"
"charrod@alphacognition.com","good","ok","no","no"
"chase.perrington@westernracquet.com","good","ok","no","no"
"chase.pickering@atmosphere.tv","good","ok","no","no"
"chasem@twvsllc.com","good","ok","no","no"
"cheetland@ckpconstruction.com","good","ok","no","no"
"chelsea.bellerby@ibisworld.com","good","ok","no","no"
"chelsea.coffman@originalhooters.com","good","ok","no","no"
"chelsea.hise@bendbioscience.com","good","ok","no","no"
"chelsey.leonard@swit-tx.com","good","ok","no","no"
"chelsey@thesociallights.com","good","ok","no","no"
"cheryl.mcduffie@phn-waco.org","bad","invalid","no","no"
"cheryl@cmcmullen.net","good","ok","no","no"
"chet@royalproductions.com","good","ok","no","no"
"china.byers@fundltc.com","good","ok","no","no"
"chogan@cobblestoneint.com","bad","invalid","no","no"
"cholbrook@sunstrongmanagement.com","good","ok","no","no"
"chong@outlooktax.com","good","ok","no","no"
"chorton@ruekert-mielke.com","good","ok","no","no"
"chris.allison@kicharter.org","good","ok","no","no"
"chris.bosch@halliburton.com","good","ok","no","no"
"chris.bronikowski@addmangroup.com","good","ok","no","no"
"chris.flowers@celltrionhc.com","good","ok","no","no"
"chris.gamallo@advancedsolution.health","good","ok","no","no"
"chris.hodges@avionsolutions.com","good","ok","no","no"
"chris.jordan@jupiterpower.io","good","ok","no","no"
"chris.karn@mybluepeak.com","good","ok","no","no"
"chris.kelley@qualifiedigital.com","good","ok","no","no"
"chris.miller@distalmotion.com","good","ok","no","no"
"chris.mitria@levelex.com","good","ok","no","no"
"chris.nimietz@amylufoods.com","good","ok","no","no"
"chris.richmond@safetyrailcompany.com","good","ok","no","no"
"chris.roberts@clsusa.com","good","ok","no","no"
"chris.roesler@primarycareofappleton.com","risky","catch_all","no","no"
"chris.smith@iren.com","good","ok","no","no"
"chris.summons@us.urgo.com","good","ok","no","no"
"chris.thilk@gonoodle.com","good","ok","no","no"
"chris.wallace@safebooks.ai","bad","invalid","no","no"
"chris.williams@kinetictransportation.com","good","ok","no","no"
"chris@haakemfg.com","good","ok","no","no"
"chris@letsgoputt.com","good","ok","no","no"
"chris@locintllc.com","good","ok","no","no"
"chrisgregg@afco.net","good","ok","no","no"
"chrisk@accutechsecurity.com","good","ok","no","no"
"chrisl@cornerhm.com","good","ok","no","no"
"chrisperez@enterpriseelectricalco.com","good","ok","no","no"
"christen.diel@deltapathology.com","good","ok","no","no"
"christian.tapp@diamondcellar.com","good","ok","no","no"
"christianm@recastsoftware.com","good","ok","no","no"
"christianopp@magnumelectric.net","good","ok","no","no"
"christie.mires@clearwatersecurity.com","good","ok","no","no"
"christiemcelya@lonestarbakery.com","good","ok","no","no"
"christin.wam@malibuboats.com","good","ok","no","no"
"christina.coy@trajektory.com","good","ok","no","no"
"christina.ford@ssi-rr.com","good","ok","no","no"
"christina.leicht@kohlercu.com","bad","invalid","no","no"
"christina@inman.com","good","ok","no","no"
"christinaf@pbshq.com","good","ok","no","no"
"christine.mayes@criquetshirts.com","good","ok","no","no"
"christopher.thompson@magnetdefense.com","good","ok","no","no"
"christopherharper@thompsontractor.com","good","ok","no","no"
"christopherp@flintrockcommercial.com","good","ok","no","no"
"chuck.tyner@parkeravery.com","good","ok","no","no"
"chukwubuikem.emegwara@harmonymc.ae","risky","catch_all","no","no"
"cidema@wellvana.com","good","ok","no","no"
"cindy.wamsley@soldierpoint.net","good","ok","no","no"
"cindy@andersgroup.org","good","ok","no","no"
"cj@mitwellness.com","good","ok","no","no"
"cjacey@bluhawksports.com","good","ok","no","no"
"cjenkins@foundersib.com","good","ok","no","no"
"cjensen@dwsteel.com","good","ok","no","no"
"cjohnson@claritychi.com","good","ok","no","no"
"cjones@riverwalkranch.com","good","ok","no","no"
"cjoslin@iodinesoftware.com","good","ok","no","no"
"ckeen@gridpower-solutions.com","good","ok","no","no"
"ckinsler@kingsiii.com","good","ok","no","no"
"ckob2@tphco.com","good","ok","no","no"
"ckoonce@bkvgroup.com","risky","catch_all","no","no"
"ckopacek@thornburg.com","good","ok","no","no"
"ckoubek@austinfc.com","good","ok","no","no"
"ckuhn@watchtower-security.com","good","ok","no","no"
"ckuntz@corporateink.com","good","ok","no","no"
"clacey@housingforward.org","good","ok","no","no"
"clair.whitlock@medshoals.com","good","ok","no","no"
"claire.stofer@enjetaero.com","good","ok","no","no"
"claire@titanwh.com","good","ok","no","no"
"clakhanpal@aypa.com","good","ok","no","no"
"clane@pluspower.com","good","ok","no","no"
"clara.dykstra@globalprairie.com","good","ok","no","no"
"claressa.sackllah@oseamalibu.com","good","ok","no","no"
"clark.anderson@mtrustcompany.com","good","ok","no","no"
"clark.munger@flywheelenergy.com","good","ok","no","no"
"clark.pringle@vulcanindustrial.com","bad","invalid","no","no"
"claude.karraker@nationalrarities.com","good","ok","no","no"
"clay@sideraenergygroup.com","good","ok","no","no"
"clecoq@guaranty-bnk.com","risky","catch_all","no","no"
"clintm@metalformshx.com","good","ok","no","no"
"clinton.kidd@dnow.com","good","ok","no","no"
"clord@provident.net","bad","invalid","no","no"
"cluong@connextpay.com","good","ok","no","no"
"cmach@vikorscientific.com","good","ok","no","no"
"cmangum@trilogymedwaste.com","good","ok","no","no"
"cmarquez@on.page","good","ok","no","no"
"cmarsh@gma-architects.com","good","ok","no","no"
"cmaxwell@gordonhighlander.com","good","ok","no","no"
"cmccuiston@thelorenhotel.com","good","ok","no","no"
"cmccumber@completelineglass.com","good","ok","no","no"
"cmcdonald@mhford.com","good","ok","no","no"
"cmcniel@infusionforhealth.com","good","ok","no","no"
"cmerck@360fireflood.com","good","ok","no","no"
"cmericas@louisianafishfry.com","good","ok","no","no"
"cmeyers@stgabrielhubertus.org","good","ok","no","no"
"cmiksch@casinocashtrac.com","good","ok","no","no"
"cmiller@hcmc.us.com","bad","invalid","no","no"
"cmills@heartlandhealth.org","good","ok","no","no"
"cmoore@gti.energy","good","ok","no","no"
"cmorales@murrayresources.com","good","ok","no","no"
"cmoyer@trideum.com","good","ok","no","no"
"cnevins@maxxon.com","good","ok","no","no"
"cnixon@pennybackercap.com","good","ok","no","no"
"cnoel@acicompressors.com","good","ok","no","no"
"cnoonkester@machenergyllc.com","good","ok","no","no"
"cnoorian@formic.co","risky","catch_all","no","no"
"cnors@pillaraccts.com","good","ok","no","no"
"cobrien@skender.com","good","ok","no","no"
"cody.coffin@usengineering.com","good","ok","no","no"
"cody@aviznetworks.com","good","ok","no","no"
"codytrucco@airspace.com","risky","catch_all","no","no"
"cole@canyouimagine.com","good","ok","no","no"
"coleman.jett@pureskyenergy.com","good","ok","no","no"
"coliff@netrality.com","good","ok","no","no"
"colin@nolimitcorp.com","bad","invalid","no","no"
"colleen.dowe@sagese.com","good","ok","no","no"
"colleen.ferguson@fairwave.com","good","ok","no","no"
"colleen.sullivan@thirdroadmgmt.com","good","ok","no","no"
"colleen.zewe@syneoshealth.com","good","ok","no","no"
"connor.contorno@jvavolleyball.org","good","ok","no","no"
"connor.doyle@staxpayments.com","risky","catch_all","no","no"
"connor.howell@parachutehealth.com","good","ok","no","no"
"connor@bendermgmt.com","good","ok","no","no"
"conor.dunne@macerich.com","good","ok","no","no"
"conor.freeze@lydianenergy.com","good","ok","no","no"
"cooper.willard@goosehead.com","good","ok","no","no"
"coralyn.musser@meiusa.com","good","ok","no","no"
"corey.butler@endeavor-ms.com","good","ok","no","no"
"corey.moylan@evolus.com","good","ok","no","no"
"corey@gearwest.com","good","ok","no","no"
"corey@productiveresources.com","good","ok","no","no"
"corey@velp.com","bad","invalid","no","no"
"corinne.crouch@blcsne.com","bad","invalid","no","no"
"corrison@austinsurgeons.net","good","ok","no","no"
"cortiz@pineng.com","good","ok","no","no"
"cory.hakes@everidge.com","good","ok","no","no"
"cory.weisner@ampf.com","good","ok","no","no"
"courtney.besier@kymerainternational.com","good","ok","no","no"
"courtney.frappier@tonyfaypr.com","risky","catch_all","no","no"
"courtney.gould@millerfuneralfridley.com","good","ok","no","no"
"courtney.jenkins@heylrealestate.com","good","ok","no","no"
"courtney.sapp@iconicsdecor.com","good","ok","no","no"
"courtney.seal@trisaluslifesci.com","good","ok","no","no"
"courtney@b-unlimited.com","good","ok","no","no"
"cprince@sethwadley.com","good","ok","no","no"
"crabenold@kahligauto.com","good","ok","no","no"
"craig.rogers@ravago.com","good","ok","no","no"
"craig.williams@omnisp.com","good","ok","no","no"
"craig@brandography.com","good","ok","no","no"
"craig@tekweld.com","good","ok","no","no"
"craigdud@kevgroup.com","good","ok","no","no"
"crath@thelorenhotel.com","good","ok","no","no"
"creaves@myaccesshealth.org","good","ok","no","no"
"creed@delphi-me.com","bad","invalid","no","no"
"crehbock@fgmk.com","good","ok","no","no"
"creid@joeblandconstruction.com","good","ok","no","no"
"cresleff@communitytax.com","good","ok","no","no"
"crichards@lelandk12.org","good","ok","no","no"
"cristina@oldwell-labs.com","good","ok","no","no"
"crobbins@mdrpowerline.com","good","ok","no","no"
"croberts@mosestucker.com","good","ok","no","no"
"crobinett@minimallstorage.com","good","ok","no","no"
"crobinson@berwickhousingauthority.com","good","ok","no","no"
"crobinson@theloanstore.com","good","ok","no","no"
"crose@evergreenlive.com","good","ok","no","no"
"crystal.pingel@frauenshuh.com","good","ok","no","no"
"crystal@autumnleaves.com","bad","invalid","no","no"
"crystal@coltcamco.com","risky","unknown","no","no"
"crystal@plumbingbycovenant.com","good","ok","no","no"
"csalas@nbutexas.com","good","ok","no","no"
"cschmidt@ncbhok.org","bad","invalid","no","no"
"cscofield@fecon.com","good","ok","no","no"
"cscott@premierdentalco.com","good","ok","no","no"
"cseawright@hempz.com","good","ok","no","no"
"csidasmed@olivumsa.com.ar","good","ok","no","no"
"csimmons@leviateair.com","good","ok","no","no"
"cskornia@augustawinery.com","good","ok","no","no"
"cstewart@eventellect.com","good","ok","no","no"
"cswaby@netchexonline.com","risky","catch_all","no","no"
"cswenson@fastwyre.com","good","ok","no","no"
"ctadder@cardinalsystemsinc.com","good","ok","no","no"
"ctardugno@uticafirst.com","good","ok","no","no"
"ctertzakian@tecotex.com.ar","good","ok","no","no"
"cthibodeaux@gohappyhub.com","good","ok","no","no"
"cthompson@raytownwater.net","good","ok","no","no"
"curt.sherbrooke@bektel.com","good","ok","no","no"
"curtis.parker@servicelegends.com","good","ok","no","no"
"custer@elevated-const.com","risky","catch_all","no","no"
"cvanvooren@abetech.com","good","ok","no","no"
"cvidela@layer-psm.com","good","ok","no","no"
"cvillarreal@oconnellrobertson.com","good","ok","no","no"
"cward@wtads.com","good","ok","no","no"
"cwargo@repstl.org","good","ok","no","no"
"cwhitehead@petrolink.energy","good","ok","no","no"
"cwilliams@aidsarms.org","good","ok","no","no"
"cwilliams@brillect.com","good","ok","no","no"
"cwolfarth@neuropace.com","good","ok","no","no"
"cwren@cyclyx.com","good","ok","no","no"
"cynthia.cooper@firstclearing.com","good","ok","no","no"
"cyontz@clutchperformance.com","good","ok","no","no"
"czapico@councilonrecovery.org","good","ok","no","no"
"d.williams@gacllc.net","good","ok","no","no"
"d@fred-inc.com","good","ok","no","no"
"dahern@stpaulhd.com","bad","invalid","no","no"
"dale.spoonemore@parkseed.com","good","ok","no","no"
"dalena@joyfmboost.com","good","ok","no","no"
"daljit.singh@debutinfotech.com","good","ok","no","no"
"dalmy@dotecengineering.com","good","ok","no","no"
"dalton.hoekstra@nextern.com","good","ok","no","no"
"dalton.wignall@mosai.com","good","ok","no","no"
"damian.reale@xionico.com","good","ok","no","no"
"dan.calabrese@goldenceramicdentallab.com","good","ok","no","no"
"dan.glovier@buildingintelligence.com","good","ok","no","no"
"dan.herman@fluidinteriors.com","good","ok","no","no"
"dan.k@acs-llc.net","good","ok","no","no"
"dan.kresser@havocai.com","good","ok","no","no"
"dan.mclandsborough@technicair.com","good","ok","no","no"
"dan.milligan@mastery.net","good","ok","no","no"
"dan@lannonstone.net","good","ok","no","no"
"dan@nelsonmillergroup.com","good","ok","no","no"
"dan@valentinechemicals.com","good","ok","no","no"
"dan_henn@gosafe.com","good","ok","no","no"
"dana.freiburger@firstclose.com","good","ok","no","no"
"dana.stokien@newgenaerospace.com","good","ok","no","no"
"dana@rainmakerecommerce.com","good","ok","no","no"
"dana@texas-standard.com","good","ok","no","no"
"danaa@pottersignal.com","good","ok","no","no"
"dand@premierbb.com","good","ok","no","no"
"dane.dorn@cmd-corp.com","good","ok","no","no"
"dane.storck@cinchit.com","good","ok","no","no"
"danesersen@transperfect.com","risky","catch_all","no","no"
"danhansen@vestalcorporation.com","good","ok","no","no"
"dani.kast@transflo.com","good","ok","no","no"
"daniel.cuthbert@enstorinc.com","good","ok","no","no"
"daniel.gallegos@aseguradornorte.com.ar","risky","catch_all","no","no"
"daniel.kimble@vesperenergy.com","good","ok","no","no"
"daniel.nelson@sagentbh.com","good","ok","no","no"
"daniel.perea@infravisioninc.com","good","ok","no","no"
"daniel.price@5sr-hsv.com","good","ok","no","no"
"daniel.simonson@cfacorp.com","bad","invalid","no","no"
"daniel.white@charter.com","good","ok","no","no"
"daniel@discoveryprograms.org","good","ok","no","no"
"daniel@goecm.com","good","ok","no","no"
"daniel@slingshotaerospace.com","good","ok","no","no"
"daniel@westwinelements.com","good","ok","no","no"
"daniell@honeycuttconstruction.com","good","ok","no","no"
"danielle.bortka@upsindustrial.com","good","ok","no","no"
"danielle.nutt@sparrow-partners.com","good","ok","no","no"
"danielle@beyondthechaos.biz","good","ok","no","no"
"danielsexton@imtt.com","good","ok","no","no"
"danilo.rufino@doggett.com","risky","catch_all","no","no"
"danny.way@bradywelding.com","good","ok","no","no"
"dannyf@raaltd.com","good","ok","no","no"
"danpavel@pathfinder.md","good","ok","no","no"
"dans@scannellproperties.com","good","ok","no","no"
"darcy.collins@valir.com","good","ok","no","no"
"darrizett.moore@truecommerce.com","bad","invalid","no","no"
"darryl.johnson@summitmediacorp.com","bad","invalid","no","no"
"dary.a@familyoffaithsp.com","good","ok","no","no"
"dat.t@probuiltsoftware.com","good","ok","no","no"
"dave.corley@hollman.com","good","ok","no","no"
"dave.jolicoeur@odtinc.com","good","ok","no","no"
"dave@crowncfo.com","good","ok","no","no"
"daveebert@dymatize.com","risky","catch_all","no","no"
"david.bates@us.urgo.com","good","ok","no","no"
"david.carey@concentricusa.com","good","ok","no","no"
"david.dumbauld@calyxoinc.com","good","ok","no","no"
"david.engelthaler@laasy.co","risky","catch_all","no","no"
"david.hanania@dng.com","good","ok","no","no"
"david.isquith@emed.com","good","ok","no","no"
"david.johnson@vytalizehealth.com","good","ok","no","no"
"david.kerr@tscms.com","good","ok","no","no"
"david.miller@gsdm.com","good","ok","no","no"
"david.ochel@hypori.com","good","ok","no","no"
"david.smith@adlook.com","good","ok","no","no"
"david.vontress@halomd.com","good","ok","no","no"
"david.westfall@thehartford.com","good","ok","no","no"
"david@carestlhealth.org","risky","unknown","no","no"
"david@garden-freshfoods.com","good","ok","no","no"
"davidc@dallashfc.com","good","ok","no","no"
"davidmcginnis@covertauto.com","good","ok","no","no"
"davids@ketryx.com","good","ok","no","no"
"dawn.manning@realcold.com","good","ok","no","no"
"dbacon@kwplastics.com","good","ok","no","no"
"dbeth@khds.org","good","ok","no","no"
"dbolingbroke@sableoffshore.com","good","ok","no","no"
"dbrien@houstoneng.com","good","ok","no","no"
"dbrown@irby.com","risky","catch_all","no","no"
"dcastleberg@sabreindustries.com","bad","invalid","no","no"
"dchapman@tuscoinc.com","good","ok","no","no"
"dchiles@byldinc.com","good","ok","no","no"
"dconci@concicarpinella.com.ar","good","ok","no","no"
"dcox@capitolgroupinc.com","good","ok","no","no"
"ddelatte@morrisonenergy.com","good","ok","no","no"
"ddelcambre@stayapt.com","good","ok","no","no"
"ddi@valobiomedia.com","good","ok","no","no"
"ddigiacomo@biocartis.com","bad","invalid","no","no"
"ddundas@c3healthcarerx.com","good","ok","no","no"
"ddunn@tmc.edu","good","ok","no","no"
"ddupre@baywaterpipeline.com","good","ok","no","no"
"deanaluebbert@petroleumclub.com","bad","invalid","no","no"
"deanna.baker@mwepartnership.com","good","ok","no","no"
"debbie@aaoteam.org","good","ok","no","no"
"dejamariespencer@bees360.com","good","ok","no","no"
"dekorsey.demare@assuresoft.com","good","ok","no","no"
"delaney.waldron@cafortune.com","good","ok","no","no"
"dellett@novilabs.com","good","ok","no","no"
"denham@healingfaster.com","good","ok","no","no"
"deni.ambrose@vividseats.com","good","ok","no","no"
"denis@yottaenergy.com","good","ok","no","no"
"denise.venegas@peoplethrust.com","good","ok","no","no"
"denise@rebelutionus.com","good","ok","no","no"
"dennis.kniery@consortiex.com","good","ok","no","no"
"denver@privatejetscharter.net","bad","invalid","no","no"
"derek.ford@vinmar.com","good","ok","no","no"
"derek.gary@sherwood.net","good","ok","no","no"
"derek.thomas@cytovale.com","good","ok","no","no"
"derrickt@autosavvy.com","good","ok","no","no"
"desiraecontreras@project88musicacademy.org","good","ok","no","no"
"destes@flysterlingair.com","risky","catch_all","no","no"
"destin@richcre.com","good","ok","no","no"
"dewayne.gradic@cummingssigns.com","good","ok","no","no"
"dewey@npcs.com","risky","catch_all","no","no"
"dfake@wytech.com","good","ok","no","no"
"dfarace@randolphschool.net","good","ok","no","no"
"dfarrar@trilogymedwaste.com","good","ok","no","no"
"dferrata@jbwfederal.com","good","ok","no","no"
"dfreeman@crec.coop","good","ok","no","no"
"dfudge@kcci.com","good","ok","no","no"
"dgaither@cititrends.com","good","ok","no","no"
"dgarzon@certifytax.us","good","ok","no","no"
"dgennuso@edenseniorhc.com","good","ok","no","no"
"dgentry@care4.com","bad","invalid","no","no"
"dgrady@gvcaponline.com","good","ok","no","no"
"dgrant@missioncriticalgroup.com","good","ok","no","no"
"dgriffith@logicpathlogistics.com","risky","catch_all","no","no"
"dhanraj.mittal@optym.com","good","ok","no","no"
"dhanush@mokshtech.net","good","ok","no","no"
"dharden@bankerssecurity.com","good","ok","no","no"
"dhastings@lermaagency.com","good","ok","no","no"
"dhearn@fullcompass.com","good","ok","no","no"
"dhenderson@alltruck.com","good","ok","no","no"
"dherndon@redoak.com","good","ok","no","no"
"dherrig@brillect.com","good","ok","no","no"
"dhilburn@huntoil.com","good","ok","no","no"
"dhopler@smcelectric.com","good","ok","no","no"
"dhruvesh@drovtechnologies.com","good","ok","no","no"
"diana.bohn@hyatt.com","good","ok","no","no"
"diana@247truckingchicago.com","risky","catch_all","no","no"
"diane.mullens@digiflight.com","good","ok","no","no"
"dianna.delarosa@sharpeengineering.com","good","ok","no","no"
"dick@firetrucker.com","good","ok","no","no"
"diego.trucco@deltaam.com.ar","good","ok","no","no"
"diego@adairconcepts.com","good","ok","no","no"
"diglesias@icebergagricola.com.ar","good","ok","no","no"
"dillon.donald@thestellarfamily.com","good","ok","no","no"
"diogo.alles@terex.com","good","ok","no","no"
"dirish@theswiftgroup.com","good","ok","no","no"
"dixond@platteco.k12.mo.us","good","ok","no","no"
"djamel.bekka@myccmg.com","good","ok","no","no"
"djansen@dakotacountylumber.com","good","ok","no","no"
"djohnson@mhnrc.com","good","ok","no","no"
"djohnson@sequoia-financial.com","good","ok","no","no"
"djones@arco1.com","good","ok","no","no"
"dkaspar@auroraplastics.com","good","ok","no","no"
"dkittrell@citywidebuildingservices.com","good","ok","no","no"
"dknuth@iewc.com","good","ok","no","no"
"dkubancik@whetstonedist.com","good","ok","no","no"
"dkushner@woodlandfoods.com","good","ok","no","no"
"dlandry@laltac.com","good","ok","no","no"
"dlangdon@hatcreekburgers.com","good","ok","no","no"
"dlappe@versique.com","good","ok","no","no"
"dleuthold@carnivalechicago.com","good","ok","no","no"
"dlloyd@waylinpartners.com","good","ok","no","no"
"dlosak@talithakoum.org","good","ok","no","no"
"dlynch@urban-genesis.com","good","ok","no","no"
"dm@kwinkc.com","good","ok","no","no"
"dmiller@definiumtx.com","good","ok","no","no"
"dmoore@thecentersar.com","good","ok","no","no"
"dmuasher@vistainvestments.com","good","ok","no","no"
"dneal@dawsonohana.com","good","ok","no","no"
"dniermann@grax.com","good","ok","no","no"
"dnunley@secuvy.com","good","ok","no","no"
"dodriscoll@sidecarhealth.com","good","ok","no","no"
"domcikus@rcladue.com","good","ok","no","no"
"dominic@altapestcontrol.com","good","ok","no","no"
"donh@centurycentech.com","good","ok","no","no"
"donna.schulzetenberg@lgcgroup.com","good","ok","no","no"
"donnap@jclib.org","risky","unknown","no","no"
"dora.pennington@shoulderinnovations.com","good","ok","no","no"
"dortiz@hpi.net","good","ok","no","no"
"doug.hutton@synthesized.io","good","ok","no","no"
"doug@b3cre.com","good","ok","no","no"
"dparish@phcenters.com","good","ok","no","no"
"dpedersen@hrsincorporated.com","good","ok","no","no"
"dpeeler@carlsontoyota.com","good","ok","no","no"
"dpepin@technosylva.com","good","ok","no","no"
"dpirtle@catalystok.org","good","ok","no","no"
"dplagge@lucida.com","good","ok","no","no"
"dqadri@scrtransport.com","bad","invalid","no","no"
"dquinn-griffin@archimedesrx.com","good","ok","no","no"
"dr.luke@clearsight.com","good","ok","no","no"
"dratelle@waltonroofing.com","good","ok","no","no"
"dray@ampacity.com","good","ok","no","no"
"dreid@a1eleco.com","good","ok","no","no"
"dreid@applieddigital.com","good","ok","no","no"
"drew.fuhrman@cayosoft.com","good","ok","no","no"
"drew@barrfunding.com","bad","invalid","no","no"
"drew@getgatedrop.com","risky","catch_all","no","no"
"drew@heiinc.com","good","ok","no","no"
"dreyes@sbctx.org","good","ok","no","no"
"drice@csrliving.com","good","ok","no","no"
"drios@carnivoremeat.com","good","ok","no","no"
"droan@wgntv.com","bad","invalid","no","no"
"droy@surgicaltheater.com","good","ok","no","no"
"dschroeder@crowholdings.com","good","ok","no","no"
"dschumer@smdh.net","good","ok","no","no"
"dscolari@ztautogroup.com","risky","catch_all","no","no"
"dsebesta@eciconstructors.com","good","ok","no","no"
"dshirley@mawss.com","good","ok","no","no"
"dsidian@leighton.media","good","ok","no","no"
"dstecher@mytech.com","good","ok","no","no"
"dstew@capstonetc.com","good","ok","no","no"
"dthibodeau@wtads.com","good","ok","no","no"
"dtomei@holladayproperties.com","good","ok","no","no"
"dtorregrossa@risech.com","good","ok","no","no"
"dturich@wilton.com","good","ok","no","no"
"durban@salesxceleration.com","good","ok","no","no"
"dustee.torres@stucki.com","good","ok","no","no"
"dustin.boroff@graywolf.com","good","ok","no","no"
"dustin.clair@agservicestx.com","good","ok","no","no"
"dustin_sawyer@rockriverlab.com","good","ok","no","no"
"duwayne.sibley@btcpa.net","good","ok","no","no"
"dveal@lanierhospital.com","bad","invalid","no","no"
"dveljacic@gopfc.com","bad","invalid","no","no"
"dvirani@cphysicians.org","good","ok","no","no"
"dwachowicz@baytongroup.com","good","ok","no","no"
"dwalker@8020consulting.com","good","ok","no","no"
"dwampler@plews.com","good","ok","no","no"
"dwarner@labelworks.com","good","ok","no","no"
"dwaters@athomehealth.org","bad","invalid","no","no"
"dwebb@sequoia-financial.com","good","ok","no","no"
"dwhite@singularityus.com","good","ok","no","no"
"dwiest@ntxembedded.com","good","ok","no","no"
"dwilliams@nexus-datacenters.com","good","ok","no","no"
"dwilliams@uticafirst.com","good","ok","no","no"
"dwilliamson@landpoint.net","good","ok","no","no"
"dwofford@hightophealth.com","risky","catch_all","no","no"
"dxujohnson@fitzandco.com","good","ok","no","no"
"dylan.choiniere@saadhealthcare.com","good","ok","no","no"
"dylan.stensgard@macqueengroup.com","good","ok","no","no"
"dylan@wagner-tuning.com","risky","unknown","no","no"
"dylanc@emerge-living.com","good","ok","no","no"
"dylanp@tour24.io","good","ok","no","no"
"eagarza@cbsaustin.com","good","ok","no","no"
"ealvarez@brownsville-pub.com","risky","unknown","no","no"
"eanderson@honeystinger.com","good","ok","no","no"
"eanderson@longevity.inc","good","ok","no","no"
"eandrews@gulfcoasthm.com","good","ok","no","no"
"easwar@involgix.com","good","ok","no","no"
"ebaker@childrenstheatre.org","good","ok","no","no"
"eball@fred-inc.com","good","ok","no","no"
"ebates@weavix.com","good","ok","no","no"
"ebeaver@everystep.org","good","ok","no","no"
"ebennett@hempelcompanies.com","good","ok","no","no"
"ebenny@pppllc.com","good","ok","no","no"
"ebickhart@schwobenergy.com","good","ok","no","no"
"ebickmore@avataracloud.com","good","ok","no","no"
"eblanton@tdgenergyservices.com","good","ok","no","no"
"ebonstead@alliedbuildings.com","good","ok","no","no"
"ebonuccelli@worldmusicba.com","good","ok","no","no"
"ebrand@brightsign.biz","good","ok","no","no"
"ebrooks@careforth.com","risky","catch_all","no","no"
"ebrophy@vitacoco.com","good","ok","no","no"
"ecampbell@perimetermed.com","good","ok","no","no"
"ecashen@allpointspr.com","good","ok","no","no"
"eclark@dieste.com","good","ok","no","no"
"ecoleman@brittmedical.com","good","ok","no","no"
"ecothern@voaice.com","good","ok","no","no"
"ecurtis@modernluxury.com","good","ok","no","no"
"eczizik@quantumcap.com","good","ok","no","no"
"ed.hess@calpinesolutions.com","good","ok","no","no"
"edelconti@gricciardi.com.ar","good","ok","no","no"
"edgar.lara@localnet.com","bad","invalid","no","no"
"eduardo.torres@bestpumpandflow.com","good","ok","no","no"
"efeltrin@cordis.com.ar","good","ok","no","no"
"efriese@securecodewarrior.com","good","ok","no","no"
"efry@solarlandscape.com","good","ok","no","no"
"egarza@hometownservices.com","good","ok","no","no"
"egass@truemediaservices.com","good","ok","no","no"
"egonzalez@khm.agency","bad","invalid","no","no"
"egutierrez@gamasi.com.ar","good","ok","no","no"
"ehardegree@thmarine.com","good","ok","no","no"
"eharmon@4horntraffic.com","good","ok","no","no"
"ehedin@topelforman.com","good","ok","no","no"
"ehochstadter@inventexmedical.com","good","ok","no","no"
"ehurks@coopersteel.com","good","ok","no","no"
"ehurley@lyricopera.org","good","ok","no","no"
"eiwanski@fundrise.com","good","ok","no","no"
"ejohnson@highstreetlp.com","good","ok","no","no"
"ejradke@oakleafsurgical.com","good","ok","no","no"
"ekelsh@marqueesportsnetwork.com","good","ok","no","no"
"elawrence@tforcefreight.com","good","ok","no","no"
"eleahy@chicagoshakes.com","bad","invalid","no","no"
"elear@cardinalcivil.com","good","ok","no","no"
"elena.alaverdova@nmsgroup.llc","good","ok","no","no"
"elena.olsoni@transparent.partners","good","ok","no","no"
"eli.barnett@elektrahealth.com","good","ok","no","no"
"elise@etchedcomm.com","risky","catch_all","no","no"
"elise@thevillagesgym.com","risky","catch_all","no","no"
"elizabeth.harms@joinparachute.com","good","ok","no","no"
"elizabeth.mazza@sancorsalud.com.ar","good","ok","no","no"
"elizabeth.plecha@playbookexp.com","good","ok","no","no"
"elizabeth.schulte@greehill.com","good","ok","no","no"
"elle@sunnysworldwide.com","good","ok","no","no"
"ellenziegel@imtt.com","good","ok","no","no"
"ellie@kestaffing.com","good","ok","no","no"
"ellyn@epiphanychi.com","good","ok","no","no"
"elmana@ejatrucking.com","good","ok","no","no"
"elorenzo@bavsafondos.com","good","ok","no","no"
"elvia.metayer@waldorfastoria.com","good","ok","no","no"
"elvin.santos@jupiterpower.io","good","ok","no","no"
"em79@ecomaids.com","good","ok","no","no"
"emann@blockllc.com","good","ok","no","no"
"emartinez@talentlogic.com","good","ok","no","no"
"emcanally@octoberresearch.com","good","ok","no","no"
"emeana-alvarez@middle-sea.com","good","ok","no","no"
"emery@selvawellnesscollective.com","good","ok","no","no"
"emesser@cyberadvisors.com","good","ok","no","no"
"emeyer@prioritypower.com","good","ok","no","no"
"emily.fleming@ampf.com","good","ok","no","no"
"emily.marshall@lakelandbehavioralhealth.com","good","ok","no","no"
"emily.miller@carat.com","good","ok","no","no"
"emily.stacy@vvardis.com","good","ok","no","no"
"emily.sullivan@adventmovespeople.com","good","ok","no","no"
"emily@advantageemblem.com","good","ok","no","no"
"emily@corporateconnectionsllc.com","good","ok","no","no"
"emily@hopecommunitycapital.com","good","ok","no","no"
"emily@lcgcap.com","good","ok","no","no"
"emilybertram@skylightframe.com","good","ok","no","no"
"emilyg@transcends.io","good","ok","no","no"
"emina@filaoil.com","bad","invalid","no","no"
"emjae@clickcallsell.com","good","ok","no","no"
"emma.vanrossum@breakthroughfuel.com","good","ok","no","no"
"emma@pritchardassociates.com","good","ok","no","no"
"emmye@go321.com","good","ok","no","no"
"emoore@reventertainment.com","good","ok","no","no"
"emurphy@bctstaffing.com","good","ok","no","no"
"enewcomer@lwvwi.org","good","ok","no","no"
"enitz@waterloomedia.com","good","ok","no","no"
"enorman@e3es.com","good","ok","no","no"
"eoin.byrne@atmosphere.tv","good","ok","no","no"
"eomalley@technomic.com","good","ok","no","no"
"eparker@ssind.com","good","ok","no","no"
"eperry@garv.net","good","ok","no","no"
"epeterson@vantagepnt.com","good","ok","no","no"
"ephillips@berryaviation.com","good","ok","no","no"
"eplante@launchsquad.com","good","ok","no","no"
"ereed@twncenter.com","good","ok","no","no"
"erhan.sahin@netpower.com","good","ok","no","no"
"eric.fitzsimmons@devenishna.com","good","ok","no","no"
"eric.gulbrandson@tamarackmaterials.com","risky","catch_all","no","no"
"eric.little@newpathconstruction.com","good","ok","no","no"
"eric.stenbroten@xtech.ai","good","ok","no","no"
"eric.thornell@sapiusa.com","good","ok","no","no"
"eric@christshaven.org","good","ok","no","no"
"eric@compassdesigninc.com","risky","catch_all","no","no"
"eric@elitetaxrelief.com","good","ok","no","no"
"eric@kdcassociates.com","good","ok","no","no"
"eric@mountain.com","good","ok","no","no"
"erica@artrageousapparel.com","good","ok","no","no"
"erik.berger@buildingrestoration.com","good","ok","no","no"
"erik.meier@vividseats.com","good","ok","no","no"
"erik.sherkanowski@lifting.com","good","ok","no","no"
"erika.blackey@oasishealth.com","good","ok","no","no"
"erikamaronde@visanahealth.com","good","ok","no","no"
"erin.kemp@jetsetpilates.com","good","ok","no","no"
"erin.turner@krasanconsulting.com","good","ok","no","no"
"erin@bentonblind.com","good","ok","no","no"
"erin@iabeef.org","good","ok","no","no"
"erinn@nissenstaffing.com","good","ok","no","no"
"erivas@riparian.com","good","ok","no","no"
"ernest.davis@dimensionalenergy.com","good","ok","no","no"
"eroesh@hometownservices.com","bad","invalid","no","no"
"erosa@medinavalleyrehab.com","bad","invalid","no","no"
"erosiak@curalinc.com","good","ok","no","no"
"eryn.wood@ics-builds.com","good","ok","no","no"
"esmall@ranausa.us","good","ok","no","no"
"essie.amire@autronicafire.no","good","ok","no","no"
"estebanpropato@propato.com.ar","good","ok","no","no"
"etesfaye@tayshagtx.com","good","ok","no","no"
"ethan.tassel@onyxcentersource.com","good","ok","no","no"
"ethan@built.com","good","ok","no","no"
"ethornhill@rubixfoods.com","good","ok","no","no"
"etraver@rosewood-nursing.com","good","ok","no","no"
"eugenia.vance@hyatt.com","good","ok","no","no"
"eukpong@deltadentalwi.com","good","ok","no","no"
"eva.shen1@ihg.com","good","ok","no","no"
"evan.anderson@kingtechnology.com","good","ok","no","no"
"evan.bates@quantapowersolutions.com","good","ok","no","no"
"evan.conley@doralcorp.net","good","ok","no","no"
"evan.estes@hanwharenewables.com","good","ok","no","no"
"evan@media-minefield.com","good","ok","no","no"
"evangelinalavorato@vangel.com.ar","good","ok","no","no"
"ewalker@matrixpm.com","good","ok","no","no"
"ewallbillick@pulsedesigngroup.com","good","ok","no","no"
"ewest@8020consulting.com","good","ok","no","no"
"ewestrich@foursquare.com","good","ok","no","no"
"ewibben@bayerinteriorwoods.com","good","ok","no","no"
"eyalshacham@pcssoft.com","good","ok","no","no"
"ezallik@windsoradvantage.com","good","ok","no","no"
"fabar@spotlessbrands.com","good","ok","no","no"
"fallon.dominguez@travere.com","good","ok","no","no"
"farahh@empowerbh.com","good","ok","no","no"
"fargo.hales@selectechnology.us","risky","unknown","no","no"
"fboudreau@albers.aero","good","ok","no","no"
"fcontreras@custom-it.com.ar","good","ok","no","no"
"fdipalma@corrugados.com.ar","good","ok","no","no"
"fdomingos@wigginprop.com","good","ok","no","no"
"fed@americanhousing.co","good","ok","no","no"
"fede@belier.tv","risky","catch_all","no","no"
"federico@chagro.com.ar","good","ok","no","no"
"federico@milsteinravel.com.ar","good","ok","no","no"
"felicia.d@alaaero.com","good","ok","no","no"
"felicia.ramsey@healthconnectamerica.com","good","ok","no","no"
"felicia@burrowscap.com","good","ok","no","no"
"felicia@thedripbar.com","good","ok","no","no"
"felipe.acencio@us.urgo.com","good","ok","no","no"
"felipe.jaramillo@healthtronics.com","good","ok","no","no"
"fermin.delgado@mindcomputing.com","good","ok","no","no"
"fernando@muv.com.ar","good","ok","no","no"
"ffatani@alliedfit.com","good","ok","no","no"
"fhampel@ctxhr.com","bad","invalid","no","no"
"fidel@ridgeline-roofing.com","good","ok","no","no"
"fiona.kowalski@gohyer.com","good","ok","no","no"
"fiona@teamlukehopeforminds.org","good","ok","no","no"
"fkern@taglightingbrands.com","risky","catch_all","no","no"
"flannery.bope@conciergeauctions.com","good","ok","no","no"
"florence.lo@fetechgroup.com","good","ok","no","no"
"fmarra@bullmarketbrokers.com","good","ok","no","no"
"fmartins@terrafirma.inc","good","ok","no","no"
"fmoreno@luminaamericas.com","good","ok","no","no"
"foneill@biointellisense.com","good","ok","no","no"
"fowler@fresh-energy.org","good","ok","no","no"
"fpaez@kumorisushi.com","good","ok","no","no"
"frank@sentry.aero","good","ok","no","no"
"fred.massie@pawsworkholding.com","good","ok","no","no"
"freese@dmww.com","bad","invalid","no","no"
"fremersaro@exemys.com","good","ok","no","no"
"fshirai@blues.com","good","ok","no","no"
"fzaccone@fifthwallroofing.com","good","ok","no","no"
"g.ventura@artepublicopress.com","bad","invalid","no","no"
"gabriel.rodriguez@cblproperties.com","good","ok","no","no"
"gabriel.sanchez@ultranscargo.com.ar","good","ok","no","no"
"gail@companionserve.com","good","ok","no","no"
"gandrews@wolfsafety.com","good","ok","no","no"
"ganesh.parasuraman@peerislands.io","good","ok","no","no"
"garett@capitolphysicaltherapy.com","bad","invalid","no","no"
"garo@townerkc.com","good","ok","no","no"
"garrett.mueller@simplemodern.com","good","ok","no","no"
"gary.keeler@pagerhealth.com","good","ok","no","no"
"gary.mosier@stengg.us","good","ok","no","no"
"gary@bandtogetherstl.com","good","ok","no","no"
"gaute.haansnar@oliasoft.com","good","ok","no","no"
"gavin.dao@aos-ndt.com","good","ok","no","no"
"gavin_woodward@timeinc.com","bad","invalid","no","no"
"gbarna@gb-consultores.com.ar","good","ok","no","no"
"gbramlett@mmhpi.org","good","ok","no","no"
"gbrand@researchsolutions.com","good","ok","no","no"
"gbroude@avenuelogistics.com","good","ok","no","no"
"gcaneva@layer-psm.com","good","ok","no","no"
"gclemen@securitybankkc.com","good","ok","no","no"
"gdavis@stewartmemorial.org","good","ok","no","no"
"gdoyle@orchidcapital.fund","risky","catch_all","no","no"
"gdragani@nationalmed.com.ar","good","ok","no","no"
"gegan@napierparkglobal.com","good","ok","no","no"
"geiles@ligonhyd.com","good","ok","no","no"
"gemma.chamberlain@originbenefits.com","good","ok","no","no"
"gemma.sleight@fmctalent.com","good","ok","no","no"
"gena@runyon.io","good","ok","no","no"
"gene.lowther@harvardbenefits.com","risky","unknown","no","no"
"geoff.dutton@agentis-financial.com","good","ok","no","no"
"geoff.gleason@histosonics.com","good","ok","no","no"
"geoffrey.bottego@analyticstress.com","good","ok","no","no"
"geoffrey.cislo@caturus.com","good","ok","no","no"
"george.glanz@pogueconstruction.com","good","ok","no","no"
"georgeharwood@onpay.com","good","ok","no","no"
"georgia.paul@gudea.ai","good","ok","no","no"
"georgia@itserly.com","good","ok","no","no"
"gerard.cramer@cattleytics.com","risky","catch_all","no","no"
"gerard.gawrys@immunovant.com","good","ok","no","no"
"german.paniagua@bluealba.com","good","ok","no","no"
"german.pereira@tusa.com.ar","good","ok","no","no"
"german@conamor.org","good","ok","no","no"
"gerri.hyer@hhs.texas.gov","good","ok","no","no"
"gferdig@iw.net","bad","invalid","no","no"
"gfigueroa@nutra-med.com","good","ok","no","no"
"gflannigan@azaleaortho.com","good","ok","no","no"
"ggillen@quanterix.com","good","ok","no","no"
"ggoodrich@clarkchevrolet.com","bad","invalid","no","no"
"ggutierrez@matrixsciences.com","good","ok","no","no"
"gholguin@hdnbc.org","good","ok","no","no"
"gia.weber@intersection.com","good","ok","no","no"
"gibarbalz@giadvisers.com.ar","risky","catch_all","no","no"
"gillian@redtailrenewables.com","good","ok","no","no"
"gina.anderson@kclife.com","good","ok","no","no"
"gina.johnson@bluebirdnetwork.com","good","ok","no","no"
"ginny.quina@mediumgiant.co","good","ok","no","no"
"gisela@elgeneradorvideo.com.ar","good","ok","no","no"
"gk@o-cfo.com","good","ok","no","no"
"gkramme@directiveconsulting.com","good","ok","no","no"
"gkrause@bitzerus.com","good","ok","no","no"
"gleaverton@exoinc.com","good","ok","no","no"
"glenn.blackwell@frontpointsecurity.com","good","ok","no","no"
"glewis@greenbrooktms.com","good","ok","no","no"
"gluzerman@picaassoc.net","risky","catch_all","no","no"
"glwilson@iaisrr.com","good","ok","no","no"
"gmartin@auroraspine.us","good","ok","no","no"
"gmiramon@habitat.com","good","ok","no","no"
"gnaron@gprmc-ok.com","good","ok","no","no"
"gneedleman@reimaginecre.com","good","ok","no","no"
"goldenj@maguirewater.com","good","ok","no","no"
"gonzalo@tronadores.com","good","ok","no","no"
"gopi@vrize.com","good","ok","no","no"
"gordon.bease@fttechnologies.com","good","ok","no","no"
"gordon.macneil@kineticor.ca","good","ok","no","no"
"gpiagiotti@brothersproduce.com","good","ok","no","no"
"gpiscopo@s4nets.com","good","ok","no","no"
"gprussel@activecomply.com","good","ok","no","no"
"gpurple@garrisondata.com","good","ok","no","no"
"grady.hartman@energycap.com","good","ok","no","no"
"grant.gallinger@mceautomation.com","good","ok","no","no"
"grant.johanson@sammonsindustrial.com","good","ok","no","no"
"grant.kao@gearboxsoftware.com","risky","catch_all","no","no"
"grant.marcelain@imperiumdynamics.com","good","ok","no","no"
"grant@backwoodsadventuremods.com","good","ok","no","no"
"greg.newman@strategiccoach.com","good","ok","no","no"
"greg@onboardlegal.com","good","ok","no","no"
"greg@parkingtoday.com","good","ok","no","no"
"greg@tastenetwork.com","good","ok","no","no"
"gregg@lignosi.com","good","ok","no","no"
"gregory.cook@metro.global","good","ok","no","no"
"greta.mee@hanwhaenergyusa.com","good","ok","no","no"
"gretchen@chicagoemdr.com","risky","catch_all","no","no"
"grich@chairking.com","good","ok","no","no"
"gschwartz@acp.com","good","ok","no","no"
"gserrano@mandelmetals.com","bad","invalid","no","no"
"gsipe@adamspmc.com","good","ok","no","no"
"gsteiner@solovis.com","good","ok","no","no"
"gsullivan@hilcoglobal.com","good","ok","no","no"
"gtiltz@patrickco.com","good","ok","no","no"
"gtolliver@depaul.org","bad","invalid","no","no"
"gtucker@stephensgroup.com","good","ok","no","no"
"guadalupe@sharpframemedia.com","good","ok","no","no"
"gus.andrews@cove.inc","good","ok","no","no"
"gus@hifello.com","good","ok","no","no"
"guywright@procircuitinc.com","bad","invalid","no","no"
"gwassall@360fireflood.com","good","ok","no","no"
"gwatson@taxfoundation.org","good","ok","no","no"
"gweldon@nexbillpay.com","good","ok","no","no"
"gwhite@rohreraesthetics.com","good","ok","no","no"
"gwulff@altusstudios.com","good","ok","no","no"
"gwynnec@globalsourceit.com","good","ok","no","no"
"gzeldin@allianceclinicalnetwork.com","good","ok","no","no"
"h.mcnutt@strattonamenities.com","good","ok","no","no"
"haden.marrs@healthmine.com","good","ok","no","no"
"hadi@truairadvisors.com","risky","catch_all","no","no"
"haider.abbas@at-pac.com","good","ok","no","no"
"haley.gummere@fundltc.com","good","ok","no","no"
"haley@thundertix.com","good","ok","no","no"
"hamid.malik@smart-is.com","good","ok","no","no"
"hammad@icjc.org","good","ok","no","no"
"hannah.anderson@airrosti.com","good","ok","no","no"
"hannah@harimari.com","good","ok","no","no"
"hansari@circe.energy","good","ok","no","no"
"hanzala@borrow-pit.com","risky","catch_all","no","no"
"haqai@surewerx.com","good","ok","no","no"
"hardik.choksi@pvinsightinc.com","good","ok","no","no"
"harikumar.subas@bounteous.com","good","ok","no","no"
"harisf@fairlaneii.com","risky","unknown","no","no"
"harry.shipp@extend.com","good","ok","no","no"
"harry.whitsell@sixtyvines.com","good","ok","no","no"
"harsh.tayal@intellinum.com","good","ok","no","no"
"harsha@yieldmo.com","good","ok","no","no"
"haydee.needham@alliedelec.com","risky","catch_all","no","no"
"hayley.abraham@brayafuels.com","good","ok","no","no"
"haylie.sorenson@azuramemory.com","good","ok","no","no"
"hbercher@epicsales.com","good","ok","no","no"
"hblack@swanpackaginginc.com","good","ok","no","no"
"hbrick@winterservicesinc.com","risky","catch_all","no","no"
"heather.hoffer@ogury.co","good","ok","no","no"
"heather.mann@alert360.com","good","ok","no","no"
"heather.powell@vereigenmedia.com","good","ok","no","no"
"heather@arkansascremation.com","risky","catch_all","no","no"
"heather@incitedigitalmarketing.com","bad","invalid","no","no"
"heather@neighborhoodhealthla.com","good","ok","no","no"
"heidi.peterson@wcenters.org","good","ok","no","no"
"heidizimmerman@marcfirst.org","bad","invalid","no","no"
"helen@cemvitafactory.com","good","ok","no","no"
"herb.h@inhand.com","good","ok","no","no"
"hgallego@sbchc.net","good","ok","no","no"
"hgill@atheer.ai","risky","catch_all","no","no"
"hgrammer@grapevinedcj.com","risky","catch_all","no","no"
"hhanson@wellvana.com","good","ok","no","no"
"hhernan@elephas.com","good","ok","no","no"
"hightshoe.realty@hubbellrealty.com","bad","invalid","no","no"
"hillary.blumberg@synapsehealth.com","good","ok","no","no"
"hjoern@kaizencpas.com","good","ok","no","no"
"hjorgenson@ablenetinc.com","good","ok","no","no"
"hkarroum@imec.org","good","ok","no","no"
"hkinsey@symphonyrisk.com","good","ok","no","no"
"hlayton@traxtion.com","good","ok","no","no"
"hlevenberg@inclinepc.com","good","ok","no","no"
"hlund@brillect.com","good","ok","no","no"
"hmartinez@prioritypower.com","good","ok","no","no"
"hmcdonald@verastem.com","good","ok","no","no"
"hmountford@cocm.com","good","ok","no","no"
"hmurphy@shippers-supply.com","good","ok","no","no"
"holly.evans@columbineco.com","good","ok","no","no"
"holly.maldonado@stonebriarhotels.com","good","ok","no","no"
"holly.postert@circlecare4kids.com","good","ok","no","no"
"holly@hallmarkhomecare.com","good","ok","no","no"
"holly@rxcompound.com","good","ok","no","no"
"homero.villarreal@londonhouse.com","good","ok","no","no"
"hopeg@howardmemorial.com","good","ok","no","no"
"hpatt@lhcla.com","good","ok","no","no"
"hpepa@magnacapital.net","good","ok","no","no"
"hpotter@docknational.com","good","ok","no","no"
"hrobinson@yesandagency.com","good","ok","no","no"
"hroth@stackline.com","good","ok","no","no"
"hrude@texasbrine.com","good","ok","no","no"
"hsayle@sayleoil.com","bad","invalid","no","no"
"hscheffert@hawkeyecare.com","good","ok","no","no"
"hsiebken@chartwellinc.com","good","ok","no","no"
"hsilva@autocartruck.com","good","ok","no","no"
"hstubblefield@sumaria.com","bad","invalid","no","no"
"hsutton@precisionspinecare.com","good","ok","no","no"
"hturner@charterholdings.com","good","ok","no","no"
"hudson@sunstonerea.com","good","ok","no","no"
"hultingm@c2es.org","good","ok","no","no"
"hunter.sprague@rhythminnovations.com","good","ok","no","no"
"hunter@falconcompanies.com","good","ok","no","no"
"hwilson@ewi.org","good","ok","no","no"
"hyeree.hawk@strategicamerica.com","good","ok","no","no"
"ian.fox@teamsparq.com","good","ok","no","no"
"ian.hutchinson@plansource.com","good","ok","no","no"
"ian_rosenfeld@trendmicro.com","risky","unknown","no","no"
"ihodges@atctransportation.com","risky","catch_all","no","no"
"imanelbanna@emergentriskinternational.com","good","ok","no","no"
"imelda.gallagher@netpmdsolutions.com","good","ok","no","no"
"imelda.wimmer@gridiron-air.com","good","ok","no","no"
"imran@dts-solution.com","good","ok","no","no"
"ingrid.sadler@afrmic.com","good","ok","no","no"
"ingrid@hautehijab.com","good","ok","no","no"
"inquire@bachatx.com","good","ok","no","no"
"ipryzant@pennybackercap.com","good","ok","no","no"
"irene.bruno@butlercohen.com","good","ok","no","no"
"iris@mashcole.com","good","ok","no","no"
"isabelle.law@checksammy.com","good","ok","no","no"
"isaiah.rincon@cls.health","good","ok","no","no"
"isolloway@empierus.com","good","ok","no","no"
"israel@sliquid.com","good","ok","no","no"
"ivan.buffone@b-s.com.ar","bad","invalid","no","no"
"ivann.cabral@simpletire.com","good","ok","no","no"
"j.billson@ltscforklift.com","risky","unknown","no","no"
"j.bontrager@liquiddeath.com","bad","invalid","no","no"
"j.hammeren@silencershop.com","bad","invalid","no","no"
"j.robertson@centrallighting.com","good","ok","no","no"
"jack.l@sfrdc.com","good","ok","no","no"
"jack.pellegreen@toyotacf.com","good","ok","no","no"
"jack.walsh@birchlake.com","good","ok","no","no"
"jack.wronkowski@epaypolicy.com","good","ok","no","no"
"jack@holleydevco.com","good","ok","no","no"
"jack@msstx.us","good","ok","no","no"
"jackie.huff@c2fo.com","good","ok","no","no"
"jackson.braun@27virtual.com","good","ok","no","no"
"jackson.grey@nuway.org","good","ok","no","no"
"jackson.herr@havasedge.com","risky","unknown","no","no"
"jackson@evolveentertain.com","good","ok","no","no"
"jaclyn@sgstrategies.com","risky","catch_all","no","no"
"jacob@cerebrosports.com","good","ok","no","no"
"jacob@klcfinancial.com","good","ok","no","no"
"jacob@rockitscienceagency.com","good","ok","no","no"
"jacob@withvertical.com","good","ok","no","no"
"jade.blake-whitney@shippo.com","good","ok","no","no"
"jadhikari@covercress.com","good","ok","no","no"
"jagoehring@hotchkissinsurance.com","good","ok","no","no"
"jaguilar@in-telecom.com","good","ok","no","no"
"jahampton@acrisure.com","good","ok","no","no"
"jaimie@wingsnmore.com","good","ok","no","no"
"jake.saxon@spoileralert.com","good","ok","no","no"
"jake.trisch@solutionset.net","good","ok","no","no"
"jakub.pawlowski@omaticsoftware.com","good","ok","no","no"
"jalexander@nhfcmc.com","bad","invalid","no","no"
"jalverson@emittechnologies.com","good","ok","no","no"
"jamal.yoosufani@neuron7.ai","good","ok","no","no"
"jamar.smith@diademhearts.com","good","ok","no","no"
"jamascia@autex-open.com","good","ok","no","no"
"james.a@evolvemortgageservices.com","bad","invalid","no","no"
"james.heisler@steelcraftwi.com","good","ok","no","no"
"james.reed@usa-truck.com","good","ok","no","no"
"james@cosinepartners.com","good","ok","no","no"
"james@uslege.ai","good","ok","no","no"
"jameseddy@ramseyindustries.com","good","ok","no","no"
"jameshawkins@sbenergy.com","good","ok","no","no"
"jamesstephens@waltmassey.com","good","ok","no","no"
"jamesswingle@utilitra.com","good","ok","no","no"
"jami@mouerysflooring.com","good","ok","no","no"
"jamie.franks@unleashedbrands.com","good","ok","no","no"
"jamie.griffith@actn.com","good","ok","no","no"
"jamie.harvel@prada.com","good","ok","no","no"
"jamie.mignott@mgccc.edu","good","ok","no","no"
"jamie@canyonmagnet.energy","risky","catch_all","no","no"
"jamie@noddlecompanies.com","good","ok","no","no"
"jamie_pruett@texanscu.org","good","ok","no","no"
"jamiemaraman@ourinfinite.com","good","ok","no","no"
"janderson@infinity-sound.com","good","ok","no","no"
"janderson@madison.k12.wi.us","good","ok","no","no"
"jane.connor@livtech.com","good","ok","no","no"
"janene.glasman@vanir.com","good","ok","no","no"
"janescott@leontinelinens.com","good","ok","no","no"
"janet@thompson-cs.com","risky","unknown","no","no"
"janiel.li@getgarner.com","good","ok","no","no"
"japel@owenequipment.com","good","ok","no","no"
"jared.freemon@kcrep.org","good","ok","no","no"
"jared.williams@guidehealth.com","good","ok","no","no"
"jared.zientz@landairsea.com","good","ok","no","no"
"jared@donttellcomedy.com","good","ok","no","no"
"jaredb@essensedesigns.com","good","ok","no","no"
"jaredbriles@cfsbrands.com","risky","catch_all","no","no"
"jarrett.gustafson@myome.com","good","ok","no","no"
"jasmine@saltstrives.com","good","ok","no","no"
"jasmine@vizypay.com","good","ok","no","no"
"jason.denzin@knime.com","good","ok","no","no"
"jason.dieckmann@gravisglobal.com","good","ok","no","no"
"jason.heath@advita.com","good","ok","no","no"
"jason.hubbert@cdsmuery.com","good","ok","no","no"
"jason.kniss@avtronpower.com","good","ok","no","no"
"jason.laforge@easterncommunications.com","good","ok","no","no"
"jason.mccarthy@worlds.io","good","ok","no","no"
"jason.moore@mcs360.com","good","ok","no","no"
"jason.morrall@northrockpartners.com","good","ok","no","no"
"jason.robbins@apicorp.com","good","ok","no","no"
"jason.white@victorious.com","good","ok","no","no"
"jason@catalystconstructs.com","good","ok","no","no"
"jason@hsultra.com","risky","unknown","no","no"
"jasona@interlink.com","good","ok","no","no"
"javier.sola@softime.com.ar","good","ok","no","no"
"jay.ross@sunrisebanks.com","good","ok","no","no"
"jay.takle@gsdm.com","good","ok","no","no"
"jay.ure@prevu3d.com","good","ok","no","no"
"jay@detailpage.com","good","ok","no","no"
"jay@sentrysecurityco.com","good","ok","no","no"
"jayakanth.kankanala@nuvationbio.com","good","ok","no","no"
"jayd@grinpediatricdentistry.com","good","ok","no","no"
"jaymes.dearing@redkeystlouis.com","good","ok","no","no"
"jaynelle_then@shodeen.com","good","ok","no","no"
"jbailey@wmryan.com","good","ok","no","no"
"jbaldewicz@splashclinical.com","good","ok","no","no"
"jballard@commercialjet.com","good","ok","no","no"
"jbalter@aldridge.com","good","ok","no","no"
"jbarr@shipdlx.com","good","ok","no","no"
"jbarrington@pryor.com","good","ok","no","no"
"jbear@exactoinc.com","good","ok","no","no"
"jbenavides@gravitylending.com","good","ok","no","no"
"jbennett@frontlinemobilehealth.com","good","ok","no","no"
"jbeougher@champagnemetals.com","good","ok","no","no"
"jbeuscher@kcurology.com","good","ok","no","no"
"jbill@hallstar.com","good","ok","no","no"
"jbkim@cyrusone.com","good","ok","no","no"
"jblesi@bradfordallen.com","good","ok","no","no"
"jblocker@wildwell.com","good","ok","no","no"
"jblue@shamirlens.com","good","ok","no","no"
"jbockus@neieng.com","good","ok","no","no"
"jbooker@huntrefining.com","good","ok","no","no"
"jbrown@mutualcu.org","good","ok","no","no"
"jbrown@pryority.bank","good","ok","no","no"
"jbryniarski@kyruushealth.com","good","ok","no","no"
"jbuck@greystoneconstruction.com","good","ok","no","no"
"jbuck@leantechniques.com","good","ok","no","no"
"jbullock@labelbox.com","good","ok","no","no"
"jbutler@engage3.com","good","ok","no","no"
"jbwetternach@kfi-eng.com","good","ok","no","no"
"jc@mccombsfordwest.com","risky","unknown","no","no"
"jcaldera@sentinelintegrity.com","good","ok","no","no"
"jcallaghan@transtechgroup.com","good","ok","no","no"
"jcallison@ardelyx.com","good","ok","no","no"
"jcaputo@shorecp.com","good","ok","no","no"
"jcard@pipesense.com","good","ok","no","no"
"jcarlson@striblingequipment.com","good","ok","no","no"
"jcavanaugh@brainerdchemical.com","good","ok","no","no"
"jcermak@freightpartnersgroup.com","good","ok","no","no"
"jchancey@miravistacountryclub.com","good","ok","no","no"
"jchauvin@blansys.com","good","ok","no","no"
"jchism@pbigordon.com","good","ok","no","no"
"jclanton@gls.com","good","ok","no","no"
"jclark@oc-gear.com","good","ok","no","no"
"jcollins@roarlogistics.com","good","ok","no","no"
"jconroyd@ardmoreroderick.com","good","ok","no","no"
"jcovert@blackdiamondadvisory.com","good","ok","no","no"
"jcowan@ceibosgroup.com","good","ok","no","no"
"jcox@mcis-inc.com","good","ok","no","no"
"jcraighead@cwewash.com","risky","unknown","no","no"
"jct@missiocapital.com","good","ok","no","no"
"jcuenca@russellbedford.com.ar","good","ok","no","no"
"jculbertson@yourfocalpointe.com","good","ok","no","no"
"jdalton@gocitywide.com","good","ok","no","no"
"jdambroski@pbbs.com","good","ok","no","no"
"jdamron@bluelayer.com","good","ok","no","no"
"jdavis@integratedrenovations.com","good","ok","no","no"
"jdecker@businteriors.com","good","ok","no","no"
"jdenton@lbcap.com","good","ok","no","no"
"jdingess@compassdatacenters.com","good","ok","no","no"
"jdinh@jksubaru.com","good","ok","no","no"
"jdominguez@stonemanorhomes.com","good","ok","no","no"
"jdorsey@newcomer.com","good","ok","no","no"
"jdunn@kelbebros.com","good","ok","no","no"
"jdwellen@hillpointe.com","good","ok","no","no"
"jean.ferrell@ambassadorusa.com","good","ok","no","no"
"jed@agshieldgroup.com","good","ok","no","no"
"jeff.bach@wolterskluwer.com","good","ok","no","no"
"jeff.doden@vividseats.com","good","ok","no","no"
"jeff.jenkins@domanbm.com","good","ok","no","no"
"jeff.martin@teamrg.com","good","ok","no","no"
"jeff.peterson@kasmweb.com","good","ok","no","no"
"jeff.velander@tandemfoods.com","good","ok","no","no"
"jeff@leifllc.com","good","ok","no","no"
"jeff@otwellservices.com","good","ok","no","no"
"jeffj@kountrykraft.com","good","ok","no","no"
"jeffk@distinctivecabinet.com","good","ok","no","no"
"jeffl@gmpcpa.com","good","ok","no","no"
"jeffrey.guckert@harlowair.com","bad","invalid","no","no"
"jeffrey.marek@forgedfiber37.com","good","ok","no","no"
"jeffreygipson@pulsenetwork.com","risky","catch_all","no","no"
"jeffte.celaya@wmc-us.com","good","ok","no","no"
"jeischens@imris.com","good","ok","no","no"
"jen.gerber@myrthapools.com","good","ok","no","no"
"jen@grandcare.com","good","ok","no","no"
"jenna.dufour@utility-energyservices.com","good","ok","no","no"
"jenna.quick@sironamedical.com","good","ok","no","no"
"jenna.sexton@adamsfertequip.com","risky","catch_all","no","no"
"jenna@summitcreek.com","good","ok","no","no"
"jennac@prioritysports.biz","good","ok","no","no"
"jennie.hoffman@accountingdepartment.com","good","ok","no","no"
"jennifer.bate@kensgi.com","good","ok","no","no"
"jennifer.bennett@synthego.com","good","ok","no","no"
"jennifer.carlisle@joinparachute.com","good","ok","no","no"
"jennifer.dan@valir.com","good","ok","no","no"
"jennifer.heimer@vaderstad.com","good","ok","no","no"
"jennifer.leonard@immunocore.com","good","ok","no","no"
"jennifer.rathman@leadingcancercare.com","good","ok","no","no"
"jennifer.rohde@craftydelivers.com","good","ok","no","no"
"jennifer.steele@inktavo.com","bad","invalid","no","no"
"jennifer@adfunrun.com","risky","catch_all","no","no"
"jennifer@arenamag.com","good","ok","no","no"
"jennifer@drawarch.com","risky","catch_all","no","no"
"jennifers@nteractive.com","good","ok","no","no"
"jenniffer.fraley@trueterpenes.com","good","ok","no","no"
"jenny.baker@nexair.com","good","ok","no","no"
"jenny.filipowicz@unitimed.com","good","ok","no","no"
"jenny.mcbee@ae-wm.com","good","ok","no","no"
"jenny@clasp.com","good","ok","no","no"
"jenny@onlinecastles.com","good","ok","no","no"
"jennyl@sealynet.com","good","ok","no","no"
"jenschwarzkopf@proaudiodesigns.com","good","ok","no","no"
"jenso@broussardbrothers.com","good","ok","no","no"
"jerald@steinbach.cpa","good","ok","no","no"
"jeremiah.ortego@tcboiler.com","good","ok","no","no"
"jeremie@handsupcommunications.com","good","ok","no","no"
"jeremy.hiser@trusteddentaltechnologies.com","good","ok","no","no"
"jeremy@totalsurgical.com","good","ok","no","no"
"jeremy@weareaxm.com","good","ok","no","no"
"jeremyb@nerdherdpro.com","good","ok","no","no"
"jerickson@ramservices.com","good","ok","no","no"
"jermaine@precisionlandscape-inc.com","good","ok","no","no"
"jerome.george@gilbertmech.com","good","ok","no","no"
"jerry.moran@diamondprecision.com","bad","invalid","no","no"
"jerry@springhillcheese.com","risky","catch_all","no","no"
"jerryh@ahford.com","good","ok","no","no"
"jerson@parkingtowingenforcement.com","good","ok","no","no"
"jerzy.jaworski@consertus.com","good","ok","no","no"
"jespinosa@interlachencc.org","good","ok","no","no"
"jessa@squadrondata.com","good","ok","no","no"
"jesse.fulcher@rauschcoleman.com","good","ok","no","no"
"jesse.zuern@ctcprograms.com","good","ok","no","no"
"jessica.dunn@posterelite.com","good","ok","no","no"
"jessica.harjo@fx5.com","good","ok","no","no"
"jessica.kinney@soligent.net","good","ok","no","no"
"jessica.schmitt@nm.com","good","ok","no","no"
"jessica.schutt@zenasbio.com","good","ok","no","no"
"jessica.williams@avantigrout.com","good","ok","no","no"
"jessica@aoapark.com","risky","catch_all","no","no"
"jessica@austintennis.org","good","ok","no","no"
"jessica@ryanandjacobs.com","good","ok","no","no"
"jessica@schnake.com","good","ok","no","no"
"jessicac@firstchoicemh.com","good","ok","no","no"
"jessicam@wcad.org","good","ok","no","no"
"jesus@alexasprings.com","good","ok","no","no"
"jfalk@corebank.com","good","ok","no","no"
"jfarfan@synagro.com","good","ok","no","no"
"jfarmer@weberchevrolet.net","good","ok","no","no"
"jfarris@woodpeck.com","good","ok","no","no"
"jfoster@rebellionfabrication.com","good","ok","no","no"
"jfought@tapestryhealth.com","good","ok","no","no"
"jfox@wilkinsmedia.com","good","ok","no","no"
"jfrates@pssrehab.com","good","ok","no","no"
"jfriley@r-t-i.com","good","ok","no","no"
"jfrioux@fc-cs.com","good","ok","no","no"
"jfujii@stadiafinancial.com","good","ok","no","no"
"jgabb@ouachita911.org","good","ok","no","no"
"jgagliano@vulcanimaging.com","good","ok","no","no"
"jgamer@gamerpackaging.com","good","ok","no","no"
"jgarza@bigpalmlogistics.com","good","ok","no","no"
"jgaver@tekmetric.com","good","ok","no","no"
"jgonzalez@zeller-electric.com","good","ok","no","no"
"jgoodwin@texaslife.com","good","ok","no","no"
"jgraham@lionsheadtireandwheel.com","good","ok","no","no"
"jgranieri@cynsa.com.ar","risky","catch_all","no","no"
"jguirola@lgiinc.com","good","ok","no","no"
"jgurney@bobsight.com","good","ok","no","no"
"jgusman@ttedelivers.com","good","ok","no","no"
"jhall@leelewis.com","good","ok","no","no"
"jhammond@juliangold.com","good","ok","no","no"
"jharfuch@ersaurbano.com","good","ok","no","no"
"jhargreaves@apmgi.com","good","ok","no","no"
"jhazledine@mnair.com","good","ok","no","no"
"jheilweil@bader-rutter.com","good","ok","no","no"
"jhembree@transtechgroup.com","good","ok","no","no"
"jhenningson@clickherelabs.com","good","ok","no","no"
"jhillygus@edplabs.com","good","ok","no","no"
"jhobbs@unintech.com","good","ok","no","no"
"jhousinger@paragonmicro.com","good","ok","no","no"
"jhughes@exp-logistics.com","good","ok","no","no"
"jhughes@palladiumusa.com","good","ok","no","no"
"jhull@morrowenergy.com","good","ok","no","no"
"jhunt@beckershealthcare.com","good","ok","no","no"
"jhussin@pinkpantherslog.com","good","ok","no","no"
"jialiang.chang@certik.com","good","ok","no","no"
"jigna.patel@raffinate.com","good","ok","no","no"
"jihoon@westsidewriting.org","good","ok","no","no"
"jilane@conradindustries.com","good","ok","no","no"
"jill.manning@infutor.com","good","ok","no","no"
"jill@avenuescounselingcenter.org","good","ok","no","no"
"jillh@qualitechco.com","good","ok","no","no"
"jim.bates@foodmatch.com","good","ok","no","no"
"jimbo.griffiths@brentwoodnursingcenter.com","good","ok","no","no"
"jimmy@rgaarchitects.com","good","ok","no","no"
"jimmy@volksresources.com","good","ok","no","no"
"jimmyb@foresthillscc.net","good","ok","no","no"
"jims@autoglassnow.com","good","ok","no","no"
"jiyong.lian@gaf.energy","good","ok","no","no"
"jjames@nlr.ar.gov","risky","unknown","no","no"
"jjohnson@caciquefoods.com","good","ok","no","no"
"jjohnson@sumtheory.com","good","ok","no","no"
"jjonesi@fgmk.com","good","ok","no","no"
"jjung@wellvana.com","good","ok","no","no"
"jkaehler@quantumgroup.com","good","ok","no","no"
"jkarges@orthowisconsin.com","good","ok","no","no"
"jkay@canductgroup.com","good","ok","no","no"
"jkeating@benefieldeyecare.com","risky","catch_all","no","no"
"jkehrwald@jlgarchitects.com","good","ok","no","no"
"jkeiser@interlachencc.org","good","ok","no","no"
"jkey@savoya.com","good","ok","no","no"
"jkieffer@belleairecreations.com","good","ok","no","no"
"jklaus@carnivoremeat.com","good","ok","no","no"
"jknight@hansen-rice.com","good","ok","no","no"
"jko@rekor.ai","good","ok","no","no"
"jkoch@solely.com","good","ok","no","no"
"jkoren@omahacc.org","good","ok","no","no"
"jkudlacek@decadental.com","good","ok","no","no"
"jlamberton@bullfinchfund.com","good","ok","no","no"
"jlaudner@informd.ai","good","ok","no","no"
"jle-seibert@sunsethcs.com","good","ok","no","no"
"jlinehan@mfamerica.com","good","ok","no","no"
"jlippe@lpcink.com","good","ok","no","no"
"jlipscomb@symphonyrisk.com","good","ok","no","no"
"jlydon@allamericanleadership.com","good","ok","no","no"
"jmaier@ciscoeq.com","good","ok","no","no"
"jmalave@flow-zone.com","good","ok","no","no"
"jmallory@mainstreetfamilycare.com","good","ok","no","no"
"jmandel@standard-communities.com","good","ok","no","no"
"jmarks@diversified-foods.com","good","ok","no","no"
"jmarlar@aplico.com","risky","unknown","no","no"
"jmartinez@sprucepower.com","good","ok","no","no"
"jmaslowski@miravidaliving.com","good","ok","no","no"
"jmayta@inari.com","good","ok","no","no"
"jmcdougles@januspharmacy.com","good","ok","no","no"
"jmcgrath@rothschildwealth.com","good","ok","no","no"
"jmcgrath@sellersdorsey.com","good","ok","no","no"
"jmckee@msdist.com","good","ok","no","no"
"jmclain@gordonhighlander.com","good","ok","no","no"
"jmerriman@spins.com","good","ok","no","no"
"jmikelait@wso.org","good","ok","no","no"
"jmiller@nmlp.com","good","ok","no","no"
"jmorales@paramounthc.com","good","ok","no","no"
"jmoretz@opsb.com","good","ok","no","no"
"jmullen@helmethouse.com","good","ok","no","no"
"jmullins@cptnetworks.com","good","ok","no","no"
"jnavin@jdhco.com","good","ok","no","no"
"jnethery@lovatousa.com","good","ok","no","no"
"jnorris@amplisine.com","good","ok","no","no"
"joakland@derse.com","good","ok","no","no"
"joanne.ricardo@valon.com","good","ok","no","no"
"joddonetto@warbonnetinc.com","good","ok","no","no"
"joe.bain@wausausupply.com","good","ok","no","no"
"joe.ferris@grainmillers.com","good","ok","no","no"
"joe.lambke@longlewis.net","good","ok","no","no"
"joe.moeller@upperlinehealth.com","good","ok","no","no"
"joe.o@interactivestrategies.com","good","ok","no","no"
"joe.spellmeyer@indexengines.com","good","ok","no","no"
"joe.young@summitcasing.com","good","ok","no","no"
"joe@arrowcircleelectric.com","good","ok","no","no"
"joe@howlerbros.com","good","ok","no","no"
"joel@novarctech.com","good","ok","no","no"
"joey.weir@orbrands.com","good","ok","no","no"
"joey.zahn@heliosclinical.com","good","ok","no","no"
"joey@unlocktheppo.com","good","ok","no","no"
"john.bustamante@wfc.ag","good","ok","no","no"
"john.davis@travere.com","good","ok","no","no"
"john.dearman@tics.com","good","ok","no","no"
"john.deleon@freemanco.com","good","ok","no","no"
"john.hart@holcombecvi.com","good","ok","no","no"
"john.he@amogy.co","good","ok","no","no"
"john.manzer@gofarwell.com","good","ok","no","no"
"john.mcdonough@avatria.com","risky","catch_all","no","no"
"john.mclaughlin@marketexpress.com","good","ok","no","no"
"john.omick@travere.com","good","ok","no","no"
"john.osburn@steelcraftwi.com","good","ok","no","no"
"john.rigg@corva.ai","good","ok","no","no"
"john.ruybal@brakecheck.com","good","ok","no","no"
"john.sauter@elemica.com","good","ok","no","no"
"john.schmidt@wurthusa.com","good","ok","no","no"
"john.selover@carnesfuneralhome.com","good","ok","no","no"
"john.stephens@bluemantis.com","good","ok","no","no"
"john.yang@airspacelink.com","good","ok","no","no"
"john@hawkinshospitality.com","good","ok","no","no"
"john@kobus-inc.com","good","ok","no","no"
"john@proproductsllc.com","good","ok","no","no"
"john@theworkshop.org.nz","bad","invalid","no","no"
"johnathan.reyna@intelligenesisllc.com","good","ok","no","no"
"johncostello@everonsolutions.com","bad","invalid","no","no"
"johnf@mtlfab.com","good","ok","no","no"
"johnholleman@jmtest.com","good","ok","no","no"
"johnliu@omahaeye.com","good","ok","no","no"
"johnmckay@asteriahealth.com","good","ok","no","no"
"johnnyl@justfoodfordogs.com","good","ok","no","no"
"johns@textbooks.com","bad","invalid","no","no"
"johnwillis@shermansnow.com","good","ok","no","no"
"jolan@terabase.energy","good","ok","no","no"
"jolaniyan@constellationwest.com","good","ok","no","no"
"jon.farrell@sportingkc.com","good","ok","no","no"
"jon.kiefer@ingomar.com","good","ok","no","no"
"jon@bethel-madison.org","good","ok","no","no"
"jon@iiexperts.com","good","ok","no","no"
"jon@thewinjoygroup.com","bad","invalid","no","no"
"jonathan.hyde@pathlock.com","good","ok","no","no"
"jonathan.marzoq@usio.com","good","ok","no","no"
"jonathan.ward@micropower-group.com","good","ok","no","no"
"jonathan@fortunefishco.net","good","ok","no","no"
"jonathanvanness@fablefood.co","good","ok","no","no"
"jongeorge@packagingexchange.com","good","ok","no","no"
"jonschaff@eliteclubs.com","good","ok","no","no"
"jonv@hfgarchitecture.com","good","ok","no","no"
"jordan.clark@tbgpartners.com","good","ok","no","no"
"jordan.law@agtexas.com","good","ok","no","no"
"jordan.vinke@primroseca.com","good","ok","no","no"
"jordan@hgsengineeringinc.com","good","ok","no","no"
"jordan@notionofmotion.com","good","ok","no","no"
"jordan@tx.foreverlawn.com","good","ok","no","no"
"jorge.amador@vaxcare.com","good","ok","no","no"
"jorge.cornejo@nomia.com","bad","invalid","no","no"
"jorge@trans99.net","good","ok","no","no"
"jose.velez@sternpinball.com","good","ok","no","no"
"jose@loveseatapp.com","bad","invalid","no","no"
"jose_alvarez@compal.com","good","ok","no","no"
"joseph.gattis@bigstatecompression.com","good","ok","no","no"
"joseph.lewright@halomd.com","good","ok","no","no"
"joseph.orichiella@qcenter.com","good","ok","no","no"
"joseph.pope@fluor.com","bad","invalid","no","no"
"joseph@unitycaptive.com","good","ok","no","no"
"joseph@zagautowerks.com","risky","unknown","no","no"
"josh.bast@veratx.com","good","ok","no","no"
"josh.battles@trystar.com","good","ok","no","no"
"josh.marler@moonlightingsolutions.com","good","ok","no","no"
"josh.myers@colonyridge.com","good","ok","no","no"
"josh.smith@exoinc.com","good","ok","no","no"
"josh.vinson@usosm.com","good","ok","no","no"
"josh.werner@evotix.com","good","ok","no","no"
"josh@knollcrest.net","good","ok","no","no"
"josh@theseatshop.com","good","ok","no","no"
"joshkimbril@1907productions.com","good","ok","no","no"
"joshua.lukes@sightglassmgmt.com","good","ok","no","no"
"josue@marksmengc.com","good","ok","no","no"
"jovi.wang@strutt.inc","good","ok","no","no"
"jpahati@onplanconsulting.com","good","ok","no","no"
"jpaniagua@almacomex.com.ar","good","ok","no","no"
"jparenteau@texasrealtors.com","good","ok","no","no"
"jparker@kisergroup.com","good","ok","no","no"
"jpascal@walleyecapital.com","good","ok","no","no"
"jpatterson@midcapfinancial.com","good","ok","no","no"
"jperdue@sterlingmoes.com","good","ok","no","no"
"jperry@cormedix.com","good","ok","no","no"
"jpestalardo@cinallibroker.com.ar","good","ok","no","no"
"jpeterson@ea.com","good","ok","no","no"
"jpeterson@hubbellheaters.com","good","ok","no","no"
"jpetrini@pennybackercap.com","good","ok","no","no"
"jphillips@minimallstorage.com","good","ok","no","no"
"jpigg@betterlivingsl.com","good","ok","no","no"
"jpont10446@suddenlink.net","good","ok","no","no"
"jportillo@bue.auren.com","good","ok","no","no"
"jpostelli@intricon.com","good","ok","no","no"
"jprice@gagroup.com","good","ok","no","no"
"jprueter@cmgincservices.com","good","ok","no","no"
"jpyle@caisgroup.com","good","ok","no","no"
"jquilantan@4dmt.com","good","ok","no","no"
"jr.guzman@triconprecast.com","good","ok","no","no"
"jrehg@trinityproducts.com","good","ok","no","no"
"jreinhart@gulfportenergy.com","good","ok","no","no"
"jresuena@lendflow.com","good","ok","no","no"
"jretan@mirion.com","good","ok","no","no"
"jrhein@hmetruck.com","good","ok","no","no"
"jribar@kjzt.org","risky","catch_all","no","no"
"jribelin@apprise.us","risky","unknown","no","no"
"jriesgraf@orderbe.com","good","ok","no","no"
"jrinkel@tockhq.com","good","ok","no","no"
"jrivera@lilyofthedesert.com","good","ok","no","no"
"jrobinson@rpic.com","good","ok","no","no"
"jrounding@tritonag.com","good","ok","no","no"
"jrud@willdan.com","good","ok","no","no"
"jrutherford@geoteknica.com","good","ok","no","no"
"jryle@chicagostars.com","good","ok","no","no"
"jschimmel@southviewdesign.com","good","ok","no","no"
"jschipp@cpwestloop.com","good","ok","no","no"
"jschmidt@sonexhealth.com","good","ok","no","no"
"jschulze@federalprotection.com","good","ok","no","no"
"jscott@riboliwines.com","good","ok","no","no"
"jsevern@moximed.com","good","ok","no","no"
"jsexton@transitionequity.com","good","ok","no","no"
"jshook@realgoodfoods.com","good","ok","no","no"
"jshulter@coretxllc.com","good","ok","no","no"
"jsimpson@gordonhighlander.com","good","ok","no","no"
"jsingleton@gordonhighlander.com","good","ok","no","no"
"jsisson@getngo.com","good","ok","no","no"
"jsitzman@starwoodland.com","good","ok","no","no"
"jsleyter@cablcon.com","good","ok","no","no"
"jspiegel@advhhh.com","good","ok","no","no"
"jstallings@wellbyfinancial.com","good","ok","no","no"
"jstegmaier@datos-insights.com","good","ok","no","no"
"jstorie@radntx.com","good","ok","no","no"
"jstrassburg@idexcorp.com","good","ok","no","no"
"jstrom@northshorecenterllc.com","good","ok","no","no"
"jsullivan@bpp401k.com","good","ok","no","no"
"jswindle@convergentclaimservices.com","good","ok","no","no"
"jtavakolian@intricon.com","good","ok","no","no"
"jterwey@coldspringbrewingco.com","good","ok","no","no"
"jthokey@rudickgroup.com","good","ok","no","no"
"jthompson@weichertwm.com","good","ok","no","no"
"jthorne@enchantedrock.com","good","ok","no","no"
"jthrush@legacy20.com","good","ok","no","no"
"jtiedeman@iseworldwide.com","good","ok","no","no"
"jtravis@caprabank.com","good","ok","no","no"
"jtrecartin@limitlessmale.com","good","ok","no","no"
"jtrimble@bungalowfunding.com","good","ok","no","no"
"jtures@genoa-il.com","good","ok","no","no"
"jturner@mcelroy.com","good","ok","no","no"
"juan.povina@synagro.com.ar","good","ok","no","no"
"juanpablo@innopack.com.ar","good","ok","no","no"
"judith@mx1910.com","good","ok","no","no"
"juko@dietzpropertygroup.com","good","ok","no","no"
"julia.azambuja@betterlifepartners.com","good","ok","no","no"
"julia.haas@johnsonfit.com","good","ok","no","no"
"julia.wrobel@vhghp.com","good","ok","no","no"
"julian.peterson@gearboxsoftware.com","risky","catch_all","no","no"
"julianna.gorder@ccebt.com","good","ok","no","no"
"julianna@livemore.co","risky","catch_all","no","no"
"julie.arford@springswindowfashions.com","good","ok","no","no"
"julie.brzozowski@ylconsulting.com","good","ok","no","no"
"julie.kirby@sportingkc.com","good","ok","no","no"
"julie.wells@takecommandhealth.com","good","ok","no","no"
"juliette.smith@justglobal.com","good","ok","no","no"
"juliette@instead.com","good","ok","no","no"
"june.vanmeter@enabledental.com","good","ok","no","no"
"junior@wholecubes.com","good","ok","no","no"
"justin.franz@dealerware.com","good","ok","no","no"
"justin.fuller@beyondmeat.com","risky","catch_all","no","no"
"justin.han@gsdm.com","good","ok","no","no"
"justin.henning@newfangled.com","good","ok","no","no"
"justin.schwartzbauer@sciphyn.com","good","ok","no","no"
"justin.swagler@spectrocloud.com","good","ok","no","no"
"justin.travis@firerockservices.com","good","ok","no","no"
"justin.ullestad@boodle.ai","risky","catch_all","no","no"
"justine.dillon@phoenixintlinc.com","good","ok","no","no"
"justyce.dixon@graef-usa.com","good","ok","no","no"
"jvanek@wild.com","good","ok","no","no"
"jvangilder@reflik.com","good","ok","no","no"
"jvarnado@sentinelmidstream.com","good","ok","no","no"
"jviestenz@teamind.com","good","ok","no","no"
"jvinci@premierbrick.com","good","ok","no","no"
"jvonarx@mmhpi.org","good","ok","no","no"
"jvoss@gocitywide.com","good","ok","no","no"
"jwaldschmidt@anchorharvey.com","good","ok","no","no"
"jwalsh@insiterealestate.com","good","ok","no","no"
"jwarren@maxtroninc.com","bad","invalid","no","no"
"jwassmer@buildbig.com","good","ok","no","no"
"jwhaley@lse-architects.com","good","ok","no","no"
"jwhipp@racepointglobal.com","good","ok","no","no"
"jwhisenhunt@siepe.com","good","ok","no","no"
"jwhite@cdgengineers.com","good","ok","no","no"
"jwhite@waterloomedia.com","good","ok","no","no"
"jwill@saintsbaseball.com","good","ok","no","no"
"jwilliams@leapeasy.com","good","ok","no","no"
"jwilliams@select-engineering.com","good","ok","no","no"
"jwilson@thelineup.com","good","ok","no","no"
"jwinfrey@dillinghambenefits.com","good","ok","no","no"
"jwjennings@cockrell.com","good","ok","no","no"
"jwoodall@itendefense.com","good","ok","no","no"
"jwoodward@rbakc.com","good","ok","no","no"
"jyambao@rksmsllc.com","bad","invalid","no","no"
"jyoung@smhmo.org","good","ok","no","no"
"jyoung@springfieldmechanical.com","good","ok","no","no"
"jzarda@otcnet.org","good","ok","no","no"
"jzayia@modernluxury.com","good","ok","no","no"
"k.forge@astrea-bio.com","good","ok","no","no"
"k.frasor@partnercos.com","good","ok","no","no"
"k.hatcher@neurotechusa.com","good","ok","no","no"
"k.holloway@tri-kes.com","good","ok","no","no"
"k.mills@pharming.com","good","ok","no","no"
"k.szpyrka@henricksen.com","good","ok","no","no"
"k.whelchel@exline-inc.com","good","ok","no","no"
"kabreo@isd-soft.com","bad","invalid","no","no"
"kadedipe@cipherhealth.com","good","ok","no","no"
"kady@callmilestone.com","good","ok","no","no"
"kaitlyn.peterson@gsdm.com","good","ok","no","no"
"kaitlyn.strom@unison.com","good","ok","no","no"
"kalebhamlin@krislindahl.com","good","ok","no","no"
"kali@kitchensolvers.com","good","ok","no","no"
"kallemand@nnwoil.com","good","ok","no","no"
"kallen@enhance-rehab.com","good","ok","no","no"
"kallen@relationshipstore.org","good","ok","no","no"
"kalpana@cis-tec.com","good","ok","no","no"
"kanchan@thechemistpharm.com","good","ok","no","no"
"karalicarter@altushospice.com","good","ok","no","no"
"karen.barrett@lifeshare.org","good","ok","no","no"
"karen.gatewood@silvercloudhealth.com","good","ok","no","no"
"karina.botero@citizensinc.com","good","ok","no","no"
"kate.akins@tpncommerce.com","good","ok","no","no"
"kate.benton@acertusdelivers.com","good","ok","no","no"
"kate.symes@esper.com","good","ok","no","no"
"katelynn@kbia.org","good","ok","no","no"
"katerinaweikert@generalfilms.com","good","ok","no","no"
"katheige@wccucreditunion.coop","good","ok","no","no"
"katherine@kelbreeconsulting.com","risky","catch_all","no","no"
"kathip@iqresourcegroup.com","good","ok","no","no"
"kathleen.mcmahon@loopme.com","good","ok","no","no"
"kathy.dixon@dukecannon.com","good","ok","no","no"
"kathy.kerns@neuco.com","good","ok","no","no"
"kathy@davidhoy.com","good","ok","no","no"
"katie.gielen@quartzy.com","good","ok","no","no"
"katie.mccormack@padagis.com","good","ok","no","no"
"katie.muhlenberg@solutions-ii.com","good","ok","no","no"
"katie@aviben.com","good","ok","no","no"
"katie@catalinasnacks.com","good","ok","no","no"
"katie@ccl.cc","good","ok","no","no"
"katie@drinkcarbliss.com","good","ok","no","no"
"katier@isavela.com","good","ok","no","no"
"katrina@curioso.us","good","ok","no","no"
"katrina@onthebooks.com","good","ok","no","no"
"katy.goff@thearmcandy.com","good","ok","no","no"
"kauge@desmoinesmediagroup.com","risky","catch_all","no","no"
"kaushalp@kbw.com","good","ok","no","no"
"kay@berryfamilyservices.com","good","ok","no","no"
"kayla.duplantis@startcorp.org","good","ok","no","no"
"kayla.werner@boldt.com","good","ok","no","no"
"kayla@ecklerconsulting.com","good","ok","no","no"
"kayla@end-game.net","good","ok","no","no"
"kayla@ridgend.org","good","ok","no","no"
"kaylee.dirschel@wtnh.com","good","ok","no","no"
"kaylee.weyker@sterlingspec.com","good","ok","no","no"
"kaylor@psadocs.com","good","ok","no","no"
"kb@steinbrennergroup.com","good","ok","no","no"
"kbailey@jonnypops.com","bad","invalid","no","no"
"kbates@milwaukeeadmirals.com","good","ok","no","no"
"kbeck@arcomurray.com","good","ok","no","no"
"kbecker@felixglobal.com","good","ok","no","no"
"kbradleyvogt@movableink.com","good","ok","no","no"
"kbrantner@trcompanies.com","good","ok","no","no"
"kbridges@worldwidecourtreporters.com","good","ok","no","no"
"kbruns@lakequivira.org","good","ok","no","no"
"kburdine@holmesfoods.com","risky","unknown","no","no"
"kburt@kauffmancenter.org","good","ok","no","no"
"kcharnota@collegiumpharma.com","good","ok","no","no"
"kcharries@tradmed.com","good","ok","no","no"
"kchilders@athleticskc.com","good","ok","no","no"
"kchrist@bndsrx.com","good","ok","no","no"
"kciezadlo@surgalign.com","good","ok","no","no"
"kclark@cstmultifamilygroup.com","good","ok","no","no"
"kcostello@itradenetwork.com","good","ok","no","no"
"kdillard@aviahealthinnovation.com","good","ok","no","no"
"keagan.gros@serentcapital.com","good","ok","no","no"
"keaur.patel@airsmed.com","good","ok","no","no"
"keckersley@us-energy.com","good","ok","no","no"
"keith.hansen@rosebiosolutions.com","good","ok","no","no"
"keith.harris@netvendor.com","good","ok","no","no"
"keith.romanshyn@narmi.com","good","ok","no","no"
"keith.thompson@ethic-tech.com","good","ok","no","no"
"keith.wuetig@eyesouthpartners.com","good","ok","no","no"
"keith@dalgleish.net","good","ok","no","no"
"keithr@wasteadvantagetx.com","good","ok","no","no"
"kelci@hiddenmeadowandbarn.com","good","ok","no","no"
"kelkins@tsg.bz","good","ok","no","no"
"kellea.collier@dreamscapehosp.com","good","ok","no","no"
"kelley.arns@nrlmortgage.com","good","ok","no","no"
"kelli.fitzpatrick@vantrustre.com","good","ok","no","no"
"kelli.newman@herself-health.com","good","ok","no","no"
"kellin@christoshousemo.org","good","ok","no","no"
"kelly.bakalich@antithesis.com","good","ok","no","no"
"kelly.becicka@parknicollet.com","good","ok","no","no"
"kelly.domingue@chordenergy.com","bad","invalid","no","no"
"kelly.hedges@optiogroup.com","good","ok","no","no"
"kelly@amandahansengroup.com","risky","catch_all","no","no"
"kelly@masonconstruction.net","good","ok","no","no"
"kelly@stacytuschl.com","good","ok","no","no"
"kellyo@neuroscienceinc.com","risky","unknown","no","no"
"kelsey.b@smartcap.com","good","ok","no","no"
"kelsey.duska@wurl.com","good","ok","no","no"
"kelsey.hagen@elinorcoatings.com","good","ok","no","no"
"kelsey.huson@alliance-technologies.co","good","ok","no","no"
"ken.link@histosonics.com","good","ok","no","no"
"kendall.scott@maplemarkbank.com","good","ok","no","no"
"kendra.kraus@highstreetins.com","bad","invalid","no","no"
"kendra.lohmer@herself-health.com","good","ok","no","no"
"keng@condor-lift.com","risky","catch_all","no","no"
"kenneth.kirkland@freedomparkdfw.com","good","ok","no","no"
"kenney.hussong@uptivemfg.com","good","ok","no","no"
"kenny@tripleduniform.com","good","ok","no","no"
"kent.dahl@duininck.com","risky","catch_all","no","no"
"kerri.groenke@doceree.com","good","ok","no","no"
"kerrianne_browne@rpadmin.com","good","ok","no","no"
"kerry@neutonic.com","risky","catch_all","no","no"
"kerry@visitbentonville.com","good","ok","no","no"
"kevin.beville@ironhorsemidstream.com","good","ok","no","no"
"kevin.c@tylermedia.com","good","ok","no","no"
"kevin.james@legility.com","good","ok","no","no"
"kevin.mccabe@certifi.com","good","ok","no","no"
"kevin.pickard@paligentech.com","good","ok","no","no"
"kevin.romeis@fortrobotics.com","good","ok","no","no"
"kevin.waul@bherenewables.com","good","ok","no","no"
"kevin@aventureaviation.com","good","ok","no","no"
"kevin@mpedc.org","good","ok","no","no"
"kevin@optimizereceivables.com","good","ok","no","no"
"kevin@shiftlogic.io","good","ok","no","no"
"kevincook@apptronik.com","good","ok","no","no"
"kevins@marshmallowshope.org","good","ok","no","no"
"kfayard@lopa.org","good","ok","no","no"
"kflinchum@bcsf.com","good","ok","no","no"
"kforbes@mmgy.com","good","ok","no","no"
"kgall@corsomg.com","good","ok","no","no"
"kgillie@sculpturehospitality.com","good","ok","no","no"
"kgoodwin@purposebuiltbrands.com","good","ok","no","no"
"kgrace@psseasoning.com","good","ok","no","no"
"kgranger@outdoorlivingsupply.net","good","ok","no","no"
"kgrossman@sharprint.com","good","ok","no","no"
"khagen@gilesengr.com","good","ok","no","no"
"khai@serviceup.com","good","ok","no","no"
"kheck@laytoncenter.org","good","ok","no","no"
"khersom@kuvare.com","good","ok","no","no"
"khester@statenational.com","good","ok","no","no"
"khockenberry@4lpi.com","good","ok","no","no"
"khorton@rmchin.com","good","ok","no","no"
"khouston@sempre.ai","good","ok","no","no"
"khubert@smithppi.com","good","ok","no","no"
"khuckelberry@harborinsok.com","good","ok","no","no"
"khunter@zintex.com","good","ok","no","no"
"khurram.abbas@rcmfirst.com","risky","catch_all","no","no"
"khurst@mrpgenco.com","good","ok","no","no"
"kierstin@thresholdstrategies.us","risky","catch_all","no","no"
"kim.lohmann@hunterhealth.org","good","ok","no","no"
"kim.price@seeq.com","good","ok","no","no"
"kim.thomas@pesystems.com","good","ok","no","no"
"kimberley.miller@unitedveincenters.com","good","ok","no","no"
"kimberly.gonzalez@classlink.com","good","ok","no","no"
"kimberly.plaskett@lsgskychefs.com","good","ok","no","no"
"kimberlyt@yos.org","good","ok","no","no"
"kirby.bonner@seniorlivingproperties.com","bad","invalid","no","no"
"kirsten@herman-scheer.com","good","ok","no","no"
"kjames@channahon.org","good","ok","no","no"
"kjans@maxwellstate.com","good","ok","no","no"
"kjohnson@ascabr.com","risky","catch_all","no","no"
"kjones@fmhouston.com","good","ok","no","no"
"kjordan@droneports.net","good","ok","no","no"
"kjordan@pksti.com","good","ok","no","no"
"kkamikawa@darwill.com","good","ok","no","no"
"kkavanagh@local150.org","good","ok","no","no"
"kkelly@lilyofthedesert.com","good","ok","no","no"
"kkemppainen@edenseniorhc.com","good","ok","no","no"
"kkenville@ironmarkbldg.com","good","ok","no","no"
"kkerr@marketscout.com","good","ok","no","no"
"kking@environenergy.com","good","ok","no","no"
"kkleiner@imagemakers-inc.com","good","ok","no","no"
"klafreniere@beckway.com","bad","invalid","no","no"
"klandry@conawealth.com","good","ok","no","no"
"klawson@clnwash.com","good","ok","no","no"
"kle@brandrevolution.global","good","ok","no","no"
"kleyva@homepartners.com","good","ok","no","no"
"kloewenhagen@gandrud.com","risky","catch_all","no","no"
"klwest@c-psystems.com","good","ok","no","no"
"kma@dynamicwebusa.com","good","ok","no","no"
"kmadison-il@haymanco.com","good","ok","no","no"
"kmanhart@jarpre.com","good","ok","no","no"
"kmcdonald@mmgyglobal.com","good","ok","no","no"
"kmeek@colonialfw.com","good","ok","no","no"
"kmeeks@psychpointetx.com","good","ok","no","no"
"kmoore@neutool.com","good","ok","no","no"
"kmosley@stlcitysc.com","good","ok","no","no"
"kmp@warwickinvestmentgroup.com","good","ok","no","no"
"kmurawski@mmgy.com","good","ok","no","no"
"kmurray@andersonfabrics.com","good","ok","no","no"
"knorton@bitfreighter.com","good","ok","no","no"
"kokane@alwaysbestcare.com","risky","catch_all","no","no"
"koreisha.jones@sevitahealth.com","good","ok","no","no"
"korey@tysonmotor.com","good","ok","no","no"
"kosoris@17capital.com","good","ok","no","no"
"kpadilla@avantus.com","good","ok","no","no"
"kpapasideris@enchantedrock.com","good","ok","no","no"
"kplant@statenational.com","good","ok","no","no"
"kprice@map-energy.com","good","ok","no","no"
"kprodoehl@champion-building.com","good","ok","no","no"
"kraig.pfiffner@ilescares.com","risky","catch_all","no","no"
"kralston@twm-inc.com","bad","invalid","no","no"
"kraschendorfer@bbimaging.net","good","ok","no","no"
"kregner@ehrainc.com","good","ok","no","no"
"kreynolds@mbc.org","good","ok","no","no"
"kripley@circadia.net","risky","catch_all","no","no"
"kris.vanspeybroeck@justglobal.com","good","ok","no","no"
"kris@bryandodge.com","good","ok","no","no"
"kris@kringsinteriors.com","good","ok","no","no"
"krisf@kandksupply.com","good","ok","no","no"
"krissy.johnson@sability.com","good","ok","no","no"
"krista@sietefoods.com","good","ok","no","no"
"kristal@growing-smart.com","bad","invalid","no","no"
"kristen.smith@spmmarketing.com","good","ok","no","no"
"kristiandrew@hhmhealth.org","good","ok","no","no"
"kristin.clements@boldt.com","good","ok","no","no"
"kristin.dedering@bliffertlumber.com","good","ok","no","no"
"kristin.harris@mcentireproduce.com","good","ok","no","no"
"kristin.natzke@globalprairie.com","good","ok","no","no"
"kristin.paoletti@rendevordialysis.com","good","ok","no","no"
"kristin.schenck@cbc.inc","good","ok","no","no"
"kristina.jones@enovationcontrols.com","good","ok","no","no"
"kristy.holder@caturus.com","good","ok","no","no"
"krmcnear@tginatural.com","good","ok","no","no"
"kroeger@kapcoinc.com","good","ok","no","no"
"krogers@staleyinc.com","good","ok","no","no"
"kross@genesisva.org","good","ok","no","no"
"kroy@mchhs.org","good","ok","no","no"
"krushing@aeiconsultants.com","good","ok","no","no"
"kschneider@prcexcellence.com","good","ok","no","no"
"kschneider@synergytaste.com","good","ok","no","no"
"kshah@lindau.net","good","ok","no","no"
"ksiksta@swe-solutions.com","good","ok","no","no"
"ksimons@odeko.com","good","ok","no","no"
"kskonnord@hiscoinc.com","good","ok","no","no"
"kskrove@haworthmedia.com","good","ok","no","no"
"kstacho@netleaseproperties.com","good","ok","no","no"
"kstapleton@lucasjamestalent.com","good","ok","no","no"
"kstringer@ggob.com","good","ok","no","no"
"kterhune@onspirehm.com","good","ok","no","no"
"kthomas@rhodes.com","good","ok","no","no"
"ktighe@anthemmemorycare.com","good","ok","no","no"
"ktranchida@sharpencx.com","good","ok","no","no"
"ktrout@keyfactor.com","good","ok","no","no"
"kturja@hoopladigital.com","good","ok","no","no"
"kurt.vogler@komprise.com","good","ok","no","no"
"kurtgerken@bkvcorp.com","good","ok","no","no"
"kvannelli@wild.com","good","ok","no","no"
"kvincent@mmgy.com","good","ok","no","no"
"kvoelz@vasohealthcare.com","good","ok","no","no"
"kwagner@bridgeindustrial.com","good","ok","no","no"
"kwagner@graymattersystems.com","good","ok","no","no"
"kweedfall@tlcvision.com","good","ok","no","no"
"kwinger@sanalake.com","good","ok","no","no"
"kwinn@avitamedical.com","good","ok","no","no"
"kyia.fleig@ampf.com","good","ok","no","no"
"kyla@merchtable.com","good","ok","no","no"
"kyle.gleason@immedica.com","good","ok","no","no"
"kyle.hahn@viaphoton.com","good","ok","no","no"
"kyle.hardey@fueltransport.com","good","ok","no","no"
"kyle.kabara@corpcu.com","good","ok","no","no"
"kyle.reckling@bos.com","good","ok","no","no"
"kyle.smith@hiregenics.com","good","ok","no","no"
"kyle.sturgeon@allinoneaccounting.com","good","ok","no","no"
"kyle@dakotabioworx.org","good","ok","no","no"
"kyle@lsas-tec.com","good","ok","no","no"
"kylee@risherco.com","good","ok","no","no"
"kyleo@foresthillscc.net","good","ok","no","no"
"kylie.frick@walkersands.com","good","ok","no","no"
"kylie.uvodich@fiveelms.com","good","ok","no","no"
"kylie@benttreecc.org","good","ok","no","no"
"kynnley@christclinickaty.org","good","ok","no","no"
"l.pliego@helloteak.com","good","ok","no","no"
"l.skelly@auspecialists.com","good","ok","no","no"
"lacey@bespokestudio.com","good","ok","no","no"
"ladonnaw@weokie.org","good","ok","no","no"
"lalvaro@redoak.com","good","ok","no","no"
"lance.lucovich@agios.com","risky","catch_all","no","no"
"landon.marx@thirdcoastwealth.com","good","ok","no","no"
"lane.inscore@crtflooring.com","good","ok","no","no"
"lara@mcgcapllc.com","good","ok","no","no"
"larntsen@northpointkc.com","good","ok","no","no"
"larry.halleran@9spokes.com","good","ok","no","no"
"laura.gager@cleanenergyfuels.com","good","ok","no","no"
"laura.leistikow@riseandshineandpartners.com","good","ok","no","no"
"laura.magnuson@pacificconstructionus.com","good","ok","no","no"
"laura.mccrain@nta-inc.net","good","ok","no","no"
"laura@ashemunro.com","good","ok","no","no"
"laura@cm-eg.com","bad","invalid","no","no"
"laura@cstrategies.com","good","ok","no","no"
"laura@encorerenewableenergy.com","good","ok","no","no"
"lauren.beasley@xgames.com","good","ok","no","no"
"lauren.cuchna@unbxd.com","good","ok","no","no"
"lauren.drewes@braunability.com","good","ok","no","no"
"lauren.elder@mediumgiant.co","good","ok","no","no"
"lauren.h@nationalbreathefree.com","good","ok","no","no"
"lauren.magnusson@irtc-hq.com","good","ok","no","no"
"lauren.pitz@myscpl.org","good","ok","no","no"
"lauren.pt@preferredptkc.com","bad","invalid","no","no"
"lauren@dvkmarketing.com","good","ok","no","no"
"lauren@goturnkey.com","good","ok","no","no"
"lauren@inkteam.com","good","ok","no","no"
"lauren@nativ.ly","good","ok","no","no"
"lauren@redraideroutfitter.com","good","ok","no","no"
"lauren@yellowdiamondconsulting.com","good","ok","no","no"
"laurie@qualitytitlend.com","good","ok","no","no"
"lauryn@advantxhomecare.com","good","ok","no","no"
"lbailey@trustwellliving.com","bad","invalid","no","no"
"lbanaszynski@oakleafclinics.com","good","ok","no","no"
"lbell@premier-us.net","good","ok","no","no"
"lbickel@allego.com","good","ok","no","no"
"lbiggs@teamsignal.com","good","ok","no","no"
"lbohlin@thoreauservices.com","good","ok","no","no"
"lbrunton@scruggsco.com","good","ok","no","no"
"lcantu@santikos.com","good","ok","no","no"
"lco@courtroominsight.com","good","ok","no","no"
"lcumpton@bimtm.com","good","ok","no","no"
"ldean@provincialseniorliving.com","good","ok","no","no"
"ldegroot@premiermedstaffing.com","good","ok","no","no"
"ldigani@harrisassoc.com","good","ok","no","no"
"ldykas@founders3.com","good","ok","no","no"
"leah-zimmermann@uiowa.edu","good","ok","no","no"
"leake-jerome@aramark.com","good","ok","no","no"
"leandro.muscat@sapore-di-pane.com.ar","good","ok","no","no"
"leann.benedict@myscpl.org","good","ok","no","no"
"leec@pshummingbird.com","good","ok","no","no"
"lehmann@trophywindows.com","good","ok","no","no"
"leigha@lighterastudios.com","good","ok","no","no"
"leilly@tatsuoconsultoria.com.br","good","ok","no","no"
"leo@readysetsurgical.com","good","ok","no","no"
"leona@thrive-nexus.com","good","ok","no","no"
"leonardo@materyn.com","good","ok","no","no"
"les@aalo.com","good","ok","no","no"
"leslie.welner@stepsconsulting.com","good","ok","no","no"
"leslie@kollinteriors.com","risky","catch_all","no","no"
"lesliechasnoff@geekdom.com","good","ok","no","no"
"lessiep@cdacouncil.org","bad","invalid","no","no"
"levi.burton@grainmillers.com","good","ok","no","no"
"levy.dan@electra.aero","good","ok","no","no"
"lexi.lanzi@cutwatersf.com","good","ok","no","no"
"lexi@sugarlakelodge.com","bad","invalid","no","no"
"lexy@ruzusa.com","good","ok","no","no"
"lfieldhouse@appliedproducts.com","good","ok","no","no"
"lfrancis@explore.nearterm.com","bad","invalid","no","no"
"lgabaldon@sacdmo.com","good","ok","no","no"
"lgiatras@greciandelight.com","good","ok","no","no"
"lhagemann@berglundco.com","good","ok","no","no"
"lhammond@trinityhospice.com","good","ok","no","no"
"lhay@sunstrongmanagement.com","good","ok","no","no"
"lhrad@catholicunited.org","good","ok","no","no"
"lhumm@repdata.com","good","ok","no","no"
"libby.james@mobilityblueprint.net","good","ok","no","no"
"libby.mccorry@inconnectedmarketing.com","bad","invalid","no","no"
"lilianarosado@venditore.com.ar","good","ok","no","no"
"lindsey.lindquist@kmgtgroup.com","good","ok","no","no"
"lindsey.marcus@butlerlsa.com","good","ok","no","no"
"lindsey.mullenbach@grainmillers.com","good","ok","no","no"
"lindsey@rtrsells.com","good","ok","no","no"
"lisa.helton@dreamscapehosp.com","good","ok","no","no"
"lisa.strotman@swoonstaffing.com","good","ok","no","no"
"lisa@anametric.com","good","ok","no","no"
"lisa@cre8play.com","good","ok","no","no"
"lisa@denimcratic.com","good","ok","no","no"
"lisa@graceandemergerecovery.com","risky","catch_all","no","no"
"lisajanus@freemansauction.com","good","ok","no","no"
"lisaw@cdogroup.com","good","ok","no","no"
"lita.lominac@goosehead.com","good","ok","no","no"
"liz.galea@kindle-energy.com","bad","invalid","no","no"
"lizs@2rm.com","good","ok","no","no"
"lizzie.grams@buzzfeed.com","good","ok","no","no"
"ljohnson@nottinghamrehab.org","good","ok","no","no"
"ljuvers@theannexmh.com","good","ok","no","no"
"llaney@pppllc.com","good","ok","no","no"
"llangley@benchmarkpt.com","good","ok","no","no"
"llanier@psadocs.com","good","ok","no","no"
"llauzardo@mroholdings.com","good","ok","no","no"
"llazure@flintandflame.com","good","ok","no","no"
"llehmann@4cmed.com","good","ok","no","no"
"lmcdaniel@loveandcompany.com","good","ok","no","no"
"lmiles@advisorspoint.com","good","ok","no","no"
"lmoore@willettengineering.com","good","ok","no","no"
"lmundinger@sunwestpr.com","good","ok","no","no"
"lmurguia@kpaengineers.com","good","ok","no","no"
"lnelson@rmchin.com","good","ok","no","no"
"lnorris@ivimhealth.com","good","ok","no","no"
"logan.collins@erdosmiller.com","good","ok","no","no"
"logan.shea@northstarregional.com","good","ok","no","no"
"loganmonaco@yosicare.com","good","ok","no","no"
"longyi.bi@gotorq.com","good","ok","no","no"
"lora.norlen.rtvx@statefarm.com","good","ok","no","no"
"loren@risherco.com","good","ok","no","no"
"loren@texas-nurse.com","good","ok","no","no"
"lori.seim@1stcarehc.com","good","ok","no","no"
"lorriee@vrcinvestigations.com","good","ok","no","no"
"louis.langone@horizon-next.com","bad","invalid","no","no"
"lprobst@tlcvision.com","good","ok","no","no"
"lradigan@westmadisonfoods.com","good","ok","no","no"
"lradom@nphusa.org","bad","invalid","no","no"
"lrandolph@lifestreammed.com","good","ok","no","no"
"lrouse@ucompli.com","good","ok","no","no"
"lschreiner@naturesgraceandwellness.com","good","ok","no","no"
"lschukei@theresourcegroup.com","good","ok","no","no"
"lshol@2026usagames.org","good","ok","no","no"
"lsinak@artorigroup.com","good","ok","no","no"
"lsmart@allenes.com","good","ok","no","no"
"lsparks@markanthony.com","good","ok","no","no"
"lspartz@chicagofamilyhealth.org","good","ok","no","no"
"lspeicher@oxfordeconomics.com","good","ok","no","no"
"lstazen@chapinhall.org","good","ok","no","no"
"lstephens@seefriedproperties.com","good","ok","no","no"
"lstrahm@heartlandcompany.com","good","ok","no","no"
"lstrom@kablooe.com","good","ok","no","no"
"lucas.duppler@onnit.com","good","ok","no","no"
"lucas.laird@3-sservices.com","good","ok","no","no"
"lucas.pagano@desasa.com.ar","good","ok","no","no"
"lucas.westfall@endurancelift.com","good","ok","no","no"
"lucas@sportsumma.com","good","ok","no","no"
"lucas@wakke.com.ar","good","ok","no","no"
"lucy@dormotech.com","good","ok","no","no"
"lucy@masonsandpartners.co.uk","good","ok","no","no"
"luis.godoy@corva.ai","good","ok","no","no"
"luis.gonzalez@neuron7.ai","good","ok","no","no"
"luis.nieto@kuantic.com.ar","good","ok","no","no"
"luis.pagan@lonza.com","good","ok","no","no"
"luis.sotelo@tracso.com.mx","good","ok","no","no"
"luis@supplychainconsulting.net","bad","invalid","no","no"
"luke.reaves@nafeco.com","good","ok","no","no"
"luke.rothwell@stucki.com","good","ok","no","no"
"lvalles@warespace.com","good","ok","no","no"
"lvanderslice@raisingcanes.com","good","ok","no","no"
"lvandeusen@worldsprings.com","good","ok","no","no"
"lvergara@cerdodelosllanoslr.com","good","ok","no","no"
"lwanderscheid@dmww.com","good","ok","no","no"
"lwilson@lms-realestate.com","good","ok","no","no"
"lwong@gesonline.com","good","ok","no","no"
"lyall@shipblbx.com","good","ok","no","no"
"lydia_stewart@infi.us","good","ok","no","no"
"lydiabrock@imperativechemicals.com","good","ok","no","no"
"lyndsay.janssen@dixieinteriors.com","good","ok","no","no"
"lynn.koelsch@vrad.com","good","ok","no","no"
"lzacharias@zurvita.com","bad","invalid","no","no"
"m.craddock@thestokegroup.com","good","ok","no","no"
"m.lawson@staskapharma.com","risky","catch_all","no","no"
"m.may@everway.com","good","ok","no","no"
"m.naftel@latinspecialties.com","good","ok","no","no"
"m.preston@embassyclub.com","good","ok","no","no"
"mabrahams@upnt.com","good","ok","no","no"
"macezumwalt@telecom.team","good","ok","no","no"
"madeline.laughlin@gridunited.com","good","ok","no","no"
"madhu.sen@derivaenergy.com","good","ok","no","no"
"madison@genesisback.com","good","ok","no","no"
"madisonb@newcastle-homes.com","good","ok","no","no"
"magali.pederzoliribeil@apricityhealth.com","good","ok","no","no"
"maggie.kosrow@divergehealth.org","good","ok","no","no"
"maggie.olson@build-mysystems.com","good","ok","no","no"
"maggie@shopvintagecharm.com","good","ok","no","no"
"makailyn.lester@warnerpacific.com","good","ok","no","no"
"malaisowi@swiftcurrentenergy.com","good","ok","no","no"
"malbrecht@aarete.com","good","ok","no","no"
"mallie.schaefer@pubitygroup.com","good","ok","no","no"
"mallorie@creativelinksocial.com","good","ok","no","no"
"mallory.means@myallsouth.com","good","ok","no","no"
"mandi@nviusgraphics.com","good","ok","no","no"
"mandy.mcclure@drake.edu","good","ok","no","no"
"manuel.gauto@sigdef.com","bad","invalid","no","no"
"manville.borne@sigmaec.com","good","ok","no","no"
"maranda.bell@signalmutual.com","good","ok","no","no"
"maranda.lunning@metisgenetics.com","good","ok","no","no"
"marc.ackerman@westcottdesigns.net","good","ok","no","no"
"marc.berger@daelimbelefic.com","good","ok","no","no"
"marcelo.campos@imglobal.com","good","ok","no","no"
"marcelo@aston.com.ar","good","ok","no","no"
"marcelo@ferreirasport.com","bad","invalid","no","no"
"marcos@republicalibre.com.ar","good","ok","no","no"
"marcy.faddis@hcmunlocked.com","good","ok","no","no"
"marcy@buyflypages.com","good","ok","no","no"
"marehm@spbhs.net","good","ok","no","no"
"margaret@butlerspantry.com","good","ok","no","no"
"marguerite@selectmodel.com","good","ok","no","no"
"mari.cuellar@exclusivehomehealth.net","good","ok","no","no"
"maria.osuna@360energy.solar","good","ok","no","no"
"maria@kualitaconsultores.com","risky","catch_all","no","no"
"mariaelena@deltoroentertainment.com","good","ok","no","no"
"mariano.gier@keymarket.com.ar","good","ok","no","no"
"marie@centralprint.org","good","ok","no","no"
"marie@drivenasa.com","good","ok","no","no"
"marie@uvdmc.com","bad","invalid","no","no"
"marina.garcia@legacyhhc.com","good","ok","no","no"
"marisa@doemedia.com","bad","invalid","no","no"
"marissa@wearebpr.com","good","ok","no","no"
"mark.allen@synergo.group","good","ok","no","no"
"mark.braceysherman@chomps.com","good","ok","no","no"
"mark.downing@akunacapital.com","good","ok","no","no"
"mark.ivey@summit.com","risky","catch_all","no","no"
"mark.martinez@boreaconstruction.com","good","ok","no","no"
"mark.mccollom@creteunited.com","good","ok","no","no"
"mark.mcginnis@honeyrockgroup.com","good","ok","no","no"
"mark.reardon@smc2.com","good","ok","no","no"
"mark.weir@paligentech.com","good","ok","no","no"
"mark@uprisecannabis.com","good","ok","no","no"
"mark_pedersen@trendmicro.com","risky","unknown","no","no"
"markh@whiteconst.com","good","ok","no","no"
"maroof.rauf@grainmillers.com","good","ok","no","no"
"marshall@krollc.com","good","ok","no","no"
"marti.sivesind@abelsontaylor.com","good","ok","no","no"
"martyn.patterson@handledcommercial.com","good","ok","no","no"
"mary.acuna@rishi-tea.com","good","ok","no","no"
"mary.drew@kerry.com","good","ok","no","no"
"mary.simon@ihg.com","good","ok","no","no"
"mary@3030investors.com","good","ok","no","no"
"mary@ccmsclaims.com","good","ok","no","no"
"maryf@azira.com","good","ok","no","no"
"maryg@alafarm.com","good","ok","no","no"
"marygrace.brown@brundagemgt.com","good","ok","no","no"
"maryk@kirschtrans.com","good","ok","no","no"
"marykate.piotrowski@aubergeresorts.com","good","ok","no","no"
"mastoul@zanniello.com.ar","good","ok","no","no"
"matias@ecohotelargentina.com","risky","catch_all","no","no"
"matriceria@tecnoerosion.com.ar","bad","invalid","no","no"
"matt.bare@timberwolves.com","good","ok","no","no"
"matt.davidson@apexsubsea.com","good","ok","no","no"
"matt.hendren@carbonbetter.com","good","ok","no","no"
"matt.humbert@brixmor.com","good","ok","no","no"
"matt.ides@testgauge.net","good","ok","no","no"
"matt.linenberger@texashelps.com","good","ok","no","no"
"matt.maggio@revolutiongear.com","good","ok","no","no"
"matt.skarohlid@homelocalservices.com","good","ok","no","no"
"matt.woolf@infiniteroar.com","good","ok","no","no"
"matt@biofluidica.com","good","ok","no","no"
"matt@everywine.co","good","ok","no","no"
"matt@novumrecords.com","good","ok","no","no"
"matt@ricoretailmedia.com","risky","catch_all","no","no"
"mattb@whiteconst.com","good","ok","no","no"
"matthew.bick@streamcompanies.com","good","ok","no","no"
"matthew.hutchison@upperlinehealth.com","good","ok","no","no"
"matthew.smith@americanvein.com","bad","invalid","no","no"
"mauler@skysandsfootwear.com","good","ok","no","no"
"maura.obrien@bleacherreport.com","bad","invalid","no","no"
"maureen@triplewhale.com","good","ok","no","no"
"mauricio.ortiz@txse.com","good","ok","no","no"
"mauro.guarino@gri.com.es","good","ok","no","no"
"mavila@fronterahn.org","good","ok","no","no"
"max.mueller@vantrustre.com","good","ok","no","no"
"max@mgotz.com","good","ok","no","no"
"may.barton@valenzgroup.com","good","ok","no","no"
"maya.sheth@obagi.com","good","ok","no","no"
"maya.storry@pearlhealth.com","good","ok","no","no"
"mayradavila@zeigler.com","bad","invalid","no","no"
"mbaechler@burnettitle.com","risky","catch_all","no","no"
"mbayer@muensterhospital.com","good","ok","no","no"
"mbayless@prove.com","risky","catch_all","no","no"
"mbeisner@auburnpharmacies.com","bad","invalid","no","no"
"mbhatia@bigtime.net","good","ok","no","no"
"mbingenheimer@rampart-safety.com","good","ok","no","no"
"mblumer@itopia.com","good","ok","no","no"
"mbongiovanni@armsolutions.com","good","ok","no","no"
"mboyd@americanfirstfinance.com","good","ok","no","no"
"mboyer@srcautomotive.com","good","ok","no","no"
"mbrinker@brinkmannconstructors.com","good","ok","no","no"
"mbrody@egmgmt.com","good","ok","no","no"
"mbrotz@lecavl.com","good","ok","no","no"
"mburden@chranefs.com","good","ok","no","no"
"mburns@bwintegratedsystems.com","bad","invalid","no","no"
"mcallen@alliedsports.com","good","ok","no","no"
"mcarlos@twoxfour.com","good","ok","no","no"
"mcarlson@evs-eng.com","good","ok","no","no"
"mcatausan@communitywellness.com","good","ok","no","no"
"mceja@gocitywide.com","good","ok","no","no"
"mchenry@illinois.edu","good","ok","no","no"
"mchike@southernfolger.com","good","ok","no","no"
"mconder@mmgyglobal.com","good","ok","no","no"
"mcortes@connecture.com","good","ok","no","no"
"md@bespokenspirits.com","good","ok","no","yes"
"mdahn@mas-hvac.com","good","ok","no","no"
"mdement@k2gc.com","good","ok","no","no"
"mdescisciolo@renutech.com","good","ok","no","no"
"mdetjen@elevation-foods.com","good","ok","no","no"
"mdomingue@fwwalton.com","good","ok","no","no"
"mdsiems@lrhc.org","good","ok","no","no"
"mdudek@thirdcoastca.com","good","ok","no","no"
"mduhe@repdata.com","good","ok","no","no"
"mdyrc@iatcoinc.com","good","ok","no","no"
"meagan.bain@atsolutions-inc.com","good","ok","no","no"
"mearly@omni-view.com","good","ok","no","no"
"meeka.page@greenbriarholdings.com","risky","catch_all","no","no"
"meg.belew@structsureprojects.com","risky","unknown","no","no"
"meg.zapata@packedparty.com","risky","catch_all","no","no"
"meg@maccontainer.com","good","ok","no","no"
"megan.harris@barchart.com","good","ok","no","no"
"megan.kannenberg@gosquaredaway.com","good","ok","no","no"
"megan.mctaggart@epikafleet.com","risky","catch_all","no","no"
"megan.susdorf@designair.com","good","ok","no","no"
"megan.thornell@accountix.co","good","ok","no","no"
"megan@c4labels.com","risky","unknown","no","no"
"megan@ddprestaurantgroup.com","good","ok","no","no"
"megan@missionhoa.com","good","ok","no","no"
"megan@pivotdesign.com","good","ok","no","no"
"megan@qclothier.com","good","ok","no","no"
"megan@squint.ai","good","ok","no","no"
"meganz@hmrdesigns.com","good","ok","no","no"
"meggleton@raiderexpress.com","good","ok","no","no"
"meghan@abundantventurepartners.com","good","ok","no","no"
"meghan@moonlabproductions.com","good","ok","no","no"
"meigan@boomrealestategroup.com","good","ok","no","no"
"mel@legacyfuneralgroup.com","good","ok","no","no"
"melanie.camsen@grupohuentala.com.ar","good","ok","no","no"
"melanie.friudenberg@arkhospitality.com","good","ok","no","no"
"melanie.osterhaus@quantaisg.com","good","ok","no","no"
"meldien@dellwoodgardens.com","good","ok","no","no"
"melissa.brinson@brightnightpower.com","good","ok","no","no"
"melissa.h@halomd.com","good","ok","no","no"
"melissa.lee@3-gis.com","good","ok","no","no"
"melissa.mangan@netnation.com","good","ok","no","no"
"melissa.massey-cormier@ecobat.com","good","ok","no","no"
"melissa.ralph@eleanorhealth.com","good","ok","no","no"
"melissa.russo@synapsehealth.com","good","ok","no","no"
"mendy.clark@inconnectedmarketing.com","good","ok","no","no"
"meredith.freeland@useglass.com","good","ok","no","no"
"meredith.hendricks@entegritypartners.com","good","ok","no","no"
"mfallon@hillcountryschool.net","good","ok","no","no"
"mfilippini@insiterealestate.com","good","ok","no","no"
"mflint@stellarindustries.com","good","ok","no","no"
"mgcosta@connecteam.com.ar","good","ok","no","no"
"mgerhardt@countryplaceseniorliving.net","good","ok","no","no"
"mgibbons@hpitx.com","good","ok","no","no"
"mgordon@compassdatacenters.com","good","ok","no","no"
"mgrant@dallasstars.com","good","ok","no","no"
"mhaas@p2solutions.net","bad","invalid","no","no"
"mhaley@boldorange.com","good","ok","no","no"
"mhall@benfordcapital.com","good","ok","no","no"
"mhanna@newmedical.com","good","ok","no","no"
"mharding@myhomepath.com","good","ok","no","no"
"mhardy@kingsiii.com","good","ok","no","no"
"mhays@northparkcntr.com","good","ok","no","no"
"mhelgren@cypressengine.com","good","ok","no","no"
"mhernandez@banortesecurities.com","good","ok","no","no"
"mheuser@vec.com.ar","risky","catch_all","no","no"
"mhirsch@martincalibration.com","risky","catch_all","no","no"
"mhughes@oncologyconsultants.com","good","ok","no","no"
"mhull@stabilis-solutions.com","good","ok","no","no"
"mibarra@rycorecommercial.com","good","ok","no","no"
"michael.abreu@emed.com","good","ok","no","no"
"michael.adams@beyond-wm.com","good","ok","no","no"
"michael.alarcon@patenergy.com","good","ok","no","no"
"michael.best@cubic.com","good","ok","no","no"
"michael.chinn@ratpdev.com","good","ok","no","no"
"michael.davis@clubfitness.us","good","ok","no","no"
"michael.decore@elwood.com","good","ok","no","no"
"michael.eagon@lumicera.com","good","ok","no","no"
"michael.fenwick@bodybyvi.com","risky","unknown","no","no"
"michael.heyer@rxsource.com","good","ok","no","no"
"michael.keith@parkercornea.com","risky","catch_all","no","no"
"michael.kilian@zonarsystems.com","risky","catch_all","no","no"
"michael.mayo@midstreamtransport.com","good","ok","no","no"
"michael.naumowicz@haulerhub.com","risky","catch_all","no","no"
"michael.parrish@emsaonline.com","risky","unknown","no","no"
"michael.pittman@vantagepnt.com","good","ok","no","no"
"michael.schmitt@peakgenetics.com","good","ok","no","no"
"michael.stiglitz@verusaerospace.com","good","ok","no","no"
"michael@fmirecycling.com","good","ok","no","no"
"michael@imdigital.com","good","ok","no","no"
"michael@localandqualified.com","good","ok","no","no"
"michael@manhattanproject.beer","good","ok","no","no"
"michael@sperityhealth.com","good","ok","no","no"
"michael@valleeoil.com","good","ok","no","no"
"michaelbowman@cfsbrands.com","risky","catch_all","no","no"
"michaelq@hcprosthetics.com","good","ok","no","no"
"michaelt@gamweb.com","good","ok","no","no"
"michele.deschamps@r3healing.com","good","ok","no","no"
"michelle.howarton@thetexanstores.com","good","ok","no","no"
"michelle.kocur@optum.com","good","ok","no","no"
"michelle.markow@mix-talent.com","good","ok","no","no"
"michelle.mccullough@mityinc.com","good","ok","no","no"
"michelle.meissner@drdacpa.com","good","ok","no","no"
"michelle.pelletier@promptlycheckin.com","good","ok","no","no"
"michelle.petersen@nm.com","good","ok","no","no"
"michelle.sotak@zoll.com","good","ok","no","no"
"michelle@3bfilters.com","good","ok","no","no"
"michelle@innerbeautycenter.org","good","ok","no","no"
"mike.adelizzi@countrysideindustries.com","good","ok","no","no"
"mike.apperson@zonarsystems.com","risky","catch_all","no","no"
"mike.barry@domino-na.com","good","ok","no","no"
"mike.dimiele@vividseats.com","good","ok","no","no"
"mike.fine@helleragency.com","good","ok","no","no"
"mike.hiteshew@brandwidth.com","good","ok","no","no"
"mike.jones@elitedna.com","good","ok","no","no"
"mike.lavalle@auroraparts.com","good","ok","no","no"
"mike.liebelt@scmid.com","good","ok","no","no"
"mike.malekyar@aligneddc.com","good","ok","no","no"
"mike.stephenson@lumapm.com","good","ok","no","no"
"mike.wolfskill@jamesindustries.com","good","ok","no","no"
"mike@pirossigns.com","good","ok","no","no"
"mike@rgfoods.net","good","ok","no","no"
"mike@taylor-pr.com","bad","invalid","no","no"
"mikeg@mycon.com","risky","catch_all","no","no"
"mikem@technoglobalteam.com","good","ok","no","no"
"mikemikrut@supply4gi.com","bad","invalid","no","no"
"mildred@fiagency.com","good","ok","no","no"
"mim@hightoweradvisors.com","good","ok","no","no"
"mimi@innovami.com","good","ok","no","no"
"miovinelli@buona.com","good","ok","no","no"
"miranda@craft-rite.com","risky","catch_all","no","no"
"mirza@edendata.com","good","ok","no","no"
"missyfrette@acrobatant.com","good","ok","no","no"
"misty.rinnert@kentww.com","good","ok","no","no"
"mistys@aeries.com","good","ok","no","no"
"mitch@epogee.com","good","ok","no","no"
"mitchell.pappas@gocarwash.com","good","ok","no","no"
"mj@connecticutconnection.com","risky","catch_all","no","no"
"mj@freereincoffee.com","good","ok","no","no"
"mjaco@storage-solutions.com","good","ok","no","no"
"mjacobs@americanlaboratories.com","good","ok","no","no"
"mjavaid@thedecibel.io","good","ok","no","no"
"mjohnson@breezypointresort.com","good","ok","no","no"
"mjohnson@cendatsys.com","good","ok","no","no"
"mjohnson@mstank.com","good","ok","no","no"
"mjones@chickennpickle.com","good","ok","no","no"
"mjones@gpbanktx.net","good","ok","no","no"
"mjones@industrialtimber.com","good","ok","no","no"
"mjoslyn@whlr.us","good","ok","no","no"
"mjw@ppbadvisors.com","good","ok","no","no"
"mkarkowsky@wrcrei.com","good","ok","no","no"
"mkatcher@terraytx.com","good","ok","no","no"
"mkelly@flotekind.com","good","ok","no","no"
"mkelly@wciu.com","good","ok","no","no"
"mkimball@delvalflow.com","good","ok","no","no"
"mking@americanailogistics.com","good","ok","no","no"
"mknouse@veridianservicepartners.com","good","ok","no","no"
"mkoba@pinnacleresearch.com","good","ok","no","no"
"mkrampe@hydro-klean.com","bad","invalid","no","no"
"mkriesch@oneidanation.org","good","ok","no","no"
"mkristoff@centegix.com","good","ok","no","no"
"mla@prconsultora.com.ar","good","ok","no","no"
"mlaatsch@erdman.com","good","ok","no","no"
"mlagesse@paxonei.com","good","ok","no","no"
"mlarson@revenew.com","good","ok","no","no"
"mlawrence@baker-mfg.com","good","ok","no","no"
"mleblanc@rfxsolutions.com","good","ok","no","no"
"mlee@pathnostics.com","good","ok","no","no"
"mlejeune@xstrememd.com","bad","invalid","no","no"
"mlemons@usmoneyreserve.com","good","ok","no","no"
"mleonard@sodalissenior.com","good","ok","no","no"
"mliscow@topco.com","good","ok","no","no"
"mlittlefield@cortado.ventures","good","ok","no","no"
"mlockhart@bealeinfra.com","good","ok","no","no"
"mlockwood@imagetec.com","good","ok","no","no"
"mlousteau@bitfarms.com","good","ok","no","no"
"mluna@echolocum.com","good","ok","no","no"
"mmaier@dsbtech.com","good","ok","no","no"
"mmarinangeli@tesacom.net","good","ok","no","no"
"mmarinovich@gillonpropertygroup.com","good","ok","no","no"
"mmarshall@aegis-hedging.com","good","ok","no","no"
"mmattoso@meritadvisors.com","good","ok","no","no"
"mmcclure@walkerdunlop.com","risky","unknown","no","no"
"mmccrary@monroecap.com","good","ok","no","no"
"mmcdaniel@ideagrove.com","good","ok","no","no"
"mmcgrath@gohappyhub.com","good","ok","no","no"
"mmcintyre@titanliner.com","good","ok","no","no"
"mmilton@argentfinancial.com","good","ok","no","no"
"mmott@zello.com","good","ok","no","no"
"mnamavari@movableink.com","good","ok","no","no"
"mnatelborg@dutchfarms.com","good","ok","no","no"
"mnauertz@brillect.com","good","ok","no","no"
"mnicholson@homewardhealth.com","good","ok","no","no"
"mnickel@newcastleinvestors.com","good","ok","no","no"
"mniederhauser@aspire-stl.com","good","ok","no","no"
"mnyman@stoagroup.com","good","ok","no","no"
"mogunbiyi@fusion-ae.com","good","ok","no","no"
"mohammad.hatahet@thinkinc.io","good","ok","no","no"
"mohammed.zain@buspatrol.com","good","ok","no","no"
"mohit@brightnightpower.com","good","ok","no","no"
"mollie.dean@renewhome.com","good","ok","no","no"
"molly.mcmahon@lifelenz.com","good","ok","no","no"
"molly.monahan@cappfinity.com","good","ok","no","no"
"molly@bridgeviewit.com","good","ok","no","no"
"molly@libsyn.com","good","ok","no","no"
"molly@stockyardsland.com","good","ok","no","no"
"monica.fonseca@electivestaffing.com","good","ok","no","no"
"monica@achievepediatrics.com","good","ok","no","no"
"monie@fieldguide.io","good","ok","no","no"
"montel@vernoncompany.com","bad","invalid","no","no"
"monty.wilson@cpsinc.com","bad","invalid","no","no"
"moodyradio@moodycommunications.org","good","ok","no","no"
"morgan.talbot@tcboiler.com","good","ok","no","no"
"morgan.turney@truecaptive.com","good","ok","no","no"
"morgan@brookdalefarms.com","good","ok","no","no"
"morgan@evolvescholastic.com","good","ok","no","no"
"morgana@centuryss.com","good","ok","no","no"
"morlando@texmix.com","good","ok","no","no"
"mpace@gunnauto.com","good","ok","no","no"
"mpadgett@centralnational.com","good","ok","no","no"
"mparman@getrawnutrition.com","good","ok","no","no"
"mpavelchik@imagetrend.com","good","ok","no","no"
"mperkaus@advancedplastic.com","good","ok","no","no"
"mperpichjaps@empirehotelsgroup.com","bad","invalid","no","no"
"mpiersante@mygenesis1.com","good","ok","no","no"
"mpietsch@idealbuilders.com","good","ok","no","no"
"mreckmeyer@boydjones.biz","good","ok","no","no"
"mrichard@teachtown.com","good","ok","no","no"
"mrincon@seytec.com","good","ok","no","no"
"mristich@printsourceusa.com","good","ok","no","no"
"mroussel@arborfamilyhealth.org","good","ok","no","no"
"mrowen@goodwaygroup.com","good","ok","no","no"
"ms.crawford@kimesranch.com","good","ok","no","no"
"msalinas@lakeflato.com","good","ok","no","no"
"mschaff@metairiecc.org","good","ok","no","no"
"mschwemm@eppahealth.com","good","ok","no","no"
"mscorpio@dbcingredients.com","good","ok","no","no"
"msefer@sentinelmidstream.com","good","ok","no","no"
"mseguin@redbridgedta.com","good","ok","no","no"
"mserig@apollo-insurance.com","good","ok","no","no"
"mshertzer@mdbarrows.com","risky","unknown","no","no"
"msiddiqui@bellaterralombard.com","good","ok","no","no"
"msmith@hayesmechanical.com","good","ok","no","no"
"msmith@kochcomm.com","good","ok","no","no"
"msoledad.perez@cresehr.com","good","ok","no","no"
"mspencer@medtechsolutions.com","good","ok","no","no"
"msrikanth@anteristech.com","good","ok","no","no"
"mstafford@princecorp.com","good","ok","no","no"
"mstarr@cerio.biz","good","ok","no","no"
"mstilwell@soartress.com","good","ok","no","no"
"msuedbeck@tadedicated.com","good","ok","no","no"
"mswearinger@cwsapartments.com","bad","invalid","no","no"
"msweeney@lifecareadvocatesllc.com","good","ok","no","no"
"mtackett@mpg-plc.com","good","ok","no","no"
"mtarmichael@genumark.com","good","ok","no","no"
"mthompson@mmgmgt.com","good","ok","no","no"
"mucio.ahumada@14ip.com","good","ok","no","no"
"mullua@blackservicessrl.com.ar","risky","catch_all","no","no"
"muneeb.butt@solarinformatics.com","good","ok","no","no"
"mvardaro@valorep.com","good","ok","no","no"
"mvenhousen@gocgo.com","good","ok","no","no"
"mvivaralcalde@bridgeindustrial.com","good","ok","no","no"
"mvogel@mcleodlogistics.com","good","ok","no","no"
"mvoss@westin-homes.com","good","ok","no","no"
"mwang@tursso.com","bad","invalid","no","no"
"mwhiting@gocitywide.com","good","ok","no","no"
"mwielopolski@duckduckgo.com","good","ok","no","no"
"mwilliams@marsenergygroup.com","good","ok","no","no"
"mwilliams@morganmurphymedia.com","good","ok","no","no"
"mwilson@beusaenergy.com","bad","invalid","no","no"
"mwinnig@haworthmedia.com","good","ok","no","no"
"myan@westwoodgroup.com","good","ok","no","no"
"myates@markanthony.com","good","ok","no","no"
"myoung@vsapartners.com","good","ok","no","no"
"mzambetti@revolutiondance.com","good","ok","no","no"
"n.brioso@visasolutionshc.com","good","ok","no","no"
"n.naqvi@cranegroupllc.net","good","ok","no","no"
"nadeem.latheef@exusia.com","risky","catch_all","no","no"
"nag@xsignon.com","good","ok","no","no"
"nalbracht@fisyn.com","risky","catch_all","no","no"
"nan.zhang@stdbev.com","good","ok","no","no"
"nancy@iebglobal.com.ar","good","ok","no","no"
"nancyl@koredehouse.com","risky","catch_all","no","no"
"natalie.pace@obpagency.com","good","ok","no","no"
"natalie@designatwork.com","good","ok","no","no"
"natalie@digife.com","good","ok","no","no"
"natalie@infiniteequity.com","good","ok","no","no"
"natasha@nextlevelaction.com","bad","invalid","no","no"
"nate@altatech.io","good","ok","no","no"
"nate@candyroot.com","good","ok","no","no"
"nate@dantoncs.com","good","ok","no","no"
"nate@gomolldesign.com","risky","catch_all","no","no"
"natek@elandelectric.com","bad","invalid","no","no"
"nathan.berg@castlelake.com","good","ok","no","no"
"nathan.ely@avionte.com","good","ok","no","no"
"nathan.whitley@fabarc.com","bad","invalid","no","no"
"nathan.witkowski@riscpoint.com","good","ok","no","no"
"naveen.srikakulam@mfin.com","good","ok","no","no"
"naveen@rapidtechconsulting.com","good","ok","no","no"
"nberger@premierdentistpartners.com","good","ok","no","no"
"nbledsoe@ronco-construction.com","good","ok","no","no"
"nbosch@integratedmedsys.com","good","ok","no","no"
"nboswell@petro-ledger.com","good","ok","no","no"
"nbrennecke@pdmprecast.com","good","ok","no","no"
"nbritto@soundthinking.com","good","ok","no","no"
"nbullock@linkmfg.com","bad","invalid","no","no"
"nbunce@integralhospitality.com","risky","unknown","no","no"
"nchapman@se-texas.com","good","ok","no","no"
"ncompogiannis@evergreenresi.com","good","ok","no","no"
"ncrafton@prepsecurity.com","good","ok","no","no"
"ncusick@khm.agency","good","ok","no","no"
"ndean@rpic.com","good","ok","no","no"
"ndowd@braeburnrx.com","good","ok","no","no"
"neil.brooks@prideone.com","good","ok","no","no"
"nelson@regenedgesummit.com","good","ok","no","no"
"nescobar@sprucepower.com","good","ok","no","no"
"nestor.dovalina@teamhousing.com","good","ok","no","no"
"nettieh@franklin-madison.com","good","ok","no","no"
"nfrankel@symetriarecovery.com","good","ok","no","no"
"ngatlin@clovercre.com","good","ok","no","no"
"nguidish@jsd117.org","good","ok","no","no"
"nhahn@totalwarrantyservices.com","good","ok","no","no"
"niall.mcauley@fms-corp.com","good","ok","no","no"
"nichbelles@militarymillionaireteam.com","good","ok","no","no"
"nicholas.lamar@assetguardproducts.com","good","ok","no","no"
"nichole.culak@kirksey.com","good","ok","no","no"
"nick.celli@howdencma.com","bad","invalid","no","no"
"nick.dyshaw@butterflymx.com","good","ok","no","no"
"nick.hedberg@buzzfeed.com","good","ok","no","no"
"nick.herrick@chrsolutions.com","risky","unknown","no","no"
"nick.tangborn@rockbot.com","good","ok","no","no"
"nick.warren@drdacpa.com","good","ok","no","no"
"nick.williams@harvestmidstream.com","good","ok","no","no"
"nick@jirohealth.com","good","ok","no","no"
"nick@strangemusicinc.com","good","ok","no","no"
"nick@zalta.co","good","ok","no","no"
"nicklindgren@useflai.com","good","ok","no","no"
"nickv@fitnessventuresllc.com","good","ok","no","no"
"nicola.berlucchi@doings.de","bad","invalid","no","no"
"nicole@avionh.com","good","ok","no","no"
"nicoleb@chadnic.com","good","ok","no","no"
"nicoleconner@kennedyjenks.com","good","ok","no","no"
"nidhi.khanna@rockwool.com","good","ok","no","no"
"nikhil.gupta@pilotwater.com","good","ok","no","no"
"nikki.walters@furnishedfinder.com","good","ok","no","no"
"niko.faerber@burryfoods.com","good","ok","no","no"
"ninan@sipiar.com","good","ok","no","no"
"niraj.rami@persado.com","good","ok","no","no"
"nitesh.bajaj@schrodersgreencoat.com","risky","catch_all","no","no"
"nitika.rohilla@mydrdental.com","bad","invalid","no","no"
"njohnson@bronzevalley.com","good","ok","no","no"
"njohnson@caryproducts.com","good","ok","no","no"
"nkaderli@databahn.ai","good","ok","no","no"
"nkennish@mylocalinfusion.com","good","ok","no","no"
"nkorody@capitalprintingco.com","good","ok","no","no"
"nlandry@tonychachere.com","good","ok","no","no"
"nlenchner@westlakemedical.com","good","ok","no","no"
"nmartin@naterra.com","good","ok","no","no"
"nmoreno@denversummitfc.com","risky","catch_all","no","no"
"nnwogbe@titerminals.com","good","ok","no","no"
"noah.hadro@otthydromet.com","good","ok","no","no"
"noe@teleprocommunications.com","good","ok","no","no"
"noel@vistasenior.com","good","ok","no","no"
"noelia@rustikas.com","good","ok","no","no"
"noeliamarsico@ful-mar.net","good","ok","no","no"
"nofferman@berglundco.com","good","ok","no","no"
"nolan.gilley@quantaservices.com","good","ok","no","no"
"nolan.srader@yubico.com","good","ok","no","no"
"nolan@symbolic.studio","good","ok","no","no"
"nora.platt@jackson.com","good","ok","no","no"
"npatel@dsn.net","good","ok","no","no"
"npickus@cavancompanies.com","good","ok","no","no"
"nprokash@grawi.com","good","ok","no","no"
"nquintero@sercohq.com","good","ok","no","no"
"nramachandran@nipr.com","good","ok","no","no"
"nriccobono@temperform.com","good","ok","no","no"
"nroudybush@schcmed.com","good","ok","no","no"
"nseaworth@lvcollective.com","good","ok","no","no"
"nsieracki@xerispharma.com","good","ok","no","no"
"nsingh@xentria.com","good","ok","no","no"
"nstechschulte@verisinsights.com","good","ok","no","no"
"nvanhise@midcusa.com","good","ok","no","no"
"nvarmstrong@sunsetplayhouse.com","good","ok","no","no"
"nwelden@bhmlegion.com","good","ok","no","no"
"o.andoni@crystalaos.com","bad","invalid","no","no"
"oakarramou@hulsinghotels.com","good","ok","no","no"
"oausmus@medinc.org","bad","invalid","no","no"
"obanks@theplaceforaba.com","good","ok","no","no"
"oleh.hretskyi@introl.com","good","ok","no","no"
"olga@scalvy.com","good","ok","no","no"
"oliver.deboer@allredi-us.com","good","ok","no","no"
"olivia.mcmorris@bryce.mh.alabama.gov","good","ok","no","no"
"omar.anwar@mymedzed.com","good","ok","no","no"
"omunoz@erling.com","good","ok","no","no"
"oneisha@gatorworks.net","good","ok","no","no"
"onissim@kerix.com","good","ok","no","no"
"ooyewo@udallas.edu","good","ok","no","no"
"orothmann@chicagofirefc.com","good","ok","no","no"
"oscar.ramirez@txpumps.com","good","ok","no","no"
"osmanym@alveotechnologies.com","good","ok","no","no"
"owenslater@ghpgroupinc.com","good","ok","no","no"
"p.gutkowski@ledgeloungers.com","good","ok","no","no"
"pablo.martinezroca@d-mice.com","good","ok","no","no"
"pablo@cadenazzi.com.ar","risky","catch_all","no","no"
"pablo@lambdaclass.com","risky","catch_all","no","no"
"paige.connaughton@tacton.com","good","ok","no","no"
"paladinos@ainfosec.com","good","ok","no","no"
"pam.devitt@fluidrunning.com","good","ok","no","no"
"pamelas@essensedesigns.com","good","ok","no","no"
"pang@pi-cardia.net","good","ok","no","no"
"parag.sharma@prescryptive.com","good","ok","no","no"
"parimal.puranik@protegrity.com","good","ok","no","no"
"pasquale@marconi-foods.com","good","ok","no","no"
"pat.izzo@tetratech.com","good","ok","no","no"
"pat_edwards@momentis.com","bad","invalid","no","no"
"patricia.monteiro@uzin-utz.com","good","ok","no","no"
"patrick.condron@pcmicorp.com","good","ok","no","no"
"patrick.huskins@pacificmobile.com","good","ok","no","no"
"patrick.joseph@digitalcomtech.com","risky","catch_all","no","no"
"patrick.paige1@mrcooper.com","good","ok","no","no"
"patrick@molinebearing.com","risky","catch_all","no","no"
"patrickl@madsewer.org","good","ok","no","no"
"paul.bitner@sekura.mx","good","ok","no","no"
"paul.bristow@hyatt.com","risky","unknown","no","no"
"paul.hughes@pakenergy.com","good","ok","no","no"
"paul.kusilek@lejeunesteel.us","good","ok","no","no"
"paul.lake@tekmos.com","bad","invalid","no","no"
"paul.m@buysellads.com","good","ok","no","no"
"paul.paige@naturpak.com","good","ok","no","no"
"paul.silverman@sothebysrealty.com","good","ok","no","no"
"paul.steinbrecher@alacriti.com","good","ok","no","no"
"paul@clarygroupllc.com","risky","unknown","no","no"
"paul@dfhduluth.com","good","ok","no","no"
"paul@gist.ai","good","ok","no","no"
"paul@idearanch.com","good","ok","no","no"
"paul@safran-dsi.com","good","ok","no","no"
"payal@atxtaxadvisors.com","good","ok","no","no"
"pboyle@impactrecovery.com","good","ok","no","no"
"pburgess@leemechanical.com","risky","unknown","no","no"
"pcolatarci@ecosistemasglobal.com","good","ok","no","no"
"pcooper@seacubecoldsolutions.com","good","ok","no","no"
"pdanaher@alohahospitality.com","risky","catch_all","no","no"
"pdiaz@sportcars.com.ar","risky","catch_all","no","no"
"pduckett@vortexoptics.com","good","ok","no","no"
"pdurbin@habitathealth.com","good","ok","no","no"
"pedro@martha.com.ar","good","ok","no","no"
"pelbow@hennepinpartners.com","good","ok","no","no"
"pesotto@laboraloeste.com","good","ok","no","no"
"pete.eicher@wesconcontrols.com","good","ok","no","no"
"pete.iacovazzi@dng.com","good","ok","no","no"
"pete.urban@natus.com","good","ok","no","no"
"peter@adamsautomotivehouston.com","good","ok","no","no"
"peter@bastion-events.com","risky","catch_all","no","no"
"pgee@willowbendhealthandwellness.com","good","ok","no","no"
"pheiss@dmpcc.org","bad","invalid","no","no"
"phil.davies@gsdm.com","good","ok","no","no"
"phil@voicepatrol.dev","risky","catch_all","no","no"
"philip.b@gethairmd.com","good","ok","no","no"
"phillipsmarianna@galleriawoodsseniorliving.com","good","ok","no","no"
"phogan@fourwindsmanor.com","good","ok","no","no"
"pierrk@dept56.com","good","ok","no","no"
"pieter.keersmaekers@amoobi.com","good","ok","no","no"
"piper.edie@kineuphorics.com","good","ok","no","no"
"pjecker@regscale.com","good","ok","no","no"
"pjenks@corleyauto.com","good","ok","no","no"
"pjwilliams@graymattersystems.com","good","ok","no","no"
"pkeck@gsdsol.com","good","ok","no","no"
"pkeese@concept-connections.com","good","ok","no","no"
"pkoya@ruggedmonitoring.com","good","ok","no","no"
"pkrenzer@smlexus.com","good","ok","no","no"
"planasa@pacelineequity.com","good","ok","no","no"
"plandes@phdinc.com","good","ok","no","no"
"ploughlin@trispharma.com","good","ok","no","no"
"pmadeley@enerconpower.com","good","ok","no","no"
"pmanuel@citadelcompletions.com","good","ok","no","no"
"pmaschi@consisnetar.com","good","ok","no","no"
"pmathews@millerenv.com","good","ok","no","no"
"pmitchell@marblecapitallp.com","good","ok","no","no"
"pmunro@gagroup.com","good","ok","no","no"
"pnance@trinsicres.com","good","ok","no","no"
"pnielsen@beusaenergy.com","good","ok","no","no"
"polly@blountcapital.com","good","ok","no","no"
"pparma@serviciosarm.com.ar","risky","catch_all","no","no"
"ppelegrin@cz-ingenieria.com.ar","risky","catch_all","no","no"
"pranavshingala@copedfw.com","good","ok","no","no"
"pratik.upadhyay@guildsys.com","risky","unknown","no","no"
"prayrana@strivector.com","good","ok","no","no"
"prazak@jonnypops.com","good","ok","no","no"
"predmond@rrbrandfoods.com","good","ok","no","no"
"prestonc@sequeldm.com","good","ok","no","no"
"priscilla@activefoam.com","good","ok","no","no"
"priscilla@powerhouseconstruction.com","bad","invalid","no","no"
"privas@houstonlatinofilm.com","good","ok","no","no"
"prw@luciddx.com","good","ok","no","no"
"psemon@marqueedevelopment.com","good","ok","no","no"
"psmith@drivecentric.com","good","ok","no","no"
"ptalbot@continentalmapping.com","good","ok","no","no"
"ptomich@ssc.edu","bad","invalid","no","no"
"puntacana@apartamentosrd.com.do","risky","catch_all","no","no"
"pwhaley@msitechnology.com","good","ok","no","no"
"pzanella@4dmt.com","good","ok","no","no"
"qmorse@titanmf.com","good","ok","no","no"
"quincy.yarbrough@gomomentus.com","good","ok","no","no"
"r.beacraft@elginsymphony.org","good","ok","no","no"
"r.kerfoot@ecahq.com","good","ok","no","no"
"r.krejci@turf.design","good","ok","no","no"
"r.nunes@totaldirectional.com","good","ok","no","no"
"r.olson@taktg.com","bad","invalid","no","no"
"raashidbrown@chesleybrown.com","good","ok","no","no"
"rachael@insightrestoration.com","good","ok","no","no"
"rachel.debusk@logistixiq.com","good","ok","no","no"
"rachel.dreyer@efrancespaper.com","good","ok","no","no"
"rachel.hahs@biomimicry.net","good","ok","no","no"
"rachel.leffelman@evolus.com","good","ok","no","no"
"rachel.mathews@delegatecx.com","good","ok","no","no"
"rachel@theradriver.com","good","ok","no","no"
"rachela@jacksonstevensglobal.com","good","ok","no","no"
"rachelm@paleovalley.com","good","ok","no","no"
"radeb@dreamgear.com","good","ok","no","no"
"raelyn.elliott@autumncoveseniorliving.com","good","ok","no","no"
"raheg@kvoe.com","risky","unknown","no","no"
"rahul.marupaka@cardinalpath.com","good","ok","no","no"
"raj@procertus.ai","good","ok","no","no"
"rajiv@futuretodayinc.com","good","ok","no","no"
"raju.barrack@trystar.com","good","ok","no","no"
"raju.pasumarthi@hrizons.com","good","ok","no","no"
"ralbeck@37bakery.com","good","ok","no","no"
"ram@rem911.com","risky","catch_all","no","no"
"ramirocason@stopcar.com.ar","good","ok","no","no"
"ramkumar.bommireddipalli@amwell.com","good","ok","no","no"
"ramya.arni@sportthon.com","risky","catch_all","no","no"
"randall.williams@dispatchit.com","good","ok","no","no"
"randy.mullins@str-subsea.com","good","ok","no","no"
"randy.rodgers@panaceafinancial.com","good","ok","no","no"
"randy.yuan@senergy.tw","good","ok","no","no"
"rapisardah@maguirewater.com","good","ok","no","no"
"raquel.alderman@orhc.com","good","ok","no","no"
"raquel@rfconsultora.com.ar","good","ok","no","no"
"rat@bingmancc.com","good","ok","no","no"
"rati.amin@vividseats.com","good","ok","no","no"
"ray.curtis@metronetinc.com","good","ok","no","no"
"ray@communityjournalismproject.com","risky","catch_all","no","no"
"rayb@gocourser.com","good","ok","no","no"
"rayneparslow@altushospice.com","good","ok","no","no"
"rbagnell@ieqcapital.com","good","ok","no","no"
"rbecker@clubready.com","good","ok","no","no"
"rbodwell@bct-corp.com","good","ok","no","no"
"rboomer@creekcountyems.com","good","ok","no","no"
"rbounds@windsorone.com","good","ok","no","no"
"rbrown@militaryproduce.com","bad","invalid","no","no"
"rcraig@abbott-house.org","good","ok","no","no"
"rdavis@cameron-brooks.com","good","ok","no","no"
"rdeatherage@gti.energy","good","ok","no","no"
"reanna.reach@teamsparq.com","good","ok","no","no"
"rebarchekk@kwik-wall.com","good","ok","no","no"
"rebecca.tobler@stormlooptech.com","good","ok","no","no"
"rebekah.wachholz@rebath.com","good","ok","no","no"
"redmonl@bufstudio.co","good","ok","no","no"
"reeanna.jones@lifeworksaustin.org","good","ok","no","no"
"regan.debban@lumelight.com","good","ok","no","no"
"reggie.thomas@danteinc.com","good","ok","no","no"
"regine@sbenergy.com","good","ok","no","no"
"renaewhitlock@xccelerated.net","good","ok","no","no"
"renee.kooken@siteprorentals.com","good","ok","no","no"
"rensaphir@greta.com.ar","good","ok","no","no"
"reuben@spiceservices.com","good","ok","no","no"
"reuer@ewmfg.com","good","ok","no","no"
"rfaermann@nexus-datacenters.com","good","ok","no","no"
"rfelsenthal@cpc-cryolab.com","good","ok","no","no"
"rfoster@brick.work","good","ok","no","no"
"rfowler@idexcorp.com","good","ok","no","no"
"rfrueboes@sequoia-financial.com","good","ok","no","no"
"rfrumkin@summitdb.com","good","ok","no","no"
"rgemuenden@hutchhealth.com","good","ok","no","no"
"rgoforth@nemhs.net","good","ok","no","no"
"rgraham@agentra.com","good","ok","no","no"
"rguyton@bottleworkshotel.com","good","ok","no","no"
"rhammond@pinsonland.com","good","ok","no","no"
"rhavins@bartlettcocke.com","good","ok","no","no"
"rhay@prchaltax.com","good","ok","no","no"
"rheaton@related.com","good","ok","no","no"
"rhedge@waxautoplex.com","good","ok","no","no"
"rhusted@pbtruck.com","risky","catch_all","no","no"
"ricardo.garcia.villegas@onit.com","good","ok","no","no"
"ricardo.harrison@avendra.com","good","ok","no","no"
"ricardo@rev1energy.com","good","ok","no","no"
"rich.nebel@energyre.com","good","ok","no","no"
"rich@nextgenerationconsulting.net","good","ok","no","no"
"richard.reitenbach@cipla.com","good","ok","no","no"
"richard.ross@cunastrategicservices.com","good","ok","no","no"
"richc@eprsys.com","good","ok","no","no"
"rick.laszewski@gocrisp.com","good","ok","no","no"
"rick@leansynergysolutions.com","good","ok","no","no"
"rick@weblinxinc.com","good","ok","no","no"
"rickey@triplerpipeline.com","good","ok","no","no"
"rickyann.ramos@joscoffeetx.com","good","ok","no","no"
"rileykaty@trilliumwoodslcs.com","good","ok","no","no"
"rizwansherif@creditrepaircloud.com","good","ok","no","no"
"rjankowski@vitaehs.com","good","ok","no","no"
"rjohnson@epicwatersgp.com","good","ok","no","no"
"rk@upstandingroofing.com","risky","unknown","no","no"
"rkerr@comeseeclay.com","good","ok","no","no"
"rkillion@hparchitecture.com","good","ok","no","no"
"rknutson@ep2.com","good","ok","no","no"
"rkoziol@atacor.com","good","ok","no","no"
"rkrumsick@mdcassoc.com","good","ok","no","no"
"rlee@stoneent.net","good","ok","no","no"
"rlockett@ttivanguard.com","risky","unknown","no","no"
"rluedke@chortek.com","good","ok","no","no"
"rlux@jankohotels.com","good","ok","no","no"
"rlynch@riparian.com","good","ok","no","no"
"rmaese@growth-homes.com","good","ok","no","no"
"rmcintyre@hptuners.com","good","ok","no","no"
"rmcmichael@geronimopower.com","good","ok","no","no"
"rmeeker@lakesidetrucks.com","bad","invalid","no","no"
"rmessner@beyondmeat.com","risky","catch_all","no","no"
"rmolitor@idexcorp.com","risky","unknown","no","no"
"rmorehouse@falconplastics.com","good","ok","no","no"
"rmurray@teliospc.com","good","ok","no","no"
"rob.echele@kentww.com","good","ok","no","no"
"rob.steward@ohdanishbakery.com","good","ok","no","no"
"rob@cainfinancial.com","good","ok","no","no"
"robbie@cpgrestaurants.com","risky","catch_all","no","no"
"robert.filippis@coresafety.com","good","ok","no","no"
"robert.founds@lloydscuts.com","good","ok","no","no"
"robert.mccall@joinhorizons.com","good","ok","no","no"
"robert.pellegrini@humcapital.com","good","ok","no","no"
"robert@msinstitute.com","good","ok","no","no"
"robert@septkit.com.ar","good","ok","no","no"
"robert@twofishtechnology.com","good","ok","no","no"
"robert_washburn@avanttechnology.com","good","ok","no","no"
"roberta.monte@vrad.com","good","ok","no","no"
"robertc.bailey@rmusa.cemex.com","good","ok","no","no"
"robs@eua.com","good","ok","no","no"
"rochelleh@kindfulhealth.com","good","ok","no","no"
"rodrigo.montenegro@btrconsulting.com","good","ok","no","no"
"rodrigo.pastor@enfragen.com","good","ok","no","no"
"rodrigo.sanchez@thecircuit.com","good","ok","no","no"
"rohit.ekheliker@iquanti.com","good","ok","no","no"
"roitker@ftj.com","good","ok","no","no"
"ron.aultman@phfmservices.com","good","ok","no","no"
"ron.mcclintic@hhstechgroup.com","good","ok","no","no"
"ron.worley@alpine-aviation.net","good","ok","no","no"
"ronak.patel@imubit.com","good","ok","no","no"
"ronen.dzienciolski@intektoys.com","good","ok","no","no"
"rooney@ensemble.vc","good","ok","no","no"
"rorrell@cleanspaceus.com","good","ok","no","no"
"rose@aspduluth.com","good","ok","no","no"
"ross@mystwm.com","good","ok","no","no"
"rosson@hillcresthome.net","good","ok","no","no"
"roxanejolley@acrobatant.com","good","ok","no","no"
"roy.almaguer@lucintel.com","good","ok","no","no"
"roy.wise@hunterhealth.org","good","ok","no","no"
"rpainter@anistar.com","good","ok","no","no"
"rpj@smarttrials.com","good","ok","no","no"
"rpulsa@tevora.com","good","ok","no","no"
"rrocha01@capitolchevy.com","good","ok","no","no"
"rrozner@md-athome.com","good","ok","no","no"
"rrust@drivewfx.com","bad","invalid","no","no"
"rsauser@gocitywide.com","good","ok","no","no"
"rschulz@islandef.com","good","ok","no","no"
"rsiddiqui@xencor.com","good","ok","no","no"
"rskeen@imperativelogistics.com","good","ok","no","no"
"rsletten@ls2group.com","good","ok","no","no"
"rsmith@adaptivewfs.com","good","ok","no","no"
"rsolomon@solarlandscape.com","good","ok","no","no"
"rsperandio@sgvinternational.com","good","ok","no","no"
"rstarnes@rise-residential.com","good","ok","no","no"
"rstenzel@rkon.com","good","ok","no","no"
"rstrok@anchorharvey.com","good","ok","no","no"
"rthissen@refsg.com","good","ok","no","no"
"rtiffin@wehkamp.nl","good","ok","no","no"
"rtischer@ticinsurance.com","good","ok","no","no"
"rtramuto@raptortech.com","good","ok","no","no"
"ruben@rcjcleaningspecialists.com","good","ok","no","no"
"rudy@streamlineplanning.com","good","ok","no","no"
"russell.hajek@cncflowcontrol.com","good","ok","no","no"
"russell.holden@medrina.com","good","ok","no","no"
"russell.weeks@wartsila.com","bad","invalid","no","no"
"russell@servicefusion.com","good","ok","no","no"
"rvettleson@coldspringbrewingco.com","good","ok","no","no"
"rwillmon@alitek.com","good","ok","no","no"
"rwinburn@accumulators.com","good","ok","no","no"
"rwykoff@waltonsignage.com","good","ok","no","no"
"ryan.brunelle@zutek.com","good","ok","no","no"
"ryan.carroll@gsdm.com","good","ok","no","no"
"ryan.crissman@arcisgolf.com","good","ok","no","no"
"ryan.henderson@automationco.com","risky","catch_all","no","no"
"ryan.kleisner@gkitchens.com","good","ok","no","no"
"ryan.lewis@nortek.com","good","ok","no","no"
"ryan.liberty@npdodge.com","good","ok","no","no"
"ryan.locascio@usptmills.com","good","ok","no","no"
"ryan.mcafee@op2labs.com","good","ok","no","no"
"ryan.stanley@bouldencompany.com","good","ok","no","no"
"ryan.wirth@us.kluber.com","good","ok","no","no"
"ryan@cangshancutlery.com","good","ok","no","no"
"ryan@mansahospitality.com","good","ok","no","no"
"ryan@openflowdigital.com","good","ok","no","no"
"ryanb@centralnational.com","good","ok","no","no"
"rzellner@ampirical.com","good","ok","no","no"
"s.gahani@kw.com","good","ok","no","no"
"s.morris@jiffytrip.com","good","ok","no","no"
"s.napier@datapointsurveying.com","good","ok","no","no"
"sabrina.potirala@bgeltd.com","good","ok","no","no"
"sadiq.patel@arcadia.io","good","ok","no","no"
"sagonzales@ppsservicesgroup.com","good","ok","no","no"
"sahmed@pumabiotechnology.com","risky","catch_all","no","no"
"sahmed@villageshalom.org","good","ok","no","no"
"sahra.ali@africansolution.so","risky","catch_all","no","no"
"said.tabrizi@shrgroup.com","good","ok","no","no"
"sakina.nayani@c-macc.com","good","ok","no","no"
"sallen@lakeviewsystem.com","good","ok","no","no"
"sam.theiler@goweytitle.com","good","ok","no","no"
"sam.tone@huntclub.com","good","ok","no","no"
"sam@vennpointre.com","good","ok","no","no"
"samantha.leos@suresteel.com","good","ok","no","no"
"samantha@linvill.com","good","ok","no","no"
"samantha@saiedmusic.com","good","ok","no","no"
"samantha_s@sevenhillsglobal.com","good","ok","no","no"
"samara.penman@recoveryunplugged.com","good","ok","no","no"
"samuel.murphy@bondandvalegroup.com","good","ok","no","no"
"samuel@amplify-now.com","good","ok","no","no"
"sandra.alaniz@nobletx.com","good","ok","no","no"
"sandypakledinaz@infutor.com","good","ok","no","no"
"santi.santiago@brightonagency.com","good","ok","no","no"
"sara.beverage@creoks.org","good","ok","no","no"
"sara.phillips@lhbcorp.com","good","ok","no","no"
"sara.rezaee@theviswagroup.com","good","ok","no","no"
"sara@anchorwellmhs.com","good","ok","no","no"
"sara@texaslegendfoods.com","good","ok","no","no"
"sarah.bennett@ateautomotive.com","good","ok","no","no"
"sarah.bergmeyer@frontierdirectcare.com","good","ok","no","no"
"sarah.campbell@pride-health.com","good","ok","no","no"
"sarah.clayton@nmsgroup.llc","good","ok","no","no"
"sarah.fleischhacker@tridorian.com","good","ok","no","no"
"sarah.gorey@dsdrenewables.com","good","ok","no","no"
"sarah.jordan@relocationtoday.com","good","ok","no","no"
"sarah.linn@duininck.com","risky","catch_all","no","no"
"sarah.maddox@s-ksecurity.com","good","ok","no","no"
"sarah.mikulich@ascentist.com","good","ok","no","no"
"sarah.pietruszka@imperiumdynamics.com","good","ok","no","no"
"sarah.spotten@cyberbit.com","good","ok","no","no"
"sarah@coatshomes.com","good","ok","no","no"
"sarah@jays-legacy.com","good","ok","no","no"
"sarah@quercusbio.com","good","ok","no","no"
"sarahl@mplsclub.org","bad","invalid","no","no"
"sashford@blne.email","good","ok","no","no"
"savannah@visitbeloit.com","risky","catch_all","no","no"
"sblock@angeleyehealth.com","good","ok","no","no"
"sbloodworth@sklsi.com","good","ok","no","no"
"sblum@worldtravelinc.com","risky","catch_all","no","no"
"sboghossian@petag.com","good","ok","no","no"
"sboswell@corescientific.com","good","ok","no","no"
"sboswell@gordonhighlander.com","good","ok","no","no"
"sbranham@inhometherapy.com","good","ok","no","no"
"sbrown@suki.ai","good","ok","no","no"
"sbudaraju@stonegate-foods.com","good","ok","no","no"
"sburries@idearanch.com","good","ok","no","no"
"sbykowski@forcemed.com","bad","invalid","no","no"
"scallanan@caciquefoods.com","good","ok","no","no"
"scampbell@mindful.health","good","ok","no","no"
"scantum@rdinc.us","good","ok","no","no"
"scao@amiri.com","good","ok","no","no"
"scarlett.delacroix@scarlettsparrotessentials.co.uk","risky","unknown","no","no"
"scarrizales@lrgvdc.org","good","ok","no","no"
"schaulklin@ignitedevelopment.org","risky","catch_all","no","no"
"schiara@sentriforce.com","good","ok","no","no"
"schlatter.lindsay@rrrealty.com","good","ok","no","no"
"school@friendshipacademy.org","good","ok","no","yes"
"schrismer@waai.net","good","ok","no","no"
"scline@biozymeinc.com","good","ok","no","no"
"scoerver@us-energy.com","good","ok","no","no"
"scollie@vanwagner.com","good","ok","no","no"
"scook@wideplankflooring.com","good","ok","no","no"
"scooper@archbridge.com","good","ok","no","no"
"scot.vackar@sync1systems.com","good","ok","no","no"
"scott.casey@ovationhc.com","good","ok","no","no"
"scott.cross@satpon.com","good","ok","no","no"
"scott.hanold@karavantrailers.com","good","ok","no","no"
"scott.hays@aligneddc.com","good","ok","no","no"
"scott.irving@trim-tex.com","good","ok","no","no"
"scott.king-ellison@ubb.com","good","ok","no","no"
"scott.krouch@rorpartners.com","good","ok","no","no"
"scott.nessmith@berger-us.com","good","ok","no","no"
"scott.proietti@learfield.com","good","ok","no","no"
"scott.reeder@virginiatile.com","good","ok","no","no"
"scott.schultz@fabmet.com","good","ok","no","no"
"scott@aefs.us","good","ok","no","no"
"scott@gastechnology.org","good","ok","no","no"
"scottcunningham@fatorgroup.com","good","ok","no","no"
"scottg@valleyexpress.net","good","ok","no","no"
"scotth@aurasos.com","good","ok","no","no"
"scotth@briarwoodcountryclub.com","good","ok","no","no"
"scottohlin@cfsbrands.com","risky","catch_all","no","no"
"scottr@oneblueridge.com","good","ok","no","no"
"screnshaw@mohagenhansen.com","good","ok","no","no"
"sdaniel@korecares.com","good","ok","no","no"
"sdelzell@safetychain.com","good","ok","no","no"
"sdicanio@thinkarcoa.com","risky","catch_all","no","no"
"sdifranco@ardelyx.com","good","ok","no","no"
"sdinardo@connectlifesciences.com","good","ok","no","no"
"sean.nix@extanthealthcare.com","good","ok","no","no"
"sean.park@glozinc.com","good","ok","no","no"
"sean.s@adamson.ai","good","ok","no","no"
"sean.sutter@walaris.com","good","ok","no","no"
"sean.whippo@camelotillinois.com","good","ok","no","no"
"sean@holtstreet.com","good","ok","no","no"
"sebastian.imbern@cooperservices.com","good","ok","no","no"
"sebastian@barbale.com","good","ok","no","no"
"sebastian@vds.com.ar","good","ok","no","no"
"sergio.moncada@dreamscapehosp.com","good","ok","no","no"
"sergio@novarotaseguros.com.br","good","ok","no","no"
"seth.flowers@gocitywide.com","good","ok","no","no"
"seth@wunderfan.com","good","ok","no","no"
"setya.seng@beautyelitegroup.com","risky","catch_all","no","no"
"sfallara@pointbcommunications.com","good","ok","no","no"
"sflannigan@houstonpublicmedia.org","risky","unknown","no","no"
"sfrederick@anxietyinstitute.com","risky","catch_all","no","no"
"sgardner@lincolnshiremcr.com","good","ok","no","no"
"sgillie@stonebridge-cc.org","good","ok","no","no"
"sgrassi@applieddigital.com","good","ok","no","no"
"sguerra@hotelmonteleone.com","good","ok","no","no"
"shackenberg@quadplus.com","good","ok","no","no"
"shakenya@steveharvey.com","good","ok","no","no"
"shakim@patransformer.com","good","ok","no","no"
"shaley@utemountaincasino.com","good","ok","no","no"
"shane.wolden@fosterklima.com","good","ok","no","no"
"shane@authinx.com","good","ok","no","no"
"shane@levelbr.com","good","ok","no","no"
"shane@ready2gotrailers.com","risky","catch_all","no","no"
"shannan@casco-aw.org","good","ok","no","no"
"shannon.kirby@signaturesolar.com","good","ok","no","no"
"shannon.lien@capspire.com","good","ok","no","no"
"shannon@preferredsuccess.com","good","ok","no","no"
"shannons@bethany-home.com","good","ok","no","no"
"shara@sbenergy.com","good","ok","no","no"
"shari.a.oneill@dermpathdiagnostics.com","good","ok","no","no"
"sharon.carver@tsjh.org","bad","invalid","no","no"
"sharris@austinspark.com","good","ok","no","no"
"shawn.lynch@reach.agency","good","ok","no","no"
"shawn.puchakatla@clubfeast.com","good","ok","no","no"
"shawn.washington@kestrafinancial.com","good","ok","no","no"
"shawn@purecleaningomaha.com","good","ok","no","no"
"shayslip@gordonhighlander.com","good","ok","no","no"
"shea.murray@gcrealtyinc.com","good","ok","no","no"
"shelby@buyersellerbuehler.com","good","ok","no","no"
"shelly@projectsolutionsinc.com","good","ok","no","no"
"sherry.thomas@gcm-insurance.com","good","ok","no","no"
"shontielle.pagel@tampico.com","good","ok","no","no"
"shouston@affiniahealthcare.org","good","ok","no","no"
"siddharth.mandal@ats-technic.com","good","ok","no","no"
"sidney.bowers@cambiumnetworks.com","good","ok","no","no"
"sierra@gypseagelato.com","risky","unknown","no","no"
"skarlen@wisc.edu","good","ok","no","no"
"skasper-wallace@salvajor.com","good","ok","no","no"
"skaufman@washcaps.com","good","ok","no","no"
"skhani@dynamictransit.com","good","ok","no","no"
"skim@cortado.ventures","good","ok","no","no"
"skozlica@drivecentric.com","good","ok","no","no"
"skreissler@ycharts.com","good","ok","no","no"
"skrishnan@calvettiferguson.com","good","ok","no","no"
"skumar@quarterhill.com","good","ok","no","no"
"skylar.worthington@lexreception.com","good","ok","no","no"
"slayh@cube3.ai","good","ok","no","no"
"sloven@gordonhighlander.com","good","ok","no","no"
"smaddox@mycontrolroom.com","good","ok","no","no"
"smartin@nexus-datacenters.com","good","ok","no","no"
"smartin@ologie.com","good","ok","no","no"
"smartinez@monigle.com","good","ok","no","no"
"smatejka@frpltd.com","good","ok","no","no"
"smccalley@iantrekmed.com","good","ok","no","no"
"smccreight@webinternational.net","good","ok","no","no"
"smcgushin@arthrex-chicago.com","good","ok","no","no"
"smessenger@astarinc.com","good","ok","no","no"
"smiles@drjenoralcare.com","good","ok","no","no"
"smyers@gis.md","good","ok","no","no"
"snihart@medimobile.com","good","ok","no","no"
"snofziger@peakemedical.com","good","ok","no","no"
"soriano@livcor.com","good","ok","no","no"
"sparsons@caprock-spur.com","risky","unknown","no","no"
"spatel@triteniag.com","good","ok","no","no"
"spathickal@ussoftco.com","bad","invalid","no","no"
"sperkins@imagesupp.com","good","ok","no","no"
"sphillips@omaha-trucking.com","good","ok","no","no"
"spickering@metromazdamesquite.com","good","ok","no","no"
"spierce@ucbanking.com","good","ok","no","no"
"sposs@paulo.com","good","ok","no","no"
"sprescott@acgbrands.com","good","ok","no","no"
"sprevin@kidsbookspublishing.com","good","ok","no","no"
"sreister@hearst.com","good","ok","no","no"
"sreynolds@oilgear.com","good","ok","no","no"
"sriram@carevoyant.com","good","ok","no","no"
"srockne@explorerscu.com","risky","unknown","no","no"
"srogers@r-t-i.com","good","ok","no","no"
"srush@oaklinepm.com","good","ok","no","no"
"ssampson@guidoco.com","good","ok","no","no"
"sschkolnik@gamar.com.ar","good","ok","no","no"
"sshedrick@gsfsgroup.com","bad","invalid","no","no"
"ssherman@marshassoc.com","good","ok","no","no"
"ssilverteutrine@electravehicles.com","good","ok","no","no"
"ssimmons@vahleinc.com","good","ok","no","no"
"sslesnick@amplifyhrm.com","good","ok","no","no"
"ssmith@prewitt.group","good","ok","no","no"
"ssnider@strategicamerica.com","good","ok","no","no"
"sstaley@belcofp.com","good","ok","no","no"
"ssteele@mosaicresidential.com","good","ok","no","no"
"sstevens@sunpipelinesolutions.com","good","ok","no","no"
"sstrandlund@bsiengr.com","good","ok","no","no"
"sstriegel@novacoast.com","good","ok","no","no"
"sswanson@sklsi.com","good","ok","no","no"
"stacy.ambrose@fiberlight.com","good","ok","no","no"
"stacy.edwards@dataprise.com","good","ok","no","no"
"stacy.freeborg-junge@pagerhealth.com","good","ok","no","no"
"stacy.henderson@origisservices.com","good","ok","no","no"
"stacy.shide@abricare.com","good","ok","no","no"
"stacy@americandrivingsociety.org","good","ok","no","no"
"stacy@recovery.com","good","ok","no","no"
"stacytorrez@registrypartners.com","good","ok","no","no"
"stanleyd@geoprobe.com","good","ok","no","no"
"steffan.allen@allterracentral.com","good","ok","no","no"
"stellaq@skylinecabinetry.com","good","ok","no","no"
"stephan@discoverhealthmd.com","good","ok","no","no"
"stephanie.debusk@theguildkc.com","good","ok","no","no"
"stephanie.m.abell@pointcore.com","good","ok","no","no"
"stephanie.tomazin@spherixglobalinsights.com","good","ok","no","no"
"stephanie@augment.market","good","ok","no","no"
"stephanie@ll-bc.com","risky","catch_all","no","no"
"stephanie@localfoodsgroup.com","good","ok","no","no"
"stephanie@uniminds.com","good","ok","no","no"
"stephanie_papadelis@accordhealthcare.com","good","ok","no","no"
"stephanne.marsh@godlan.com","good","ok","no","no"
"stephen.knox@clientsecureit.com","good","ok","no","no"
"stephen.lord@quantum.com","good","ok","no","no"
"stephen.varnell@fluor.com","good","ok","no","no"
"stephen@leforcedfw.com","good","ok","no","no"
"steve.aichelmann@dynamicaccess.com","good","ok","no","no"
"steve.brion@ten-e.com","good","ok","no","no"
"steve.gilb@sifthealthcare.com","good","ok","no","no"
"steve.menrath@honkmobile.com","good","ok","no","no"
"steve.wallace@detroitdefense.com","good","ok","no","no"
"steve.woeltge@empireautoparts.com","good","ok","no","no"
"steve.wojcik@vividseats.com","good","ok","no","no"
"steve@armssecuritycorp.com","good","ok","no","no"
"steve@coosaconsulting.com","good","ok","no","no"
"steven.starkey@massimomotor.com","good","ok","no","no"
"steven@shopavara.com","good","ok","no","no"
"stevenr@anchorloans.com","good","ok","no","no"
"stevewilkins@voomdevices.com","risky","catch_all","no","no"
"stiwari@ametals.com","good","ok","no","no"
"stkim@imohealth.com","good","ok","no","no"
"stormy.phillips@tmcousa.com","good","ok","no","no"
"stotzc@avoca37.org","good","ok","no","no"
"strandt@ideolity.com","good","ok","no","no"
"strauss@livcor.com","good","ok","no","no"
"susan.goff@ampirical.com","good","ok","no","no"
"sutton.gentry@alertmedia.com","good","ok","no","no"
"suzanne.hagin@vectorremote.com","good","ok","no","no"
"svandertie@earthsciencegrowing.com","good","ok","no","no"
"sweidner@sklsi.com","good","ok","no","no"
"swilcox@tombras.com","good","ok","no","no"
"swooll@brillect.com","good","ok","no","no"
"sydney@amberanderson.com","good","ok","no","no"
"sydney@flagship.agency","good","ok","no","no"
"syed.rizvi@iownrenewable.com","good","ok","no","no"
"sylvia@honkmobile.com","good","ok","no","no"
"t.brown@ata.com","good","ok","no","no"
"t_eckel@risingedgegroup.com","good","ok","no","no"
"takuno_nishimura@caddi.com","good","ok","no","no"
"tamanna.patel@emlpayments.com","good","ok","no","no"
"tammyd@ugarc.org","bad","invalid","no","no"
"tania@drinkavaline.com","good","ok","no","no"
"tanner.firth@marcrealty.com","good","ok","no","no"
"tanner@action.co","good","ok","no","no"
"tanyaw@pshummingbird.com","good","ok","no","no"
"tara@stackedandfolded.com","good","ok","no","no"
"tariq.aydi@1stopinstall.com","risky","unknown","no","no"
"tariqjatoi@pelleclassics.com","good","ok","no","no"
"tate.sledge@apqx.com","good","ok","no","no"
"tawny@1744marketing.com","good","ok","no","no"
"tawoyemi@aliyahc.com","good","ok","no","no"
"taylie@alcatraz.ai","good","ok","no","no"
"taylor.l@everythingkitchens.com","good","ok","no","no"
"taylor.morton@justinbrands.com","good","ok","no","no"
"taylor.nightingale@lanternglobal.ai","risky","catch_all","no","no"
"taylor@wonderhorse.com","risky","catch_all","no","no"
"tbeard@verandamarine.com","good","ok","no","no"
"tbeecham@kennedyrichter.com","good","ok","no","no"
"tbehl@origininvestments.com","good","ok","no","no"
"tblaisdell@integrityliving.com","good","ok","no","no"
"tbloch@mpr.org","good","ok","no","no"
"tblomstrom@rpu.org","good","ok","no","no"
"tbrackett@shamrockcompanies.net","good","ok","no","no"
"tbridges@clearskyhealth.com","good","ok","no","no"
"tbrown@puntcompanies.com","good","ok","no","no"
"tbrumagen@winitiative.org","good","ok","no","no"
"tburke@shipdlx.com","good","ok","no","no"
"tcarlson@deltrol.com","bad","invalid","no","no"
"tdemars@treace.net","good","ok","no","no"
"teddy.schmitt@5horizonsgroup.com","good","ok","no","no"
"tejaswita.sawant@bravatile.com","good","ok","no","no"
"tempy.wright@cyberspatial.com","good","ok","no","no"
"tenders@opconnect.com","good","ok","no","no"
"tendres@strohmballweg.com","good","ok","no","no"
"tera@kofo.com","bad","invalid","no","no"
"teresa@narmi.com","good","ok","no","no"
"terry.collinsworth@fengchausa.com","bad","invalid","no","no"
"terry.h@gosayer.com","good","ok","no","no"
"terrywer@patronpoints.com","good","ok","no","no"
"tfarrar@kauffmancenter.org","good","ok","no","no"
"tfisher@livingproof.com","good","ok","no","no"
"tfleming@imdxinc.com","good","ok","no","no"
"tfranklin@altimatemedical.com","good","ok","no","no"
"tgegoux@broadsword.com","good","ok","no","no"
"tgolden@ferrosource.com","good","ok","no","no"
"thall@performancehealth.com","bad","invalid","no","no"
"thanasi.kalantzis@prepass.com","good","ok","no","no"
"tharle@muckleroyfalls.com","good","ok","no","no"
"therese@timberviewhelicopters.com","good","ok","no","no"
"thernandez@mcfadyen.com","good","ok","no","no"
"thodes@ehra.team","good","ok","no","no"
"thomas-yadon@cherokee.org","good","ok","no","no"
"thomas.collins@theaspencompany.com","bad","invalid","no","no"
"thomas.e.maki@ampf.com","good","ok","no","no"
"thomas.hull@weberweb.com","good","ok","no","no"
"thomas.knuckey@bravatile.com","good","ok","no","no"
"thopkins@summit-products.com","good","ok","no","no"
"thuang@omnilert.com","good","ok","no","no"
"tiannaflores@procedeogroup.com","good","ok","no","no"
"tiffany.turner@optimumre.com","good","ok","no","no"
"tiffany@kineticdd.com","good","ok","no","no"
"tiffany@truenorthhomecare.com","risky","unknown","no","no"
"tim.kelley@lexingtonmfg.com","good","ok","no","no"
"tim.laurent@snco.us","good","ok","no","no"
"timothy.side@larson.com","good","ok","no","no"
"tina@ecepartnersllc.com","good","ok","no","no"
"tinaw@grandgeneral.com","good","ok","no","no"
"tj.norman@firemon.com","good","ok","no","no"
"tj.semiz@jaagtechnologies.com","good","ok","no","no"
"tj.vining@gsdm.com","good","ok","no","no"
"tj@agvend.com","good","ok","no","no"
"tjapp@sport-stays.com","good","ok","no","no"
"tjensen@mmipromo.com","good","ok","no","no"
"tjohnson@caissoncap.com","good","ok","no","no"
"tkilkenny@tfes.com","good","ok","no","no"
"tkotiza@prairiecap.com","good","ok","no","no"
"tlandin@allegiscorp.com","good","ok","no","no"
"tlanier@cargowayslogistics.net","good","ok","no","no"
"tlarsen@finoric.com","good","ok","no","no"
"tlashley@trideum.com","good","ok","no","no"
"tleoni@methodsmachine.com","good","ok","no","no"
"tloehrke@rydin.com","good","ok","no","no"
"tmacdfw@tmac.org","good","ok","no","no"
"tmcfadin@northamericanautocare.com","good","ok","no","no"
"tmcnulty@envoylogistics.com","good","ok","no","no"
"tmunson@eriksens.com","good","ok","no","no"
"toby.lund@arkhospitality.com","good","ok","no","no"
"todd.harker@usmtechnology.com","good","ok","no","no"
"todd.jackson@stavecorp.com","good","ok","no","no"
"todd.kojis@cummingssigns.com","good","ok","no","no"
"todd.langston@scalloncontrols.com","good","ok","no","no"
"todd.thompson@over-haul.com","good","ok","no","no"
"tom.kohl@dohertysteel.com","good","ok","no","no"
"tom.neils@velentiummedical.com","good","ok","no","no"
"tom.schmall@redlightmanagement.com","good","ok","no","no"
"tom.turco@xtype.io","good","ok","no","no"
"tom.wiesenmayer@criticalstart.com","good","ok","no","no"
"tom@hellohopscotch.com","good","ok","no","no"
"tom@inspiredbykgs.com","good","ok","no","no"
"tom@takecommandhealth.com","good","ok","no","no"
"tom@venturesunlimited.org","good","ok","no","no"
"tomalley@coegipartners.com","good","ok","no","no"
"tomas@daddyvictoryclub.org","good","ok","no","no"
"tommaso@yellowdotsportsmarketing.com","good","ok","no","no"
"tommy@bourginsurance.com","good","ok","no","no"
"tony.mcmillen@asisignage.com","good","ok","no","no"
"tony.santora@talosep.com","good","ok","no","no"
"tonycox@ottobaum.com","good","ok","no","no"
"torr@wswilson.us","good","ok","no","no"
"tosborne@surgeenergya.com","good","ok","no","no"
"totto@cmcenergy.com","good","ok","no","no"
"tperkins@weberblackstone.com","good","ok","no","no"
"tphan@teainc.org","risky","unknown","no","no"
"tpierce@avirhg.com","good","ok","no","no"
"tquinn@officeofexperience.com","good","ok","no","no"
"traceys@logic2020.com","good","ok","no","no"
"tracy@rg3auto.com","risky","catch_all","no","no"
"tracyw@caminorealcs.org","bad","invalid","no","no"
"traficolaredo@transportesmoga.com.mx","good","ok","no","no"
"travis.woods@retaildispense.com","bad","invalid","no","no"
"travis@hargroveelectric.com","good","ok","no","no"
"travis@premier1auto.com","good","ok","no","no"
"travisl@conductorpower.com","good","ok","no","no"
"tre.gillette@topographic.com","good","ok","no","no"
"trent.richardson@msmoc.com","good","ok","no","no"
"trenton@pcpconline.com","good","ok","no","no"
"trevi@whyfour.com","good","ok","no","no"
"trevor.armstrong@beamprof.com","good","ok","no","no"
"trevor.french@agentis-financial.com","good","ok","no","no"
"trey.yancy@ohair.com","good","ok","no","no"
"treyr@smbyrice.com","good","ok","no","no"
"tricia@cascadeinsights.com","good","ok","no","no"
"tring@hometownservices.com","good","ok","no","no"
"trinityfalls.director@childrenslighthouse.com","good","ok","no","no"
"tripp@jonnypops.com","good","ok","no","no"
"trisha@maridoe.com","good","ok","no","no"
"trishia.mercier@histosonics.com","good","ok","no","no"
"troseberry@timco-services.com","good","ok","no","no"
"tsanford@excesstelecom.com","good","ok","no","no"
"tshamburg@epicwatersgp.com","good","ok","no","no"
"tsheridan@catenasolutions.com","good","ok","no","no"
"tsloan@tko.com","good","ok","no","no"
"tstrack@caudlefabrication.com","good","ok","no","no"
"tszczesniak@henrysfoods.com","good","ok","no","no"
"ttallon@thetallonlawfirm.com","good","ok","no","no"
"tthompkins@levelfourfinancial.com","good","ok","no","no"
"tunahan.ozdemir@okanaresort.com","good","ok","no","no"
"turner.hall@gdenergyproducts.com","good","ok","no","no"
"tvanhemert@jacksonshaw.com","good","ok","no","no"
"twainscott@csgpartners.com","good","ok","no","no"
"twhitehead@arnolddefense.com","good","ok","no","no"
"twibowo@kuvare.com","good","ok","no","no"
"twiggins@crownehealthcare.com","good","ok","no","no"
"twinkler@okuma.com","good","ok","no","no"
"twright@cpi-tech.net","risky","catch_all","no","no"
"tyler.kedrowski@meetascent.com","good","ok","no","no"
"tyler.lewis@chipr.com","good","ok","no","no"
"tyler.norman@listingspark.com","good","ok","no","no"
"tyler.spragins@redoak.com","good","ok","no","no"
"tyler@mrelectric.com","good","ok","no","no"
"tylor.christensen@nuway.org","good","ok","no","no"
"tzwicker@illingpackaging.com","good","ok","no","no"
"uraza@claritasrx.com","good","ok","no","no"
"ursula@nicksfamilyofservices.com","good","ok","no","no"
"valerianor@clearyzimmermann.com","good","ok","no","no"
"valerie.bonestell@seniorlivingproperties.com","bad","invalid","no","no"
"valerieheckman@onpay.com","good","ok","no","no"
"vanda@zippymh.com","good","ok","no","no"
"vanessa.mcclure@brightonjones.com","good","ok","no","no"
"vchaturvedi@purposebuiltbrands.com","good","ok","no","no"
"vcoleman@ccrcorp.com","good","ok","no","no"
"venkatarakesh.pachawa3@7-11int.com","good","ok","no","no"
"venugopal.yenuga@lsgskychefs.com","good","ok","no","no"
"veronica.baques@auragency.com","good","ok","no","no"
"veronica@sivoy.com.ar","good","ok","no","no"
"victor.velez@greenfarmsmissouri.com","good","ok","no","no"
"victor@drbeasleys.com","risky","catch_all","no","no"
"victoria@coastviewwindows.co.uk","good","ok","no","no"
"victoriab@spirerealty.com","good","ok","no","no"
"vidya.vijay@nordson.com","good","ok","no","no"
"vikki@armorvu.com","risky","catch_all","no","no"
"vince@squadrondata.com","good","ok","no","no"
"vincent@medmissionsupplies.com","good","ok","no","no"
"vincent@stjosephbelmont.org","bad","invalid","no","no"
"vjkovacs@meetrise.com","good","ok","no","no"
"vkwong@cyrusone.com","good","ok","no","no"
"vlad.khazanovich@expel.com","good","ok","no","no"
"vpatel@accesstelecare.com","good","ok","no","no"
"vpatel@naturesfynd.com","good","ok","no","no"
"vpena@completelineglass.com","good","ok","no","no"
"vroberts@citadelcompletions.com","good","ok","no","no"
"vulaganathan@cfhp.com","risky","catch_all","no","no"
"walterluisetti@villanueva.com.ar","good","ok","no","no"
"wamuller@northwestern.edu","good","ok","no","no"
"waseem.srouji@netpower.com","good","ok","no","no"
"waymon@capitalcostsolutions.net","good","ok","no","no"
"wayne.barkley@axial.energy","good","ok","no","no"
"wayne.fishback@neubrex.com","good","ok","no","no"
"wendy.bradley@daisyco.com","good","ok","no","no"
"wendy.jones@goosehead.com","good","ok","no","no"
"wendy.paulson@cbsradio.com","risky","unknown","no","no"
"wes.atkinson@winrockautomotive.com","good","ok","no","no"
"wes.gwin@opusmedical.com","good","ok","no","no"
"wesley.feuz@skillcentrix.com","good","ok","no","no"
"whitney@precisionpipingproducts.com","good","ok","no","no"
"will.andrews@livingsecurity.com","good","ok","no","no"
"will.crosby@copt.com","good","ok","no","no"
"will@bandbroofinginc.com","good","ok","no","no"
"will@nobrainercontainers.com","risky","catch_all","no","no"
"william.kline@co.oconto.wi.us","good","ok","no","no"
"william.scruggs@tylerpipe.com","good","ok","no","no"
"william.woods@lsgskychefs.com","good","ok","no","no"
"william@sasservicepartners.com","good","ok","no","no"
"winterhalter@newhistory.com","risky","catch_all","no","no"
"wise@wiseentertainment.com","risky","catch_all","no","no"
"wjenkins@taxadvisorsgroup.com","good","ok","no","no"
"wlucas@thspartners.com","good","ok","no","no"
"wsalley@actionpaq.com","good","ok","no","no"
"wsmith@gbabuilders.com","good","ok","no","no"
"yajat@sweetdreams-media.com","good","ok","no","no"
"ycharoo@mwlogistics.com","good","ok","no","no"
"yesmine@escape360cafe.com","good","ok","no","no"
"yimy.mojica@tappinc.com","good","ok","no","no"
"yogendran.periyannan@emergertech.com","good","ok","no","no"
"young.ham@bpdnb.com","good","ok","no","no"
"ysepeda@flourishresearch.com","good","ok","no","no"
"yuri@alliahealth.co","good","ok","no","no"
"zach.anderson@keyrefrigeration.com","good","ok","no","no"
"zach.waechter@merjent.com","good","ok","no","no"
"zach.zylstra@inlandcoatings.com","good","ok","no","no"
"zach@cloud-team.com","good","ok","no","no"
"zach@corporateguardians.org","good","ok","no","no"
"zach@covefreight.com","good","ok","no","no"
"zachary.pucci@nov.com","good","ok","no","no"
"zachary.remillard@elementlaboratories.com","good","ok","no","no"
"zack@actuscapital.com","good","ok","no","no"
"zainab@officetimeline.com","good","ok","no","no"
"zak@forestwood.com","good","ok","no","no"
"zane@rigid-ig.com","good","ok","no","no"
"zane@thetownclub.com","good","ok","no","no"
"zara@alyne.io","risky","unknown","no","no"
"zcheema2@illinois.edu","good","ok","no","no"
"zhampton@bridgetowerhome.com","good","ok","no","no"
"zhoffman@cybermaxx.com","risky","catch_all","no","no"
"zikomo.smith@innovaertech.com","good","ok","no","no"
"zkoele@thecaregivingcompany.com","risky","catch_all","no","no"
"zlauria@bloxbuilt.com","good","ok","no","no"
"zprice@tgcgroup.net","good","ok","no","no"
"zpstewart@eshd.org","risky","catch_all","no","no"
