"email","quality","result","free","role"
"26dmartinez3@ggusd.net","bad","invalid","no","no"
"454863@sausdlearns.net","good","ok","no","no"
"a.aman@novalittlesteps.com.au","risky","unknown","no","no"
"a.arellano@readysetgomoving.com","bad","invalid","no","no"
"a.chase@moabllc.net","risky","catch_all","no","no"
"a.curinga@consultmarine.com.au","good","ok","no","no"
"a.krahl@sfqsolutions.com","good","ok","no","no"
"a.serhan@emali.com.au","good","ok","no","no"
"aanchal@dynamicscircle.com.au","good","ok","no","no"
"aantunez@gvusd.org","good","ok","no","no"
"aaraiza@techbridgegs.com","good","ok","no","no"
"aaraya@gcstechtalent.com","risky","catch_all","no","no"
"aaron.eisenman@abm.com","good","ok","no","no"
"aaron.lim@bpsoftware.net","bad","invalid","no","no"
"aaron.richins@ermc2.com","bad","invalid","no","no"
"aaron.smith1@chocolatechipsprod.com","good","ok","no","no"
"aaron@ajremodels.work","risky","catch_all","no","no"
"aaron@casero-taqueria.com","risky","unknown","no","no"
"aaron@gippshost.com.au","good","ok","no","no"
"aaron@girlsrockmath.org","risky","catch_all","no","no"
"aaron@ironhawk.co.nz","good","ok","no","no"
"aaron@maverickconcretesolutions.net","risky","unknown","no","no"
"aaron@tidbitdesign.com","good","ok","no","no"
"aaron@wineglassco.com","good","ok","no","no"
"aarroyo@mcoe.org","good","ok","no","no"
"aarti@yatesinsurance.com","good","ok","no","no"
"abbas@geekify.com.au","good","ok","no","no"
"abby@sanctuarysb.com","good","ok","no","no"
"abhimanyu.dhariwal@mathnasium.com","good","ok","no","no"
"abigail@movementinmassage.com","good","ok","no","no"
"abraham@kanterra.net","risky","catch_all","no","no"
"ac@thomasvillepictures.com","good","ok","no","no"
"acastlio@designsforhealth.com","bad","invalid","no","no"
"ack@kimballdesign.com","good","ok","no","no"
"acuevas@slzusd.org","good","ok","no","no"
"adam.huish@huishair.com","good","ok","no","no"
"adam.mcqueen@leusd.k12.ca.us","good","ok","no","no"
"adam@3dtechdesign.com.au","good","ok","no","no"
"adam@adamsowden.com","good","ok","no","no"
"adam@aridscapeutah.com","good","ok","no","no"
"adam@atbphotography.co.za","good","ok","no","no"
"adam@flagstaffhouse.com","good","ok","no","no"
"adam@victorynursery.us","risky","unknown","no","no"
"adamgulla@mindchamps.org","good","ok","no","no"
"adamron@mtspokanepediatrics.com","risky","unknown","no","no"
"adamya@cvlending.com","good","ok","no","no"
"adavis@bisd303.org","good","ok","no","no"
"addam@bciseptic.com","bad","invalid","no","no"
"adelabuisaiah@wayne.edu","good","ok","no","no"
"adiaz@lexarhomes.com","good","ok","no","no"
"admin@hypesupportservices.com","risky","catch_all","no","yes"
"adrian.delafuente@ascential.com","good","ok","no","no"
"adrian@bizarromarket.com","good","ok","no","no"
"adrian@conform.marketing","good","ok","no","no"
"adrian@duophotography.co.nz","good","ok","no","no"
"adrian@idhealthcarestaffing.com","good","ok","no","no"
"adrianchu@rusticafoodsg.com","good","ok","no","no"
"adrianespinoza@iusd.org","good","ok","no","no"
"aelizondo@ggusd.us","good","ok","no","no"
"af@thesmokedtaco.com","good","ok","no","no"
"afnan@azhomes.com.au","good","ok","no","no"
"afour@scootersjungle.com","good","ok","no","no"
"agairola@tlechildcare.com","good","ok","no","no"
"agallardo@stocktonusd.net","good","ok","no","no"
"agarcia@sd27j.net","good","ok","no","no"
"agne@anytimedentalcare.com","good","ok","no","no"
"agomez@azusa.org","good","ok","no","no"
"agomez@tlechildcare.com","good","ok","no","no"
"aharoon@microtaxcpa.com","good","ok","no","no"
"ahenry@waterwayinc.com","good","ok","no","no"
"ahinojos@riversideunified.org","good","ok","no","no"
"ahmed@murad.com","risky","catch_all","no","no"
"ahutsinpillar@lmi-inc.com","bad","invalid","no","no"
"aj@nwoodcreations.com","good","ok","no","no"
"ajay@snowpeakfranchising.com","risky","unknown","no","no"
"ajenkins@ascentfunding.com","good","ok","no","no"
"ajohnson@celadontrucking.com","bad","invalid","no","no"
"ajohnson@patriceandassociates.com","good","ok","no","no"
"ajovcevski@visionpt.com","good","ok","no","no"
"ajtremonti@seattleschools.org","good","ok","no","no"
"ajuecker@cpr-stores.com","good","ok","no","no"
"akin_john@salkeiz.k12.or.us","bad","invalid","no","no"
"al@apmachinetech.com","good","ok","no","no"
"al@zcoil.com","good","ok","no","no"
"alabayen@pvschools.net","good","ok","no","no"
"alan@alignpro.au","bad","invalid","no","no"
"alan@dicksonnasilemak.com","risky","unknown","no","no"
"alan@estshotmedia.com","good","ok","no","no"
"alan@purplemoonphotography.com","risky","catch_all","no","no"
"alani@eliteinspections.com","good","ok","no","no"
"alans@ivi.us.com","good","ok","no","no"
"albert@atep.com","good","ok","no","no"
"aldo@avalostint.com","good","ok","no","no"
"alec.capitano@myalldry.com","good","ok","no","no"
"alecb@nwfitnessproject.com","good","ok","no","no"
"alesha.chadwick@wseco.com","good","ok","no","no"
"alessandro@acwmechanicalexpert.com","good","ok","no","no"
"aleuzzi@densfordcivil.com.au","risky","catch_all","no","no"
"alex@acesfour.com","risky","catch_all","no","no"
"alex@americanbestfilling.com","risky","unknown","no","no"
"alex@boyeandco.com","good","ok","no","no"
"alex@functionalanatomyseminars.com","good","ok","no","no"
"alex@prana-yoga.com","good","ok","no","no"
"alex@rfdlegacy.com","good","ok","no","no"
"alex@t3books.com","good","ok","no","no"
"alex@typhoonstudio.com","good","ok","no","no"
"alexander-gaytan@fusd.net","bad","invalid","no","no"
"alexander.mallett@dynacart.com","risky","catch_all","no","no"
"alexander.wilson@husd.org","bad","invalid","no","no"
"alexander.yung@melbournewater.com.au","risky","catch_all","no","no"
"alexander@pinnaclemediaco.com","bad","invalid","no","no"
"alexander@wanderlustevents.net","risky","catch_all","no","no"
"alexandergonzalez@madera.k12.ca.us","good","ok","no","no"
"alexandra@travelseed.com.au","bad","invalid","no","no"
"alexandria@houseofguineas.com","good","ok","no","no"
"alexb@sogda.com","good","ok","no","no"
"alexis@musemodernsalon.com","risky","catch_all","no","no"
"alexis@state48pa.com","risky","catch_all","no","no"
"alfred.foster@garfield.k12.ut.us","good","ok","no","no"
"alfredo@sistoneinc.com","good","ok","no","no"
"ali.bilgrami@meritagehomes.com","good","ok","no","no"
"ali.kamara@affablecaring.com","good","ok","no","no"
"ali@15cwine.com","good","ok","no","no"
"ali@clothandfeather.com.au","risky","catch_all","no","no"
"alice@easeofmotion.net","risky","unknown","no","no"
"alice@littlebirdtahoe.com","risky","catch_all","no","no"
"alicia.delcore@banksyd.com.au","good","ok","no","no"
"alicia@brunswickchiro.com.au","good","ok","no","no"
"alicia@glitchprod.com","good","ok","no","no"
"alicia@turtleislandmediagroup.org","risky","catch_all","no","no"
"alina@allaboutaquatics.com.au","risky","catch_all","no","no"
"aline@simonscarpetcare.com.au","good","ok","no","no"
"alison.bishop@servicemaster.com","bad","invalid","no","no"
"alison@redhauteblue.com","good","ok","no","no"
"alissa@atozbookkeepingmt.com","good","ok","no","no"
"alissas@adinpromo.com","good","ok","no","no"
"allan@fullmotion.com.au","good","ok","no","no"
"allan@projectheartbeat.com","risky","catch_all","no","no"
"allen.dizon@calvarycare.org.au","bad","invalid","no","no"
"allen.meserkhani@giedentallab.com","risky","catch_all","no","no"
"alli@adesignresourceco.com","good","ok","no","no"
"allie@cinsgroup.net","good","ok","no","no"
"allied@empireinc.com","good","ok","no","no"
"allieowens@in-detail.net","good","ok","no","no"
"allison.seeber@agwestfc.com","good","ok","no","no"
"ally@saigadvice.com","good","ok","no","no"
"allys@allysjohnsonpsychologist.com.au","good","ok","no","no"
"aloferski@susd.org","good","ok","no","no"
"alona.stancil@abm.com","good","ok","no","no"
"altemease.brown@legacytraditional.org","good","ok","no","no"
"alton.stewart@fivestarbathsolutions.com","good","ok","no","no"
"alvarado.jose@westada.org","good","ok","no","no"
"alvin.poleahla@secondmesa.org","good","ok","no","no"
"alyssa@everlastingbrows.com","good","ok","no","no"
"am@alexandramariedesigns.com","good","ok","no","no"
"amanda.gerard@leusd.k12.ca.us","good","ok","no","no"
"amanda@ajavineyards.com","risky","catch_all","no","no"
"amanda@fraemohs.co.nz","good","ok","no","no"
"amanda@fuentes.tech","good","ok","no","no"
"amanda@l-a-stressingllc.com","good","ok","no","no"
"amanda@noosameltingmoments.com.au","good","ok","no","no"
"amanda@scarlatifamilykitchen.com","good","ok","no","no"
"amanda@teamdigitalvelocity.com","risky","catch_all","no","no"
"amanda@tucsonjetcenter.com","good","ok","no","no"
"amarachi@portlandfootcareclinic.com","good","ok","no","no"
"amarquez@amniotechnology.com","good","ok","no","no"
"amarquez@mpusd.k12.ca.us","good","ok","no","no"
"amarshall@mitsubishicement.com","good","ok","no","no"
"amathis@fcusd.org","good","ok","no","no"
"amber.hoyt@uniongapwa.gov","good","ok","no","no"
"amber.robertson@riwakariverestate.com","good","ok","no","no"
"amber@gratitudecoffeebar.com","good","ok","no","no"
"amber@stellaragency.com","good","ok","no","no"
"amberly@mysoapboxmarketing.com","good","ok","no","no"
"amendoza@vesd.net","good","ok","no","no"
"amit@traxindustries.com.au","bad","invalid","no","no"
"amorales@anaheimelementary.org","good","ok","no","no"
"amosgalam@galamlaw.com","good","ok","no","no"
"amuir@ubtanet.com","good","ok","no","no"
"amy.osborne@cre8ive.com.au","good","ok","no","no"
"amy@actstrongpdx.com","good","ok","no","no"
"amy@doughlady.com","good","ok","no","no"
"amy@estetica.co.nz","risky","catch_all","no","no"
"amy@goodearthcontracting.com","risky","catch_all","no","no"
"amy@lundbookkeeping.com","good","ok","no","no"
"amy@threadbarepress.com","risky","catch_all","no","no"
"an.tran@shipmonk.com","good","ok","no","no"
"an@sacredwomancollective.com","good","ok","no","no"
"ana_acosta@kw.com","good","ok","no","no"
"analynf@ckschools.org","good","ok","no","no"
"anand@amiviz.com","good","ok","no","no"
"anaspain@culturemediasolutions.com","risky","catch_all","no","no"
"anderson_maria@salkeiz.k12.or.us","good","ok","no","no"
"andre.wright@richlandone.org","bad","invalid","no","no"
"andre@oil-pros.com","good","ok","no","no"
"andre_jefferson@lawndalesd.net","good","ok","no","no"
"andrea.kruth@beansandbrews.com","good","ok","no","no"
"andrea@baampropertygroup.com.au","good","ok","no","no"
"andrea@bakethatbread.com","risky","catch_all","no","no"
"andrea@bakingods.com","good","ok","no","no"
"andrea@beanstalkagtech.com","good","ok","no","no"
"andrea@breakalegmfg.com","risky","catch_all","no","no"
"andrea@brilliantmindswellness.com","good","ok","no","no"
"andrea@coherencehealingcenters.com","risky","catch_all","no","no"
"andrea@mountainrangeconcrete.net","good","ok","no","no"
"andrea@taurangaswimschool.co.nz","good","ok","no","no"
"andreabfnp-c@tbh-llc.com","risky","catch_all","no","no"
"andreaf@4life.com","bad","invalid","no","no"
"andres@m2optimize.com","good","ok","no","no"
"andrew.bedwell@sa.gov.au","good","ok","no","no"
"andrew.davis@goddardschools.com","good","ok","no","no"
"andrew.donohoe@exploreanddevelop.com.au","good","ok","no","no"
"andrew.gardiner@duxtonvineyards.com.au","good","ok","no","no"
"andrew.scott@address.com","risky","catch_all","no","no"
"andrew.toltzis@homihomeautomation.com","good","ok","no","no"
"andrew@amfs.net.au","good","ok","no","no"
"andrew@bandicootclothing.com.au","good","ok","no","no"
"andrew@bricoleur-architecture.com","good","ok","no","no"
"andrew@brockworksadvisory.com","good","ok","no","no"
"andrew@citydrugevanston.com","good","ok","no","no"
"andrew@colourworksnz.co.nz","good","ok","no","no"
"andrew@pallmallcarpets.co.uk","good","ok","no","no"
"andrew@paro.com.au","bad","invalid","no","no"
"andrew@socal-autoglasskings.com","risky","catch_all","no","no"
"andrew@ticketshine.com","risky","catch_all","no","no"
"andrew@valleyintel.com","risky","catch_all","no","no"
"andrewd@multiaxissolutions.com.au","good","ok","no","no"
"andrewmeade@fortywinks.biz","good","ok","no","no"
"andy.duggan@freighttrackertms.com","risky","unknown","no","no"
"andy@riversports.com","good","ok","no","no"
"andykeenan@skylinewaste.com","good","ok","no","no"
"angel.alvarado@dvusd.org","good","ok","no","no"
"angel@jackingproductions.com","risky","unknown","no","no"
"angela@asmblyactive.com","good","ok","no","no"
"angela@bakemydaydk.com","risky","catch_all","no","no"
"angela@sandandstonemarin.com","good","ok","no","no"
"angelas@travelmanagers.com.au","good","ok","no","no"
"angeliese.wisdom@bookkeepingwithwisdom.com","good","ok","no","no"
"angeline@angelinesbakery.com","good","ok","no","no"
"angels@awakeninglotus.com","risky","catch_all","no","no"
"angie.nielsen@mailamerica.net","bad","invalid","no","no"
"angie.wang@turner.com","bad","invalid","no","no"
"angie@siennamedspa.com","risky","catch_all","no","no"
"angusw@kangaroohanger.com","good","ok","no","no"
"ani@builderweaver.com","bad","invalid","no","no"
"anicolae@dcjesd.us","good","ok","no","no"
"anita.kennedy@suncorp.com.au","good","ok","no","no"
"anjo@folccollective.com.au","good","ok","no","no"
"anjuli@enamoredevents.com","good","ok","no","no"
"anna.ong@volvo.com","good","ok","no","no"
"anna@balanceddawg.com","bad","invalid","no","no"
"anna@brdyagency.com","good","ok","no","no"
"anna@juniorlearning.com","risky","catch_all","no","no"
"anna@myalpenglowtherapy.com","good","ok","no","no"
"anna@thesafetycabinetwarehouse.co.nz","good","ok","no","no"
"anna@ukrainecleaners.com","good","ok","no","no"
"annabel@icanreadsystem.com","good","ok","no","no"
"annamarie.ponce@sunvalleyberries.com","good","ok","no","no"
"anne@cattplumbing.com","good","ok","no","no"
"anne@shearenvy-salon.com","good","ok","no","no"
"annette.aguilar@abm.com","good","ok","no","no"
"annette@qualityhomerealty.net","good","ok","no","no"
"annette@sovereigntycounseling.com","good","ok","no","no"
"annie.overall@fmg.co.nz","good","ok","no","no"
"annie@authenticspaces.co.uk","good","ok","no","no"
"annika@thematlife.com.au","good","ok","no","no"
"anntt@luminpdf.com","good","ok","no","no"
"anordstrom@krugerroofing.com","good","ok","no","no"
"anthony.hamdan@consult-trace.com","bad","invalid","no","no"
"anthony.kondos.e3zd@statefarm.com","risky","unknown","no","no"
"anthony.stagnaro@aubergeresorts.com","good","ok","no","no"
"anthony@castlehomelending.com","risky","unknown","no","no"
"anthony@hardcopycafe.com","risky","unknown","no","no"
"anthony@pressfit.ai","good","ok","no","no"
"anthony@roofmastersarizona.com","good","ok","no","no"
"anthony@thecampstore.com","risky","catch_all","no","no"
"anthony@tonyspropertycare.com","risky","catch_all","no","no"
"anthonymarin@openworksweb.com","bad","invalid","no","no"
"anton@openviewbrokerage.com","risky","catch_all","no","no"
"anton@useautomateiq.com","bad","invalid","no","no"
"antonina@lifewellmade.com","good","ok","no","no"
"antonio.franco@cirquedusoleil.com","good","ok","no","no"
"antonioe@psdschools.org","risky","unknown","no","no"
"antony@lifestooshortbar.com.au","good","ok","no","no"
"antony@stantaro.com.au","good","ok","no","no"
"apimentel@musd.net","good","ok","no","no"
"apires@socalgtc.com","good","ok","no","no"
"apollo.61362af308923d00015ea54b@solopetdoors.com","bad","invalid","no","no"
"appointment@launchyourlife.net","good","ok","no","no"
"apreddy@thoroughcare.net","good","ok","no","no"
"april@risingtidementalwellness.com","risky","catch_all","no","no"
"april@themella.com","good","ok","no","no"
"apuentes@truvalueinsurance.com","good","ok","no","no"
"ar.sd@sunsetdistributing.com","risky","catch_all","no","no"
"aramirez@sbusd.org","good","ok","no","no"
"arapp@fccsprings.com","good","ok","no","no"
"arce@doradofashion.com","risky","catch_all","no","no"
"aria@pacificstarcapital.com","good","ok","no","no"
"aric@aricspeaks.com","good","ok","no","no"
"aric@codesalonsf.com","good","ok","no","no"
"arice@esogdrinks.com","bad","invalid","no","no"
"arick@dcins.com","good","ok","no","no"
"ariel.mcguire@emeraldcreekinsurance.com","good","ok","no","no"
"ariel@lusidarubber.com","good","ok","no","no"
"arin@brandhousela.com","risky","catch_all","no","yes"
"arioch@morningstarstudios.asia","bad","invalid","no","no"
"aris.petratis@the3bees.com.au","risky","catch_all","no","no"
"arivera@graniteschools.org","bad","invalid","no","no"
"arlen@tunisiaband.com","good","ok","no","no"
"arman.chowdhury@birdon.com.au","good","ok","no","no"
"armando@canyonsideconstructions.com","risky","catch_all","no","no"
"armando@eliteautomasters.com","bad","invalid","no","no"
"armin@mdbizcon.com","good","ok","no","no"
"arrow@eoni.com","risky","unknown","no","no"
"art.flores@chhj.com","risky","catch_all","no","no"
"arthur.ferreira@autonomoz.com.br","good","ok","no","no"
"arvada@mathnasium.com","good","ok","no","no"
"aryana@aryanabydesign.com.au","good","ok","no","no"
"asaesee@vusd.org","good","ok","no","no"
"asanderson@graniteschools.org","good","ok","no","no"
"ascencio.jesse@wenatcheeschools.org","good","ok","no","no"
"ascencionmartinez@madera.k12.ca.us","good","ok","no","no"
"ashedden@rallyhouse.com","good","ok","no","no"
"ashlee@storyshot.co","good","ok","no","no"
"ashley.lovett@thehartford.com","good","ok","no","no"
"ashley.papp@ultimatelongevitycenters.com","good","ok","no","no"
"ashley.vincent@milkshakefactory.com","good","ok","no","no"
"ashley@framereachstudio.com","good","ok","no","no"
"ashley@haedaldesigns.com","good","ok","no","no"
"ashley@haneygarcia.com","bad","invalid","no","no"
"ashley@rosecitybarbell.com","risky","catch_all","no","no"
"ashton@beavisparty.com.au","good","ok","no","no"
"ashvin@skingp.com.au","good","ok","no","no"
"asimmons@juniperpayments.com","risky","catch_all","no","no"
"asingh@hotelangeleno.com","good","ok","no","no"
"asingh@ontrac.com","risky","catch_all","no","no"
"asoucy@cataldo.org","good","ok","no","no"
"aspeer@uecompression.com","good","ok","no","no"
"asteeples@brinkshome.com","risky","catch_all","no","no"
"atabak@vesd.net","good","ok","no","no"
"athomas@xsrealestateadvisors.com","good","ok","no","no"
"atrujillo@sd27j.net","good","ok","no","no"
"aturner@graniteschools.org","bad","invalid","no","no"
"aubree@hawaiifluidart.com","good","ok","no","no"
"aubree@yrdllc.com","good","ok","no","no"
"audra@audrarosesalon.com","good","ok","no","no"
"audrey@beyondpaperwork.com","good","ok","no","no"
"aurora@mathnasium.com","good","ok","no","no"
"aus@kudosurf.com","good","ok","no","no"
"austin.dunn@windowgenie.com","good","ok","no","no"
"austin@austinfilm.org","good","ok","no","no"
"austyn@proguardroofing.com","good","ok","no","no"
"avaughn@caringtransitions.com","good","ok","no","no"
"avela@suncommunities.com","risky","catch_all","no","no"
"avelo@sylvan.k12.ca.us","good","ok","no","no"
"avesta@codewithus.com","good","ok","no","no"
"avspinelli@lacoppacoffee.com","risky","unknown","no","no"
"aweaver@elglending.com","good","ok","no","no"
"awilliams@gusd.net","good","ok","no","no"
"axel@mantis-sub.com","good","ok","no","no"
"axel@therugcollective.com","risky","catch_all","no","no"
"ayush@thedoorbull.com","good","ok","no","no"
"azarmeen@deliceglace.com","good","ok","no","no"
"b.awilliams@btinternet.com","risky","unknown","yes","no"
"b.chintam@anastasiabeverlyhills.com","good","ok","no","no"
"b.hurvitz@infantswim.com","good","ok","no","no"
"b.s.moore@theuglyco.com","risky","catch_all","no","no"
"babcock.matthew@lusd.org","good","ok","no","no"
"backofpack@runwildmissoula.org","good","ok","no","no"
"badler@soulinterface.ai","good","ok","no","no"
"baha.halaby@20thcenturystudios.com","risky","catch_all","no","no"
"bahar@denverpropertyphotography.com","risky","catch_all","no","no"
"bailee@bloblowdrybar.com","risky","catch_all","no","no"
"bairnadtsalov@bairrenovations.com","risky","catch_all","no","no"
"banuelos@ucla.edu","good","ok","no","no"
"barbara.stockton@kiddieacademy.net","good","ok","no","no"
"barbara@kcbbuilders.com","good","ok","no","no"
"barker.william@siemens.com","good","ok","no","no"
"barry.gao@nzx.com","risky","catch_all","no","no"
"barry@bluenoseaerial.com","risky","catch_all","no","no"
"barry@eclipseelectricalnz.com","good","ok","no","no"
"bart@ranchland.com","good","ok","no","no"
"bartkelly@btinternet.com","risky","unknown","yes","no"
"bayside@p3recovery.com.au","good","ok","no","no"
"bbarton@yesco.com","good","ok","no","no"
"bbirkhauser@primroselafayette.com","risky","unknown","no","no"
"bbradley@sonitrolpacific.com","risky","catch_all","no","no"
"bbush@treesurgerypenzance.co.uk","risky","unknown","no","no"
"bcalvillo@pbvusd.k12.ca.us","good","ok","no","no"
"bdarcangelo@ddsmatch.com","good","ok","no","no"
"bdomeier@arena.net","good","ok","no","no"
"bdunn@inrim.com.au","risky","catch_all","no","no"
"beau@premiercopperproducts.com","good","ok","no","no"
"bec@bushkindyaustralia.com.au","good","ok","no","no"
"bec@limecreative.com.au","good","ok","no","no"
"becky@bringaboutllc.com","good","ok","no","no"
"belinda.coleman@aurecongroup.com","good","ok","no","no"
"ben.bisbee@hoodriver.k12.or.us","good","ok","no","no"
"ben.durrant@immunopdt.com","risky","catch_all","no","no"
"ben.kinning@salesgeeksw.com","good","ok","no","no"
"ben.walsh@ipayroll.co.nz","good","ok","no","no"
"ben@advanceit.sg","good","ok","no","no"
"ben@alpinerolloffs.com","good","ok","no","no"
"ben@beareflooring.com.au","risky","catch_all","no","no"
"ben@bellemusique.com.au","good","ok","no","no"
"ben@builtwithblackstone.com","good","ok","no","no"
"ben@cableleader.com","good","ok","no","no"
"ben@crownrentalservices.com","risky","unknown","no","no"
"ben@littledash.com.au","risky","catch_all","no","no"
"ben@noma-tek.com","good","ok","no","no"
"ben@otathletics.com","good","ok","no","no"
"ben@runwaypen.com.au","risky","unknown","no","no"
"ben@schoolbjj.com","good","ok","no","no"
"ben@starfishfitness.com","good","ok","no","no"
"benito.perez@fillmoreusd.org","good","ok","no","no"
"benjamin@valleyderm.net","good","ok","no","no"
"bent@burkewilliams.com","bad","invalid","no","no"
"bernard.burney@kent.k12.wa.us","bad","invalid","no","no"
"bernard@eastcountyhandyman.com","good","ok","no","no"
"bert@saltcreekbusinessservices.com","good","ok","no","no"
"beth.witte-neuman@nva.com","good","ok","no","no"
"beth@rosebudchocolates.com","good","ok","no","no"
"bethany@bethebossdogtraining.com","bad","invalid","no","no"
"betsy@augcomsolutions.com","good","ok","no","no"
"betty@bwfinancialplanning.com","good","ok","no","no"
"bevan@milkshakepromotions.com.au","good","ok","no","no"
"beverley@alpinealarm.com","good","ok","no","no"
"beverly@fedex.com","risky","unknown","no","no"
"bg@merrittwoodwork.com","good","ok","no","no"
"bhakta@econolodge.com","bad","invalid","no","no"
"bhansen@tooeleschools.org","good","ok","no","no"
"bhaumik@ranchotax.com","risky","unknown","no","no"
"bhavin.folsom@gnc.com","risky","catch_all","no","no"
"bhill@taftcity.org","good","ok","no","no"
"bholmes@everettsd.org","good","ok","no","no"
"bhuntington@h2build.com","good","ok","no","no"
"bhusson@midaseducation.com","good","ok","no","no"
"bhuvana.sundar@ejgallo.com","good","ok","no","no"
"bill.hoge@jetsetpilates.com","good","ok","no","no"
"bill.rutelonis@kent.k12.wa.us","bad","invalid","no","no"
"bill.spencer@evergreennutrition.com","risky","catch_all","no","no"
"bill.swacker@springfield.k12.or.us","risky","catch_all","no","no"
"bill.wolsted@seattlepartylimo.com","bad","invalid","no","no"
"bill@barrpestcontrol.com","good","ok","no","yes"
"bill@billandbev.com","risky","unknown","no","yes"
"bill@books-in-order.com","good","ok","no","yes"
"bill@coveryourbrass.com","good","ok","no","yes"
"bill@mathesonsf.com","good","ok","no","yes"
"bill@thebestofamerica.org","good","ok","no","yes"
"bill@wrgorman.com","good","ok","no","yes"
"billb@grangecc.com.au","good","ok","no","no"
"billq@nswairflighttraining.com.au","risky","unknown","no","no"
"billy@burford.com.au","good","ok","no","no"
"billy@gowestcolfax.org","risky","catch_all","no","no"
"billy@narrowroadmovie.com","bad","invalid","no","no"
"billy@sunsetsectionals.com","good","ok","no","no"
"bingo@bingoburger.com","good","ok","no","no"
"bishop@bluaugust.com","bad","invalid","no","no"
"bitsy@joyfill.co","good","ok","no","no"
"bjostol@mechanicalsales.com","risky","catch_all","no","no"
"bkingsland@janussc.org","good","ok","no","no"
"blaire@atlaspc.us","risky","catch_all","no","no"
"blake.holmes@au.harveynorman.com","good","ok","no","no"
"blakewittman@harkins.com","bad","invalid","no","no"
"blanca.villegas@abm.com","good","ok","no","no"
"blancagutierrez@iusd.org","good","ok","no","no"
"blaner@elecsuperior.com","risky","unknown","no","no"
"blessed@blsd.com","good","ok","no","no"
"blopez@bhusd.org","good","ok","no","no"
"bluet@lancsd.org","good","ok","no","no"
"bmartinez@martinezautoshop.com","bad","invalid","no","no"
"bmorton@ninepipeslodge.com","risky","catch_all","no","no"
"bob.mcmurdo@wvsd.org","good","ok","no","no"
"bob.perez@bobfenceandlandscape.com","good","ok","no","no"
"bob@bci-inspections.com","good","ok","no","no"
"bob@nikal.com.au","good","ok","no","no"
"bob@portraitpros.photos","good","ok","no","no"
"bob@rivercitysrvstorage.com","good","ok","no","no"
"bob@wolcottsecurity.com","risky","unknown","no","no"
"bobbi@purewestmt.com","good","ok","no","no"
"bonnie@missbonniespreschool.com","good","ok","no","no"
"bonny@blueskypilates.net","good","ok","no","no"
"borden@planecrazystudios.com","risky","catch_all","no","no"
"bothongdymanyv@seattleschools.org","good","ok","no","no"
"boydj@lummi-nsn.gov","bad","invalid","no","no"
"bpaxton@brdcommercial.com","good","ok","no","no"
"bperez@asburyauto.com","risky","catch_all","no","no"
"bpriest@supernovas.com","good","ok","no","no"
"brad.phillips@rollersandliners.com.au","good","ok","no","no"
"brad@gamemastersstores.com","good","ok","no","no"
"brad@pepperwoodfinancial.com","good","ok","no","no"
"brad@sornvin.com","good","ok","no","no"
"brad@vsdcreative.com.au","good","ok","no","no"
"brad@whiterabbitcreative.com.au","good","ok","no","no"
"bradensteed@thevantagewindows.com","risky","catch_all","no","no"
"bradley.parrish@expanseelectrical.com","good","ok","no","no"
"bradley@blackdiamondpumping.com","bad","invalid","no","no"
"bradleylangston@antiochschools.net","good","ok","no","no"
"brady@gcpenergy.us","good","ok","no","no"
"brady@nextgendistribution.co","risky","unknown","no","no"
"braeden.moffat@agencylaunch.net","risky","catch_all","no","no"
"brandin.hatch@garfk12.org","good","ok","no","no"
"brandon.haakenson@myvoda.com","risky","unknown","no","no"
"brandon.morales@tallgrassfreight.com","good","ok","no","no"
"brandon.myers@ushadvisors.com","risky","catch_all","no","no"
"brandon@ailexsolves.com","risky","catch_all","no","no"
"brandon@balancehouse.com","good","ok","no","no"
"brandon@brenergysolutions.com","good","ok","no","no"
"brandon@cascadedrafting.com","good","ok","no","no"
"brandon@dataflowpros.ai","good","ok","no","no"
"brandon@havepartywilltravel.com","good","ok","no","no"
"brandon@lgbcontainers.com","risky","catch_all","no","no"
"brandon@snackgochiso.com","good","ok","no","no"
"brandon@stonegatecc.com","good","ok","no","no"
"brandonpaine@broncoelite.com","risky","catch_all","no","no"
"brandonramirez@edgeandnode.com","good","ok","no","no"
"brandy.cripps@worldapp.com","bad","invalid","no","no"
"breana.armstard@staffmark.com","risky","catch_all","no","no"
"brenda@buttercupbabylv.com","good","ok","no","no"
"brenda@loudandclearcreative.com","good","ok","no","no"
"brenda@vistaprinting.com","risky","unknown","no","no"
"brendan@nexthome-ethos.com","good","ok","no","no"
"brendon@hoskenproperty.nz","good","ok","no","no"
"brennen@passport-sports.com","risky","catch_all","no","no"
"brent@bellinghamfoodscapes.com","good","ok","no","no"
"brent@movingmountainsadvisors.com","good","ok","no","no"
"brent@phyzwell.com","good","ok","no","no"
"brenton@mongrelfishing.com.au","risky","unknown","no","no"
"brett.anderson@waternsw.com.au","good","ok","no","no"
"brett.chadbon@losangelesofficecleaning.com","bad","invalid","no","no"
"brett@7bfitness.com","risky","unknown","no","no"
"brett@adage.cc","risky","unknown","no","no"
"brett@cutterpillar.com","risky","catch_all","no","no"
"brett@popcultcha.com.au","good","ok","no","no"
"brett@respectconnect.com.au","good","ok","no","no"
"brett@savu.com.au","risky","catch_all","no","no"
"brharris@psdschools.org","risky","unknown","no","no"
"bri@kleredemultimedia.com","good","ok","no","no"
"brian.cantwell@arcturus.studio","good","ok","no","no"
"brian.dilks@dilksknopik.com","risky","unknown","no","no"
"brian.durwood@greenbraeaccelerator.com","good","ok","no","no"
"brian.gibson@futureclear.com","good","ok","no","no"
"brian.jackson@floorcoveringsinternational.com","good","ok","no","no"
"brian.pepelnjak.elzy@statefarm.com","good","ok","no","no"
"brian.reed@kent.k12.wa.us","good","ok","no","no"
"brian@cascadiatraining.org","good","ok","no","no"
"brian@everydayeatery.com","good","ok","no","no"
"brian@groundability.com.au","bad","invalid","no","no"
"brian@pearceheating.com","good","ok","no","no"
"brian@seniorlivingconsultants.com","good","ok","no","no"
"brian@sonicalchemy.co","good","ok","no","no"
"brian@threefishsolutions.com","good","ok","no","no"
"brian@wholesalehats.com","good","ok","no","no"
"briangallegos@sbsd.net","good","ok","no","no"
"bridget.weber@lemedrx.com","good","ok","no","no"
"bridget@ampupmybiz.com","good","ok","no","no"
"brien.smith@crowngallery.net","bad","invalid","no","no"
"brimpton@brimptonllc.com","bad","invalid","no","no"
"brisbaneeast@wet-seal.ws","good","ok","no","no"
"brit@martinandtope.com","bad","invalid","no","no"
"brittany@fancifulrentals.com","good","ok","no","no"
"brittany@localhomedesignwy.com","good","ok","no","no"
"brittany@punishedprops.com","good","ok","no","no"
"brittany@rentfivestar.com","good","ok","no","no"
"brittney.rogers@mcintyreaccounting.com","good","ok","no","no"
"brittney@treefortchild.com","bad","invalid","no","no"
"brooke@ghpins.com","good","ok","no","no"
"brooke@nextgenswim.com.au","good","ok","no","no"
"bruce@gmw.com","bad","invalid","no","no"
"bruce@thefridaygroup.com.au","good","ok","no","no"
"bruce@tontoverderealty.com","good","ok","no","no"
"bruce@vemma.com","bad","invalid","no","no"
"bruno.karalus@theircare.edu.au","good","ok","no","no"
"bryan.gwynn@realestateschooler.com","bad","invalid","no","no"
"bryan.t@wsa.com","good","ok","no","no"
"bryan@farhy.co","risky","catch_all","no","no"
"bryan@huntsolve.com","good","ok","no","no"
"bryan@keeneyepropertyinspections.com","good","ok","no","no"
"bryan@rentonschools.us","good","ok","no","no"
"bryan@scoopsontap.com","good","ok","no","no"
"bryan@xentrixsystems.com","risky","unknown","no","no"
"bryanb@spokaneschools.org","good","ok","no","no"
"brynn@desertoakcounseling.com","good","ok","no","no"
"bsamuels@mednet.ucla.edu","good","ok","no","no"
"bslide@bouncethenslide.com","risky","catch_all","no","no"
"bsmith@tahomasd.us","risky","catch_all","no","no"
"bspokes@metromining.com.au","good","ok","no","no"
"bstreet@mtnwest.com","good","ok","no","no"
"btownsend@blairtownsend.com","bad","invalid","no","no"
"buergels@evsd.org","good","ok","no","no"
"busseyv@mdusd.org","good","ok","no","no"
"bwebb@tooeleschools.org","good","ok","no","no"
"bwong@originbakingco.com","good","ok","no","no"
"byron@realm-services.com","good","ok","no","no"
"byron_iboy@beaverton.k12.or.us","good","ok","no","no"
"c.chullino@renexec.com","good","ok","no","no"
"c.young@kw.com","good","ok","no","no"
"cadenh@utbcmedia.com","good","ok","no","no"
"caitlin.fisher@eroad.com","good","ok","no","no"
"caitlin@ahcins.com","good","ok","no","no"
"caleblubean@thevantagewindows.com","risky","catch_all","no","no"
"calix@askcuri.com","good","ok","no","no"
"callerosg@cajonvalley.net","good","ok","no","no"
"cam.hamilton@ostudio.co.nz","risky","catch_all","no","no"
"camden@highlighterwednesday.com","good","ok","no","no"
"cameron.kessler@invisiongc.com","good","ok","no","no"
"cameron@ashersappliances.com","risky","catch_all","no","no"
"cameron@boostup.com.au","good","ok","no","no"
"cameron@coloringsquared.com","good","ok","no","no"
"cames@northmasonschools.org","good","ok","no","no"
"camille.salcedo@nwea.org","good","ok","no","no"
"candace.holmes@tiereleven.com","risky","catch_all","no","no"
"candi@chicomassageschool.com","good","ok","no","no"
"candice@hygge-dayspa.com","good","ok","no","no"
"captainh@technomage.com.au","good","ok","no","no"
"cara.wilson@abm.com","good","ok","no","no"
"cari@scrub-pop.com","good","ok","no","no"
"carl.chandler@phoenix.gov","good","ok","no","no"
"carl@duncanaccountingandtax.com","bad","invalid","no","no"
"carla.l.axtman@sos.oregon.gov","good","ok","no","no"
"carli.jones@rockend.com","risky","unknown","no","no"
"carlin@vigilantveritas.com","good","ok","no","no"
"carlos.gomez@jusd.k12.ca.us","risky","catch_all","no","no"
"carlos.navarro@cvesd.org","good","ok","no","no"
"carlos.rubio@computence.com.au","good","ok","no","no"
"carlos@lodarcy.com","good","ok","no","no"
"carlos@securumcapsa.com","good","ok","no","no"
"carlosvanegas@elementsmassage.com","good","ok","no","no"
"carlson@carlsonland.net","good","ok","no","no"
"carlton@caslerlawoffice.com","good","ok","no","no"
"carly@spewy.com.au","good","ok","no","no"
"caro@poulettebakeshop.com","good","ok","no","no"
"carol@cnalv.com","good","ok","no","no"
"carol@crescentmoonskincare.com","good","ok","no","no"
"caroline@ruedesfontenelles.co.uk","good","ok","no","no"
"carolyn.crowley@cpcrowley.com","risky","unknown","no","no"
"carolyn@cloud9sewing.com","good","ok","no","no"
"carolyn@granitecreekvaluation.com","good","ok","no","no"
"carolyn@purposedriven-life.com","good","ok","no","no"
"carrie@4chicksfurniture.com","good","ok","no","no"
"carson@westernmontanaroofing.com","risky","catch_all","no","no"
"carter@craterspaces.com","good","ok","no","no"
"carter@jmlordinc.com","good","ok","no","no"
"carter@mapachesolutions.com","good","ok","no","no"
"casebero@egusd.net","risky","catch_all","no","no"
"casey.sullivan@masonry-restoration.com","good","ok","no","no"
"cash@hnhbuild.com","good","ok","no","yes"
"cassandra.inglis@sidewood.com.au","good","ok","no","no"
"cassandra.mukhtar@mvwc.com","good","ok","no","no"
"cassellt@tukwila.wednet.edu","good","ok","no","no"
"cassi@ironsoulgym.com","good","ok","no","no"
"cassidy@enchantmentvineyards.com","good","ok","no","no"
"cassie@cassiepeterson.com","good","ok","no","no"
"castlerockco@goddardschools.com","good","ok","no","no"
"catherine@debrachiarello.com","bad","invalid","no","no"
"cathygilbert@newdawncounselingpnw.com","good","ok","no","no"
"catrina@claywellness.co","good","ok","no","no"
"caymen@quietanthemco.com","risky","catch_all","no","no"
"cbennett@janison.com","good","ok","no","no"
"cboer@ryanboer.com","good","ok","no","no"
"cbrunel@expansiveself.com","good","ok","no","no"
"cc@vfx2go.com","good","ok","no","no"
"ccase@snoozemattresscompany.com","risky","catch_all","no","no"
"cchacon@bestbuygutter.com","risky","catch_all","no","no"
"ccollins@myvites.com","risky","catch_all","no","no"
"ccostello@ekmail.com","risky","unknown","no","no"
"ccrenshaw@high5cannabis.com","good","ok","no","no"
"cdyer@proteanconflictsolutionsllc.com","bad","invalid","no","no"
"cecilia@desertroseretreat.com","risky","catch_all","no","no"
"cecilia_trujillo@aar.com","bad","invalid","no","no"
"celestekupperbusch@ikumon.com","good","ok","no","no"
"centraleastakl@bricks4kidz.com","risky","catch_all","no","no"
"cfranklin@franklin-bay.com","good","ok","no","no"
"cfraser@visalus.com","bad","invalid","no","no"
"cgarcia@pleasantonusd.net","good","ok","no","no"
"cgerfers@minidokaschools.org","bad","invalid","no","no"
"cgoeckner@fisherstech.com","risky","catch_all","no","no"
"chad.hildreth@cenovus.com","good","ok","no","no"
"chad@arrowleafmarketing.com","risky","catch_all","no","no"
"chad@sfcreativemedia.com","good","ok","no","no"
"chall@nthurston.k12.wa.us","good","ok","no","no"
"chance.j@xano.com","good","ok","no","no"
"chansen@groovyhues.com","good","ok","no","no"
"chantal.kietzmann@creativekidslab.com.au","risky","catch_all","no","no"
"chantel@elitepristineservices.com","good","ok","no","no"
"chantelle@greenyourevent.com.au","good","ok","no","no"
"charanjeev.kaur@globallogic.com","risky","catch_all","no","no"
"charl@dwellsmiths.co.nz","bad","invalid","no","no"
"charles.carson@rentonschools.us","bad","invalid","no","no"
"charles.hopkins@whestkoastplumbing.com","bad","invalid","no","no"
"charles.lucero@grandviewdentistryofkingman.com","bad","invalid","no","no"
"charles@chazcodev.com","good","ok","no","no"
"charles@coastalccbuild.com","good","ok","no","no"
"charlie.yamashita@vaporprofessionals.com","risky","catch_all","no","no"
"charline.song@conquest.com","good","ok","no","no"
"charlotte@serenityrealtyofca.com","good","ok","no","no"
"charlotte@sffallshow.org","good","ok","no","no"
"chatsworth@mathnasium.com","good","ok","no","no"
"chawkins@lbschools.net","good","ok","no","no"
"chayse.hill@restotach.com","risky","catch_all","no","no"
"chaz@razorthinmedia.com","good","ok","no","no"
"chelseam@arena.net","good","ok","no","no"
"chenchen.yu@unitedmasters.com","good","ok","no","no"
"chenjiahe@topopixel.com","good","ok","no","no"
"cher@dartbrook.com","good","ok","no","no"
"cheri.brown@oregoncitylink.com","bad","invalid","no","no"
"chernandez@hemetusd.org","good","ok","no","no"
"chernandez@pacaso.com","good","ok","no","no"
"cherry@psychicdinners.net.au","good","ok","no","no"
"cheryl@chicstagingsa.com","bad","invalid","no","no"
"cheryl@loveofdogs.training","good","ok","no","no"
"chet@chetnetwork.com","bad","invalid","no","no"
"chiatt@graniteschools.org","good","ok","no","no"
"choisington@openloop.net","good","ok","no","no"
"chorton@acninc.com","bad","invalid","no","no"
"chris.brown@medirecords.com","good","ok","no","no"
"chris.jackson@swiftpos.com.au","good","ok","no","no"
"chris.james@proudhomes.com.au","risky","catch_all","no","no"
"chris.maze@patientdecon.com","risky","unknown","no","no"
"chris@advantaprint.com","good","ok","no","no"
"chris@asmallbizsolution.com","good","ok","no","no"
"chris@boldphysique.com","good","ok","no","no"
"chris@cascarafp.com","good","ok","no","no"
"chris@chrisscreations.com","risky","unknown","no","no"
"chris@completepost.com.au","risky","catch_all","no","no"
"chris@constantairbalancing.com","good","ok","no","no"
"chris@currumbinwoodworks.com.au","good","ok","no","no"
"chris@endeva.co.nz","good","ok","no","no"
"chris@jtanimalark.com","risky","catch_all","no","no"
"chris@latitude32aerialimaginganddroneservices.com","good","ok","no","no"
"chris@panaderasolutions.com","risky","unknown","no","no"
"chris@portlandeast.homemasters.com","good","ok","no","no"
"chris@premiergrouprealty.com","risky","catch_all","no","no"
"chris@sonatixwellness.com","risky","catch_all","no","no"
"chris@streetsignmobilenotary.com","good","ok","no","no"
"chris@tryaffogato.com","good","ok","no","no"
"chris@whitehatcolorado.com","good","ok","no","no"
"chrisl@jmpcreative.com","risky","unknown","no","no"
"chrissy@theworkerscottage.nz","risky","catch_all","no","no"
"christene_stratman@berkeley.edu","good","ok","no","no"
"christi@cooperandheart.com","risky","catch_all","no","no"
"christian@hellosugar.salon","good","ok","no","no"
"christie.pentecost@availity.com","risky","catch_all","no","no"
"christie@conveyonline.com.au","good","ok","no","no"
"christie@evergreen-insurance.com","good","ok","no","no"
"christina@chromaticapplications.com.au","risky","unknown","no","no"
"christina@ingoboevents.com","good","ok","no","no"
"christina@krogstadaquavit.com","good","ok","no","no"
"christine@contentgen.com","good","ok","no","no"
"christopher.doidge@uiconsulting.com","risky","catch_all","no","no"
"christopher.przedwojewski@uk-cpi.com","bad","invalid","no","no"
"christopher.smith@fusd.net","bad","invalid","no","no"
"christopher.stanback@hbo.com","bad","invalid","no","no"
"christopher@coolcucumberco.com","risky","catch_all","no","no"
"christopher@shelby.com","bad","invalid","no","no"
"christy.yazdi@bluesagedayspa.com","risky","unknown","no","no"
"chuck.mcsorley@hbo.com","bad","invalid","no","no"
"chuckbartlett@dooleysdoghouse.com","bad","invalid","no","no"
"chuckw@netwood.net","risky","unknown","no","no"
"cielle.charron@secretroompress.com","risky","catch_all","no","no"
"cierra@thebookkeepingbiz.com","good","ok","no","no"
"cindi.kerzie@stellarskinandlaser.com","risky","unknown","no","no"
"cindy@cindysartandsoul.com","bad","invalid","no","no"
"cindy@healthypayson.com","good","ok","no","no"
"cindy@quickcraving.com","good","ok","no","no"
"cindy@rhythmroomla.com","risky","catch_all","no","no"
"cindy@soaringlifecoaching.com","good","ok","no","no"
"cindy@wingleefarms.com","good","ok","no","no"
"cintya@bperfecto.com","good","ok","no","no"
"cj@irgcsolutions.com","risky","unknown","no","no"
"cjacobs@jacobsconstruction.com","good","ok","no","no"
"cjacocks@vistaneuro.com","good","ok","no","no"
"cjames@ffc8.org","bad","invalid","no","no"
"cjmcneill@bnsmcneill.com","bad","invalid","no","no"
"cjohnson@minutemanpress.com","good","ok","no","no"
"ckwan@mobilepaindoctors.com","bad","invalid","no","no"
"claire@clairefrancoise.com.au","good","ok","no","no"
"claire@honeybower.com","good","ok","no","no"
"claire@risinglotusyoga.com","good","ok","no","no"
"clairem@dcisoftware.com","good","ok","no","no"
"clarissa@gatherandgrowtherapy.com","good","ok","no","no"
"clark@utahmtg.com","good","ok","no","no"
"claudia.vizcarra@lausd.net","risky","catch_all","no","no"
"claudia@contemporarypsychology.com.au","risky","catch_all","no","no"
"claudiacampbell@kidsdentalbrands.com","good","ok","no","no"
"clay@cybersafetycop.com","risky","catch_all","no","no"
"clayton@ercspecialists.com","good","ok","no","no"
"clement.boateng@dhha.org","good","ok","no","no"
"cleomar@xfinegroup.com","good","ok","no","no"
"cleone@shibusasystems.com","good","ok","no","no"
"cliff@azshowerdoorpros.com","risky","catch_all","no","no"
"cliff@coloradofloor.com","good","ok","no","no"
"cliff@moonconstruction.com","good","ok","no","no"
"clint.hansen@washk12.org","risky","catch_all","no","no"
"clint.vought@jtelectric.com","good","ok","no","no"
"clive@heartofhunter.com.au","good","ok","no","no"
"clopez@psdschools.org","risky","unknown","no","no"
"clovejoy@republicmoving.com","good","ok","no","no"
"cluce@clearcreeksheriff.us","good","ok","no","no"
"cmartell@vestmark.com","good","ok","no","no"
"cmartinez@graniteschools.org","bad","invalid","no","no"
"cmertins@cvsd.org","good","ok","no","no"
"cmohr@mohrandassociates.com","good","ok","no","no"
"cmonell@lawnsquad.com","good","ok","no","no"
"cmoorefield@talkfusion.com","bad","invalid","no","no"
"cmorison@slateandsage.com.au","good","ok","no","no"
"cnaeve@westminsterpublicschools.org","risky","catch_all","no","no"
"cnaoum@northcoastmed.com","risky","catch_all","no","no"
"cnorris@nmg.com.au","good","ok","no","no"
"coaching@amandaflisher.com","risky","catch_all","no","no"
"coaching@kristinafolcik.com","good","ok","no","no"
"cobie@aspenintegrity.com","good","ok","no","no"
"cody@1mconstruction.com","good","ok","no","no"
"cody@702demo.com","risky","unknown","no","no"
"cody@ccbiscuits.com","good","ok","no","no"
"cody@lockepm.com","good","ok","no","no"
"cody@mediaquestweb.com","good","ok","no","no"
"cody@utsmedia.agency","good","ok","no","no"
"colby@truebluetrucking.net","good","ok","no","no"
"cole@colesunlimited.com","bad","invalid","no","no"
"cole@kiyostudios.com","bad","invalid","no","no"
"colin.white@iaexpand.com","risky","catch_all","no","no"
"collective@sassyglassy.com","good","ok","no","no"
"colleen@spatialdesignsolutions.com","good","ok","no","no"
"collette@modernrealty.us","good","ok","no","no"
"collin.hollihan@staterbros.com","risky","catch_all","no","no"
"collyn@nmutah.com","good","ok","no","no"
"commerciale@et-al.it","good","ok","no","yes"
"conchita@eyeline.tv","good","ok","no","no"
"concord@crust.com.au","risky","catch_all","no","no"
"conkling@hsd.k12.or.us","bad","invalid","no","no"
"connie.davison@kent.k12.wa.us","good","ok","no","no"
"connie@connietremblay.com","good","ok","no","no"
"connor.eddy1@taulia.com","good","ok","no","no"
"connor@ul-logistics.com","risky","catch_all","no","no"
"constance.hill@waldenu.edu","good","ok","no","no"
"controller@southwestplumbinginc.com","good","ok","no","yes"
"cook@chefjoannas.com","good","ok","no","no"
"cooperj@simtekmodular.com","good","ok","no","no"
"coral@whoareyoufilms.com","good","ok","no","no"
"corey.walters@helokn.com","risky","unknown","no","no"
"corey@coreelectricalnsw.com.au","good","ok","no","no"
"corinne@feedinghappykids.com","good","ok","no","no"
"corinne@westhomeco.com","risky","catch_all","no","no"
"corneall.maxwell@aspirepublicschools.org","bad","invalid","no","no"
"corrine@corrinethecontentqueen.com","good","ok","no","no"
"cortlandt@kingscourtbrewingcompany.com","good","ok","no","no"
"corwin@hoodhero.com","good","ok","no","no"
"cory.hash@epiroc.com","good","ok","no","no"
"cory@contempac.com","bad","invalid","no","no"
"coryell@skschools.org","risky","unknown","no","no"
"cottens@hsd.k12.or.us","bad","invalid","no","no"
"cottonwoodheights@mathnasium.com","good","ok","no","no"
"courtney@boulderadmin.com","good","ok","no","no"
"courtney@ferntree.co","good","ok","no","no"
"courtney@goldentouch5280.com","good","ok","no","no"
"courtney@hamptonentertainment.com","good","ok","no","no"
"courtneyjohnson@icisabelladesigns.com","bad","invalid","no","no"
"cperez@ceres.k12.ca.us","risky","catch_all","no","no"
"craig@odlawyer.com","good","ok","no","no"
"craig@rockymountainclimate.com","good","ok","no","no"
"craig@skillsonsafety.com.au","good","ok","no","no"
"cramos@psdschools.org","risky","unknown","no","no"
"create@melissaguerrero.com","good","ok","no","no"
"creynolds@dhmasonry.com","bad","invalid","no","no"
"creynoso@ucsd.edu","risky","catch_all","no","no"
"crichard@c-port.com","good","ok","no","no"
"cris@wasatchtopsoil.com","good","ok","no","no"
"cristian@salasinvestmentsllc.com","risky","catch_all","no","no"
"cristine.rodgers@claimocity.com","good","ok","no","no"
"cromo@glendora.k12.ca.us","good","ok","no","no"
"cross@activepure.com","bad","invalid","no","no"
"cryan@sonsofeden.com","good","ok","no","no"
"crystal.waldorf@waldorfpetspa.com","bad","invalid","no","no"
"crystal@thetempleevents.com","good","ok","no","no"
"crystal@weserveidaho.com","good","ok","no","no"
"csanders@succeed.net","risky","unknown","no","no"
"cschadewitz@ikumon.com","good","ok","no","no"
"cschneider@ocvibe.com","good","ok","no","no"
"cserrano@mednet.ucla.edu","good","ok","no","no"
"csgroup@villagesite.com","good","ok","no","no"
"cshearer@shearerfire.com","good","ok","no","no"
"csides@graygoatgaming.com","good","ok","no","no"
"cskinnerup@americanbarbell.com","good","ok","no","no"
"cspice@seattleschools.org","bad","invalid","no","no"
"cstone@designscapes.org","good","ok","no","no"
"ctejeda@integritycharterschool.net","good","ok","no","no"
"cthompson@airemasters-ac.com","good","ok","no","no"
"ctoomer@neptunetg.com","good","ok","no","no"
"cuong.phan@altora.com.au","good","ok","no","no"
"current@theprophouse.com.au","bad","invalid","no","no"
"currierd@metro.net","good","ok","no","no"
"curt@proelectricinc.com","good","ok","no","no"
"curt_blanscet@enumclaw.wednet.edu","good","ok","no","no"
"curtis@primewestplumbing.com","good","ok","no","no"
"curtis@turbopest.com","good","ok","no","no"
"custom@customfloorsaz.com","risky","unknown","no","no"
"cutshalld@bsd405.org","good","ok","no","no"
"cvigiani@succeed.net","risky","unknown","no","no"
"cvillagomez@perfectionpetfoods.com","bad","invalid","no","no"
"cw@winklersat.com","risky","catch_all","no","no"
"cwagner@ccproperties.com","risky","catch_all","no","no"
"cwieland@ghcot.com","good","ok","no","no"
"cwoods@giveinteractive.com","good","ok","no","no"
"cwright@workbay.com","good","ok","no","no"
"cyndi@amicableagreements.com","good","ok","no","no"
"cynthia.hartwig@business-strategy-llc.com","bad","invalid","no","no"
"cynthia@futuresbh.com","good","ok","no","no"
"cynthia@simplykitchens.com","good","ok","no","no"
"cyount@acninc.com","bad","invalid","no","no"
"czaragoza@farmersagent.com","good","ok","no","no"
"dagraviador@lbschools.net","bad","invalid","no","no"
"dainella@genencedigital.com","risky","catch_all","no","no"
"dale.bainbridge@mercure.com","risky","unknown","no","no"
"dale.wyngaard@hiscox.com","bad","invalid","no","no"
"dale@clearview.co.il","bad","invalid","no","no"
"dale@ministryofleadership.com","good","ok","no","no"
"daleo@getintuitive.com","good","ok","no","no"
"dallan.pickard@turtlerockstudios.com","good","ok","no","no"
"dallen@santacruzcoe.org","good","ok","no","no"
"dallin@sdc.dk","bad","invalid","no","no"
"dallinw@provo.edu","good","ok","no","no"
"damien.z@manageyourloans.com.au","good","ok","no","no"
"damien@mabey.com.au","good","ok","no","no"
"damon.ford@waterlooturf.com","good","ok","no","no"
"dan.cline@raprec.com","good","ok","no","no"
"dan.porter@rentonschools.us","bad","invalid","no","no"
"dan.schmitz@blackfincloud.com","good","ok","no","no"
"dan@balancedlivingasia.com","good","ok","no","no"
"dan@calm.com","good","ok","no","no"
"dan@championoutdoorlighting.com","risky","catch_all","no","no"
"dan@danalvarezsalt.com","good","ok","no","no"
"dan@dcirigging.com","good","ok","no","no"
"dan@eventlightingrental.com","bad","invalid","no","no"
"dan@fishkids.co.uk","good","ok","no","no"
"dan@onestoplighting.net","good","ok","no","no"
"dana.mack@kimley-horn.com","good","ok","no","no"
"dandersen@andersenfarms.com","bad","invalid","no","no"
"dandler@seashoreacademy.org","risky","catch_all","no","no"
"danelleherbert@etchedintimetravel.com","good","ok","no","no"
"dani@jmroofingsolutions.org","risky","catch_all","no","no"
"daniel.cruz@canopytax.com","good","ok","no","no"
"daniel.guerrero@splitero.com","good","ok","no","no"
"daniel.hastings@omnia.financial","risky","catch_all","no","no"
"daniel.johnson@solotech.com","good","ok","no","no"
"daniel.miller@bpsoftware.net","bad","invalid","no","no"
"daniel.ridgey@rentonschools.us","bad","invalid","no","no"
"daniel@azssa.com","good","ok","no","no"
"daniel@bethanyins.com","good","ok","no","no"
"daniel@cleanerplanner.com","good","ok","no","no"
"daniel@goldenrovers.com","good","ok","no","no"
"daniel@inlandarbor.com","good","ok","no","no"
"daniel@northpeakroof.com","good","ok","no","no"
"daniel@seasonscleaningservices.com","good","ok","no","no"
"daniel@shadesandblindsco.com","risky","catch_all","no","no"
"daniel@switchbait.com.au","good","ok","no","no"
"daniel@willemkurtwines.com.au","good","ok","no","no"
"daniel_morales@lawndalesd.net","good","ok","no","no"
"daniel_toh@flyscoot.com","good","ok","no","no"
"daniela.becerra@kwiff.com","bad","invalid","no","no"
"daniela@expertlegalnurses.com","good","ok","no","no"
"danielle.mccarthy@tasports.com.au","good","ok","no","no"
"danj@glenroy.com","good","ok","no","no"
"danni@pactrading.com.au","good","ok","no","no"
"danyelle@jadebk.com","risky","catch_all","no","no"
"danyellm@thickair.net","good","ok","no","no"
"dara.brennan@avetta.com","good","ok","no","no"
"darden.lucas@westada.org","good","ok","no","no"
"darius@a1losangelesrealestateappraisals.com","good","ok","no","no"
"darla@swahili-imports.com","good","ok","no","no"
"darmour@southernworld.com","good","ok","no","no"
"darren.allatt@oohmedia.com.au","good","ok","no","no"
"darren.chan@dcgoods.xyz","good","ok","no","no"
"darren@preparesmart.com","good","ok","no","no"
"darrick@martinhomesteam.com","good","ok","no","no"
"darrin@morrisonfarms.net","risky","catch_all","no","no"
"darryl@arrowhygiene.co.nz","good","ok","no","no"
"dart@firstprofessional.net","good","ok","no","no"
"daryl.holtrop@nv.k12.wa.us","good","ok","no","no"
"dattaraj.sansgiri@aexp.com","good","ok","no","no"
"dave.konesky@bhhsdrysdale.com","good","ok","no","no"
"dave.mcgruddy@talentvault.co.nz","good","ok","no","no"
"dave@cheftech.com.au","risky","catch_all","no","no"
"dave@ddnwcc.com","good","ok","no","no"
"dave@elevatemyrentals.com","good","ok","no","no"
"dave@oceanreefrepairs.com","good","ok","no","no"
"dave@pacificpolymergroup.com","good","ok","no","no"
"dave@palmsphotography.com.au","good","ok","no","no"
"dave@projectprofessionalservices.com.au","risky","catch_all","no","no"
"dave@usnmedical.org","good","ok","no","no"
"daveda.ades@servicon.com","bad","invalid","no","no"
"daverill@pplpros.com","good","ok","no","no"
"david.cramond@au.harveynorman.com","good","ok","no","no"
"david.farrar@washk12.org","risky","catch_all","no","no"
"david.isaac@garlandchemical.com","risky","unknown","no","no"
"david.keng@kamion.com.au","good","ok","no","no"
"david.lewis@lmsvschools.org","good","ok","no","no"
"david.manje@arroyopress.com","bad","invalid","no","no"
"david.mcgaffey@kent.k12.wa.us","bad","invalid","no","no"
"david.smith@shadowmountain.org","good","ok","no","no"
"david.watson@au.harveynorman.com","good","ok","no","no"
"david.winterbourne@zoomdrain.com","good","ok","no","no"
"david@aceswaste.com","risky","unknown","no","no"
"david@alternativeengineering.com.au","good","ok","no","no"
"david@areteglobal.us","risky","catch_all","no","no"
"david@armymechanics.com","bad","invalid","no","no"
"david@atriasystems.com.au","good","ok","no","no"
"david@boothlaw.co.nz","good","ok","no","no"
"david@clampline.com.au","risky","catch_all","no","no"
"david@davidhenryphoto.com.au","good","ok","no","no"
"david@dglobalconstruction.com","risky","catch_all","no","no"
"david@dj-drywall.com","good","ok","no","no"
"david@f1.co.nz","bad","invalid","no","no"
"david@forthrightps.com","good","ok","no","no"
"david@gotsecurityscreens.com","good","ok","no","no"
"david@hawk.energy","risky","unknown","no","no"
"david@heil-law.com","good","ok","no","no"
"david@heliospowercorp.com","good","ok","no","no"
"david@hexteriors.com","risky","catch_all","no","no"
"david@jterotech.com","risky","catch_all","no","no"
"david@northernstarmills.com","good","ok","no","no"
"david@olearywalkerwines.com","good","ok","no","no"
"david@precisepestsolutions.com","good","ok","no","no"
"david@regenerativeworldgroup.com","good","ok","no","no"
"david@serv-pros.com","good","ok","no","no"
"david@stormkingdistilling.com","good","ok","no","no"
"david@turfconstruction.com","risky","catch_all","no","no"
"david@turnuonelectrical.com.au","risky","catch_all","no","no"
"david@webfuture.io","risky","catch_all","no","no"
"davidwolf@tutorvisions.com","risky","catch_all","no","no"
"davis.jon@tusd.org","risky","catch_all","no","no"
"davis@mathnasium.com","good","ok","no","no"
"davis@thebubblecarwash.com","good","ok","no","no"
"dawn@wovenwindow.com","good","ok","no","no"
"dayle.arblaster@tsariley.au","good","ok","no","no"
"dayna@gohmanmechanical.com","good","ok","no","no"
"dayna@yogicolorado.com","risky","catch_all","no","no"
"dayvid.martinez@hbo.com","bad","invalid","no","no"
"dbattista@fixmyhome.com","good","ok","no","no"
"dbautista@lagrandecpa.com","good","ok","no","no"
"dberentson@cio.net","good","ok","no","no"
"dbj.nurnberg@shoot360sanmateo.com","risky","catch_all","no","no"
"dbob@disney.com","good","ok","no","no"
"dbockman@anaheimelementary.org","good","ok","no","no"
"dbonanno@egusd.net","risky","catch_all","no","no"
"dcain@lineman.edu","good","ok","no","no"
"dcardenas@wini.com","good","ok","no","no"
"dcastillo@mpusd.net","good","ok","no","no"
"dcolburn@accelschools.com","bad","invalid","no","no"
"dcullen@csa-engineers.com","good","ok","no","no"
"ddellostritto@gatsbyglass.com","bad","invalid","no","no"
"ddetrou@cpr-stores.com","good","ok","no","no"
"dduenas@pbvusd.k12.ca.us","good","ok","no","no"
"dean@laserwarriors.com.au","good","ok","no","yes"
"dean@matthewstrust.com.au","risky","unknown","no","yes"
"deanna@batmdathletics.com","good","ok","no","no"
"deanna@nomnomnola.com","risky","catch_all","no","no"
"deb@decwalls.com","bad","invalid","no","no"
"deb@propertyvp.com","risky","unknown","no","no"
"debbie@lovestory.com.au","bad","invalid","no","no"
"debbie@monarchflyway.com","good","ok","no","no"
"debbiestickler@traininginlifechoices.org","risky","catch_all","no","no"
"deborah@kanfuela.com","good","ok","no","no"
"deborah@water2water.com.au","good","ok","no","no"
"decide@decide.tv","risky","unknown","no","no"
"dee.elledge@staples.com","risky","catch_all","no","no"
"dee.fewkes@puhsd.org","good","ok","no","no"
"dee@forbiddencannabisclub.com","good","ok","no","no"
"dehn@milestoneevents.co","good","ok","no","no"
"delenn@dsheppardmarketing.com","good","ok","no","no"
"dellis@ceia-usa.com","good","ok","no","no"
"delmar.ca@sylvanlearning.com","good","ok","no","no"
"demetrio@shocksecurity.com","good","ok","no","no"
"demetrius.wren@xdagency.com","good","ok","no","no"
"demi@lashoutcolorado.com","good","ok","no","no"
"dena.calderon@secondimage.com","risky","catch_all","no","no"
"dena@rswine.com","good","ok","no","no"
"denea@vogelprep.com","good","ok","no","no"
"deneice.chaussee@abm.com","good","ok","no","no"
"dengesser@barretthospital.org","risky","catch_all","no","no"
"denise@drpcreativemetalworks.com","bad","invalid","no","no"
"denise@dynamicfence.net","good","ok","no","no"
"denise@renteriavineyards.com","good","ok","no","no"
"denise@revolutionhealthalliance.com","good","ok","no","no"
"dennis@bbwaterproofing.com","good","ok","no","no"
"dennis@dennisluedeman.com","bad","invalid","no","no"
"dennis@freshmyspace.com","bad","invalid","no","no"
"denny@dennymccowan.com","good","ok","no","no"
"denny@infinitydw.com","good","ok","no","no"
"derek.lehman@rollingsuds.com","good","ok","no","no"
"derek@anzieblue.com","good","ok","no","no"
"derek@artisangroupllc.com","good","ok","no","no"
"derek@pivot-freight.com","good","ok","no","no"
"derek@zensuitepartners.com","good","ok","no","no"
"derly@lacreperieduvillage.com","good","ok","no","no"
"deshawn@humanlayerlabssecurity.com","good","ok","no","no"
"desiree.jackson@asd20.org","risky","catch_all","no","no"
"development@onthelit.com","bad","invalid","no","yes"
"devin@swiftauto.net","good","ok","no","no"
"dgakle@sunnyvale.ca.gov","bad","invalid","no","no"
"dgonzales@musd.net","good","ok","no","no"
"dgould@cloverpark.k12.wa.us","risky","catch_all","no","no"
"dgregory@canasiaaustralia.com","good","ok","no","no"
"dhector@ceres.k12.ca.us","risky","catch_all","no","no"
"dhoward@gestaltstudio.com","good","ok","no","no"
"dhyata.patel@westpac.com.au","good","ok","no","no"
"dial@dialjonestennis.com","bad","invalid","no","no"
"diana.chew@gbst.com","good","ok","no","no"
"diana.semler@concoracredit.com","good","ok","no","no"
"diana@wiensranch.com","good","ok","no","no"
"diane@madkatllc.com","good","ok","no","no"
"dianelvoss@angelsabovehomecare.com","good","ok","no","no"
"diann@twobearsinc.com","good","ok","no","no"
"dianna@floatingmagnolia.com","good","ok","no","no"
"dick@thedahlerteam.com","good","ok","no","no"
"dick@woodmart.com","good","ok","no","no"
"diego@hmn.plus","risky","catch_all","no","no"
"digrant@metaphysicscollege.com","good","ok","no","no"
"dilan@goldenmoments.net.nz","good","ok","no","no"
"dilini.udathenne-gedara@nz.abb.com","good","ok","no","no"
"dimitar@impactfulgrowth.co","risky","catch_all","no","no"
"dino@ayapilates.co","good","ok","no","no"
"disney.meza@signetjewelers.com","good","ok","no","no"
"dj@olsenbakehouse.com","good","ok","no","no"
"djoens@mobileaccountingnm.com","good","ok","no","no"
"dkaplan@ccsprojects.com","good","ok","no","no"
"dkiyota@nwrtwmv.com","good","ok","no","no"
"dlawson@slzusd.org","bad","invalid","no","no"
"dleng@csenergy.com.au","risky","catch_all","no","no"
"dlittle@fortwaynefc.com","risky","catch_all","no","no"
"dlopez@c-vusd.org","good","ok","no","no"
"dmarquez@sd27j.net","good","ok","no","no"
"dmarshall@homewellcares.com","good","ok","no","no"
"dmarsola@c-vusd.org","good","ok","no","no"
"dmartha@pcoe.k12.ca.us","good","ok","no","no"
"dmathre@myabchiro.com","good","ok","no","no"
"dmiera@boggydraw.com","bad","invalid","no","no"
"dmoore@lwsd.org","good","ok","no","no"
"doctor@careintegrative.com","good","ok","no","no"
"doctor@myrevivemd.com","good","ok","no","no"
"doctorliz@hirschhornpsych.com","good","ok","no","no"
"dojo@dojooutfitters.com","good","ok","no","no"
"dolores@here4u.biz","good","ok","no","no"
"dom@grsembryos.com.au","good","ok","no","no"
"dominic.puiu@agig.com.au","good","ok","no","no"
"dominic@thisisyard.com","good","ok","no","no"
"dominick.rodriguez@drinkpak.com","risky","catch_all","no","no"
"don.potter@c3ilex.com","bad","invalid","no","no"
"don@dongalt.com","risky","unknown","no","no"
"donald@wctax.com","risky","unknown","no","no"
"donna.remelius@abm.com","good","ok","no","no"
"doris.louie@columbia.com","bad","invalid","no","no"
"doug.miner@starone-talent.com","bad","invalid","no","no"
"doug@conceptmktg.net","good","ok","no","no"
"doug@g-nat.com","good","ok","no","no"
"doug@missoulawine.com","risky","catch_all","no","no"
"doug@rebuilt.fit","risky","catch_all","no","no"
"doug@socalmodern.com","good","ok","no","no"
"doug@sticknrudder.com.au","good","ok","no","no"
"doug@tahoemovingcompany.com","good","ok","no","no"
"dougs@ballardsheetmetal.com","good","ok","no","no"
"dpeguero@ssd2.org","good","ok","no","no"
"dpickering@redflagg.com.au","good","ok","no","no"
"dr.affatato@centannichiropractic.com","good","ok","no","no"
"dr.eckstein@vetsforyourpets.com","good","ok","no","no"
"dr.holly.spotts@fullcupwellness.com","good","ok","no","no"
"dr.tyler@idealfamilychiro.com","good","ok","no","no"
"dramos@comfortsystemsofmt.com","good","ok","no","no"
"drangel@ivretina.com","good","ok","no","no"
"drbates@activa360.com","good","ok","no","no"
"drbrian@californiaoakschiropractic.com","good","ok","no","no"
"drdan@danmetevier.com","bad","invalid","no","no"
"drfeller@fellerbehavioralhealth.com","good","ok","no","no"
"drfreitas@freitasdentistry.com","risky","catch_all","no","no"
"drhill@petvetproduct.com","good","ok","no","no"
"drjax@transformationhealthtoday.com","risky","catch_all","no","no"
"drjennidvm@pdusa.net","good","ok","no","no"
"drjess@malonsodental.com","risky","unknown","no","no"
"drjoanne@traumaandbeyondcenter.com","good","ok","no","no"
"drjorge@beyondborderspt.com","good","ok","no","no"
"drk@wildflowerorthoco.com","good","ok","no","no"
"drl@lockesystems.com","good","ok","no","no"
"drlawlor@uccsf.com","risky","catch_all","no","no"
"droyer@rescueusd.org","good","ok","no","no"
"drparot@desertoasiseyecare.com","risky","unknown","no","no"
"drpendon@urbanmed.com","good","ok","no","no"
"drshah@tara-acupuncture.com","good","ok","no","no"
"drtyson@tfrwellnessgroup.com","risky","unknown","no","no"
"dsanders@ez2dowebsites.com","risky","unknown","no","no"
"dscudder@slcusd.org","good","ok","no","no"
"dserar@marykay.com","bad","invalid","no","no"
"dsmith@tamarcomputerconsulting.com","good","ok","no","no"
"dsnediker@carga.com","good","ok","no","no"
"dsperber@wwps.org","good","ok","no","no"
"dstimpson@ragerssna.com","risky","catch_all","no","no"
"dstuart@spectrumadvocacy.com","good","ok","no","no"
"dswain@lwsd.org","bad","invalid","no","no"
"duncan@crazycranes.com.au","risky","catch_all","no","no"
"dupdegraff@updegraffclinic.com","good","ok","no","no"
"dustin@greatbasinrenewables.com","risky","unknown","no","no"
"dustin@headsetadvisor.com","good","ok","no","no"
"dustons@emeryschools.org","good","ok","no","no"
"dusty@ospreycbs.com","good","ok","no","no"
"duwabala@swirepay.com","good","ok","no","no"
"duy-viet.phan-ba@kent.k12.wa.us","good","ok","no","no"
"dvincent@komatsu.com.au","risky","catch_all","no","no"
"dweickum@tahomasd.us","risky","catch_all","no","no"
"dwiley@slzusd.org","good","ok","no","no"
"dwise@securitydatasupply.com","risky","unknown","no","no"
"dwlord@kitcarson.net","risky","unknown","no","no"
"dwyant@powayusd.com","good","ok","no","no"
"dyamileth@evercontractingcleaning.com","good","ok","no","no"
"dylan@ddnwcc.com","good","ok","no","no"
"dylan@fanninstudios.com","good","ok","no","no"
"eallred@netherrealm.com","good","ok","no","no"
"eastlake@mathnasium.com","good","ok","no","no"
"ebeck@morongousd.org","good","ok","no","no"
"ebennett@graniteschools.org","bad","invalid","no","no"
"ebishop@san.rr.com","good","ok","no","no"
"ecaron@psdschools.org","risky","unknown","no","no"
"ecastro@legacydental.net","risky","unknown","no","no"
"echarisky@lajollajewelry.com","bad","invalid","no","no"
"echurcher@cinemark.com","bad","invalid","no","no"
"ed@edkennedy.photography","bad","invalid","no","no"
"eddie.teo@stanford.com.sg","good","ok","no","no"
"eddie@outcastprod.com","good","ok","no","no"
"eddie@velocetuning.com.au","good","ok","no","no"
"edemarrias@mallofamerica.com","bad","invalid","no","no"
"edithg@earthlink.com","risky","unknown","no","no"
"edudziak@maaco.com","risky","catch_all","no","no"
"edward.bueno@td.com","risky","catch_all","no","no"
"edward@baileyseg.com","risky","catch_all","no","no"
"edward@pacificsoutherndevelopment.com","good","ok","no","no"
"eelizondo@gilmorecc.com","good","ok","no","no"
"eferguson@thepcplace.com","good","ok","no","no"
"eflucus@lbschools.net","good","ok","no","no"
"efren@goldlevelmarketing.com","risky","catch_all","no","no"
"efrutos@servicebymedallion.com","bad","invalid","no","no"
"efry@radiax.com","good","ok","no","no"
"egarcia@hbuhsd.edu","good","ok","no","no"
"egeorgeson@graniteschools.org","bad","invalid","no","no"
"egielisch@pendletonsd.org","good","ok","no","no"
"egilliland@athleticrepublicteam.com","good","ok","no","no"
"ehayes@musd.net","good","ok","no","no"
"eherr@copado.com","good","ok","no","no"
"ej@awsnapbayarea.com","risky","unknown","no","no"
"ejimenez@agcdc.com","good","ok","no","no"
"ejs@goitsd.com","good","ok","no","no"
"elaine@inkdefensetattoo.com","risky","catch_all","no","no"
"elatta@joeyrestaurants.com","good","ok","no","no"
"elease@mbdy.be","risky","catch_all","no","no"
"electra@personcenteredtech.com","good","ok","no","no"
"eleonore@sacredventures.com","good","ok","no","no"
"eli@safe-chimney.com","risky","catch_all","no","no"
"eli@thecrmwizards.com","good","ok","no","no"
"elifgurel@lagu.com.tr","good","ok","no","no"
"elina.zakhodina@coolvu.com","good","ok","no","no"
"elisa.cramer@arrow.com","good","ok","no","no"
"elise@foragedinteriors.com","good","ok","no","no"
"elise@theheritageforge.com","good","ok","no","no"
"elisestone@ncver.edu.au","good","ok","no","no"
"elisha.oates@servicestream.com.au","good","ok","no","no"
"elizabeth.courville@aexp.com","good","ok","no","no"
"elizabeth.meier@goddardschools.com","good","ok","no","no"
"elizabeth.murillo@motorolasolutions.com","bad","invalid","no","no"
"elliot.kerdel@activnutrition.com.au","good","ok","no","no"
"elliot.saperstein@saportho.com","risky","catch_all","no","no"
"elliot@newpark.vc","risky","catch_all","no","no"
"elmboogie@epicenterarts.com","good","ok","no","no"
"eme.miz@jokenstyle.com","risky","unknown","no","no"
"emilie@studiomunroe.com","good","ok","no","no"
"emily.stutzman@happylucky.com","good","ok","no","no"
"emily.white@aurecongroup.com","good","ok","no","no"
"emily.woodruff@cvshealth.com","good","ok","no","no"
"emily@pacificbeachlaundryco.com","good","ok","no","no"
"emily@plantasarch.com","good","ok","no","no"
"emma.aitken@cpbcon.com.au","good","ok","no","no"
"emma.hancock@tsariley.au","good","ok","no","no"
"emma@easetechnical.com.au","good","ok","no","no"
"emma@smarterair.com.au","good","ok","no","no"
"emmaline@exceptionalstays.com","good","ok","no","no"
"eness@mpsd.k12.or.us","bad","invalid","no","no"
"enjoli.fowler@abm.com","good","ok","no","no"
"enjoy@sidestreetwine.com","good","ok","no","no"
"enrique.gomez@abm.com","good","ok","no","no"
"eovermyer@pipeworks.com","good","ok","no","no"
"epoland@ggusd.net","good","ok","no","no"
"epp@olypen.com","good","ok","no","no"
"eralphs@ghella.com","good","ok","no","no"
"eric@abletreeservice.com","good","ok","no","no"
"eric@bentleyenterprisesllc.co","bad","invalid","no","no"
"eric@cafecoda.com","good","ok","no","no"
"eric@collinsconsultinggroupinc.com","good","ok","no","no"
"eric@dandrconstruction.org","risky","unknown","no","no"
"eric@ewjinsurance.com","good","ok","no","no"
"eric@imagineiff.com","good","ok","no","no"
"eric@qualitycarpetsantacruz.com","good","ok","no","no"
"eric@ridgefallsfp.com","good","ok","no","no"
"eric@trainwitheric.com","good","ok","no","no"
"eric@warriorrepublicco.com","good","ok","no","no"
"erica@brg.llc","risky","catch_all","no","no"
"erick.curtis@eternallegacyai.com","good","ok","no","no"
"erik.talvi@oneidentity.com","good","ok","no","no"
"erik@electronicmusicclub.net","good","ok","no","no"
"erik@runningpixels.net","good","ok","no","no"
"erik@submititnow.com","good","ok","no","no"
"erin.willyard@popmenu.com","good","ok","no","no"
"erin@theevergreenledger.com","good","ok","no","no"
"ernestolepe@missionlinen.com","good","ok","no","no"
"ernie.herrera@riotinto.com","risky","catch_all","no","no"
"ernie@unm.edu","good","ok","no","no"
"esantana@strglobal.com","risky","unknown","no","no"
"esingleton@steilacoom.k12.wa.us","good","ok","no","no"
"esouthwick@childrenslighthouse.com","good","ok","no","no"
"esteban@teamtsl.com","good","ok","no","no"
"esther.walla@sba.gov","bad","invalid","no","no"
"esti@dolcefairy.com","good","ok","no","no"
"ethan@gtautomotive.com","good","ok","no","no"
"ethan@primehourtech.com","good","ok","no","no"
"eva@adroitbookkeeping.com","good","ok","no","no"
"evan@precisionautodetailingca.com","good","ok","no","no"
"evan@stapleypharmacy.com","risky","unknown","no","no"
"evan@sunnyscleancar.com","good","ok","no","no"
"evanreed@reedconsulting.llc","good","ok","no","no"
"ewyatt@everettsd.org","good","ok","no","no"
"executive@proximagroupus.com","good","ok","no","yes"
"eyecare@sanmarinooptometry.com","good","ok","no","no"
"ezra.sauter@ascendmobility.net","good","ok","no","no"
"fadumo.ahmed@rentonschools.us","bad","invalid","no","no"
"fanie@alwin.co.za","bad","invalid","no","no"
"fatih@parfumary.com","good","ok","no","no"
"fawad@pinnaclesecurityguards.com","good","ok","no","no"
"fballard@familyplumbing.com","good","ok","no","no"
"fbarajas@dc.rr.com","good","ok","no","no"
"fcantarero@eatelranchero.com","bad","invalid","no","no"
"federico@divine-orchids-more.business.site","bad","invalid","no","no"
"felicia@elevateyogapilates.co","good","ok","no","no"
"felipen@elliebs.org.au","good","ok","no","no"
"fergusb@douglas.co.nz","good","ok","no","no"
"fernando@coppervalleyutah.com","bad","invalid","no","no"
"fernie.ruiz@alvordschools.org","good","ok","no","no"
"ffioretti@barrick.com","bad","invalid","no","no"
"fgalvan@pleasantonusd.net","good","ok","no","no"
"fgriffin@lusd.net","good","ok","no","no"
"fifi.thrift@compassx.com","risky","catch_all","no","no"
"filip@fgmechanical.us","good","ok","no","no"
"fjackson@slzusd.org","good","ok","no","no"
"fkirkland@deermtncreations.com","good","ok","no","no"
"flo@breatheandflow.org","good","ok","no","no"
"florian@seqdentalspecialist.com.au","good","ok","no","no"
"flowtech@getflow.com","risky","catch_all","no","no"
"flynn@kingsmanelectrical.com.au","good","ok","no","no"
"fmarotta@vusd.org","good","ok","no","no"
"fmelo@srvusd.net","good","ok","no","no"
"forest.baker@buyervoice.ai","good","ok","no","no"
"fox.robert@lusd.org","good","ok","no","no"
"frances@pulsetraining.com.au","good","ok","no","no"
"francine@sisleykitchen.com","good","ok","no","no"
"frank@hibrix.com","good","ok","no","no"
"fraser@fairly.com","risky","catch_all","no","no"
"fred@motorsportstravel.com","good","ok","no","no"
"freddo@amarimage.com","good","ok","no","no"
"frog@frogandfirkin.com","risky","unknown","no","no"
"fujisawa@calricecenter.com","bad","invalid","no","no"
"fuzz@eddys.co","good","ok","no","no"
"fvillanueva@mpusd.k12.ca.us","good","ok","no","no"
"gabbie@reddsummit.com","risky","catch_all","no","no"
"gabe@keyrenternoco.com","good","ok","no","no"
"gabriel@gcpaintingutah.com","good","ok","no","no"
"gabrielg@gladiateair.com","risky","catch_all","no","no"
"gabrielle@oakandedge.com.au","good","ok","no","no"
"gabrielle_camacho@unifirst.com","bad","invalid","no","no"
"gaelan@e20systems.com","good","ok","no","no"
"gagan.sandhu@bupa.com.au","good","ok","no","no"
"gahebert@gtenviro.com","risky","unknown","no","no"
"gail@harmonicegg.com","good","ok","no","no"
"galina.yusupov@allegro.pl","bad","invalid","no","no"
"gareth@asconsulting.net.au","risky","catch_all","no","no"
"gargueta@verdantas.com","good","ok","no","no"
"garrett@haulamerican.us","risky","catch_all","no","no"
"garth@franklinwoodworking.com","good","ok","no","no"
"gary.elix@expresspros.com.au","good","ok","no","no"
"gary.jordan@bobsautobodyfortdodge.com","risky","unknown","no","no"
"gary.odom@abm.com","good","ok","no","no"
"gary@hydrosource.net","good","ok","no","no"
"gary@northwestscaffold.com","good","ok","no","no"
"gary@osullivan.org","good","ok","no","no"
"gary@potterconstruction.com","good","ok","no","no"
"gary@strombergassociates.com","good","ok","no","no"
"garymajor12@inbox.eu","good","ok","no","no"
"gaucho@sonic.net","good","ok","no","no"
"gaurav.shah@coppergate.in","good","ok","no","no"
"gavin.front@chronosprep.com","risky","catch_all","no","no"
"gavin@indulgefoods.com.au","good","ok","no","no"
"gavin@republiccustomsstore.com","risky","catch_all","no","no"
"gavin@stramaclighting.com.au","good","ok","no","no"
"gavin@volthub.com.au","good","ok","no","no"
"gaylecampbell@windermere.com","good","ok","no","no"
"gbush@coldstonecreamery.com","bad","invalid","no","no"
"gcorrea@phoenixedge.co","good","ok","no","no"
"gdhaliwal@salesforce.com","good","ok","no","no"
"gdluck@windermere.com","good","ok","no","no"
"geg001@ucsd.edu","risky","catch_all","no","no"
"geneva@backpocketcreative.com","good","ok","no","no"
"geneva_roman@beaverton.k12.or.us","good","ok","no","no"
"genevieve.wang@ebev.com","risky","catch_all","no","no"
"genny@gennymoller.com","good","ok","no","no"
"geoff@iexcel.co.nz","risky","catch_all","no","no"
"geoff@kleinman.com","good","ok","no","no"
"geoff@mmlc.co.nz","good","ok","no","no"
"geoff@sysnative.com","good","ok","no","no"
"geoff@tritones.com.au","good","ok","no","no"
"george.bacic@worldwide.com.au","good","ok","no","no"
"george.folkman@folkmanunderground.com","bad","invalid","no","no"
"george@elegantslax.com.au","good","ok","no","no"
"george@frwrdmgmt.com","good","ok","no","no"
"george@sedonastoneveneer.com","good","ok","no","no"
"george@shepherdsb.com","good","ok","no","no"
"georgem@northstartransport.com","bad","invalid","no","no"
"georgia.kelly-bakker@fphgroup.com.au","good","ok","no","no"
"gerard@lakeview-properties.com","good","ok","no","no"
"german@loopcortex.com","risky","catch_all","no","no"
"gerry@onestopautoabq.com","bad","invalid","no","no"
"gfloth@floth.com.au","risky","unknown","no","no"
"ggarrison@prg.com","risky","catch_all","no","no"
"ggomez@remsahealth.com","good","ok","no","no"
"ggoodell@cvsd.org","bad","invalid","no","no"
"ghansen@groovyhues.com","good","ok","no","no"
"giang.nguyen@summerset.com.au","good","ok","no","no"
"gihad@carealestate.com.au","good","ok","no","no"
"gil@anytimewindowsanddoors.com","risky","catch_all","no","no"
"gina@baccarodesigns.com","good","ok","no","no"
"gina@divecdi.com","good","ok","no","no"
"gina@wink-eyewear.com","good","ok","no","no"
"gjones@integrafinancialservice.com","good","ok","no","no"
"gkassel@plumblineservices.com","good","ok","no","no"
"gladstone@f45training.com.au","risky","unknown","no","no"
"glenn@fivevalleystherapy.com","good","ok","no","no"
"glenn@perarch.la","good","ok","no","no"
"glenn_villarreal@jusd.k12.ca.us","risky","catch_all","no","no"
"glennmctag1@pbsbusiness.com.au","good","ok","no","no"
"gloria.lomanto@lomantoinsurance.vpweb.com","bad","invalid","no","no"
"gm@metropolitanbg.com","risky","unknown","no","yes"
"gmaldonado@simplenetworksolutionsca.com","good","ok","no","no"
"gmiller@marquerestoration.com.au","risky","catch_all","no","no"
"gmorris@carlsbadusd.net","good","ok","no","no"
"gnickerson@swsinc.com","good","ok","no","no"
"gperez@smmusd.org","risky","catch_all","no","no"
"gprothero@alpinetruss.com.au","good","ok","no","no"
"grace.yi@sandiegosoftplay.com","good","ok","no","no"
"grace@craftvaluation.com","good","ok","no","no"
"grace@gg-dev.co","good","ok","no","no"
"grace@sabs.com.au","good","ok","no","no"
"gracelee@capitalchemist.com.au","good","ok","no","no"
"graeme@vdagroup.com.au","risky","catch_all","no","no"
"graham.ford@toyota.com.au","good","ok","no","no"
"graham@perryssupply.com","risky","unknown","no","no"
"grant.staples@theglovecompany.com","good","ok","no","no"
"grant@5milemercantile.com","risky","catch_all","no","no"
"grant@brancomotors.com","good","ok","no","no"
"grant@galvanizefitsac.com","good","ok","no","no"
"grant@homesacreage.com.au","good","ok","no","no"
"grant@mrcollinsflorist.com.au","good","ok","no","no"
"grant@sahalept.com","good","ok","no","no"
"grayson@getventana.com","risky","unknown","no","no"
"greg.cravens@meeker.k12.co.us","risky","catch_all","no","no"
"greg.keller@kelleritconsulting.com","good","ok","no","no"
"greg@acousticalwires.com","good","ok","no","no"
"greg@bluelineremod.com","risky","catch_all","no","no"
"greg@magnoliacarwash.com","risky","catch_all","no","no"
"greg@maxilift.com.au","good","ok","no","no"
"greg@mobileops.co","risky","catch_all","no","no"
"greg@sharpewolf.com","risky","catch_all","no","no"
"greg@ulmersautocare.com","good","ok","no","no"
"greg@yourchoicefunerals.com.au","risky","catch_all","no","no"
"gregchin@seattlevisionclinic.com","good","ok","no","no"
"gresendez@azusa.org","good","ok","no","no"
"gretchen@lifestylepilatespetaluma.com","good","ok","no","no"
"gretchen@starfishcalifornia.com","good","ok","no","no"
"grishmas@usc.edu","good","ok","no","no"
"grow@attiscc.com","good","ok","no","no"
"grubb@skschools.org","risky","unknown","no","no"
"gsantoyo@santoyoconstruction.com","good","ok","no","no"
"gsuciu@artc.com.au","bad","invalid","no","no"
"gthomas@woldfoundation.org","good","ok","no","no"
"guardian@ginsnet.com","good","ok","no","no"
"gunnar@innovative-electric.com","risky","catch_all","no","no"
"guruleb@laramie1.org","bad","invalid","no","no"
"gus@garciataxcpa.com","risky","catch_all","no","no"
"gus@torenhospitality.com","good","ok","no","no"
"gustavo.beltran@sausd.us","risky","catch_all","no","no"
"guy.herr@fleetfeetlongbeach.com","good","ok","no","no"
"guy@beachcityblinds.biz","good","ok","no","no"
"guy@metala.com.au","good","ok","no","no"
"gwilliams@journaltech.com","good","ok","no","no"
"hagen@redguava.com.au","good","ok","no","no"
"hahnc1@svsd410.org","good","ok","no","no"
"hailey.jones@kotahi.co.nz","good","ok","no","no"
"hajiabadi@insilicosci.com","risky","unknown","no","no"
"hal@pm-solutions.net","good","ok","no","no"
"haley@h2healthandwellness.com","risky","catch_all","no","no"
"haley@rewildwaterkefir.com.au","good","ok","no","no"
"hamaadm@hmtransportation.com","risky","catch_all","no","no"
"hane@lecontejewelry.com","risky","catch_all","no","no"
"hanhi@thedanceasylum.com","bad","invalid","no","no"
"hank@yardageco.com","risky","catch_all","no","no"
"hannah.sweeney@ajbell.co.uk","good","ok","no","no"
"hannah@iniciocoffee.com","good","ok","no","no"
"hans.cardenas@finishproconcrete.com","good","ok","no","no"
"hans.montolalu@whiparound.com","risky","catch_all","no","no"
"hardik.mehta@impressive.com.au","good","ok","no","no"
"hardip@liquidvision.net.au","good","ok","no","no"
"harrison.finch@contractor.conocophillips.com","good","ok","no","no"
"harrison@oldtowntowing.com","risky","unknown","no","no"
"harrison@voltlites.com","good","ok","no","no"
"harry@stratfordoak.org","risky","catch_all","no","no"
"harvey@sculptorfitness.com","good","ok","no","no"
"hassan.zaheer@remax.co.nz","good","ok","no","no"
"hayden@theprincessandthebear.com","good","ok","no","no"
"hcordary@uintaeducation.org","good","ok","no","no"
"heather@herbalrootssupplements.com","risky","unknown","no","no"
"heather@lusciousmaven.com","good","ok","no","no"
"heather@thespicyapron.com","good","ok","no","no"
"heatherg@exhibitcompany.com","good","ok","no","no"
"heaven@terratovela.com","good","ok","no","no"
"hector.quinones@fmsd.org","good","ok","no","no"
"hedyeh@youngonestudio.com","risky","unknown","no","no"
"helana.pennywell@littleblessingsdaycare.net","bad","invalid","no","no"
"helen.thoenes@aculeo.co","risky","catch_all","no","no"
"helen@australiangiftedsupport.com","bad","invalid","no","no"
"heltoukhy@sufc.co.uk","good","ok","no","no"
"hemi@mountshop.co.nz","good","ok","no","no"
"hendryma@tfsd.org","good","ok","no","no"
"henry@henrythepoolguy.com","risky","catch_all","no","no"
"henry@thewellnessinstitutelajolla.com","good","ok","no","no"
"henry@voicecursor.ai","good","ok","no","no"
"henry@zolve.com.au","good","ok","no","no"
"henryr@cyberexcavation.com","good","ok","no","no"
"hh@henhouse-cafe.com","good","ok","no","no"
"hilliardp@fromscratchwithlovecatering.com","bad","invalid","no","no"
"hira@hifanglobal.com","risky","unknown","no","no"
"hjennifer@mjsdowntowncafe.com","bad","invalid","no","no"
"hlorick@laconsulting.com","good","ok","no","no"
"hmuskovits-ferguson@washoeschools.net","bad","invalid","no","no"
"hoa@fishmanfoods.com.au","good","ok","no","no"
"hofferman@carissimipublications.com","good","ok","no","no"
"hoffman@gorge.net","good","ok","no","no"
"holbrook@highlandgolfcarts.com","bad","invalid","no","no"
"hollie@ellemariehairstudio.com","good","ok","no","no"
"holly@abodeboise.com","good","ok","no","no"
"holly@allmanlifecare.com","good","ok","no","no"
"holly@lpbroadband.net","good","ok","no","no"
"honest.g@enagic.com","bad","invalid","no","no"
"hope.perez@asd20.org","risky","catch_all","no","no"
"hotran@720capitalgroup.com","good","ok","no","no"
"houdinistop@xtra.co.nz","good","ok","no","no"
"howard.sills@waternsw.com.au","good","ok","no","no"
"howard_wilson@wilsonhilltreefarm.com","good","ok","no","no"
"hprajapati@bigsaverfoods.com","good","ok","no","no"
"hugo@hugoaccountingservices.com.au","good","ok","no","no"
"hugs@rockstarcomputerhelp.com","good","ok","no","no"
"huib@thesmileofexperience.com","good","ok","no","no"
"hunter@smallworks.com","good","ok","no","no"
"hwhalan@mophones.co","good","ok","no","no"
"iain@resonancecoachingvt.com","risky","catch_all","no","no"
"ian.brown@jhu.edu","good","ok","no","no"
"ian.watson@watmar.com.au","risky","catch_all","no","no"
"ian@healthwiseguy.com","good","ok","no","no"
"ian@ism.beer","good","ok","no","no"
"ian@jameshomeservices.com.au","good","ok","no","no"
"ian@northridgecpaservices.com","good","ok","no","no"
"iborden@asd5.org","good","ok","no","no"
"ideas@dmseeds.com","good","ok","no","yes"
"ieweich@budcommllc.com","good","ok","no","no"
"igor@thinkingmarketing.com.au","good","ok","no","no"
"imedellin@vvuhsd.org","good","ok","no","no"
"imendez@campbellsci.com","bad","invalid","no","no"
"imogen@era-advisory.com.au","good","ok","no","no"
"imran.afzal@netsoltech.com","good","ok","no","no"
"iona@northernfoot.com","good","ok","no","no"
"iortiz@hopeschooldistrict.org","good","ok","no","no"
"ipacku@ipacku.com","risky","catch_all","no","no"
"ira@freshperspectivemt.com","good","ok","no","no"
"irene@directchemistoutlet.com.au","good","ok","no","no"
"irene@ilmtravel.com","good","ok","no","no"
"irivera@ggusd.net","good","ok","no","no"
"irma.c@irma.dk","bad","invalid","no","no"
"irodriguez@mrpk.org","good","ok","no","no"
"isaac@iclabsnv.com","good","ok","no","no"
"isaac@pickettpest.com","good","ok","no","no"
"isabella@moonward.com.au","good","ok","no","no"
"ishtiaque.shah@gnc.com","risky","catch_all","no","no"
"islambasicr@bsd405.org","good","ok","no","no"
"ismael.aguilar@caminonuevo.org","risky","catch_all","no","no"
"israel@bluesky-rec.com","good","ok","no","no"
"it+bz-staging@beehivesoftware.com","risky","catch_all","no","no"
"itanks@iusd.org","bad","invalid","no","no"
"ivanceinc@empresa5.co.site","bad","invalid","no","no"
"ivasyliev@beyondbancard.com","good","ok","no","no"
"ivor@trophymasters.com","risky","unknown","no","no"
"izzy@balloonbabes.com","risky","catch_all","no","no"
"j.lazcano@westside.k12.ca.us","good","ok","no","no"
"j.walsh@johnwalsharchitect.com","good","ok","no","no"
"j.williams@superiormaintenancesolutions.co","good","ok","no","no"
"j7ramirez@ucsd.edu","risky","catch_all","no","no"
"j@excelroofing.com","good","ok","no","no"
"jaci@kslm.news","good","ok","no","no"
"jack@pinparrot.com","bad","invalid","no","no"
"jack@santok.com","good","ok","no","no"
"jacki.fischer@treetop.com","risky","catch_all","no","no"
"jackson@jdbookkeepings.com","good","ok","no","no"
"jackson@visiondisplay.com","good","ok","no","no"
"jaco.dupreez@proservice.co.nz","good","ok","no","no"
"jacob.mccormick@johnslyng.com.au","good","ok","no","no"
"jacob@beachesweho.com","good","ok","no","no"
"jacob@desertskyai.com","good","ok","no","no"
"jacob@insightassessment.com.au","risky","unknown","no","no"
"jacob@jmatran.com","good","ok","no","no"
"jacob@robotelectrical.com.au","risky","catch_all","no","no"
"jacobh@brittan.k12.ca.us","good","ok","no","no"
"jacqueline@homateam.com","bad","invalid","no","no"
"jadam@trxtraining.com","good","ok","no","no"
"jade.busbee@elembio.com","good","ok","no","no"
"jade.mortensen@bdresort.com","good","ok","no","no"
"jade@jadekisnorbo.com","good","ok","no","no"
"jade@montanaproperty.com","good","ok","no","no"
"jady.cutler@monoova.com","good","ok","no","no"
"jaguiar@nvusd.org","good","ok","no","no"
"jaime.gomez@wecklabs.com","good","ok","no","no"
"jaime@cazareselectric.com","bad","invalid","no","no"
"jaime@lacabanade.mx","good","ok","no","no"
"jaime@moragapress.com","good","ok","no","no"
"jaime@sonomaresidentialservices.com","good","ok","no","no"
"jaimi@jaimiholker.com","good","ok","no","no"
"jake@805software.com","good","ok","no","no"
"jake@disney.com","good","ok","no","no"
"jake@forrerwoodworks.com","good","ok","no","no"
"jake@vanrooyplumbing.com","risky","catch_all","no","no"
"james.carrigan@ffpeds.com","good","ok","no","no"
"james.cronk@oside.us","good","ok","no","no"
"james.foley@tdda.com","good","ok","no","no"
"james.sullivan@komplabsllc.com","risky","catch_all","no","no"
"james@berryfinancial.net","good","ok","no","no"
"james@bioonevegas.com","good","ok","no","no"
"james@claimstinger.com","risky","catch_all","no","no"
"james@geehashimoto.com","good","ok","no","no"
"james@jmcon.com.au","good","ok","no","no"
"james@jrtwebsitedesigns.com","bad","invalid","no","no"
"james@leemediacreative.com","risky","unknown","no","no"
"james@moorewindows.com","good","ok","no","no"
"james@newgrowthnm.org","bad","invalid","no","no"
"james@thebotanicalbrothers.com.au","risky","unknown","no","no"
"jameson@graywolfcreative.com","good","ok","no","no"
"jamespeck@baoshi.sg","good","ok","no","no"
"jamessmith@analyticworks.io","good","ok","no","no"
"jamie@buzzkidz.org","risky","catch_all","no","no"
"jamie@fieldinst.com","good","ok","no","no"
"jamie@getpermanentsolutions.com","risky","catch_all","no","no"
"jamie@hrmnhealth.com","risky","catch_all","no","no"
"jamie@shirehomeloans.com.au","good","ok","no","no"
"jamie@thinksophisticated.com","risky","catch_all","no","no"
"jamie@wheelzenrides.com","good","ok","no","no"
"jan@ghost.dk","good","ok","no","no"
"jana@absoluteresumes.net","bad","invalid","no","no"
"jana@discountfirearmsusa.com","good","ok","no","no"
"janaya@ceres.k12.ca.us","risky","catch_all","no","no"
"janderson@adarchitects.com","good","ok","no","no"
"janel.shack@janeltdesigns.com","bad","invalid","no","no"
"janelle@aquariusflowers.com","good","ok","no","no"
"janene@constructionkdc.com","good","ok","no","no"
"janguiano@tubacgolfresort.com","bad","invalid","no","no"
"jani@davidsoninsurance.com","good","ok","no","no"
"jaqueline.preciado@augusoft.net","bad","invalid","no","no"
"jared@bergquistgroup.com","good","ok","no","no"
"jared@famindustries.com","risky","catch_all","no","no"
"jared@kammerelectric.com","good","ok","no","no"
"jared@packerjanitorial.com","risky","unknown","no","no"
"jared@raisingarizonapreschool.com","good","ok","no","no"
"jarmstrong@foss.com","good","ok","no","no"
"jarod@syntheticturfofpugetsound.com","good","ok","no","no"
"jaron@nextlevelpharmd.com","good","ok","no","no"
"jasmin@sagesolutionspest.com","good","ok","no","no"
"jasmine@castlecommunicates.com","good","ok","no","no"
"jasmine@prestigejanitorial.com","good","ok","no","no"
"jason.dale@egusd.net","risky","catch_all","no","no"
"jason.gordon@sixt.com.au","good","ok","no","no"
"jason.hernandez@discovery.com","good","ok","yes","no"
"jason.jakubczak@alvordschools.org","good","ok","no","no"
"jason.runyan@ad-sol.com","good","ok","no","no"
"jason.strother@utahfalconz.com","good","ok","no","no"
"jason@borbay.com","good","ok","no","no"
"jason@cedarrx.com","good","ok","no","no"
"jason@dirtdogla.com","risky","catch_all","no","no"
"jason@englishamerica.com","good","ok","no","no"
"jason@envisionairimages.com","risky","catch_all","no","no"
"jason@jlsvideoagency.com","risky","catch_all","no","no"
"jason@moongladesoda.com","risky","catch_all","no","no"
"jason@sundanceimplant.com","risky","catch_all","no","no"
"jason@waypointeventures.com","good","ok","no","no"
"jasonl@blankenshipassoc.com","good","ok","no","no"
"javi@slingguru.com","risky","unknown","no","no"
"jaxon.shearer@pauldavis.com","good","ok","no","no"
"jay.graham@e2youngengineers.com","good","ok","no","no"
"jay@batesweldinginc.com","good","ok","no","no"
"jay@familyfloorslb.com","risky","catch_all","no","no"
"jay@paysonlock.com","good","ok","no","no"
"jaymcaloon@poolcaregenie.com","risky","catch_all","no","no"
"jaymef@gibsonconstruction.com","good","ok","no","no"
"jayne@highergroundlearning.com","risky","catch_all","no","no"
"jaysheel.pradhan@travelopia.com","good","ok","no","no"
"jayson@dulacelectric.com","good","ok","no","no"
"jaysonmikael@walkermattress.com","good","ok","no","no"
"jbain@lcps.k12.nm.us","good","ok","no","no"
"jbishop@mgmresorts.com","good","ok","no","no"
"jbradley@levered.com","good","ok","no","no"
"jbrewster@ingredientsbynature.com","good","ok","no","no"
"jc.beasley@beawit.net","bad","invalid","no","no"
"jcabeza@columbiahaulers.com","good","ok","no","no"
"jcampos@holbrooklife.com","bad","invalid","no","no"
"jcanepa@carmelunified.org","good","ok","no","no"
"jcapell@iccu.com","good","ok","no","no"
"jcarson@lbschools.net","good","ok","no","no"
"jcaspari@soma-capital.com","good","ok","no","no"
"jcfrench@seattleschools.org","bad","invalid","no","no"
"jclarke@mechvisiondesign.com.au","good","ok","no","no"
"jcouture@janetmoyerlandscaping.com","risky","catch_all","no","no"
"jcraft@opusd.org","good","ok","no","no"
"jcravens@wmmc.com","risky","catch_all","no","no"
"jcummings@htijobs.com","bad","invalid","no","no"
"jdaire@psdschools.org","risky","unknown","no","no"
"jdale@coupeville.k12.wa.us","good","ok","no","no"
"jday@pjhelicopters.com","risky","catch_all","no","no"
"jdeogracias@goblesampson.com","good","ok","no","no"
"jdiaz@lwsd.org","good","ok","no","no"
"jdonio@graniteschools.org","good","ok","no","no"
"jdonofrio@secondheartinc.com","good","ok","no","no"
"jean.lynce@openworksweb.com","bad","invalid","no","no"
"jean@jeanmarshallphotography.com","risky","unknown","no","no"
"jeborkowski@manleylabs.com","good","ok","no","no"
"jed@jedhead.com","good","ok","no","no"
"jeevana.desai@aeroseal.com","good","ok","no","no"
"jeff.deleon@touch-coffee.com","risky","catch_all","no","no"
"jeff.goslin@jetsetpilates.com","good","ok","no","no"
"jeff.harley@rollingsuds.com","good","ok","no","no"
"jeff.tilly@tcd.ie","risky","catch_all","no","no"
"jeff@actionraingutters.com","bad","invalid","no","no"
"jeff@americanfabhouse.com","bad","invalid","no","no"
"jeff@crcconstruction.com","good","ok","no","no"
"jeff@elsha.com","risky","unknown","no","no"
"jeff@endg.com.au","good","ok","no","no"
"jeff@foxpizzamarin.com","good","ok","no","no"
"jeff@handelsicecream.com","good","ok","no","no"
"jeff@highdesertbuildings.com","good","ok","no","no"
"jeff@lockritelocksmiths.com.au","good","ok","no","no"
"jeff@northbaysc.com","good","ok","no","no"
"jeff@spokaneenvironmental.com","good","ok","no","no"
"jeffe@emergentsoftware.net","good","ok","no","no"
"jefferycard@vistausd.org","good","ok","no","no"
"jeffk@tavahatz.com","risky","catch_all","no","no"
"jeffkeen@amerikeenai.com","good","ok","no","no"
"jeffl@spokaneschools.org","good","ok","no","no"
"jeffrey@arkdefense.com","risky","catch_all","no","no"
"jeffrey@meldginsolutions.com","good","ok","no","no"
"jeffrey@ongphysicaltherapy.com","good","ok","no","no"
"jeffreyregan@jetsetshine.com","risky","unknown","no","no"
"jeffs@mailboxmarketinghub.info","bad","invalid","no","no"
"jen.s@ebizcharge.com","good","ok","no","no"
"jen@indigocoastdesign.com","risky","catch_all","no","no"
"jen@montanajanes.com","risky","unknown","no","no"
"jen@organizejoy.com","good","ok","no","no"
"jen@woven.art","bad","invalid","no","no"
"jenna@clnkevents.com","risky","catch_all","no","no"
"jennie.knapp@kent.k12.wa.us","bad","invalid","no","no"
"jennifer.kirby@kimley-horn.com","good","ok","no","no"
"jennifer.pfeil@isdterps.com","bad","invalid","no","no"
"jennifer.riddle@fnf.com","good","ok","no","no"
"jennifer@balanced-bookkeeping.net","risky","catch_all","no","no"
"jennifer@bekkerscatering.com","good","ok","no","no"
"jennifer@thinkingnutrition.co.nz","good","ok","no","no"
"jenny@expeditionpartners.com.au","good","ok","no","no"
"jenny@martinezroofinginc.com","good","ok","no","no"
"jennymagerle@libertytax.com","risky","unknown","no","no"
"jenriquez@phoenixunion.org","good","ok","no","no"
"jep@mora.land","good","ok","no","no"
"jeremiah@pantherasia.com","risky","catch_all","no","no"
"jeremiah@whitewatertours.com","risky","catch_all","no","no"
"jeremy.ye@cgs-cimb.com","good","ok","no","no"
"jeremy@betterbusinessbuddies.com","bad","invalid","no","no"
"jeremy@cmjjgourmet.com","good","ok","no","no"
"jeremy@fsboat.net","good","ok","no","no"
"jeremy@greenscribble.com.au","good","ok","no","no"
"jeremy@jljdds.com","risky","unknown","no","no"
"jeremy@latourangelle.com","bad","invalid","no","no"
"jeremy@redroverpets.com","good","ok","no","no"
"jeremy@silverfoxwebdesigns.com","good","ok","no","no"
"jerestene@cocodevenci.com","good","ok","no","no"
"jermaine.d@fairgofinance.com.au","good","ok","no","no"
"jerome@forkerestaurant.com","good","ok","no","no"
"jerone.campbell@asd20.org","risky","catch_all","no","no"
"jerrad@dynamicrsinc.com","good","ok","no","no"
"jerri.inman@d51schools.org","good","ok","no","no"
"jerry@busybeeslocksmith.com","risky","catch_all","no","no"
"jesmine@zinfandel.org","good","ok","no","no"
"jess.h@geelongneurocentre.com.au","good","ok","no","no"
"jess@myhr.works","good","ok","no","no"
"jesse@nurturepro.io","good","ok","no","no"
"jesse@thrive-academy.com","risky","catch_all","no","no"
"jesse@trybluecollar.com","risky","catch_all","no","no"
"jesse@wjmg.com","good","ok","no","no"
"jessica@purelifetherapy.com","good","ok","no","no"
"jessica@stylescapestudio.com","good","ok","no","no"
"jessicar@informationleadership.com","good","ok","no","no"
"jesuscazares@iusd.org","good","ok","no","no"
"jfargnoli@marykay.com","bad","invalid","no","no"
"jfergusson@vividabrasives.com","good","ok","no","no"
"jfernandez@fairmontschools.com","good","ok","no","no"
"jfranklin@marykay.com","bad","invalid","no","no"
"jgarner@genevafi.com","good","ok","no","no"
"jgary@dusd.net","good","ok","no","no"
"jgonzalez@caldwellschools.org","good","ok","no","no"
"jgorski@graniteschools.org","good","ok","no","no"
"jgregory@genesisdoctors.com","bad","invalid","no","no"
"jgutierrez@contractsg.com","risky","catch_all","no","no"
"jhaggar@caloakspm.com","good","ok","no","no"
"jhall@gigsmart.com","bad","invalid","no","no"
"jhewatt@mrwestco.com","good","ok","no","no"
"jhonas-locke@leavitt.com","good","ok","no","no"
"jhutchins@graniteschools.org","good","ok","no","no"
"jignacio@mieweb.com","risky","catch_all","no","no"
"jill@roots-productions.com","good","ok","no","no"
"jill@scribblespreschool.com","good","ok","no","no"
"jim.hoggatt@exechq.com","good","ok","no","no"
"jim.wallis@hygieialabs.com","good","ok","no","no"
"jim@infinitedigitalmedia.com","good","ok","no","no"
"jim@jim-butcher.com","good","ok","no","no"
"jim@santamariabbq.com","risky","unknown","no","no"
"jim@walsh-industries.com","good","ok","no","no"
"jim_blanchard@ddsd40.org","good","ok","no","no"
"jimb@econoprintmt.com","good","ok","no","no"
"jimchambers@cloverleafbowl.com","risky","unknown","no","no"
"jimgurman@suddenlink.net","good","ok","no","no"
"jimmy.hourani@au.harveynorman.com","good","ok","no","no"
"jimson@jitron.com","good","ok","no","no"
"jiten.patel@aioi.co.nz","good","ok","no","no"
"jj@dronesbythebay.com","good","ok","no","no"
"jjardine@ksdgroupltd.com","bad","invalid","no","no"
"jjimenez@sd27j.net","good","ok","no","no"
"jjohnson@tahomasd.us","risky","catch_all","no","no"
"jjones@fuhsdistrict.net","good","ok","no","no"
"jjones@travisusd.org","risky","catch_all","no","no"
"jkiernan@kiernanconsultinggroup.com","risky","catch_all","no","no"
"jkoppes@kangarooclubhouse.com","risky","catch_all","no","no"
"jkozlowski@graniteschools.org","good","ok","no","no"
"jl@worldclassprop.com","good","ok","no","no"
"jland@scholarcharter.org","good","ok","no","no"
"jlapitan@powayusd.com","bad","invalid","no","no"
"jlavin@hometeam.com","good","ok","no","no"
"jlb@rocklinecivil.com","good","ok","no","no"
"jleeburn@rcsdk8.org","good","ok","no","no"
"jleifermann@arboretummediaarts.com","good","ok","no","no"
"jlial@sjcoe.net","bad","invalid","no","no"
"jlim@arena.net","good","ok","no","no"
"jlinder@acninc.com","bad","invalid","no","no"
"jlmoulton@graniteschools.org","bad","invalid","no","no"
"jlohrli@petwants.com","good","ok","no","no"
"jlona@monroviaschools.net","good","ok","no","no"
"jmalkki@atlascleanliving.com","good","ok","no","no"
"jmarkham@musd.net","good","ok","no","no"
"jmayerick@housedoctors.com","good","ok","no","no"
"jmcmurchie@lwsd.org","bad","invalid","no","no"
"jmeadows@slickshot.com","bad","invalid","no","no"
"jmitchell@mmcharter.org","good","ok","no","no"
"jmunguia@sylvan.k12.ca.us","good","ok","no","no"
"jmurrell@farmersagent.com","good","ok","no","no"
"jnavarro@misd.net","risky","catch_all","no","no"
"jo@joltmarketing.co.nz","good","ok","no","no"
"joanclaman@peyton.k12.co.us","good","ok","no","no"
"joanna@moroccantan.com","good","ok","no","no"
"joanna_haralson@unifirst.com","bad","invalid","no","no"
"joanne@blankz.com.au","risky","catch_all","no","no"
"jocelyn@thelatchkeyteam.com","good","ok","no","no"
"jodie@eagle-electric-inc.net","good","ok","no","no"
"joe-trevino@fusd.net","bad","invalid","no","no"
"joe.nelson@fullypromoted.com","good","ok","no","no"
"joe.saint@unionsecurity.com.sg","bad","invalid","no","no"
"joe@acron.com.au","good","ok","no","no"
"joe@boomstickoutdoors.com","good","ok","no","no"
"joe@consolidateddesigninc.com","good","ok","no","no"
"joe@effmech.com","good","ok","no","no"
"joe@millbrothersinc.com","good","ok","no","no"
"joel.schuster@quietpond.com","good","ok","no","no"
"joel@bigstargc.com","good","ok","no","no"
"joel@freedomsedgebrewing.com","good","ok","no","no"
"joel@joel-austin.com","good","ok","no","no"
"joelk@mountainviewinc.com","risky","catch_all","no","no"
"joey@adaptiveinteriorswa.com","good","ok","no","no"
"joeys@acccustomhome.com","risky","unknown","no","no"
"john.flis@signatureflight.com","good","ok","no","no"
"john.hamren@desertsands.us","good","ok","no","no"
"john.hunt@405lab.com","risky","unknown","no","no"
"john.kelly@focusinvestigations.co.uk","good","ok","no","no"
"john.manning@au.harveynorman.com","good","ok","no","no"
"john.paterson@wtc.com.au","risky","catch_all","no","no"
"john.stock@hbjeep.com","risky","catch_all","no","no"
"john.sweet@kent.k12.wa.us","good","ok","no","no"
"john.webster@jamesadame.com","bad","invalid","no","no"
"john@allstateswd.com","good","ok","no","no"
"john@antinone.com","good","ok","no","no"
"john@callahanspcs.com","good","ok","no","no"
"john@firstclassmkt.com","good","ok","no","no"
"john@flywheelops.co","good","ok","no","no"
"john@frosthq.com","risky","unknown","no","no"
"john@helicopters.net.nz","good","ok","no","no"
"john@johnhunterinsurance.com","bad","invalid","no","no"
"john@johnleepictures.com","good","ok","no","no"
"john@metamorphosisdesign.com","good","ok","no","no"
"john@muellerlandscapeinc.com","risky","catch_all","no","no"
"john@rockymountainsupco.com","bad","invalid","no","no"
"john@shalluspenco.com","good","ok","no","no"
"john@swansonfin.com","good","ok","no","no"
"john@synergyasset.com.au","good","ok","no","no"
"johnd@thinblueonline.com","good","ok","no","no"
"johnk@cfmofs.com","good","ok","no","no"
"johnny.esparza@demingps.org","good","ok","no","no"
"johnnydavisjr@wedelivernotary.com","bad","invalid","no","no"
"joinus@themakeitcollective.com.au","good","ok","no","no"
"jojo@cakehoopla.com","good","ok","no","no"
"jon@coreskintheory.com","risky","catch_all","no","no"
"jon@larkinfloor.com","good","ok","no","no"
"jon@sluchamber.org","good","ok","no","no"
"jon@smcauto.com","risky","catch_all","no","no"
"jon@thetireden.com","good","ok","no","no"
"jonah@jonahandlindsay.com","risky","catch_all","no","no"
"jonas.land@landproductiondesign.net","good","ok","no","no"
"jonas@hiddenvineyardswinetours.com","good","ok","no","no"
"jonathan@ecotechpest.net","good","ok","no","no"
"jonathan@jettswindows.com","good","ok","no","no"
"jonathan@theforecastagency.com","risky","catch_all","no","no"
"jonathan_servin@nmcusd.org","good","ok","no","no"
"jonathan_smith@beaverton.k12.or.us","good","ok","no","no"
"jonbailey@mtnwestrealestate.com","risky","catch_all","no","no"
"jonbenson@gamedaymenshealth.com","good","ok","no","no"
"jonk@public47.com","risky","catch_all","no","no"
"jonmarie@glassconcepts.net","good","ok","no","no"
"jonneke@wright-communications.net","good","ok","no","no"
"jordan.p@ebizcharge.com","good","ok","no","no"
"jordan@bodhidata.com","good","ok","no","no"
"jordan@bodyphysicaltherapy.com","good","ok","no","no"
"jordan@brightskyelec.com","good","ok","no","no"
"jordan@dionysus.place","good","ok","no","no"
"jordan@elegantestatesutah.com","risky","catch_all","no","no"
"jordan@portaportparts.com","good","ok","no","no"
"jordan@ratwrathstudios.com","good","ok","no","no"
"jordan@sagecoast.co","good","ok","no","no"
"jordan@simplyroofing.co","risky","catch_all","no","no"
"jordan@utahlivebands.com","risky","catch_all","no","no"
"jorge.amunatigui@besmartee.com","risky","catch_all","no","no"
"jorge.garcia@cusd.net","good","ok","no","no"
"jorge@jjcleaningservicesco.com","risky","unknown","no","no"
"jose.aldaco@eaglemtncasino.com","bad","invalid","no","no"
"jose.ocanas@2ndfamily.com","good","ok","no","no"
"jose.quintero.efns@statefarm.com","good","ok","no","no"
"joseph.cox@abm.com","good","ok","no","no"
"joseph.lau@elemenohealth.com","good","ok","no","no"
"joseph.thomas@abm.com","good","ok","no","no"
"joseph@farmboxfoods.com","good","ok","no","no"
"joseph@highcountryexcavating.com","bad","invalid","no","no"
"joseph@jcitco.com","good","ok","no","no"
"joseph@jlmagnus.com","good","ok","no","no"
"josh.chadwick@holeinthewall.com","good","ok","no","no"
"josh.fluetsch@unishippers.com","good","ok","no","no"
"josh.lubig@tempwallsystems.com","good","ok","no","no"
"josh@908coliving.com","good","ok","no","no"
"josh@brandtssanitary.com","good","ok","no","no"
"josh@doyleplumbinginc.com","risky","catch_all","no","no"
"josh@dunamat.com","risky","catch_all","no","no"
"josh@evenpathway.com","good","ok","no","no"
"josh@gowithgreenearth.com","good","ok","no","no"
"josh@majesticfloorsslc.com","good","ok","no","no"
"josh@primeriskinsurance.com","risky","catch_all","no","no"
"josh@ranchhandbrewing.com","bad","invalid","no","no"
"josh@ranchhandphotography.com","good","ok","no","no"
"josh@revealwebservices.com","good","ok","no","no"
"josh@solitudemedia.com.au","bad","invalid","no","no"
"josh@standardnurserycompany.com","good","ok","no","no"
"josh@steelbiltt.com","risky","catch_all","no","no"
"josh@utahear.org","bad","invalid","no","no"
"josh@vancept.com","good","ok","no","no"
"joshua.blacker@bdrstainless.com.au","good","ok","no","no"
"joshua.horstman@jimsmowing.com.au","good","ok","no","no"
"joshua.l@chlg-n-ifnt.com.au","risky","catch_all","no","no"
"joshua.roznowski@smokyrosecellars.com","risky","catch_all","no","no"
"joshua@apotforpot.com","good","ok","no","no"
"josiah@moorehandy.com","good","ok","no","no"
"joy.strobel@mathnasium.com","good","ok","no","no"
"joy@joyazhomes.com","good","ok","no","no"
"joy@lectra-serv.com","good","ok","no","no"
"joyce@dragondental.com","bad","invalid","no","no"
"joyce@joycejohnsondesigns.com","risky","unknown","no","no"
"jp@demand1.com","good","ok","no","no"
"jpage@mehermontessori.org","risky","unknown","no","no"
"jparkman@teaspoonliferc.com","good","ok","no","no"
"jpratt@westpress.com","good","ok","no","no"
"jpreciado@conejousd.org","good","ok","no","no"
"jreddicliffe@thetechden.com.au","good","ok","no","no"
"jrg@fusd.net","good","ok","no","no"
"jringer@mediterratile.com","risky","catch_all","no","no"
"jroyce@graniteschools.org","bad","invalid","no","no"
"jruiz@healthyspot.com","risky","catch_all","no","no"
"jsamartzis@australianunity.com.au","risky","catch_all","no","no"
"jsanders@minidokaschools.org","good","ok","no","no"
"jsantos@hydrochute.com","good","ok","no","no"
"jsantucci@precisionptandmed.com","good","ok","no","no"
"jscates@lbschools.net","good","ok","no","no"
"jschneider@psdschools.org","risky","unknown","no","no"
"jseela@farmersagent.com","good","ok","no","no"
"jsellyei@ddsmatch.com","good","ok","no","no"
"jshen@redzone.com","good","ok","no","no"
"jskinner@sbmcorp.com","bad","invalid","no","no"
"jslupe@catt-llc.com","good","ok","no","no"
"jsmith@f45training.com","good","ok","no","no"
"jsoriano@gcmc.com.au","good","ok","no","no"
"jstandifer@mavinc.com","good","ok","no","no"
"jsteed@intellequest.com","good","ok","no","no"
"jstragier@c-vusd.org","good","ok","no","no"
"jt@blast.tv","good","ok","no","no"
"jtrejo@baf.com","risky","catch_all","no","no"
"jtrujillo@gusd.net","good","ok","no","no"
"juan@axios.com","risky","catch_all","no","no"
"juan@masuygraphix.com","good","ok","no","no"
"juanlopez@gethappyhomeservices.com","risky","catch_all","no","no"
"jude@headgatefarm.co.uk","good","ok","no","no"
"judith.fleming@aspirepublicschools.org","good","ok","no","no"
"judy.rich@thebridgeidaho.com","good","ok","no","no"
"judy@highnooner.com","good","ok","no","no"
"judyb@greenfire-creative.com","good","ok","no","no"
"jules.haus@harmoney.co.nz","good","ok","no","no"
"juli@windermere.com","good","ok","no","no"
"julia.higgins@libertyglobalgroup.com","good","ok","no","no"
"julia.kraus@studentfirst.com","good","ok","no","no"
"julia.malekian@westernasset.com","good","ok","no","no"
"julia@interiormotives.app","bad","invalid","no","no"
"julia@mamaswhomove.co.nz","bad","invalid","no","no"
"juliana.germak@amiralearning.com","good","ok","no","no"
"julianna@juliannaswardrobe.com","good","ok","no","no"
"julie-anne@disabilityequiponline.com.au","good","ok","no","no"
"julie@conscience.vc","risky","catch_all","no","no"
"julie@dealsbybirdie.com","good","ok","no","no"
"julie@hawthorne-webb.com","good","ok","no","no"
"julie@maddogmath.com","good","ok","no","no"
"julie@mintpersonalchef.com","good","ok","no","no"
"julie@suncityshs.com","good","ok","no","no"
"juliemangold@chalk2.com","risky","catch_all","no","no"
"julien.hill@mythical.com","good","ok","no","no"
"julio@conceptoaz.com","good","ok","no","no"
"julita@ravencounseling.com","risky","catch_all","no","no"
"jurong@bodyfittraining.com","good","ok","no","no"
"justin.lane@ecacp.com.au","risky","catch_all","no","no"
"justin.solomon@symetra.com","good","ok","no","no"
"justin@affordablehousecleanerslasvegas.com","bad","invalid","no","no"
"justin@caffeineespresso.com","good","ok","no","no"
"justin@capatios.com","risky","catch_all","no","no"
"justin@elevatehosting.co","good","ok","no","no"
"justin@imagemarketingrep.com","good","ok","no","no"
"justin@justinharris.ai","risky","catch_all","no","no"
"justin@raisingarizonapreschool.com","bad","invalid","no","no"
"justin@rollingpartners.com","risky","catch_all","no","no"
"justise.metcalf@cnusd.k12.ca.us","good","ok","no","no"
"jvalanidas@oes.edu.au","good","ok","no","no"
"jvalenzuela@mychawanakee.org","good","ok","no","no"
"jvandyk@vandykconstruction.com","good","ok","no","no"
"jvanhoomissen@euhsd.org","good","ok","no","no"
"jvasquez@cnusd.k12.ca.us","good","ok","no","no"
"jverdugo@srvusd.net","good","ok","no","no"
"jw@jwpi.com","good","ok","no","no"
"jwallace@hss.sbcounty.gov","good","ok","no","no"
"jwalter@jtwfinancialservices.com","risky","catch_all","no","no"
"jwessman@wessmandevelopment.com","good","ok","no","no"
"jwilkins2@farmersagent.com","good","ok","no","no"
"jwilliams@powayusd.com","bad","invalid","no","no"
"jxu@firstlighthomecare.com","good","ok","no","no"
"jyll@togetherwerave.com","bad","invalid","no","no"
"jzaragoza@hartdistrict.org","good","ok","no","no"
"kaelyn@brightdoorideas.com","good","ok","no","no"
"kaguilar@egusd.net","risky","catch_all","no","no"
"kahl.emerson@lucentadvisory.com.au","good","ok","no","no"
"kailie.earnest@abm.com","good","ok","no","no"
"kaipo@nomadprtn.com","good","ok","no","no"
"kaleb@caplinaccounting.com","good","ok","no","no"
"kaleigh@kluxewellness.com","risky","catch_all","no","no"
"kami.cothrun@piecefulsolutions.com","good","ok","no","no"
"kamil@osiderobotics.com","good","ok","no","no"
"kara@farmhousehemp.com","good","ok","no","no"
"kara@karaboutgardening.com","good","ok","no","no"
"karabar@blooms.net.au","good","ok","no","no"
"karan@acm-jvt.com","risky","catch_all","no","no"
"karen@barefootatelier.com","good","ok","no","no"
"karen@lawsoncg.com","bad","invalid","no","no"
"karen@weekdayaccounting.com","good","ok","no","no"
"kari@refine-organizing.com","good","ok","no","no"
"kari@studiolessandless.com","good","ok","no","no"
"karie.hudson@abm.com","good","ok","no","no"
"karin@noreiaconsultancy.com","good","ok","no","no"
"karina.medina@kinggeorge.us","bad","invalid","no","no"
"karizmendi@wwps.org","good","ok","no","no"
"karizon@dreamvacations.com","risky","catch_all","no","no"
"karley@skinsocietywaxspa.com","good","ok","no","no"
"karmen.koronado@abm.com","good","ok","no","no"
"kasandra@buffalo-wellness.com","good","ok","no","no"
"kasandra@thelocalcaterer.com","good","ok","no","no"
"kasif@frontlinehealth.com.au","good","ok","no","no"
"kat@musicalarts.org","risky","unknown","no","no"
"kate.wellington@ostudio.co.nz","risky","catch_all","no","no"
"kate@littleinternationalwineshop.com","good","ok","no","no"
"kate@raftdra.com","good","ok","no","no"
"kathleen@chateaupotelle.com","good","ok","no","no"
"kathleen@katwalshphotography.com","good","ok","no","no"
"kathy.bryant@panapacific.com","good","ok","no","no"
"kathy.jorgensen@essenhausquiltshop.com","risky","unknown","no","no"
"kathy@bkpweb.com","good","ok","no","no"
"katie.lassman@symetra.com","good","ok","no","no"
"katie@envyep.com","good","ok","no","no"
"katie@patagoniabend.com","good","ok","no","no"
"katie@rebelbuttons.com","bad","invalid","no","no"
"katie@whatcomjanitorial.com","good","ok","no","no"
"katy.denney@benefitfocus.com","good","ok","no","no"
"kawana@efm.net.au","good","ok","no","no"
"kayla.obie@wedsociety.com","good","ok","no","no"
"kaylen@jump-beyond.com","bad","invalid","no","no"
"kbansley@southbayeducationaltherapy.com","risky","catch_all","no","no"
"kbarnum@nelsonbarnum.com","good","ok","no","no"
"kbarrus@fpsca.com","good","ok","no","no"
"kbutler@iconiccareinc.com","risky","catch_all","no","no"
"keaton@wersencpas.com","good","ok","no","no"
"kefei@teakandtale.com","risky","catch_all","no","no"
"keila@wisemanresidential.com","good","ok","no","no"
"keith.bradley@avrhomes.com","risky","catch_all","no","no"
"keith@denvertrailerrepair.com","good","ok","no","no"
"keith@truegritplumbing.com","risky","unknown","no","no"
"kellen.wiggins@bp.com","good","ok","no","no"
"kelley@peakecreative.com","good","ok","no","no"
"kelli.loreen@nv.k12.wa.us","good","ok","no","no"
"kelli.washington@liceclinicstemecula.com","bad","invalid","no","no"
"kelly.senter@napa.fi","bad","invalid","no","no"
"kelly@5pspropertyconsulting.com","risky","unknown","no","no"
"kelly@eywmarketinganddesign.com","good","ok","no","no"
"kelly@paymentfuel.com","good","ok","no","no"
"kelly@tacomawinemerchants.com","good","ok","no","no"
"kelly@wwproservices.com","risky","catch_all","no","no"
"kellyk@flowersbykathleenkelly.com.au","risky","catch_all","no","no"
"kelsey@barefootnative.com","good","ok","no","no"
"kelsey@miamiriversales.com","risky","catch_all","no","no"
"ken@bendcloud.com","good","ok","no","no"
"ken@clarity.io","good","ok","no","no"
"ken@kenwalt.com","good","ok","no","no"
"ken@slocountyrealty.com","good","ok","no","no"
"kendra@ignite-retail.com","good","ok","no","no"
"kenneth.link@chambers.com","risky","catch_all","no","no"
"kenneth.mears@foodforthoughtaudio.com","good","ok","no","no"
"kenneth.mitchell@mitchell.com","bad","invalid","no","no"
"kenny@disney.com","good","ok","no","no"
"kenny@dropkickbrew.com","risky","catch_all","no","no"
"kent@commonwealthvault.co.nz","good","ok","no","no"
"kenton@rossware.net","good","ok","no","no"
"kenzie@kenziesevents.com","good","ok","no","no"
"kenzie@willowtreetherapyaz.com","good","ok","no","no"
"kerstin@bdrsite.com","good","ok","no","no"
"kevin.f@managemowed.com","good","ok","no","no"
"kevin.gomolski@mygohide.com","risky","catch_all","no","no"
"kevin@animonstudios.com","risky","catch_all","no","no"
"kevin@cochisecentral.com","good","ok","no","no"
"kevin@cojackofall.com","good","ok","no","no"
"kevin@columbinecontracting.com","risky","catch_all","no","no"
"kevin@cotm-marketing.com","good","ok","no","no"
"kevin@denveroil.com","risky","unknown","no","no"
"kevin@discountfitnesspros.com","bad","invalid","no","no"
"kevin@familycrest.com","good","ok","no","no"
"kevin@mercedpc.net","good","ok","no","no"
"kevin@overlandprinting.com","good","ok","no","no"
"kevin@palletcompanypro.com","good","ok","no","no"
"kevin@supracut.com","risky","catch_all","no","no"
"kevinh@windermere.com","good","ok","no","no"
"kevinsmith@act1realtyinc.com","risky","unknown","no","no"
"keyur.patel@oncoreservice.co.nz","bad","invalid","no","no"
"kfoon@marykay.com","bad","invalid","no","no"
"kgood@ohsd.net","bad","invalid","no","no"
"kgregory@graniteschools.org","bad","invalid","no","no"
"kgupta@homewellcares.com","good","ok","no","no"
"khamidullin@atlaswebauto.com","good","ok","no","no"
"khansama@pacific.net.sg","good","ok","no","no"
"kharrigan@yada.org","good","ok","no","no"
"khayes@khcounseling.org","good","ok","no","no"
"khchen@kagees.com","good","ok","no","no"
"khiem.ho@omsd.net","good","ok","no","no"
"khristen@khristenfashion.org","good","ok","no","no"
"kiara.shuster@nvih.org","good","ok","no","no"
"kidda@pebblebeach.com","bad","invalid","no","no"
"kim.linstrom@bremertonschools.org","good","ok","no","no"
"kim@campbells-carpet.com","good","ok","no","no"
"kim@clearviewcounselingdenver.com","risky","unknown","no","no"
"kim@foodsafetyconnection.com","good","ok","no","no"
"kim@kimberlytruong.com","good","ok","no","no"
"kim@marcuchemetrics.com","good","ok","no","no"
"kim@revibed.au","good","ok","no","no"
"kim@ridgerunner.com","risky","catch_all","no","no"
"kim@thesoftballgroup.com","risky","catch_all","no","no"
"kimberly.frank@bremertonschools.org","good","ok","no","no"
"kimberly@allcountypacific.com","risky","catch_all","no","no"
"kimberly_tan@flyscoot.com","good","ok","no","no"
"kimmy@citibot.io","risky","catch_all","no","no"
"kinchan.cepillo@bupa.com.au","good","ok","no","no"
"kind@kindrehab.com","good","ok","no","no"
"kira.healey@fleetcleanusa.com","good","ok","no","no"
"kirith.ryman@asd20.org","risky","catch_all","no","no"
"kirk@plastekengineering.com.au","good","ok","no","no"
"kirsten@makewell.studio","good","ok","no","no"
"kirstin@kinddesign.nz","risky","catch_all","no","no"
"kiyah.langford@flightcentre.com.au","good","ok","no","no"
"kjaske@spokaneclub.org","good","ok","no","no"
"kjs@kevinjsmith.com","good","ok","no","no"
"kkirker@lcps.k12.nm.us","good","ok","no","no"
"kkurosu@columbia.com","good","ok","no","no"
"klambert@innovativemeasuring.com","risky","catch_all","no","no"
"klay@cachevalleyrenovation.com","good","ok","no","no"
"klb@primroselongmont.com","good","ok","no","no"
"klocklear@studioklock.com","good","ok","no","no"
"kmalapit@fgsd.k12.or.us","good","ok","no","no"
"kmayer@discoveryed.com","good","ok","no","no"
"kmcguire@mcguiretire.com","risky","unknown","no","no"
"kmoe@spisurg.com","bad","invalid","no","no"
"kmountain@yeshouse.org","bad","invalid","no","no"
"kolsen@thrivepediatricwellness.com","risky","catch_all","no","no"
"kory@rapidcro.com","good","ok","no","no"
"kosborne@coastinjury.net","good","ok","no","no"
"kpond@graniteschools.org","bad","invalid","no","no"
"kraig@signaturehomelending.com","good","ok","no","no"
"kramseyer@ucmerced.edu","good","ok","no","no"
"kreynolds@acninc.com","bad","invalid","no","no"
"krishant.singh@abm.com","good","ok","no","no"
"kristen@positivitywpurpose.com","good","ok","no","no"
"kristina@hframecustom.com","good","ok","no","no"
"kristina@saltcreekintegrated.com","good","ok","no","no"
"kristina@thekjjm.com","good","ok","no","no"
"kristina@wholechild.com","risky","catch_all","no","no"
"kristopher.jenkins@wesetthestage.com","risky","catch_all","no","no"
"kristy@mindfulconnectionstherapy.com","good","ok","no","no"
"krodriguez@flagshipinc.com","bad","invalid","no","no"
"kroushdi@bricks4kidz.com","risky","catch_all","no","no"
"krystian.gawlak@mclarenchicago.com","good","ok","no","no"
"ksharp@tahomasd.us","risky","catch_all","no","no"
"kshramek@psdschools.org","risky","unknown","no","no"
"ktindall@my-magical-travels.com","bad","invalid","no","no"
"ktowle@fairmontprivateschool.com","risky","catch_all","no","no"
"kurt@candelaproperties.com","good","ok","no","no"
"kwaite@ceres.k12.ca.us","risky","catch_all","no","no"
"kwhitfield@equinix.com","good","ok","no","no"
"kwilkenfeld@dusd.net","good","ok","no","no"
"kworley@breckenridgegrandvacations.com","good","ok","no","no"
"kyle.adams@aramarkuniform.com","bad","invalid","no","no"
"kyle.barnson@millardk12.org","good","ok","no","no"
"kyle.koivuniemi@kimley-horn.com","good","ok","no","no"
"kyle@designacme.com","good","ok","no","no"
"kyle@huddlellc.com","good","ok","no","no"
"kyle@jetsetpilates.com","good","ok","no","no"
"kyle@kgadvisorypartners.com","risky","unknown","no","no"
"kyle@sacramentostreetliquors.com","good","ok","no","no"
"kyle@summitturfsupply.com","good","ok","no","no"
"kyle@wearemeanttomove.com","good","ok","no","no"
"kylebuckley@capitalchemist.com.au","good","ok","no","no"
"kymberlylouise@behaviourdetective.au","good","ok","no","no"
"kyrylo@burtexusa.com","good","ok","no","no"
"l-william@danvancleave.com","good","ok","no","no"
"laceyt@alderfamilydental.com","good","ok","no","no"
"lacy@builderagentacademy.com","bad","invalid","no","no"
"lacys@ddrv.com","bad","invalid","no","no"
"ladonnaa@spokaneschools.org","good","ok","no","no"
"lailah@miraclemakersiff.com","good","ok","no","no"
"lakewoodco@goddardschools.com","good","ok","no","no"
"lakshmi@cristalverde.com","good","ok","no","no"
"lambriz@beniciaunified.org","good","ok","no","no"
"lamonte.kunz@loganschools.org","good","ok","no","no"
"lana@callmyleads.com.au","risky","catch_all","no","no"
"lance.menuey@inventanalytics.com","good","ok","no","no"
"landon@activebotanicalco.com","good","ok","no","no"
"lane.devoge@abm.com","good","ok","no","no"
"lanny.hyatt@cvesd.org","good","ok","no","no"
"larisa@primrosemillcreek.com","good","ok","no","no"
"larry@brownsjewellers.com","risky","catch_all","no","no"
"larry@larrysmobilewelding.com","good","ok","no","no"
"larry@lcdigitalproduction.com","bad","invalid","no","no"
"larry@lvpederson.com","good","ok","no","no"
"larry@wavvox.com","good","ok","no","no"
"latwood@atecspine.com","good","ok","no","no"
"laura.novak@redwindcasino.com","risky","unknown","no","no"
"laura@innov8cosmetics.co.uk","good","ok","no","no"
"laura@keyarchives.com","good","ok","no","no"
"laura@terracoffee.com","good","ok","no","no"
"laura_lesperance@ddouglas.k12.or.us","good","ok","no","no"
"lauramay@azsls.com","good","ok","no","no"
"lauren.penmar@consumercellular.com","risky","catch_all","no","no"
"lauren@breezelagree.com","good","ok","no","no"
"lauren@flowerhouseflowers.com","good","ok","no","no"
"lauren@lasculpt.com","good","ok","no","no"
"lauren@lather.com","bad","invalid","no","no"
"lauren@modburyvet.com","good","ok","no","no"
"lauren@pickledcourt.com","good","ok","no","no"
"lauren@santabarbarahealthcare.com","good","ok","no","no"
"laurence@crowhurst.com.au","good","ok","no","no"
"laurie@hrpdg.com","good","ok","no","no"
"lawrence_rajotte@beaverton.k12.or.us","good","ok","no","no"
"layne@hydramech.co.nz","good","ok","no","no"
"layne@quinnvine.com","good","ok","no","no"
"lbarr@johnslyng.com.au","good","ok","no","no"
"lbrar-gill@paychex.co","bad","invalid","no","no"
"lcaldera@druven.law","good","ok","no","no"
"lduane@lifevantage.com","bad","invalid","no","no"
"leah.frisby@fmfarmcredit.com","risky","catch_all","no","no"
"leah@diegueno.com","good","ok","no","no"
"leah@mohavehomes.net","good","ok","no","no"
"leah@narrative-designstudio.com","good","ok","no","no"
"leah@precedentcollective.com","good","ok","no","no"
"leann@playkleen.com","risky","unknown","no","no"
"leanne.scott@unleashingleaders.com","good","ok","no","no"
"learningrx@learningrx.com","good","ok","no","no"
"lecia@avenir.com.au","good","ok","no","no"
"lee.bonato@inxsoftware.com","good","ok","no","no"
"lee@cupandgo.com.au","good","ok","no","no"
"lee@keepthatpump.com","risky","catch_all","no","no"
"lee@llranch.com","good","ok","no","no"
"leeann@dbcleans.com","bad","invalid","no","no"
"leesburg@mathnasium.com","good","ok","no","no"
"leigh@abwsolutions.net","good","ok","no","no"
"leila@kanedaconsulting.com","good","ok","no","no"
"leilani@lpcgolf.com","good","ok","no","no"
"lem@bedou.com.au","good","ok","no","no"
"lena@hairbossextensions.com","good","ok","no","no"
"lesgreen@asicsapps.com","risky","catch_all","no","no"
"leslie.widger@abm.com","good","ok","no","no"
"leslie@1992sharetea.com","good","ok","no","no"
"leslie@clearmindedmarketing.com","good","ok","no","no"
"leverett@psdschools.org","risky","unknown","no","no"
"levi@censorconstruction.com","good","ok","no","no"
"levi@rockymountainconcreteut.com","good","ok","no","no"
"lewis@monkeypawtoys.com","good","ok","no","no"
"lexi@ascendgraphics.com","good","ok","no","no"
"lexi@legacybehavioralservices.com","good","ok","no","no"
"ley.wotherspoon@au.harveynorman.com","good","ok","no","no"
"lgarcia@pleasantonusd.net","good","ok","no","no"
"lgiambartolomei@tristategt.org","good","ok","no","no"
"lho@myvites.com","risky","catch_all","no","no"
"lia@alexandriaconsultingservices.com","good","ok","no","no"
"liam.oates@oolio.com","good","ok","no","no"
"liawde@utrade.com.sg","bad","invalid","no","no"
"liisa@azseal.com","good","ok","no","no"
"liliana@romanfacilities.com","risky","catch_all","no","no"
"lilibeth@adventuresmedia.com","risky","catch_all","no","no"
"linda.claflin@abm.com","good","ok","no","no"
"linda@blocknotary.com","risky","catch_all","no","no"
"linda@coronadoyoga.com","good","ok","no","no"
"linda@driverightacademy.net","good","ok","no","no"
"linda@lcldesigns.com","risky","unknown","no","no"
"linda@mi-ed.com","good","ok","no","no"
"linda@occonsulting.net.au","bad","invalid","no","no"
"lindon@productivelearning.com","good","ok","no","no"
"lindsay.morgan@mathnasium.com","good","ok","no","no"
"lindsay@azplayconnect.com","risky","unknown","no","no"
"lindsay@lindsaybphoto.com","good","ok","no","no"
"lindsey.mckay@mckaywealth.com","good","ok","no","no"
"lindy@ohtravelco.com","risky","catch_all","no","no"
"linkedin@matthewebel.com","good","ok","no","no"
"lior@compplusinc.com","good","ok","no","no"
"lipp.belinda@kent.k12.wa.us","bad","invalid","no","no"
"lirwin@viyu.net","good","ok","no","no"
"lisa@aps.org","risky","catch_all","no","no"
"lisa@fairdme.com","good","ok","no","no"
"lisa@globalfoodsafetyconsultants.com","good","ok","no","no"
"lisa@gtplanning.com.au","risky","catch_all","no","no"
"lisa@on-sight.us","good","ok","no","no"
"lisa@pugetheating.com","good","ok","no","no"
"lisa@splashswimwear.com.au","risky","unknown","no","no"
"lisa@strattonconsulting.net","good","ok","no","no"
"lisa@treeoflifeboise.com","good","ok","no","no"
"lisa@youreventmarketplace.com","good","ok","no","no"
"lisap@kikkosocks.com","bad","invalid","no","no"
"lisaspiers@divtelcom.com","risky","unknown","no","no"
"lissa@healwithlaser.com.au","good","ok","no","no"
"littletonsouth@mathnasium.com","good","ok","no","no"
"liz.srebroski@cetera.com","good","ok","no","no"
"liz@gofishgardening.com","risky","catch_all","no","no"
"liz@grahamplacement.com","risky","unknown","no","no"
"liz@lizdaigle.com","good","ok","no","no"
"liz@maplecanyonaccounting.com","good","ok","no","no"
"liz@sasssocial.co.nz","good","ok","no","no"
"liz@wellspringvitality.com","good","ok","no","no"
"lizac@assistedlivinglocators.com","risky","catch_all","no","no"
"lize@ot-kids.com.au","risky","unknown","no","no"
"lizk@creativecubs.net","good","ok","no","no"
"lizwedlake@victoriacold.com","good","ok","no","no"
"lizzie@bottlesandbarrels.ca","risky","catch_all","no","no"
"lizzie@transitionnutritionnc.com","good","ok","no","no"
"lj@lucidwildestate.com","good","ok","no","no"
"ljetton@graniteschools.org","bad","invalid","no","no"
"ljmeatchi@seattleschools.org","good","ok","no","no"
"lkatz@washlaundry.com","good","ok","no","no"
"lkolsen@graniteschools.org","bad","invalid","no","no"
"lleafty@graniteschools.org","bad","invalid","no","no"
"llencse@westcoastwaste.com","risky","catch_all","no","no"
"llhoyt@hoytorg.com","good","ok","no","no"
"lloyd@fleurieulocksmith.com.au","good","ok","no","no"
"lmack@kearnswest.com","good","ok","no","no"
"lmartinez@nvusd.org","good","ok","no","no"
"lmathai@neptuneinc.org","good","ok","no","no"
"lmckinley@pinnaclepetroleum.com","good","ok","no","no"
"lmitchell@susd.org","good","ok","no","no"
"lmoncrieff@iccu.com","good","ok","no","no"
"lmoten@seattleschools.org","bad","invalid","no","no"
"lmurray@dreamvacations.com","risky","catch_all","no","no"
"loace@aceretailer.com","good","ok","no","no"
"lola@labelhausco.com","risky","catch_all","no","no"
"lola@saharamax.com","good","ok","no","no"
"lola@sparktutors.com","good","ok","no","no"
"loni.fox@1stcity.com.au","good","ok","no","no"
"lonnie@monarchmortgageloans.com","risky","catch_all","no","no"
"loren@artanddisplay.com","risky","catch_all","no","no"
"lorenzo@bessemerbreadco.com","risky","catch_all","no","no"
"lori@thelandofcolor.com","good","ok","no","no"
"loriholt@tctwest.net","risky","unknown","no","no"
"lorraine@wildeworldcomm.com","good","ok","no","no"
"lotti@lottilogik.com","risky","catch_all","no","no"
"louie.bernardo@garfield.k12.ut.us","good","ok","no","no"
"louisa@lcspaces.com.au","good","ok","no","no"
"louise@morningcider.co","risky","catch_all","no","no"
"louisl@allaroundsignco.com","bad","invalid","no","no"
"loujuana.lewis@gccs.k12.nm.us","good","ok","no","no"
"lourdes.martinez@alvordschools.net","good","ok","no","no"
"lowery@phonewave.net","good","ok","no","no"
"lscates@pseaz.com","good","ok","no","no"
"ltarei@onlinecareer360.com","risky","catch_all","no","no"
"luca@duffl.com","risky","catch_all","no","no"
"lucas@ryteflooring.com","good","ok","no","no"
"lucia@tngsf.com","good","ok","no","no"
"lucia_salvador@fuhsd.org","good","ok","no","no"
"lucius.hicks@garageexperts.com","good","ok","no","no"
"lucy.lindsay@coloradofoodshowroom.com","risky","catch_all","no","no"
"lucy@skapandi.com.au","risky","unknown","no","no"
"lucy@thevhgroup.com","good","ok","no","no"
"luis.herra@pristinewashingsolutions.com","bad","invalid","no","no"
"luis.saint@thincpharma.com","risky","catch_all","no","no"
"luis@100percent.com","good","ok","no","no"
"luis@maximumresultstrainings.com","bad","invalid","no","no"
"luke@charishomecleaning.com.au","good","ok","no","no"
"luke@elliedeighton.com","risky","catch_all","no","no"
"luke@gastorage.com","good","ok","no","no"
"luke@lukekowald.com","good","ok","no","no"
"luke@superbplumbingllc.com","good","ok","no","no"
"lukep@mtvistahomes.com","good","ok","no","no"
"lwilson@gradepowerlearning.com","good","ok","no","no"
"lyda@islppro.com","good","ok","no","no"
"lyndsay@goaz.promo","risky","catch_all","no","no"
"lyndsey@tamingoizys.com","good","ok","no","no"
"lynley.gilchrist@summit.co.nz","good","ok","no","no"
"lynn@sylvancenter.com","risky","unknown","no","no"
"lynnette@equinox.com","risky","catch_all","no","no"
"lynx@grimmbrosbrewhouse.com","risky","catch_all","no","no"
"lzankich@columbia-sentinel.com","good","ok","no","no"
"m.meyer@allaboutlocksandsafes.com","bad","invalid","no","no"
"m.serag@italconsult.qa","good","ok","no","no"
"m.uncovsky@cedcareers.com","bad","invalid","no","no"
"mabey@smartkc.com","bad","invalid","no","no"
"mackenzie@thegoodbalance.co","good","ok","no","no"
"madalyn@entertainment-arizona.com","good","ok","no","no"
"maddy@getsaucy.co.nz","good","ok","no","no"
"madi@scr.org","good","ok","no","no"
"madison@madisonrivercleaning.com","good","ok","no","no"
"madrone@taprootjourneys.com","good","ok","no","no"
"maggie.charn@doghaven.com.sg","good","ok","no","no"
"magic@alohabranding.co","good","ok","no","no"
"malcolm@restoverrelax.com","good","ok","no","no"
"malik@expertsolutionmediallc.com","risky","catch_all","no","no"
"mallen@sportsmans.com","risky","catch_all","no","no"
"malou@kalard.com","good","ok","no","no"
"mandi-mae@maephotography.co.uk","bad","invalid","no","no"
"manika.sharma@effision.com","good","ok","no","no"
"manish.bhattarai@sparkcleanaustralia.com.au","risky","unknown","no","no"
"manishkumar.bhavsar@jax.com.au","good","ok","no","no"
"manjula.chambers@southerncross.co.nz","risky","catch_all","no","no"
"manuela@moralecare.com.au","good","ok","no","no"
"manveer@skylineproperties.com","good","ok","no","no"
"mar@feral.gallery","good","ok","no","no"
"marco.alvarez@harlequinservices.com","good","ok","no","no"
"marco@interprolinings.com.au","good","ok","no","no"
"marcos@magisterenterprises.com","risky","catch_all","no","no"
"marcus@fglmt.com","risky","unknown","no","no"
"marcus@shermanind.com","risky","catch_all","no","no"
"marcuse@mobiliseit.com","risky","catch_all","no","no"
"marcy@connectingvisions.org","good","ok","no","no"
"mareeh@castleware.com","risky","catch_all","no","no"
"marek.kuziel@encode.net.nz","bad","invalid","no","no"
"margarita.shirokova@doshii.com","good","ok","no","no"
"margie@getsolidnow.com","good","ok","no","no"
"maria.katz@mkatz.net","good","ok","no","no"
"maria.madrid@abm.com","good","ok","no","no"
"maria.robles@tusd1.org","bad","invalid","no","no"
"maria@bellemariesalon.com","good","ok","no","no"
"maria@sessionspt.com","good","ok","no","no"
"maria@xicasf.com","good","ok","no","no"
"mariah@mariahakamarre.com","good","ok","no","no"
"mariana@mydesertboutique.com","risky","catch_all","no","no"
"mariann@bhmalpacas.com","bad","invalid","no","no"
"marigold@eveeditorial.com","good","ok","no","no"
"mario@cordeirocustomremodeling.com","good","ok","no","no"
"mario@tetoecowash.com","bad","invalid","no","no"
"mario_santillan@aesd.net","good","ok","no","no"
"marioj@chasf.org","bad","invalid","no","no"
"marisa.dale@pkisolutions.com","good","ok","no","no"
"marisa@southland-mechanical.com","good","ok","no","no"
"marissa@blomedry.com","good","ok","no","no"
"marissa@cooperproductions-llc.com","good","ok","no","no"
"marissa@theinkspotstudio.com","good","ok","no","no"
"marius@skunkdigital.com","risky","catch_all","no","no"
"mark.aragon@redmondschools.org","good","ok","no","no"
"mark.eynatten@husd.org","good","ok","no","no"
"mark.siebel@doggiestepsdogtraining.com","good","ok","no","no"
"mark.simon@chipotle.com","good","ok","no","no"
"mark.weida@myvoda.com","good","ok","no","no"
"mark.winter@highlander.net.au","good","ok","no","no"
"mark@covenantautomotivetucson.com","risky","unknown","no","no"
"mark@dm3solutions.com","good","ok","no","no"
"mark@everestairaz.com","good","ok","no","no"
"mark@gerhardelectric.com","good","ok","no","no"
"mark@hcanewcastle.com.au","good","ok","no","no"
"mark@heathsblends.com","good","ok","no","no"
"mark@labprecision.com.au","risky","catch_all","no","no"
"mark@leadbox.com","risky","catch_all","no","no"
"mark@masterauto.tech","risky","catch_all","no","no"
"mark@nwwindshielddoctor.com","good","ok","no","no"
"mark@penningtonpublishing.com","good","ok","no","no"
"mark@positivealtitudetravel.com","bad","invalid","no","no"
"mark@rahsnoco.com","good","ok","no","no"
"mark@remarkablearts.biz","good","ok","no","no"
"mark@solutionresources.net","good","ok","no","no"
"mark@vspotvapor.com","good","ok","no","no"
"mark@walkamincaravanpark.com.au","risky","unknown","no","no"
"markjoy@interflora.com.au","good","ok","no","no"
"markl@mtechsolutions.tech","good","ok","no","no"
"markp@livewellcpap.com","good","ok","no","no"
"markpreciado@antiochschools.net","good","ok","no","no"
"marks@perdiemplus.com","good","ok","no","no"
"markus@a1sportsgear.com.au","good","ok","no","no"
"marlena@bubblefactory.biz","bad","invalid","no","no"
"marnold@homewellcares.com","good","ok","no","no"
"marshall@jettswindows.com","good","ok","no","no"
"marta@shinehealthwellbeing.com.au","good","ok","no","no"
"martin@curbsnductsaz.com","risky","catch_all","no","no"
"marty@superiorec.net","risky","catch_all","no","no"
"martym@spokaneschools.org","good","ok","no","no"
"mary.fitzpatrick@abetterwayhealth.com","bad","invalid","no","no"
"mary@rbmservicesinc.com","bad","invalid","no","no"
"mary@roguevalleytutoringcenter.com","good","ok","no","no"
"mary@thestylestudio.biz","good","ok","no","no"
"mason@refinedgarageco.com","good","ok","no","no"
"mat@manaconstruction.co","good","ok","no","no"
"mat@morehumancontent.com","good","ok","no","no"
"matan@atticguardca.com","good","ok","no","no"
"mathew.goss@rocketlab.com.au","good","ok","no","no"
"matt.kanfer@rebuyengine.com","good","ok","no","no"
"matt.kellick@perceive.io","bad","invalid","no","no"
"matt.lofthouse@lofthousespecialties.com","risky","unknown","no","no"
"matt@albumsurf.com","good","ok","no","no"
"matt@ascentldp.com","bad","invalid","no","no"
"matt@bfmerch.com","good","ok","no","no"
"matt@bigstonerenewables.com","good","ok","no","no"
"matt@elitesupps.com.au","good","ok","no","no"
"matt@gomortgage.com","good","ok","no","no"
"matt@grandvalleyice.com","good","ok","no","no"
"matt@honestaux.com","good","ok","no","no"
"matt@indtec.net","good","ok","no","no"
"matt@iqconstructnw.com","good","ok","no","no"
"matt@landcruisernw.com","good","ok","no","no"
"matt@livemoveperform.com","good","ok","no","no"
"matt@lovegolfmusttravel.com","good","ok","no","no"
"matt@mattcollamer.com","good","ok","no","no"
"matt@mrmac.com","risky","catch_all","no","no"
"matt@nostreaksattached.com","good","ok","no","no"
"matt@tarbarrel.com.au","good","ok","no","no"
"matt@tidyboard.com","risky","catch_all","no","no"
"matt@vision-landscaping.net","good","ok","no","no"
"matt@warthogis.com","good","ok","no","no"
"matt@westmauiexpeditions.com","bad","invalid","no","no"
"mattdollar@preferhome.com","good","ok","no","no"
"matteo@reconstructconsultinggroup.com","good","ok","no","no"
"matthew.allen@abm.com","good","ok","no","no"
"matthew.gesser@tieronetransmissions.com","risky","catch_all","no","no"
"matthew.littlejohn@sendpayments.com","good","ok","no","no"
"matthew.peters@westrac.com.au","risky","catch_all","no","no"
"matthew.rudolph@acninc.com","bad","invalid","no","no"
"matthew.s@informag.com.au","good","ok","no","no"
"matthew.torgerson@washk12.org","risky","catch_all","no","no"
"matthew@dreamtimeart.com.au","good","ok","no","no"
"matthew@evolvedtechnology.org","risky","catch_all","no","no"
"matthew@swolemeals.com.au","good","ok","no","no"
"matthew@vallettahomes.com.au","good","ok","no","no"
"matthew@washspott.com","risky","unknown","no","no"
"mattm@mccunefinancialgroup.com","risky","catch_all","no","no"
"maulopez@musd.net","good","ok","no","no"
"max@carnalchameleon.com","good","ok","no","no"
"max@elevatecustoms.com","risky","catch_all","no","no"
"max@fitmatch.ai","good","ok","no","no"
"max@millshomebuilders.com","risky","catch_all","no","no"
"max@thecornerstorebar.com","bad","invalid","no","no"
"maxine.heath@cgc.energy","bad","invalid","no","no"
"maxwell.macfarlane@treez.io","good","ok","no","no"
"may.manmai@flexischools.com.au","good","ok","no","no"
"maya@marketing.fan","risky","catch_all","no","no"
"mayank.muttreja@kneedai.com","risky","catch_all","no","no"
"maydee.malcolm@eliteimagestudio.com","bad","invalid","no","no"
"mayurij@radcube.com","good","ok","no","no"
"mbailey@itsokaymgt.com","good","ok","no","no"
"mbermudez@mytutorzone.com","good","ok","no","no"
"mbishop@aussiesportsusa.com","good","ok","no","no"
"mbrew@coastalfoodsolutions.com","good","ok","no","no"
"mbrown@skybound.com","risky","catch_all","no","no"
"mbuss@khsd.k12.ca.us","risky","catch_all","no","no"
"mcalderon@nmusd.us","good","ok","no","no"
"mcargile@challenge-island.com","good","ok","no","no"
"mcarroll@carrollallen.com","good","ok","no","no"
"mcarrsmith@ucsd.edu","risky","catch_all","no","no"
"mcasey@procaresoftware.com","good","ok","no","no"
"mchavez@ccdcranch.com","bad","invalid","no","no"
"mchittim@qsd.wednet.edu","good","ok","no","no"
"mchow@keplrpractices.com","good","ok","no","no"
"mchuk@rainwaterlv.com","good","ok","no","no"
"mckay.smith@everestacctg.com","good","ok","no","no"
"mclark1@graniteschools.org","good","ok","no","no"
"mconey@flyomni.com","bad","invalid","no","no"
"mcorona@egusd.net","risky","catch_all","no","no"
"mcrotts@star1web.com","good","ok","no","no"
"mdamian@lbschools.net","good","ok","no","no"
"medina@alteredstateprod.com","risky","catch_all","no","no"
"meeta.r@limitlessaustralia.com.au","good","ok","no","no"
"megan@coloradocbdcompany.com","risky","catch_all","no","no"
"megan@goodbeverageconsulting.com","good","ok","no","no"
"megan@mamesoycandles.com","good","ok","no","no"
"megan@meganwilliams.com.au","risky","catch_all","no","no"
"megan@rescuedogstraining.com","good","ok","no","no"
"megan@snowcountryauto.com.au","good","ok","no","no"
"meghan@primalstrengthpt.com","risky","catch_all","no","no"
"meilee@channelogic.com","good","ok","no","no"
"mel@thestylingrepublic.com","good","ok","no","no"
"melaniechant@unveilingsa.com.au","good","ok","no","no"
"melinda@bionikwellness.com.au","good","ok","no","no"
"melissa.acosta@mgae.com","good","ok","no","no"
"melissa@cavecreekflowerfarm.com","good","ok","no","no"
"melissa@ldgaccounting.com.au","good","ok","no","no"
"melissa@mountainmedicinalsinc.com","bad","invalid","no","no"
"melissa@portphillipestate.com.au","good","ok","no","no"
"melissa@salonnove.com","good","ok","no","no"
"melissa@syrcuit.com","good","ok","no","no"
"melissa@tasteoftherockies.net","good","ok","no","no"
"melissap@ckschools.org","good","ok","no","no"
"melizalde@sd27j.net","good","ok","no","no"
"melvin.jones@idelassociates.com","risky","unknown","no","no"
"melvin@zdigitalca.com","good","ok","no","no"
"merickson@rcsdk8.org","good","ok","no","no"
"mermaidbeach@chempro.com.au","good","ok","no","no"
"merrylin@escremodel.com","risky","catch_all","no","no"
"meryl@merylschenker.com","good","ok","no","no"
"mfeorene@pacaso.com","good","ok","no","no"
"mflippo@jordanos.com","risky","catch_all","no","no"
"mfullgraff@grupobraun.cl","risky","catch_all","no","no"
"mfuson@dkanativetechnologies.com","good","ok","no","no"
"mgarcia@co.davis.ut.us","good","ok","no","no"
"mgarcia@riversideunified.org","good","ok","no","no"
"mgarcia@woodburnsd.org","good","ok","no","no"
"mgomez@coldwellbanker.com","good","ok","no","no"
"mgoodwin@psdschools.org","risky","unknown","no","no"
"mgt@honeypot.com.hk","good","ok","no","no"
"mhavrelock@invisibleautobody.com","bad","invalid","no","no"
"mhellyar@aspec.com.au","good","ok","no","no"
"mhendersen@d141.lasall.k12.il.us","risky","unknown","no","no"
"mhirsch@apple7media.com","good","ok","no","no"
"micah@diamondbuild.co","good","ok","no","no"
"micah@prositepestcontrol.com","risky","catch_all","no","no"
"michael.amador@wvitpro.com","good","ok","no","no"
"michael.blair@alvordschools.org","good","ok","no","no"
"michael.cook@fivestarpainting.com","good","ok","no","no"
"michael.descombaz@bremertonschools.org","good","ok","no","no"
"michael.duran@mywatermd.com","bad","invalid","no","no"
"michael.elliott@lifetime.com","risky","catch_all","no","no"
"michael.hill@e-static.com.au","good","ok","no","no"
"michael.meiran@facilitiesinformationgroup.com","risky","catch_all","no","no"
"michael.nouriya@hasbro.com","good","ok","no","no"
"michael.ragozin@novecosystems.com","risky","catch_all","no","no"
"michael.riswanto@concoracredit.com","good","ok","no","no"
"michael.trujillo@trutechnologiesllc.com","good","ok","no","no"
"michael.wood@properunpacks.com.au","risky","catch_all","no","no"
"michael@acquirewise.com.au","good","ok","no","no"
"michael@brissotech.com.au","good","ok","no","no"
"michael@driskillinsurance.com","good","ok","no","no"
"michael@embroidery.cc","good","ok","no","no"
"michael@grillstreet.co.uk","risky","catch_all","no","no"
"michael@idsmt.com","good","ok","no","no"
"michael@mcpartlancpa.com","good","ok","no","no"
"michael@michaelwallerphoto.com","good","ok","no","no"
"michael@mycomputerman.com.au","good","ok","no","no"
"michael@newpagescareers.com.au","bad","invalid","no","no"
"michael@northcoastelectrical707.com","good","ok","no","no"
"michael@northtechllc.com","good","ok","no","no"
"michael@osteonmedical.com","good","ok","no","no"
"michael@personaltouchdemos.com","good","ok","no","no"
"michael@scalability.nz","bad","invalid","no","no"
"michael@wash-works.com","risky","catch_all","no","no"
"michael@wolfadvisorygrp.com","risky","catch_all","no","no"
"michael_every@etiwanda.org","risky","unknown","no","no"
"michaelaf@michaelasmeals.com","good","ok","no","no"
"michaelb@assistedlivinglocators.com","risky","catch_all","no","no"
"michaelpayne@centerfororalhealth.com","risky","unknown","no","no"
"michaels@dexionsevenhills.com.au","good","ok","no","no"
"michele@grovemedicalequipment.com","risky","catch_all","no","no"
"michele@mylifeagent.org","risky","unknown","no","no"
"michelle.bautista@trustees.co.nz","good","ok","no","no"
"michelle.saelin@drsaelin.com","risky","catch_all","no","no"
"michelle.salas@szt-ml.com","good","ok","no","no"
"michelle@allarden.com","bad","invalid","no","no"
"michelle@chellehealthandmedspa.com","risky","catch_all","no","no"
"michelle@mazzainspections.com","bad","invalid","no","no"
"michelle@mrosebookkeeping.com","risky","catch_all","no","no"
"michelle@mysticriverinsurance.com","good","ok","no","no"
"michelle@titan-enviro.com","risky","catch_all","no","no"
"michellev@511tactical.com","good","ok","no","no"
"mick@crosscarendis.com.au","risky","catch_all","no","no"
"migs@dippysicecream.com","good","ok","no","no"
"mike.botes@risktalk.com.au","risky","catch_all","no","no"
"mike.davie@fullypromoted.com","good","ok","no","no"
"mike.kelleher@capitaltraining.co.nz","good","ok","no","no"
"mike.maughan@centercreekdental.com","risky","unknown","no","no"
"mike.scharman@slcschools.org","good","ok","no","no"
"mike.souza@4syteconsultants.com","good","ok","no","no"
"mike@03-innovations.com","good","ok","no","no"
"mike@anthemcv.com","good","ok","no","no"
"mike@armadr.com","risky","catch_all","no","no"
"mike@automoxie.com","good","ok","no","no"
"mike@big-timber-llc.com","good","ok","no","no"
"mike@chfishcompany.com","risky","unknown","no","no"
"mike@corriganlaw.net","good","ok","no","no"
"mike@culturefitness.fit","good","ok","no","no"
"mike@dothemostrentals.com","risky","catch_all","no","no"
"mike@ecklespaving.com","good","ok","no","no"
"mike@loansfunded.com","risky","catch_all","no","no"
"mike@mastersbilliards.com","bad","invalid","no","no"
"mike@mikegodby.com","good","ok","no","no"
"mike@mrgrenovations.com","good","ok","no","no"
"mike@newwestpictures.com","risky","unknown","no","no"
"mike@pdxlegal.com","good","ok","no","no"
"mike@perduebuilders.net","risky","catch_all","no","no"
"mike@sholknet.com","good","ok","no","no"
"mike@thinkfencing.com.au","good","ok","no","no"
"mike@uplead.com","risky","catch_all","no","no"
"mike@valleymetalbuildings.com","good","ok","no","no"
"mike_marzetta@mindsieducation.com","risky","unknown","no","no"
"mikerice@nmskies.com","risky","unknown","no","no"
"mikev@onairwarning.com","good","ok","no","no"
"miles.dinsmore@mjfreeway.com","good","ok","no","no"
"min.minhtuttheinn@birminghamsushiclasses.com","bad","invalid","no","no"
"minae@avidadancecompany.com","good","ok","no","no"
"minati@bellvisionoptometry.com","good","ok","no","no"
"mindy@shivers.us","good","ok","no","no"
"minh@smmmobiles.com","good","ok","no","no"
"mirae@cranbourneosteopathy.com.au","risky","catch_all","no","no"
"mirons@swinomishcasino.com","good","ok","no","no"
"missy@empowerment-psychology.com","bad","invalid","no","no"
"mitch.drew@cat.com","good","ok","no","no"
"mitchel.campbell@nm.com","good","ok","no","no"
"mitchell@fremantleshipwrights.com","good","ok","no","no"
"mitchell@launchkeymedia.com","good","ok","no","no"
"mj@novaguard.com.au","good","ok","no","no"
"mjames@graniteschools.org","good","ok","no","no"
"mje@mjemery.net","good","ok","no","no"
"mjoe@disney.com","good","ok","no","no"
"mkorb@advocare.com","risky","catch_all","no","no"
"mkupka@basicsetc.com","good","ok","no","no"
"mlemrick@transquipllc.com","good","ok","no","no"
"mlenihan@synergysmg.com","good","ok","no","no"
"mmanning@mightyacorntherapy.com","risky","unknown","no","no"
"mmartinez@aspirecounselingservice.com","good","ok","no","no"
"mmedina@prohealthscan.com","good","ok","no","no"
"mmendez@cinepolis.com","good","ok","no","no"
"mmerrick@cpiplumbinginc.com","good","ok","no","no"
"mmiller@erbandyoung.com","good","ok","no","no"
"mmoore@extravagancesalon.com","bad","invalid","no","no"
"mmoore@kamillcreek.com","good","ok","no","no"
"mmoss@retirement.org","good","ok","no","no"
"mmutludogan@encomgl.com","good","ok","no","no"
"mnassar@phoenixtapware.com.au","risky","catch_all","no","no"
"mneri@pdgart.net","risky","catch_all","no","no"
"mnorthcutt@lbschools.net","bad","invalid","no","no"
"moconnell@janison.com","good","ok","no","no"
"molly@mollymeek.com","good","ok","no","no"
"molly@paradoxfootwear.com","good","ok","no","no"
"molly@wagandpurrpetsitting.com","good","ok","no","no"
"monalinda@jps.net","risky","unknown","no","no"
"monica@boneandbalanceacademy.com","good","ok","no","no"
"monica@precisionledgeraccounting.com","good","ok","no","no"
"monroe@buzzinnsteakhouse.com","good","ok","no","no"
"moorepark@p3recovery.com.au","good","ok","no","no"
"morgan.samuel@cirquedusoleil.com","bad","invalid","no","no"
"morgan@bookendsrp.com","risky","catch_all","no","no"
"morgan@gokcon.com","good","ok","no","no"
"morgan@thebodyarcana.com","good","ok","no","no"
"morris.s@wenatcheeschools.org","good","ok","no","no"
"morwenna.silich@tsb.co.nz","good","ok","no","no"
"mparrent@envdesigngroup.com","bad","invalid","no","no"
"mphillips@aetna.com","good","ok","no","no"
"mpinkerman@generationsmedicalgroup.com","good","ok","no","no"
"mrodriguez@patriotenvironmental.com","good","ok","no","no"
"mrs.hayward@bridgeview-mfg.com","good","ok","no","no"
"mrschelsie@ikumon.com","good","ok","no","no"
"msadhwani@tlechildcare.com","good","ok","no","no"
"msanchez@security101.com","good","ok","no","no"
"msheets@watrust.com","good","ok","no","no"
"mstebleton@rfschools.com","good","ok","no","no"
"mstenger@abc-seniors.com","good","ok","no","no"
"mstratton@sierraww.net","risky","catch_all","no","no"
"msunderland@gmavt.net","risky","unknown","no","no"
"mtang@mtangeyecare.com","good","ok","no","no"
"mturner@modernnetworks.com","good","ok","no","no"
"mubtasim.abrar2@aexp.com","good","ok","no","no"
"mujeeb@integratedmedicalsensors.com","risky","catch_all","no","no"
"mutahira.raja@cradledaycare.com","bad","invalid","no","no"
"mvomocil@trovebrands.com","good","ok","no","no"
"mwaddell@fuesd.org","bad","invalid","no","no"
"mwashburn@lovemyhoneycomb.com","bad","invalid","no","no"
"mwoods@asiadiscountcenter.com","good","ok","no","no"
"mwyatt@msd.k12.ca.us","risky","unknown","no","no"
"mym@o365hq.com","good","ok","no","no"
"n.bodinnar@incitecpivotfertilisers.com.au","risky","unknown","no","no"
"naailah@site-iq.com","good","ok","no","no"
"nabel@naspirellc.com","good","ok","no","no"
"nacho@logisticssd.com","good","ok","no","no"
"nadia@elkhatibgroup.com","good","ok","no","no"
"nadiamac@rpemery.com.au","good","ok","no","no"
"nakul.bhargava@siteminder.com","good","ok","no","no"
"nallely@kassadesigns.com","good","ok","no","no"
"nam.vu@gonavis.com","good","ok","no","no"
"namin@extrabutterny.com","risky","catch_all","no","no"
"nancy@scdcorpfdn.com","good","ok","no","no"
"nancy@tasktigervas.com","good","ok","no","no"
"nanine.locke@kent.k12.wa.us","bad","invalid","no","no"
"nanishka@mareaproductions.com","good","ok","no","no"
"naomi.rowe@martinus.com.au","good","ok","no","no"
"naomi@fleurrejuv.com.au","good","ok","no","no"
"nargueta@wres.com","good","ok","no","no"
"nat@brightmindscounselling.net","good","ok","no","no"
"natalia@peakviewretreat.co.nz","good","ok","no","no"
"natalie.abbott@kiteproperty.com.au","risky","catch_all","no","no"
"natalie.tashchuk@daimlertruck.com","good","ok","no","no"
"natalie@motherlycomfort.com","good","ok","no","no"
"natalie@radiantcatalyst.com","good","ok","no","no"
"natalie@thyme-to-go.com","good","ok","no","no"
"natalie@young-engineers.com.au","good","ok","no","no"
"natarshab@violethourskin.com","good","ok","no","no"
"natasha.mitchell@simedarby.co.nz","bad","invalid","no","no"
"natasha@allinwoman.com","risky","catch_all","no","no"
"natasha@areidesigns.com.au","good","ok","no","no"
"natasha@podplug.com","risky","catch_all","no","no"
"nate.buttars@teamupathletics.com","good","ok","no","no"
"nate@appetite.my","bad","invalid","no","no"
"nate@skonnard.com","risky","catch_all","no","no"
"nate@ydrcapital.com","risky","catch_all","no","no"
"nathan.chadwick@arcare.com.au","good","ok","no","no"
"nathan.peterson@loganschools.org","good","ok","no","no"
"navi@marketatedgewood.com","good","ok","no","no"
"naygrita@219agency.com","risky","catch_all","no","no"
"ndaniel@sharperimage.com","risky","unknown","no","no"
"neal@natrefco.com.au","good","ok","no","no"
"neal@pictura.com.au","risky","catch_all","no","no"
"nehaa@bodyrok.com","good","ok","no","no"
"nelly@vivamariabeauty.com","good","ok","no","no"
"nelson@mrhandyman.com","bad","invalid","no","no"
"nelson@tridentgrill.com","good","ok","no","no"
"ness@thebushbookkeeper.com.au","good","ok","no","no"
"nestorplancarte@hydrosolnow.com","good","ok","no","no"
"nfo@rightthefirsttimehvac.net","bad","invalid","no","no"
"ngocnguyen@mysale.com","risky","catch_all","no","no"
"ngreen@stocktonusd.net","bad","invalid","no","no"
"nibarra@mychawanakee.org","good","ok","no","no"
"nicampbell@aesd.edu","good","ok","no","no"
"nichola.dove@fonterra.com","risky","catch_all","no","no"
"nicholas.granzow@granzow.com","risky","catch_all","no","no"
"nicholas_lee@engagerocket.co","good","ok","no","no"
"nicholasv@nicksstamps.com","good","ok","no","no"
"nick.fleetwood@cambridgehomes.co.nz","good","ok","no","no"
"nick.jennings@serato.com","good","ok","no","no"
"nick@advancedbackflow.solutions","good","ok","no","no"
"nick@akroadside.com","good","ok","no","no"
"nick@anthospdx.com","good","ok","no","no"
"nick@cocoaandcreamla.com","good","ok","no","no"
"nick@crushriteco.com","good","ok","no","no"
"nick@dcifreight.com","good","ok","no","no"
"nick@fivestareventtrailers.com","good","ok","no","no"
"nick@foth.com.au","good","ok","no","no"
"nick@painterbros.com","good","ok","no","no"
"nick@soulliftcacao.com","risky","catch_all","no","no"
"nicklaus.lim@impellam.com","risky","catch_all","no","no"
"nickroehm@ultalabtests.com","good","ok","no","no"
"nico.mcafee@onlocationexp.com","risky","catch_all","no","no"
"nicola.askew@strandshairdressers.com","risky","catch_all","no","no"
"nicole.byrne@ziggiscoffee.com","good","ok","no","no"
"nicole.salem@fmr.com","good","ok","no","no"
"nicole.wilson@businessbuilderssolutionsllc.com","risky","catch_all","no","no"
"nicole@allwrappedupnotary.com","risky","unknown","no","no"
"nicole@jmreynoldsphotography.com","risky","catch_all","no","no"
"nicolle@builttobuild.studio","bad","invalid","no","no"
"nigel.pajarillo@toyota.com.au","good","ok","no","no"
"niki.clark@health.telstra.com","good","ok","no","no"
"nikki.hedges@nzx.com","risky","catch_all","no","no"
"nikki@theelevatory.com","good","ok","no","no"
"nina@mitchellthomassalon.com","good","ok","no","no"
"nisha.batchelor@genesiscare.com","good","ok","no","no"
"njalan@primroselivermore.com","good","ok","no","no"
"nkeenswearingen@avhsd.org","good","ok","no","no"
"nkramer@petralogix.com","good","ok","no","no"
"nkushner@psdschools.org","risky","unknown","no","no"
"nlawhead@northpointradon.com","good","ok","no","no"
"noah.treiger@axewax.us","bad","invalid","no","no"
"noah@animascraft.com","good","ok","no","no"
"noah@junery.com.au","good","ok","no","no"
"nola@noladenver.com","bad","invalid","no","no"
"nooleekim@iathletephysio.com","risky","catch_all","no","no"
"norma@wonderfulworldtraveladvisors.com","risky","catch_all","no","no"
"normar@psdschools.org","risky","unknown","no","no"
"northvalley@nau.edu","good","ok","no","no"
"nouran@bellapierre.com","risky","catch_all","no","no"
"npyoung@apbb.net","risky","unknown","no","no"
"nrinker@tahomasd.us","risky","catch_all","no","no"
"nsherman@compass365.com","good","ok","no","no"
"nstclair@windriverhotelcasino.com","bad","invalid","no","no"
"nupur.telang@dyson.com","good","ok","no","no"
"nyah@grayandhound.com","good","ok","no","no"
"nydia.madlock@lmsvschools.org","good","ok","no","no"
"oak@karasiklaw.com","good","ok","no","no"
"obs@offbroadstreet.com","risky","unknown","no","no"
"odemille@accesswest.com","good","ok","no","no"
"ogarcia@theragent.com","good","ok","no","no"
"oguevara@gdeliverysolutions.com","good","ok","no","no"
"oguin.jill@lusd.org","good","ok","no","no"
"ohn.welch@dymocks.com.au","risky","catch_all","no","no"
"olga@5-season.com","good","ok","no","no"
"oliver@wifispark.com","good","ok","no","no"
"omar.essa@jimscleaning.net.au","good","ok","no","no"
"onur.conger@enverus.com","good","ok","no","no"
"oocampo@arena.net","good","ok","no","no"
"osgaaa@umich.edu","good","ok","no","no"
"othmar@sidewaysincentives.com","good","ok","no","no"
"p.lattin@canyonconstructionco.com","good","ok","no","no"
"paden@hindsightenv.com","good","ok","no","no"
"paige.buckingham@bd.com","good","ok","no","no"
"paige@alpinebasincare.com","good","ok","no","no"
"paige@sagerecoveryaustin.com","good","ok","no","no"
"paloma@frostingsevents.com","good","ok","no","no"
"pam@naturally-pam.de","good","ok","no","no"
"pankaj@sakmansolutions.com","good","ok","no","no"
"paolo@tema.studio","good","ok","no","no"
"parag@nvklearning.com","good","ok","no","no"
"paris.witherspoon@home-stretch.com","good","ok","no","no"
"parita@acs.edu.au","good","ok","no","no"
"parmindersingh@marcospizza.net","good","ok","no","no"
"parnel@cedarhouseflowers.com","good","ok","no","no"
"partner@elevenacquisition.com","risky","catch_all","no","yes"
"parwaz@truenorthgranola.com","good","ok","no","no"
"pasha.stewart@grindstonemarketing.com","risky","catch_all","no","no"
"pat@allsafe-pest.com","good","ok","no","no"
"pat@aviationi.com","good","ok","no","no"
"pat@hi-tide-resort.com","bad","invalid","no","no"
"pat@wickedcoursing.com","bad","invalid","no","no"
"patharrod@skylightvideo.biz","good","ok","no","no"
"patricia.estrada@missionunderwriters.com","good","ok","no","no"
"patricia@bonseydesign.com","risky","catch_all","no","no"
"patricia@elitecollectiverealty.com","good","ok","no","no"
"patricia@homeimpressionsinc.com","good","ok","no","no"
"patricia@tippystockton.com","good","ok","no","no"
"patricia@visionscapesnorthwest.com","good","ok","no","no"
"patrick.tabor@rsmus.com","risky","catch_all","no","no"
"patrick@cascadehomecleaning.com","good","ok","no","no"
"patrick@coportables.com","bad","invalid","no","no"
"patrick@digitalcactus.co.nz","good","ok","no","no"
"patrick@fuller.com.mx","bad","invalid","no","no"
"patrick@phoenixmagician.com","risky","catch_all","no","no"
"patrick@streamlinedconsulting.online","good","ok","no","no"
"patrick@theinspiregroup.com","risky","catch_all","no","no"
"patrick@weareprospec.com","good","ok","no","no"
"patty@bensene.com","bad","invalid","no","no"
"patty@ioutsource.com","good","ok","no","no"
"patty@pattyshirley.com","good","ok","no","no"
"paul.banawa@2degrees.nz","good","ok","no","no"
"paul.hinton@suncorp.com.au","good","ok","no","no"
"paul.lidgerwood@niche.com.au","good","ok","no","no"
"paul.winterton@johnstonesupply.com","good","ok","no","no"
"paul@aaheating.com","good","ok","no","no"
"paul@duckmother.com.au","good","ok","no","no"
"paul@edgetechinc.com","good","ok","no","no"
"paul@farmhouseteas.com","good","ok","no","no"
"paul@futuresoundav.com","good","ok","no","no"
"paul@globeconsultants.com.au","good","ok","no","no"
"paul@graffgadgets.com","risky","unknown","no","no"
"paul@jbcaravans.com.au","good","ok","no","no"
"paul@korustay.co.nz","good","ok","no","no"
"paul@loveitservices.com","risky","catch_all","no","no"
"paul@mavor.com.au","good","ok","no","no"
"paul@mindset-m-powerment.com","good","ok","no","no"
"paul@pekesystems.com","good","ok","no","no"
"paul@precisionjoinery.co.nz","risky","catch_all","no","no"
"paul@proactiveai.pro","risky","unknown","no","no"
"paul@sagitech.com.au","good","ok","no","no"
"paula.sisco@ixup.com","good","ok","no","no"
"paula@michaelregier.com","good","ok","no","no"
"paula@pharrellwines.com","risky","catch_all","no","no"
"pauline@beyondhomecare.net","good","ok","no","no"
"paulj@lifepharmacygroup.com.au","good","ok","no","no"
"paulm@meritcables.com","good","ok","no","no"
"pauls@mm-roofing.com","good","ok","no","no"
"pbeh@rfhealth.net","good","ok","no","no"
"pcossio@firstsolution.com","good","ok","no","no"
"pcruz@lcps.k12.nm.us","bad","invalid","no","no"
"pcuriel@napacoe.org","good","ok","no","no"
"penni@finishlineproduction.com","good","ok","no","no"
"penny@jacobacademy.com","good","ok","no","no"
"penny@metamorphic.com.au","good","ok","no","no"
"perfecttan@sawada-co-ltd.co.jp","good","ok","no","no"
"pete@lofingelectric.com","risky","catch_all","no","no"
"pete@reclab.com.au","good","ok","no","no"
"peter.helburn@themajordomo.com","risky","unknown","no","no"
"peter@cardamonerealestate.com.au","good","ok","no","no"
"peter@leafgroup.com","good","ok","no","no"
"peter@peterbaum.com","good","ok","no","no"
"peter@petercollie.com","bad","invalid","no","no"
"peter@peterjennison.com","good","ok","no","no"
"peter@prescott500.com","good","ok","no","no"
"peter@shseverett.com","good","ok","no","no"
"peter@superiorfruit.com.au","good","ok","no","no"
"peter@waihekeceramics.co.nz","risky","catch_all","no","no"
"peteranderton@co-operativebank.co.nz","good","ok","no","no"
"petra@localproduct.co","good","ok","no","no"
"peyton@alignaestheticsandwellness.com","risky","catch_all","no","no"
"pfonoti@lbschools.net","good","ok","no","no"
"pgebhard@coupeville.k12.wa.us","good","ok","no","no"
"phaack@freedomtechlv.com","good","ok","no","no"
"pham@crestoptometry.com","risky","catch_all","no","no"
"pharmacy@fortbenton.com","good","ok","no","no"
"phil@diamondfinancialllc.com","good","ok","no","no"
"phil@mmautopak.com.au","good","ok","no","no"
"phil@urban-earth.co.uk","good","ok","no","no"
"phil@weatherprooftelevisions.com","good","ok","no","no"
"philip@imagedisplaycreations.com.au","risky","catch_all","no","no"
"phillip.davey@lmsvschools.org","good","ok","no","no"
"phillip.howard@resonance.com.sg","risky","catch_all","no","no"
"phillip.naval@vsp.com","risky","catch_all","no","no"
"phillip.pierce@wecu.com","risky","catch_all","no","no"
"phillip@integra.dental","good","ok","no","no"
"phillip@wcginvestigations.com","good","ok","no","no"
"pierre@beyondindependence.com.au","good","ok","no","no"
"pierson@piersonhandyman.com","good","ok","no","no"
"pjames@azusa.org","good","ok","no","no"
"pjanicki@janickilogging.com","bad","invalid","no","no"
"pkherring@pk-studios.com","good","ok","no","no"
"pkozlowsky@pvschools.net","good","ok","no","no"
"plucas@arizonatheatre.org","bad","invalid","no","no"
"plumb@theworks.com","good","ok","no","no"
"pnwmoverdudes@pnwmd.com","risky","catch_all","no","no"
"ponce@pdxccc.com","good","ok","no","no"
"poppin_daniel@lacoe.edu","good","ok","no","no"
"portland2or@goddardschools.com","good","ok","no","no"
"portlandor@goddardschools.com","good","ok","no","no"
"ppujanes@unfailingbooksbalances.com","good","ok","no","no"
"praneet.chand@tally-group.com","good","ok","no","no"
"pratum@pratumco.com","good","ok","no","no"
"president.legaspi@abm.com","good","ok","no","no"
"preston.jones@arusd.org","good","ok","no","no"
"preston@geckogarage.com","good","ok","no","no"
"pripusichp@bsd405.org","bad","invalid","no","no"
"priyanka.k.shah@aexp.com","good","ok","no","no"
"pstidham@zillowgroup.com","good","ok","no","no"
"pstoehr@paulscustomcabinets.net","bad","invalid","no","no"
"psvensen@schoolpro.com.au","risky","catch_all","no","no"
"ptassoc@centurylink.net","good","ok","no","no"
"puneet@hypeit-solutions.site","good","ok","no","no"
"purvi@touriza.in","good","ok","no","no"
"pvlcek@farmersagent.com","good","ok","no","no"
"pwaldner@diptyque.us","good","ok","no","no"
"pyeni@westminsterpublicschools.org","risky","catch_all","no","no"
"qi@prolinecabinetry.net","good","ok","no","no"
"qpp@qppmips.com","risky","unknown","no","no"
"quinns@whidbeyhealth.org","good","ok","no","no"
"qzarmal@qzsolutionsinc.com","good","ok","no","no"
"r.sanchez@renesremodeling.com","risky","unknown","no","no"
"rachael.cerreta@kiddieacademy.net","good","ok","no","no"
"rachel.seligson@ziggiscoffee.com","good","ok","no","no"
"rachel@appliedteamins.com","good","ok","no","no"
"rachel@highhopsbrewery.com","good","ok","no","no"
"rachel@learningplustutoring.com","good","ok","no","no"
"rachel@pennyandpiperinteriors.com","risky","catch_all","no","no"
"rachel@privateresidence.co.nz","good","ok","no","no"
"rachel@rivermountainroofing.com","risky","catch_all","no","no"
"rachelle.skvarek@childrenschoice.com","bad","invalid","no","no"
"rachelle@rwrelocationservices.com","good","ok","no","no"
"radhika.kenkre@revaliabio.com","good","ok","no","no"
"rafa@enterescaperoom.com","good","ok","no","no"
"rafael.abela@toyota.com.au","good","ok","no","no"
"rafael.o@speedysteamers.com","risky","catch_all","no","no"
"rafaelpr@drrefix.com","good","ok","no","no"
"rafi@apmcnc.com","bad","invalid","no","no"
"raghavendra.pillappa@thehartford.com","good","ok","no","no"
"raivo@qreno.com.au","good","ok","no","no"
"rajesh.chhima@mercury.co.nz","risky","catch_all","no","no"
"rakshitha.venkatesh@divvyparking.com","risky","catch_all","no","no"
"ralfaro@egusd.net","risky","catch_all","no","no"
"ralph.ginestar@anadarko.com","bad","invalid","no","no"
"ralston@kpmg.com","good","ok","no","no"
"rames@natomasunified.org","good","ok","no","no"
"ramon.ramirez@metroservices.com","good","ok","no","no"
"randa@pacificbest.com","risky","catch_all","no","no"
"randy.dormans@oddbot.net","good","ok","no","no"
"randy@myactionsigns.com","good","ok","no","no"
"randy@rteops.com","good","ok","no","no"
"ranjit@jandutax.com","good","ok","no","no"
"raphael.gadista@metrofin.com.au","good","ok","no","no"
"rashmi@insightpathwaytherapy.com","risky","catch_all","no","no"
"ravi.kamboh@solarturbines.com","good","ok","no","no"
"ray.wyatt@baesystems.com","good","ok","no","no"
"ray@enterprising.so","risky","catch_all","no","no"
"ray@fullthrottlekustomz.com","good","ok","no","no"
"rayg@health.solutions","bad","invalid","no","no"
"rbarajas@prestigeusa.net","risky","catch_all","no","no"
"rbaxter@be.wednet.edu","good","ok","no","no"
"rbernal@dusd.net","good","ok","no","no"
"rblankenship@millercreeksd.org","good","ok","no","no"
"rchehade@kiaofirvine.com","good","ok","no","no"
"rchew@graniteschools.org","good","ok","no","no"
"rchoi@childrenslighthouse.com","good","ok","no","no"
"rcoltman@studioonetheaters.com","good","ok","no","no"
"rcordon@nsd.org","good","ok","no","no"
"rcripe@marykay.com","bad","invalid","no","no"
"rdanel@affordable-markers.com","risky","catch_all","no","no"
"rdevlin@ideo.com","good","ok","no","no"
"rdonato@sbunified.org","good","ok","no","no"
"rdupree@arcb.com","risky","catch_all","no","no"
"reagen@rkulseth.com","good","ok","no","no"
"rebecca.bone@jensenhughes.com","good","ok","no","no"
"rebecca.cavell@agilexbiolabs.com","good","ok","no","no"
"rebecca@nojcc.org","good","ok","no","no"
"rebecca@onetreewebsolutions.com.au","good","ok","no","no"
"rebecca@rebeccasflowershoppe.com","bad","invalid","no","no"
"rebecca@rebeccaward.art","good","ok","no","no"
"rebekah@rebekahsanders.com","good","ok","no","no"
"rebekkah@gcsfamilysupport.com","good","ok","no","no"
"ree@dragonflydaydream.com","risky","unknown","no","no"
"reece@energyzgym.com","good","ok","no","no"
"reed@wec.com.hk","risky","catch_all","no","no"
"reggiev@allinoneteam.com","good","ok","no","no"
"regina@foreversummer.agency","risky","unknown","no","no"
"reginald.felton@fehijo.com","bad","invalid","no","no"
"reign@reddoorcatering.com","risky","catch_all","no","no"
"remfinger@taftcity.org","good","ok","no","no"
"rene.doak@abm.com","good","ok","no","no"
"renee.nigoghosian@westernasset.com","good","ok","no","no"
"renee@houseofwolfe.com","bad","invalid","no","no"
"renee@ouvouflowers.com","good","ok","no","no"
"renee@reneemarieskincare.com","good","ok","no","no"
"renee@twentyvoltmedia.com","good","ok","no","no"
"renitta.thomas@sylvanlearning.com","good","ok","no","no"
"reno2nv@goddardschools.com","good","ok","no","no"
"reno@theslimekitchen.com","good","ok","no","no"
"rental@princerealty.com.au","risky","catch_all","no","yes"
"res@elkhornslough.com","good","ok","no","no"
"rescued@lunalobos.com","good","ok","no","no"
"reunionco@goddardschools.com","good","ok","no","no"
"revans@stocktonusd.net","bad","invalid","no","no"
"revathi.kannan@everi.com","bad","invalid","no","no"
"rex@multifixwa.com.au","good","ok","no","no"
"rg@worldofwonder.net","good","ok","no","no"
"rgajardo@presleyga.com","good","ok","no","no"
"rgibson@nmusd.us","good","ok","no","no"
"rguajardo@c-vusd.org","good","ok","no","no"
"rhamilton@leconfieldwines.com","good","ok","no","no"
"rhampson@apra.com.au","good","ok","no","no"
"rhawkins@hawkins-eng.com","good","ok","no","no"
"rhea@makeupbyrhea.com","good","ok","no","no"
"rhodge@stratisadvisory.com","good","ok","no","no"
"rhorn@ridgercapital.com","good","ok","no","no"
"rhys.taylor@fonterra.com","risky","catch_all","no","no"
"rica@bomanforklift.com","good","ok","no","no"
"ricardo.alba@atos.net","bad","invalid","no","no"
"ricardo.villafana@simplot.com","risky","catch_all","no","no"
"ricardo@picplumbing.com","bad","invalid","no","no"
"rich@ck-b.com","good","ok","no","no"
"rich@douglashs.com","good","ok","no","no"
"rich@richmiller.com","good","ok","no","no"
"richard.coad@careerforce.org.nz","good","ok","no","no"
"richard.johnston@redmondschools.org","good","ok","no","no"
"richard.rodricks@autograb.com.au","good","ok","no","no"
"richard@bonilla.com","risky","unknown","no","no"
"richard@lnrplumbing.com","good","ok","no","no"
"richard@majorappliancelincoln.com","bad","invalid","no","no"
"richard@phi-online.com","risky","unknown","no","no"
"richard@redtalkers.com","risky","catch_all","no","no"
"richard@yeswearemad.com","good","ok","no","no"
"richard_hodges@ddouglas.k12.or.us","good","ok","no","no"
"richardc@cagliarecycling.com","bad","invalid","no","no"
"richardf@jmpcreative.com","risky","unknown","no","no"
"richardf@rfrick.com","good","ok","no","no"
"richardm@iispipeline.com","risky","catch_all","no","no"
"richie_chan@agilent.com","good","ok","no","no"
"rick@business-computers.com","good","ok","no","no"
"rick@ranchoviejoschool.com","good","ok","no","no"
"rick@sandboxc6.com","bad","invalid","no","no"
"rick@trimwestdist.com","risky","unknown","no","no"
"rickl@ckschools.org","good","ok","no","no"
"riekert@thehomerefinery.com","good","ok","no","no"
"rikky.sunga@lamresearch.com","good","ok","no","no"
"rios.johnny@tusd.org","risky","catch_all","no","no"
"risasi@immaculatestudios.com","good","ok","no","no"
"rishu.khare@kiddieacademy.net","good","ok","no","no"
"rita_malay@coeur.com","bad","invalid","no","no"
"rizarraraz@ecesd.org","good","ok","no","no"
"rj@mb-realtyllc.com","good","ok","no","no"
"rjensen@thervstore.com","good","ok","no","no"
"rjimenez@tvusd.us","good","ok","no","no"
"rkatyal@ucsd.edu","risky","catch_all","no","no"
"rkimmick@lcps.k12.nm.us","good","ok","no","no"
"rleon@ucsd.edu","risky","catch_all","no","no"
"rlopez@vvuhsd.org","good","ok","no","no"
"rmccarver@psd267.org","risky","catch_all","no","no"
"rmould@coastalerosion.com.au","bad","invalid","no","no"
"rmw@sidekicktutoring.biz","bad","invalid","no","no"
"rob.deslauriers@sothebysrealty.com","good","ok","no","no"
"rob.harris@fmg.co.nz","good","ok","no","no"
"rob@allaboutweb.com.au","risky","catch_all","no","no"
"rob@vjmemorials.com","risky","catch_all","no","no"
"rob@westernviewptg.com","risky","catch_all","no","no"
"robb@conceptinabox.com","good","ok","no","no"
"robb@theleadershipsource.com","good","ok","no","no"
"robbie.pearce@icodeschool.com","good","ok","no","no"
"robert.irvine@frontiersoftware.com","good","ok","no","no"
"robert.newton@kent.k12.wa.us","good","ok","no","no"
"robert.price@asd20.org","risky","catch_all","no","no"
"robert.winningham@shiloinns.com","bad","invalid","no","no"
"robert@alpineseaco.com","good","ok","no","no"
"robert@armitageelectric.com","good","ok","no","no"
"robert@autovalueexperts.com","good","ok","no","no"
"robert@gormantransport.com","good","ok","no","no"
"robert@lacis.ca","risky","unknown","no","no"
"robert@nespolohvac.com","good","ok","no","no"
"robert@smudgewash.com","bad","invalid","no","no"
"robert@tesellebuilt.com","good","ok","no","no"
"robertae@orcalink.com","good","ok","no","no"
"roberto@slingshotdrywall.com","good","ok","no","no"
"roberts_caleb@salkeiz.k12.or.us","good","ok","no","no"
"robin@heartcoachinstitute.com","risky","catch_all","no","no"
"robin@safarifilms.com","good","ok","no","no"
"robin@showflex.pro","risky","catch_all","no","no"
"robinsonmas@robinsonhss.com","risky","catch_all","no","no"
"robyn.stacey@dickerdata.co.nz","good","ok","no","no"
"robynne@scotchmanscoffee.com","good","ok","no","no"
"rochelle@2miletaupo.com","good","ok","no","no"
"rochelle@rochelleadrianonutrition.com","good","ok","no","no"
"rocky@gernhardtpromotions.com","risky","catch_all","no","no"
"rod@mcfall.com","risky","unknown","no","no"
"rodclayton@safetypadsolutions.com.au","good","ok","no","no"
"rodney.price@permasteelisagroup.com","good","ok","no","no"
"rogelio.martinez@abm.com","good","ok","no","no"
"roger@basincollision.com","good","ok","no","no"
"roger@rnrdev.com","risky","catch_all","no","no"
"roger@shout-entertainment.com","good","ok","no","no"
"roger@temporaryviphousing.com","good","ok","no","no"
"rogers@tcr.ca","good","ok","no","no"
"roi@rndbuildersinc.com","good","ok","no","no"
"roland@hnatrans.com","good","ok","no","no"
"rolf@designbyproxy.com","good","ok","no","no"
"rolfandpam@arrowvacationrentals.com","good","ok","no","no"
"rommel@thelabmiami.com","risky","catch_all","no","no"
"ron@addictionwebmarketingpros.com","good","ok","no","no"
"ron@jandrprecision.com","risky","catch_all","no","no"
"ron@littlenessy.com","good","ok","no","no"
"ron@robertsny.com","good","ok","no","no"
"ron@uplandbirdranch.com","good","ok","no","no"
"ronald.deherrera@custodian.ie","bad","invalid","no","no"
"rory@csta.com.au","good","ok","no","no"
"rose.hammer@abm.com","good","ok","no","no"
"rosevillesouth@mathnasium.com","good","ok","no","no"
"rosierourke@kw.com","good","ok","no","no"
"rosipajla@elitesportsco.com","good","ok","no","no"
"ross.erickson@springfield.k12.or.us","risky","catch_all","no","no"
"ross@anchorptwa.com","good","ok","no","no"
"ross@hrbconsulting.com.au","bad","invalid","no","no"
"ross@isafeaccess.com.au","good","ok","no","no"
"ross@olindacellars.com.au","bad","invalid","no","no"
"roxanne.countryman@abm.com","good","ok","no","no"
"roxy@jaqkar.com","good","ok","no","no"
"roy.camp@moffatsd.org","good","ok","no","no"
"royce.jackson@barclays.com","good","ok","no","no"
"rpatterson@lwsd.org","good","ok","no","no"
"rpitsch@diamondbackrepair.com","risky","catch_all","no","no"
"rq@safetelespace.com","good","ok","no","no"
"rrankin@certapro.com","bad","invalid","no","no"
"rray@evo.com","good","ok","no","no"
"rrosa@egusd.net","risky","catch_all","no","no"
"rsackett@outrayjus.com.au","bad","invalid","no","no"
"rsalvidrez@designsbysundown.com","good","ok","no","no"
"rsayeed@frontlinehealth.com.au","good","ok","no","no"
"rsimpson@dusd.net","good","ok","no","no"
"rspence@orangeusd.org","good","ok","no","no"
"rstancescu@bensonglobal.com","good","ok","no","no"
"rterrill@sonomaskinworks.com","risky","catch_all","no","no"
"rtorres@mtpoolservices.com","good","ok","no","no"
"rtrimble@hesd.org","good","ok","no","no"
"rtuller@delta.org","good","ok","no","no"
"rtwatkins@qme-inc.com","good","ok","no","no"
"rubenfrias@the-empanadashop.com","good","ok","no","no"
"rubi@transformhc.com","good","ok","no","no"
"rubink@hypermean.com","good","ok","no","no"
"ruby.jewkes@uintah.net","good","ok","no","no"
"rubyn@billingsschools.org","good","ok","no","no"
"rudy@donationconsultants.com","good","ok","no","no"
"rudy@toastilla.net","good","ok","no","no"
"rui.bian@telecare.com.au","good","ok","no","no"
"russ@advantrustinsurance.com","risky","catch_all","no","no"
"russ@theprophouse.com.au","good","ok","no","no"
"russel@goldenrootslandscapedesign.com","risky","catch_all","no","no"
"russell@precisionauto.co.nz","good","ok","no","no"
"rvanbruggen@sssinc.biz","good","ok","no","no"
"rwolfe@wolfeenterprises.ca","bad","invalid","no","no"
"ryan.alvarez@kimley-horn.com","good","ok","no","no"
"ryan.lilienthal@crossfitparker.com","bad","invalid","no","no"
"ryan.meldrum@journey.edu.au","good","ok","no","no"
"ryan.pate@knowbeforeyoumeet.com","risky","catch_all","no","no"
"ryan.sippel@decoglaze.com.au","good","ok","no","no"
"ryan@3blc.com","good","ok","no","no"
"ryan@8-ballconsulting.com","good","ok","no","no"
"ryan@aroundthecastleinc.com","good","ok","no","no"
"ryan@barzelsolutions.com","good","ok","no","no"
"ryan@bladesgolflounge.com","good","ok","no","no"
"ryan@cleanpro.in","risky","catch_all","no","no"
"ryan@crcconstruction.com","good","ok","no","no"
"ryan@getsoundstake.com","good","ok","no","no"
"ryan@renoaces.com","bad","invalid","no","no"
"ryan@rrlandscapes.com","good","ok","no","no"
"ryan@rtwinemaking.com","good","ok","no","no"
"ryan@shamrockdesign.com","good","ok","no","no"
"ryan@stormwaterbiochar.com","good","ok","no","no"
"ryan@treadsandbrakes.com","good","ok","no","no"
"ryan@uscfootball.com","good","ok","no","no"
"ryan@vegasremodelsllc.com","good","ok","no","no"
"rye@artisanplastersupply.com","risky","unknown","no","no"
"rylan@incluud.com","good","ok","no","no"
"s.king@wokandrollteriyaki.com","bad","invalid","no","no"
"s.lee@interiorarchitects.com","good","ok","no","no"
"s.vansickle@remedihs.com","bad","invalid","no","no"
"s@gresham.k12.or.us","good","ok","no","no"
"s@m5vinc.com","good","ok","no","no"
"sabah@xenamedicalbilling.com","good","ok","no","no"
"sabine.krawietz@kalibios.com","risky","catch_all","no","no"
"sahira.zaman@poweredbysoftware.com.au","good","ok","no","no"
"sahiti.nalajala@resimac.com.au","good","ok","no","no"
"salinas@blackbeardiner.com","good","ok","no","no"
"sally@saltcpa.net","risky","catch_all","no","no"
"sally@sr-la.com","good","ok","no","no"
"sally@thewellbeingpartnership.com.au","good","ok","no","no"
"salman.shoaib@mathnasium.sg","good","ok","no","no"
"sam.blackmore@2degrees.nz","good","ok","no","no"
"sam.ellis@propex.net.au","good","ok","no","no"
"sam@cmpmontana.com","good","ok","no","no"
"sam@ejmedical.com.au","good","ok","no","no"
"sam@monkeybusiness.co.nz","good","ok","no","no"
"sam@newimagefashion.net","good","ok","no","no"
"sam@skyline-co.com","risky","catch_all","no","no"
"sam@streetgrafx.com","good","ok","no","no"
"sam@zam.studio","risky","catch_all","no","no"
"samantha.czyz@stockland.com.au","good","ok","no","no"
"samantha.furlet@summitspeechteam.com","risky","catch_all","no","no"
"samantha.hoag@lovbsf.com","good","ok","no","no"
"samantha.wijesinha@bupa.com.au","good","ok","no","no"
"samm@dbid.com","good","ok","no","no"
"samuel.garcia@martinmarietta.com","risky","catch_all","no","no"
"samuel@sjoconnor.co","good","ok","no","no"
"sandra@newwayrealestate.in","risky","catch_all","no","no"
"sandromurillo@ccusd.org","good","ok","no","no"
"sandy@littlelighthouses.com.au","risky","unknown","no","no"
"sanj@eastdayspa.com","good","ok","no","no"
"sanjaya@techmate.co.nz","risky","unknown","no","no"
"santaynez@queencupcoffee.com","good","ok","no","no"
"santee@blondevoyagesalon.com","good","ok","no","no"
"sapin@nanascottage.us","bad","invalid","no","no"
"sara.hodges@bizcor.com","good","ok","no","no"
"sara@cavoiceacademy.com","good","ok","no","no"
"sara@circadiancellars.com","good","ok","no","no"
"sara@livingstillness.com.au","good","ok","no","no"
"sarah.j.bacon.hb46@statefarm.com","good","ok","no","no"
"sarah.jamet@aperience.com","risky","catch_all","no","no"
"sarah.mitcheson@dyedurham.com","good","ok","no","no"
"sarah.ojala@basx.com","good","ok","no","no"
"sarah.reed@alvordschools.org","good","ok","no","no"
"sarah.wizner@ondarowave.com","good","ok","no","no"
"sarah@accessmedicalandhealth.com","risky","unknown","no","no"
"sarah@eudoniawellness.com","good","ok","no","no"
"sarah@itsbrewing.com","risky","unknown","no","no"
"sarah@lifeworks.life","risky","unknown","no","no"
"sarah@primroseparker.com","good","ok","no","no"
"sarah@sarahwestinteriors.com","risky","catch_all","no","no"
"sasanka.chintapalli@checkr.com","good","ok","no","no"
"sasha@leveluxbag.com","good","ok","no","no"
"sassan@sfsmiledoctor.com","good","ok","no","no"
"satish@kentron.ai","good","ok","no","no"
"saul@creativemood.studio","bad","invalid","no","no"
"sav@stilettodesigncompany.com","good","ok","no","no"
"sawako@mikimiette.com","good","ok","no","no"
"sayala@dusd.net","good","ok","no","no"
"sbarrios@vvuhsd.org","good","ok","no","no"
"sbassett@clovistruevalue.com","good","ok","no","no"
"sbkeppler@emmeco.org","good","ok","no","no"
"sboissy@psdschools.org","risky","unknown","no","no"
"sbowling@lidowellnesscenter.com","good","ok","no","no"
"sbrown@musd.net","good","ok","no","no"
"sbrummitt@orangeusd.org","bad","invalid","no","no"
"sbutler@windermere.com","good","ok","no","no"
"scameron@alliedcali.com","bad","invalid","no","no"
"schlictingb@ci.billings.mt.us","bad","invalid","no","no"
"schoolcraft@schoolcraft.org","good","ok","no","no"
"sconnell@bhhscalhomes.com","good","ok","no","no"
"sconstruction@gotgyp.com","bad","invalid","no","no"
"scott.cochran@ryancopc.com","risky","unknown","no","no"
"scott.evans@abm.com","good","ok","no","no"
"scott.porter@xango.com","bad","invalid","no","no"
"scott@centerpointesigns.com","good","ok","no","no"
"scott@clearwaterarizona.com","good","ok","no","no"
"scott@expeditionpt.com","good","ok","no","no"
"scott@grimesac.com","good","ok","no","no"
"scott@highervisiondesignllc.com","risky","catch_all","no","no"
"scott@ncsarts.org","good","ok","no","no"
"scott@newleaf-catering.com","good","ok","no","no"
"scott@parkercoloradopainters.com","good","ok","no","no"
"scott@primehourtech.com","good","ok","no","no"
"scott@schoolhousearvada.com","risky","catch_all","no","no"
"scott@scottrgranlund.com","good","ok","no","no"
"scott@tritech.com.au","good","ok","no","no"
"scott@underdogsoftware.xyz","good","ok","no","no"
"scott_steven@salkeiz.k12.or.us","bad","invalid","no","no"
"scotte@ftgnissan.com.au","good","ok","no","no"
"scottsia@jp.com.sg","good","ok","no","no"
"sdavis@tanq.org","good","ok","no","no"
"sdeaver@musd.net","good","ok","no","no"
"sdelacruz@hansenadkins.com","good","ok","no","no"
"sdriscoll@ets.org","bad","invalid","no","no"
"sean.coley@midia.co","good","ok","no","no"
"sean.liao@banyantech.com.tw","bad","invalid","no","no"
"sean@canopycraft.co","risky","catch_all","no","no"
"sean@checkzeromm.com","good","ok","no","no"
"sean@horsefeatherswine.com","risky","unknown","no","no"
"sean@pivottutors.com","good","ok","no","no"
"sean@preferredpropertiessteamboat.com","good","ok","no","no"
"sean@stoneroomfilms.com","good","ok","no","no"
"sean@studiovandenakker.com","good","ok","no","no"
"sean_ropp@beaverton.k12.or.us","good","ok","no","no"
"seattle@2b-organized.com","risky","catch_all","no","no"
"seema@zeefoods.com","risky","catch_all","no","no"
"seemant@sensital.com","good","ok","no","no"
"semion@semionbarbershop.com","good","ok","no","no"
"serena@projectprofessionalservices.com.au","risky","catch_all","no","no"
"sergey@visa2.au","good","ok","no","no"
"seriene.mohammed@firsttechfed.com","good","ok","no","no"
"seth@everlinecoatings.com","good","ok","no","no"
"seth@kamberinsuranceagency.com","good","ok","no","no"
"seth@liquidmechanicsbrewing.com","good","ok","no","no"
"sgifford@clearent.com","good","ok","no","no"
"sglass@fccconsulting.net","good","ok","no","no"
"sgray@broadmoor.com","good","ok","no","no"
"shacoby.womack@safety-kleen.com","good","ok","no","no"
"shae.piquet@dumpstercrushr.com","good","ok","no","no"
"shainareyes@southparkstudios.com","risky","unknown","no","no"
"shakiyla.sutton@abm.com","good","ok","no","no"
"shane.fisher@insentragroup.com","good","ok","no","no"
"shane.santistevan@sandvik.com","bad","invalid","no","no"
"shane@dreamarchitecture.biz","good","ok","no","no"
"shane@evergreen-homes.com","bad","invalid","no","no"
"shane@integratedlandscapesolutions.com.au","good","ok","no","no"
"shane@kiowafitness.com","bad","invalid","no","no"
"shane@urbantechsecurity.com.au","good","ok","no","no"
"shanegray@popalock.com","good","ok","no","no"
"shanna@realtybysr.com","risky","unknown","no","no"
"shannon.bryett@nepean.com","good","ok","no","no"
"shannon.horsten@suncorp.com.au","good","ok","no","no"
"shannon@millerfenceandbarns.com","bad","invalid","no","no"
"shannonsmoldt@myctmh.com","bad","invalid","no","no"
"shansen@utahhems.com","risky","catch_all","no","no"
"sharky@jewel-la.com","risky","catch_all","no","no"
"sharon@annetteinternational.com","risky","catch_all","no","no"
"shaun.hall@banksyd.com.au","good","ok","no","no"
"shawn.okeefe@lmsvschools.org","good","ok","no","no"
"shawn.rutzen@srphotographyllc.com","risky","catch_all","no","no"
"shawn@yadonmechanical.com","good","ok","no","no"
"shawna@lbsminc.com","good","ok","no","no"
"shelby.winship@ziggiscoffee.com","good","ok","no","no"
"shelley@tidyfolk.com.au","good","ok","no","no"
"shelli_jordan@lkstevens.wednet.edu","bad","invalid","no","no"
"shelly@staebellinsurancegroup.com","good","ok","no","no"
"shelly_conway@ycs.wednet.edu","good","ok","no","no"
"sheri@airway-solutions.com","risky","catch_all","no","no"
"sheri@movetowellness.net","good","ok","no","no"
"sherman@yondermust.com","good","ok","no","no"
"sherri@rockymountaincarwash.com","risky","catch_all","no","no"
"sherry.silvasmith@sas.com","good","ok","no","no"
"shili@akronym.co","good","ok","no","no"
"shill@fcusd.org","bad","invalid","no","no"
"shilpa.lloyd1@tollgroup.com","risky","catch_all","no","no"
"shjohnson@taftcity.org","good","ok","no","no"
"shuckins@acninc.com","bad","invalid","no","no"
"shweta.divekar@beambenefits.com","good","ok","no","no"
"sian.daley@cohostwithme.com","risky","catch_all","no","no"
"simon@illawarraos.com.au","risky","catch_all","no","no"
"simon@madeinitaly.com.au","risky","catch_all","no","no"
"simon@ourmilko.com.au","good","ok","no","no"
"simon@pencraftsa.com.au","good","ok","no","no"
"sinclaire@patchworkcoffee.com","good","ok","no","no"
"sinyi_chai@flyscoot.com","good","ok","no","no"
"siobhan@siobhanphotography.com","good","ok","no","no"
"sithika.fernando@aplm.co.nz","good","ok","no","no"
"sjensen@weber.edu","good","ok","no","no"
"skaesemeyer@pineeaglesd.org","good","ok","no","no"
"skearney@ucla.edu","good","ok","no","no"
"skelley@taftcity.org","good","ok","no","no"
"slacoe@netjets.com","good","ok","no","no"
"slett@holisticmath.com","good","ok","no","no"
"sluke@lcps.k12.nm.us","bad","invalid","no","no"
"smalee@netjets.com","good","ok","no","no"
"smartin@slzusd.org","good","ok","no","no"
"smitchell@egusd.net","risky","catch_all","no","no"
"smontoya@slusd.us","good","ok","no","no"
"smoser@conceptsmw.com","risky","catch_all","no","no"
"smurthy@toyota.com.au","good","ok","no","no"
"snowturtlelim@sonic.net","good","ok","no","no"
"snutter@enrollmentprofessor.com","risky","catch_all","no","no"
"sofia@cramoisivineyard.com","good","ok","no","no"
"sofia@zuswork.com","risky","catch_all","no","no"
"sonali.suvarna@mycar.com.au","good","ok","no","no"
"sondra@blackbirdtreedesigns.com","risky","catch_all","no","no"
"sonny@platinumdental.com","good","ok","no","no"
"sophia.theotokatos@bend.k12.or.us","good","ok","no","no"
"sornelas@nxtgdata.com","good","ok","no","no"
"southyarra@hechoenmexico.com.au","risky","catch_all","no","no"
"sowmya.simhadri@bofa.com","good","ok","no","no"
"sparksnv@goddardschools.com","good","ok","no","no"
"spaulson@qualityps.com","good","ok","no","no"
"speakup@tomorrow.org","good","ok","no","no"
"spence@minturnwhisky.com","good","ok","no","no"
"spencer.runde@cnusd.k12.ca.us","good","ok","no","no"
"spencer@kbell.biz","good","ok","no","no"
"spencer@midgleyconstruction.com","good","ok","no","no"
"spider@nerdykeppie.com","good","ok","no","no"
"spurim@franchisewizards.com","good","ok","no","no"
"srk@cadfx.com","good","ok","no","no"
"srotondo@sureway.com","good","ok","no","no"
"ssanadams@anduril.com","good","ok","no","no"
"ssauerbrunn@ess.com","risky","catch_all","no","no"
"sstimpson@ragerssna.com","risky","catch_all","no","no"
"stacey@insphire.co.nz","good","ok","no","no"
"stacey@staceyscleaningservice.com","good","ok","no","no"
"staci@martinagencywyo.com","good","ok","no","no"
"stacy.colton@scooterscoffee.com","bad","invalid","no","no"
"stacy@betterbalancedkeeper.com","good","ok","no","no"
"staging@stagedtosellnv.com","risky","catch_all","no","no"
"stang@primehealthcare.com","good","ok","no","no"
"starcreations@starcreationsinc.net","bad","invalid","no","no"
"stay@atriversedge.com","risky","catch_all","no","yes"
"stebeau@laika.com","bad","invalid","no","no"
"stefan@deweystationwines.com.au","good","ok","no","no"
"stefano@foreigntodomestic.com","good","ok","no","no"
"stefano@novostudioevents.com","good","ok","no","no"
"steffany@smackngg.com","good","ok","no","no"
"steffi.chen@hornblower.com","good","ok","no","no"
"steinman@whitestonepharmacy.org","good","ok","no","no"
"stella@offgriddesign.com.au","bad","invalid","no","no"
"steph.watanabe@compass.com","good","ok","no","no"
"steph@gibsoninsight.com","good","ok","no","no"
"steph@moseydesign.com.au","good","ok","no","no"
"stephanie@davios.com","good","ok","no","no"
"stephanie@elevation-wellness.com","good","ok","no","no"
"stephanie@feftrain.com","good","ok","no","no"
"stephanie@htlive.net","good","ok","no","no"
"stephanie@rougemocap.com","good","ok","no","no"
"stephanie@shopfortywinks.com","risky","catch_all","no","no"
"stephanie@turnerledgers.com","risky","catch_all","no","no"
"stephaniem@fiftyfive5.com","good","ok","no","no"
"stephen.millay@starbuildings.com","risky","catch_all","no","no"
"stephen@3rd-phase-boss.com","bad","invalid","no","no"
"stephen@fueledbycheph.com","good","ok","no","no"
"stephen@simplifychurch.com","good","ok","no","no"
"stephen@truenorth-bk.com","good","ok","no","no"
"sterling@teamspeedco.com","good","ok","no","no"
"steve@baylanepainting.com","good","ok","no","no"
"steve@cook-insurance.com","good","ok","no","no"
"steve@fastindustries.biz","good","ok","no","no"
"steve@fredhealthins.com","good","ok","no","no"
"steve@highroadconstructionsolutions.com","risky","unknown","no","no"
"steve@hqplumbingandair.com","good","ok","no","no"
"steve@kovach.net","good","ok","no","no"
"steve@portlandeast.homemasters.com","good","ok","no","no"
"steve@stevefinnesteadphotography.com","good","ok","no","no"
"steve@supplementmart.com.au","risky","catch_all","no","no"
"steve@swgordoncpa.com","risky","unknown","no","no"
"steve@teslatech.info","good","ok","no","no"
"steve@thatbrewery.com","risky","catch_all","no","no"
"steve@theartofpressbrake.com","good","ok","no","no"
"steve@urbanappeal.com.au","risky","catch_all","no","no"
"steve@waverave.com","risky","catch_all","no","no"
"stevel@cheapmoversclub.com","risky","unknown","no","no"
"stevem@instructionalaccess.com","good","ok","no","no"
"steven.ung@primaryhsa.com.au","good","ok","no","no"
"steven.weems@roirocket.com","good","ok","no","no"
"steven@batterrebellion.com","good","ok","no","no"
"steven@hdlpartners.com","risky","catch_all","no","no"
"steven@sdsconst.com","good","ok","no","no"
"steven_lund@ddouglas.k12.or.us","good","ok","no","no"
"stevendeaton@firstcarolinabank.com","good","ok","no","no"
"stewart.quigly@mail.quigleychiro.com","bad","invalid","no","no"
"stewart@kafeutza.com","risky","unknown","no","no"
"stewart@warstoneinnovations.com","good","ok","no","no"
"stuart.bailey@bluecurrent.com.au","risky","catch_all","no","no"
"stuart@ausclassics.com.au","good","ok","no","no"
"stuart@s2engs.com","good","ok","no","no"
"suba@shubainfantcare.com","risky","catch_all","no","no"
"sudhinjolly_akkarapatty@swissre.com","good","ok","no","no"
"sue@bellarinecelebrant.com","good","ok","no","no"
"sue@shkmusic.com","bad","invalid","no","no"
"sukhveer.singh@britishswimschool.com","good","ok","no","no"
"summer@tigerowldesigns.com","good","ok","no","no"
"sun@suncitiesgaragedoor.com","risky","catch_all","no","no"
"suneth.ilangasinghe@uniquelaser.com.au","good","ok","no","no"
"sung@bruvi.com","good","ok","no","no"
"sunil@millerautomotiveparts.com","good","ok","no","no"
"susan.hart.gawf@statefarm.com","good","ok","no","no"
"susan@middletoncounseling.com","bad","invalid","no","no"
"susan@purensm.com","good","ok","no","no"
"susanm@nas-inc.com","good","ok","no","no"
"susie.porter@forwardinnovations.com","good","ok","no","no"
"susie@seattleface.com","risky","catch_all","no","no"
"sutherlan@tankiteasyseptic.com","good","ok","no","no"
"suzie@skincarebysuzie.com","good","ok","no","no"
"sven@adelaideorthodontics.com.au","good","ok","no","no"
"sven@skdgtl.com","good","ok","no","no"
"swalters@acbmfg.com","good","ok","no","no"
"swang@johnslyng.com.au","good","ok","no","no"
"swapnal.shah@jimslaundryservices.co.nz","good","ok","no","no"
"sweta@leaporbit.com","good","ok","no","no"
"swetzel@greenworthadvisors.com","good","ok","no","no"
"swright@schoolchicuniforms.com","good","ok","no","no"
"sydney@thepoodlebookedit.com","good","ok","no","no"
"sylvia.gutierrez@abm.com","good","ok","no","no"
"t.field@4thplanetpropulsion.com","risky","catch_all","no","no"
"t.fitzgerald@southbeloit.org","good","ok","no","no"
"t.french@finbuild.com.au","good","ok","no","no"
"t.histed@alloypersonaltraining.com","good","ok","no","no"
"tad@goodneighborcarpetcleaning.com","good","ok","no","no"
"tadd@carterslandscaping.com","good","ok","no","no"
"tahni@picpuffin.com","good","ok","no","no"
"talex@alexdds.com","bad","invalid","no","no"
"tamara.alfonso@homematters.com","risky","catch_all","no","no"
"tamara.olivas@homematters.com","risky","catch_all","no","no"
"tamara@thrive-re.com","good","ok","no","no"
"tammie.rollins@carlsbadschools.net","good","ok","no","no"
"tammie.yoakum@mathnasium.com","good","ok","no","no"
"tammy@cleaningjanitorialservice.com","risky","unknown","no","no"
"tammy@kalonskinstudio.com","bad","invalid","no","no"
"tammyt@sportsmallgroup.com","risky","catch_all","no","no"
"tania.peleshok@stor-x.com","good","ok","no","no"
"tanner@thedigsco.com","risky","unknown","no","no"
"tanner@usbooths.com","risky","catch_all","no","no"
"tanya@sphcolorado.com","good","ok","no","no"
"tanya@tanyaboggs.com","good","ok","no","no"
"tanya@thearmchair.com.au","good","ok","no","no"
"tapu.sitagata@acninc.com","bad","invalid","no","no"
"tara.honess@yum.com","good","ok","no","no"
"tara@thelunacrew.com","good","ok","no","no"
"taran.aulakh@halliburton.com","bad","invalid","no","no"
"tash@write101right.com.au","good","ok","no","no"
"tate@thetntcapital.com","risky","catch_all","no","no"
"tawnya@powerwestproperties.com","good","ok","no","no"
"taxexpress@aztecas.com","good","ok","no","no"
"taydama@mycompanyworks.com","bad","invalid","no","no"
"taylah@coffeesoncart.com.au","good","ok","no","no"
"taylerp@stcyril.com","good","ok","no","no"
"taylor.moon@blazedigital.io","risky","catch_all","no","no"
"taylor@aussiemi.com","bad","invalid","no","no"
"taylor@ltrealestateco.com","good","ok","no","no"
"taylor@rivermountainroofing.com","risky","catch_all","no","no"
"taylor@taylornunley.com","good","ok","no","no"
"tbaca@triplecrowncasinos.com","good","ok","no","no"
"tbenson@4infinityhairsolutions.com","risky","catch_all","no","no"
"tbutt@tahomasd.us","risky","catch_all","no","no"
"tc@monumentfarm.com","good","ok","no","no"
"tcampbell@nhusd.k12.ca.us","good","ok","no","no"
"tcarney@hsd2.org","good","ok","no","no"
"tcastelo@timetoshinecarwash.com","bad","invalid","no","no"
"tchaston@secureauth.com","bad","invalid","no","no"
"tclark@tahomasd.us","risky","catch_all","no","no"
"tdeanda@tayengineering.com","good","ok","no","no"
"tduong@wsdk8.us","good","ok","no","no"
"ted@jbeverlyhills.com","risky","catch_all","no","no"
"teklemariam@gresham.k12.or.us","good","ok","no","no"
"teri@knowlesbookkeeping.com","good","ok","no","no"
"teri@theaccountant.llc","good","ok","no","no"
"terrir@health.solutions","good","ok","no","no"
"terry.ludlow@riotinto.com","risky","catch_all","no","no"
"terry@ecoapartmentgardens.com","good","ok","no","no"
"terrycosgrove@valetprintercartridges.com.au","risky","catch_all","no","no"
"tfolz@archeryhouse.com","good","ok","no","no"
"tgallagher@puttingworld.com","bad","invalid","no","no"
"tgirard@nthurston.k12.wa.us","good","ok","no","no"
"tglass@reedschools.org","good","ok","no","no"
"thaddeus.lee@lego.com","good","ok","no","no"
"thakali@superagentagency.com.au","bad","invalid","no","no"
"thall@hallhall.com","bad","invalid","no","no"
"thamrick@santarosa.limo","risky","catch_all","no","no"
"thanh@actionautoutah.com","risky","catch_all","no","no"
"theboss@personal-space.me","good","ok","no","no"
"therin@rainbowdome.com","good","ok","no","no"
"tholmes@pps.co.za","bad","invalid","no","no"
"thomas.novak@abm.com","good","ok","no","no"
"thomas@blackpigeonstudios.com","risky","catch_all","no","no"
"thomas@everstrongrentals.com","good","ok","no","no"
"thomas@supercedar.com","good","ok","no","no"
"thomasm@allegiancewater.com","risky","catch_all","no","no"
"thomasrohner@pointzconsulting.com","risky","catch_all","no","no"
"tiffany.ramsay@bpsoftware.net","bad","invalid","no","no"
"tim.cochrane@echovalleycc.com","risky","catch_all","no","no"
"tim.rikli@citycakescafe.com","good","ok","no","no"
"tim@beyond-driven.com","good","ok","no","no"
"tim@centertargetsports.com","good","ok","no","no"
"tim@creditinventions.com","risky","unknown","no","no"
"tim@hortelements.com","good","ok","no","no"
"tim@kr-com.com","good","ok","no","no"
"tim@mesiccontracting.com","good","ok","no","no"
"tim@tntechgroup.com","good","ok","no","no"
"timjr@sullivanpetroleum.com","good","ok","no","no"
"timothy.dreher@dreherpt.com","risky","unknown","no","no"
"timothy.hedges@asd20.org","risky","catch_all","no","no"
"tina@cdsavoia.com","good","ok","no","no"
"tina@thescripted.com","good","ok","no","no"
"tkim@srcs.org","good","ok","no","no"
"tklujber@lwsd.org","good","ok","no","no"
"tlaudick@silverbluffcompanies.com","good","ok","no","no"
"tmg@traversemountainpetcare.com","good","ok","no","no"
"tmillar@twinstarcu.com","good","ok","no","no"
"todd@baumanwealth.com","good","ok","no","no"
"todd@herbertcreative.com","good","ok","no","no"
"todd@insitehq.com","good","ok","no","no"
"todd@nauticalnw.com","good","ok","no","no"
"todd@spudtoddos.com","good","ok","no","no"
"todd@utahcaravans.com","good","ok","no","no"
"togden@dtvisionreno.com","good","ok","no","no"
"tolsoy@everettsd.org","good","ok","no","no"
"tom.yakubowski@metrotrains.com.au","good","ok","no","no"
"tom@boycebuiltconstruction.com","good","ok","no","no"
"tom@fidelityguaranty.com","good","ok","no","no"
"tom@floragetasmania.com.au","good","ok","no","no"
"tom@tgca.com.au","good","ok","no","no"
"tom@tkodistribution.com","good","ok","no","no"
"tom@tmbarthlandscape.com","risky","catch_all","no","no"
"tom@udallgroup.com","good","ok","no","no"
"tom@ufpidaho.com","good","ok","no","no"
"tomek@housestudios.com.au","risky","catch_all","no","no"
"tomer@dglandscapes.com","good","ok","no","no"
"tomer@eliteequityla.com","good","ok","no","no"
"tomp@peltramplumbing.com","good","ok","no","no"
"ton@astirseattle.com","good","ok","no","no"
"toni@summitmanagementpros.com","good","ok","no","no"
"tony.frood@globalitfactory.com.au","good","ok","no","no"
"tony.halikos@territorytimberhardware.com.au","good","ok","no","no"
"tony.nguyen@westpac.com.au","good","ok","no","no"
"tony@cohaf.edu.au","good","ok","no","no"
"tony@inspectaproperty.com","good","ok","no","no"
"tony@livermoreironworks.com","good","ok","no","no"
"tony@philmandellaracing.com","good","ok","no","no"
"tony@raisingthebar.co.nz","good","ok","no","no"
"toothfairy@rivierasmiles.com","good","ok","no","no"
"tpoulos@d49.org","risky","catch_all","no","no"
"tr.mcdowell@tailoredcloset.com","good","ok","no","no"
"traci@olympic-equipment.com","good","ok","no","no"
"tracy@kidsco.co.nz","good","ok","no","no"
"tracy@lotusbrokers.com","risky","catch_all","no","no"
"tracye.woolery@alvordschools.org","good","ok","no","no"
"travis.gatlin@azmobileglass.com","bad","invalid","no","no"
"travis@elkhollowroofing.com","good","ok","no","no"
"travis@highlandstreeco.com","good","ok","no","no"
"travis@savvyenterprises.org","risky","catch_all","no","no"
"travis@tqmecham.com","risky","unknown","no","no"
"travis@travisty.com.au","good","ok","no","no"
"tree@treemyriah.com","good","ok","no","no"
"trent@ktoutdoorsolutions.com","good","ok","no","no"
"trevin@bristol.group","good","ok","no","no"
"trevor.gardner@brightstarcare.com","good","ok","no","no"
"trevor@454motorsports.com","good","ok","no","no"
"trevor@cbcomputers.com.au","good","ok","no","no"
"trevor@rageaudio.com.au","bad","invalid","no","no"
"trevor@yourpricerealestate.com.au","good","ok","no","no"
"trey@alostspaceman.com","risky","catch_all","no","no"
"trichards@eatatovereasy.com","risky","catch_all","no","no"
"tricks@mainline-eng.com","good","ok","no","no"
"triecken@team3si.com","good","ok","no","no"
"trinar.chong@kaplan.edu.au","good","ok","no","no"
"trinity@pathwaysfamilycounseling.com","risky","catch_all","no","no"
"triplefconstruction@tfcpro.net","good","ok","no","no"
"trishag@daycare.com","risky","catch_all","no","no"
"trista@durangotruckaccessories.com","good","ok","no","no"
"tristen@remedih2o.com","good","ok","no","no"
"troy.gonzales.ickf@statefarm.com","good","ok","no","no"
"troy@assetbooster.com","bad","invalid","no","no"
"troy@horsenhound.net","good","ok","no","no"
"troy@reliantfinancialgroup.com","good","ok","no","no"
"troy@royalpanewindowcleaningllc.com","bad","invalid","no","no"
"troy@smittysllc.com","risky","unknown","no","no"
"truong@celebratedental.com","good","ok","no","no"
"tsegura@xrds.org","good","ok","no","no"
"tthompson@carmelunified.org","good","ok","no","no"
"ttran@tacoma.k12.wa.us","good","ok","no","no"
"turnbulla@svsd410.org","good","ok","no","no"
"turners@lancsd.org","good","ok","no","no"
"tushar@goplunge.com.au","good","ok","no","no"
"tuttle@lakecitycounselingcenter.com","bad","invalid","no","no"
"tvh@tvh1.net","good","ok","no","no"
"twinter@winterllp.com","good","ok","no","no"
"ty@oletravel.com","good","ok","no","no"
"ty@thursbywellnesscenter.com","good","ok","no","no"
"tyke@andrewbuilt.com","good","ok","no","no"
"tyler@ironclad-ins.com","risky","unknown","no","no"
"tyler@pakroofs.com","good","ok","no","no"
"tyler@tentmakermedia.co","good","ok","no","no"
"tyler@twelectricsc.com","good","ok","no","no"
"v.fridlyand@asap-appraisalservices.com","risky","unknown","no","no"
"vadim@shtilgroup.com","good","ok","no","no"
"valarie.hernandez@homeinstead.com","risky","catch_all","no","no"
"valerie@windyridgecellars.com","good","ok","no","no"
"vanessa@solcounseling.studio","good","ok","no","no"
"vanessa@tetherre.com","good","ok","no","no"
"vanessa_tokatly@travelassociates.com","good","ok","no","no"
"vanessasiu@mobilefoodfleet.com","good","ok","no","no"
"vanwyck_denny@salkeiz.k12.or.us","good","ok","no","no"
"vaughan@inawe.co.nz","risky","catch_all","no","no"
"vaughn@trannonculinary.com","good","ok","no","no"
"vbarreat@lavecindadlv.com","good","ok","no","no"
"velina@petrovic.org","good","ok","no","no"
"vellany@everlyreese.com","risky","unknown","no","no"
"vendors@betteritpros.com","risky","catch_all","no","yes"
"venkateshwarlu.manchukonda@endava.com","good","ok","no","no"
"ventura@royalplywood.com","bad","invalid","no","no"
"veto@alpinesidingpros.com","good","ok","no","no"
"vhenriqu@uci.edu","good","ok","no","no"
"vicki.pilley@a1earthworx.com.au","good","ok","no","no"
"victor.ayala@abm.com","good","ok","no","no"
"victoria@bendpartyrentals.com","good","ok","no","no"
"victoria@hometowngutter.com","good","ok","no","no"
"victoria@thefoxaesthetics.com","good","ok","no","no"
"vijay.rajan@i3verticals.com","good","ok","no","no"
"vikki@taxpro4me.com","good","ok","no","no"
"vikram@nagarro.com","good","ok","no","no"
"vince@pslskateboarding.com","risky","catch_all","no","no"
"vincent@workman-electric.com","good","ok","no","no"
"vinnie.hankla@karcher.com","good","ok","no","no"
"vinnie.viliborghi@chartermechanical.com","risky","catch_all","no","no"
"visitus@thebakerstcafe.com","good","ok","no","no"
"vitalykalambet@hvacandapplianceguys.com","risky","catch_all","no","no"
"vjain@da.com.au","risky","unknown","no","no"
"vladyslav@worldofsourdough.com","good","ok","no","no"
"vmehra@arizonapipeline.com","risky","catch_all","no","no"
"vmiller@greeleyschools.org","good","ok","no","no"
"vnuno@firstfoundationinc.com","good","ok","no","no"
"volunteer@napacoe.org","good","ok","no","no"
"vpimentel@rjc.ca","bad","invalid","no","no"
"vrodriguez@glg.it","risky","catch_all","no","no"
"vsalcido@lbschools.net","bad","invalid","no","no"
"vuna@anzco.com.au","good","ok","no","no"
"vzhen@egusd.net","risky","catch_all","no","no"
"waheed@luckyandpeps.com.au","good","ok","no","no"
"walsh@walsheng.net","good","ok","no","no"
"wanita@devcore.com.au","good","ok","no","no"
"wannachai.burke@smartpay.co.nz","good","ok","no","no"
"warren.scribner@slcschools.org","good","ok","no","no"
"warren@uniondistributing.com","good","ok","no","no"
"warwick@corebenefits.com.au","good","ok","no","no"
"wash@chinovalleyautospa.com","risky","catch_all","no","no"
"wayne@shapeshopfitters.com.au","good","ok","no","no"
"wbingham@binghamhurst.com","good","ok","no","no"
"wbrooks@baf.com","risky","catch_all","no","no"
"wd@fibrenew.com","good","ok","no","no"
"we@graniteschools.org","bad","invalid","no","no"
"weberk@billingsschools.org","good","ok","no","no"
"wehoca@woofgangbakery.com","good","ok","no","no"
"wendy@designessentialspnw.com","good","ok","no","no"
"wendyhowell@aea.rocks","good","ok","no","no"
"werner@sfdroneschool.com","good","ok","no","no"
"wes@thegoldenmill.com","good","ok","no","no"
"wesley.volz@emeraldrock.co","risky","catch_all","no","no"
"wesley@design-shepherd.com","risky","catch_all","no","no"
"westminsterco@goddardschools.com","good","ok","no","no"
"weston@beverlymason.com","bad","invalid","no","no"
"wflerry@gamejuggernaut2.fun","good","ok","no","no"
"wflower@barfoot.co.nz","good","ok","no","no"
"wgreen@humsenior.org","risky","catch_all","no","no"
"will@dusseaux.com","good","ok","no","no"
"will@dwrsquaredbenefits.com","risky","unknown","no","no"
"will@eltraelectrical.com.au","risky","catch_all","no","no"
"will@kairnu.com","good","ok","no","no"
"will@ovetransport.net","good","ok","no","no"
"william.bailey@ci.newberg.or.us","risky","unknown","no","no"
"william.brown@kent.k12.wa.us","good","ok","no","no"
"william.washington@lvvwd.com","risky","catch_all","no","no"
"william.weber@tmcollierlaw.com","good","ok","no","no"
"william@dfiplumbing.com.au","good","ok","no","no"
"william@evelpie.com","good","ok","no","no"
"william@myibtutor.org","good","ok","no","no"
"william@tmrrw.com.sg","good","ok","no","no"
"william_marcy@engschools.net","good","ok","no","no"
"williamb@richardsonsports.com","bad","invalid","no","no"
"wilson@premiersmsf.com.au","good","ok","no","no"
"wilsonb@hsd.k12.or.us","bad","invalid","no","no"
"wing@glotanning.com","good","ok","no","no"
"wmahi@sac.shiseido.com","risky","catch_all","no","no"
"work@dentalgreetings.com.au","good","ok","no","no"
"work@gustobread.com","good","ok","no","no"
"wramos@powayusd.com","bad","invalid","no","no"
"wtav@psdschools.org","risky","unknown","no","no"
"yangbo@bestgreen.com.sg","good","ok","no","no"
"yaron@toastcafeonline.com","bad","invalid","no","no"
"yashharrison@kbre.net.au","good","ok","no","no"
"yasmin@oakhaventax.com","good","ok","no","no"
"yekta@educationaltoursabroad.com","good","ok","no","no"
"yesenia@ykstrategies.com","good","ok","no","no"
"ygarcia@olympicmds.com","good","ok","no","no"
"ygeniaux@gc-am.com","good","ok","no","no"
"yifanwang@t-maxx.cc","good","ok","no","no"
"yliana@ykkinteriors.com","good","ok","no","no"
"yoav@fightorflightmusic.com","risky","catch_all","no","no"
"yvette@thewhiteoakboutique.com","good","ok","no","no"
"yvonne.dill.cruz@bumblebunch.com","good","ok","no","no"
"yvonne@yvonnegollphotography.com","good","ok","no","no"
"zac@surfdry.com","good","ok","no","no"
"zach@ballstrikingblueprint.com","good","ok","no","no"
"zach@clarkcountyroofcleaning.com","good","ok","no","no"
"zach@delanoproductions.com","good","ok","no","no"
"zach@utahmech.com","risky","catch_all","no","no"
"zackari@fingerscrossedcreative.com","good","ok","no","no"
"zakf@ziarecords.com","good","ok","no","no"
"zbasich@speedpro.com","good","ok","no","no"
"zcrouse@crouseconstructionco.com","good","ok","no","no"
"zeb@connelloil.com","good","ok","no","no"
"zeimantz@stumptownsoftwash.com","risky","catch_all","no","no"
"zgid@zoomingroomin.com","good","ok","no","no"
"zgreno@zoomingroomin.com","good","ok","no","no"
"zhan.lee@revolut.com","bad","invalid","no","no"
"zleyden@bluip.com","good","ok","no","no"
"zmeik@graniteschools.org","bad","invalid","no","no"
"zoehouse@ladrambay.co.uk","good","ok","no","no"
"zohlsen@buddandcompany.com","risky","catch_all","no","no"
