"email","quality","result","free","role"
"a.culver@kirkleyflooring.com","good","ok","no","no"
"a.england@comties.com","good","ok","no","no"
"a.ford@thomins.com","good","ok","no","no"
"a.gartrell@litostroj-us.com","good","ok","no","no"
"a.huynh@lounsburyinc.com","risky","catch_all","no","no"
"a.marquez@discoverak.com","risky","unknown","no","no"
"a.robinson@flymgm.com","good","ok","no","no"
"a.waite@royalfh.com","good","ok","no","no"
"aabernathy@romeortho.com","good","ok","no","no"
"aaganus@oulifarms.com","good","ok","no","no"
"aaglugub@oceaniccompanies.com","good","ok","no","no"
"aalexander@spi-al.com","good","ok","no","no"
"aanderson@skywaveantennas.com","good","ok","no","no"
"aandrews@southernskyaviation.com","good","ok","no","no"
"aareostatico@neighborhoodconcepts.org","good","ok","no","no"
"aargel@sthi.com","good","ok","no","no"
"aaron.carlisle@riospartners.com","good","ok","no","no"
"aaron.eichhorn@fulcrumconceptsllc.com","good","ok","no","no"
"aaron.everette@fultonhaley.com","good","ok","no","no"
"aaron.martin@subutaicapitalpartners.com","bad","invalid","no","no"
"aaron.nakanishi@ibsa.com","bad","invalid","no","no"
"aaron.saunders@marshall-team.com","good","ok","no","no"
"aaron@alaskaalpineadventures.com","good","ok","no","no"
"aaron@alastone.com","good","ok","no","no"
"aaron@brandneue.co","good","ok","no","no"
"aaron@dorgersoft.com","good","ok","no","no"
"aaron@forwardrealty.com","good","ok","no","no"
"aaron@hconstruction.com","good","ok","no","no"
"aaron@heidecook.com","good","ok","no","no"
"aaron@ig-steel.com","good","ok","no","no"
"aaron@mauitoyota.com","risky","catch_all","no","no"
"aaron@norco.net","risky","unknown","no","no"
"aaron@practicalsoftware.com","good","ok","no","no"
"aaron@rpmfun.com","good","ok","no","no"
"aaron@shorelinehotelwaikiki.com","good","ok","no","no"
"aarona@ipdhawaii.com","good","ok","no","no"
"aaronb@mauiplumbinginc.com","good","ok","no","no"
"aaronclayton@creedgroup.com","good","ok","no","no"
"aavery@larsonmcgowin.com","good","ok","no","no"
"aayorinde@geolabs.net","good","ok","no","no"
"abailey@aeboro.org","good","ok","no","no"
"abaldwin@russellala.com","good","ok","no","no"
"abaligad@foundationshawaii.com","good","ok","no","no"
"abandura@petersbandura.com","good","ok","no","no"
"abanerjee@alabamapossible.org","good","ok","no","no"
"abarlow@awbcorp.com","good","ok","no","no"
"abarnett@chevyman.com","good","ok","no","no"
"abatte@lrslogisticsllc.com","good","ok","no","no"
"abaughman@bcstone.biz","good","ok","no","no"
"abbey.frazier@expresspros.com","good","ok","no","no"
"abbey@danawolterinteriors.com","good","ok","no","no"
"abbigail@rileycomfort.com","good","ok","no","no"
"abby.barton@vetatek.com","good","ok","no","no"
"abby@islanddemo.com","good","ok","no","no"
"abby@nutrienciviccentre.com","risky","catch_all","no","no"
"abby@rev4solutions.com","good","ok","no","no"
"abby@shopcanvas.co","good","ok","no","no"
"abbyo@centralstatebank.com","good","ok","no","no"
"abdallah@watermonster.io","good","ok","no","no"
"abe@krasadev.com","risky","catch_all","no","no"
"abeitter@dowlandbach.com","good","ok","no","no"
"abell@kaishanusa.com","good","ok","no","no"
"abender@hctoyota.com","risky","unknown","no","no"
"abendis@klondikepromotions.com","good","ok","no","no"
"abhargav@aumfoundationusa.org","good","ok","no","no"
"abi@eaallergy.com","good","ok","no","no"
"abie@exvotovintage.com","good","ok","no","no"
"abigail@pillar3llc.com","good","ok","no","no"
"abigailstrand@ambit-llc.com","good","ok","no","no"
"ablair@lahcommercial.com","good","ok","no","no"
"aboardman@gaylordchem.com","good","ok","no","no"
"aborrelli@aclara.com","good","ok","no","no"
"abowman@alabamabeaches.com","good","ok","no","no"
"abrackett@matcor-matsu.com","good","ok","no","no"
"abradley@bebws.com","bad","invalid","no","no"
"abradley@fluidol.com","good","ok","no","no"
"abrooks@spear.law","good","ok","no","no"
"abrophy@alyeskatitle.com","good","ok","no","no"
"abrown@cienclosures.com","good","ok","no","no"
"abrown@residencesatwellpoint.com","good","ok","no","no"
"abrunson@shades.org","good","ok","no","no"
"abryant@tmtamerica.com","risky","catch_all","no","no"
"aburgess@falkville.org","good","ok","no","no"
"aburns@salt-ak.com","good","ok","no","no"
"aburnsworth@edgeautonomy.io","good","ok","no","no"
"abyrd@baldwin911.org","good","ok","no","no"
"abyrom@perfectionchain.com","good","ok","no","no"
"acadinha@fepsco.net","good","ok","no","no"
"acapps@akimgt.com","good","ok","no","no"
"acarden@tombigbee.org","good","ok","no","no"
"acarlos@westinhuntsville.com","good","ok","no","no"
"acarr@waka.com","good","ok","no","no"
"acarroll@harvest-eng.com","good","ok","no","no"
"acaskey@dunnconstruction.com","good","ok","no","no"
"accessibility@hmausa.com","risky","catch_all","no","yes"
"accting@baldwinhumane.org","good","ok","no","no"
"ace@aceeaton.com","good","ok","no","no"
"achan@rabbitrabbitteahi.com","risky","catch_all","no","no"
"achu@phasedn.com","good","ok","no","no"
"acochran@focuspaysolutions.com","good","ok","no","no"
"acolbert@eabor.org","good","ok","no","no"
"acooper@certified-alarm.com","good","ok","no","no"
"acorning@yourlifelady.com","good","ok","no","no"
"acoutu@synergemtech.com","good","ok","no","no"
"acrider@hhtech.net","bad","invalid","no","no"
"acrocker@asflogistics.com","good","ok","no","no"
"adade@2wtech.com","good","ok","no","no"
"adam.abts@serviceexperts.com","risky","catch_all","no","no"
"adam.gorski@tekfive.com","risky","catch_all","no","no"
"adam.haney@haneyequipment.com","risky","unknown","no","no"
"adam.hemsley@eselimited.co.uk","good","ok","no","no"
"adam.k@mikeandjerrys.com","good","ok","no","no"
"adam.lucassen@csegroup.com","risky","unknown","no","no"
"adam.zills@medshoals.com","good","ok","no","no"
"adam@256roofing.com","good","ok","no","no"
"adam@aaallard.com","good","ok","no","no"
"adam@aplusportablerestrooms.com","good","ok","no","no"
"adam@blydanbuilt.com","good","ok","no","no"
"adam@callbama.com","good","ok","no","no"
"adam@farnorthcraftsmanship.com","good","ok","no","no"
"adam@forcedinductions.com","risky","catch_all","no","no"
"adam@ghemm.com","good","ok","no","no"
"adam@makanaraw.com","good","ok","no","no"
"adam@marblewealth.com","good","ok","no","no"
"adam@principlestudios.com","risky","unknown","no","no"
"adam@propacimages.com","good","ok","no","no"
"adam@robinsoniron.com","good","ok","no","no"
"adam@therentalmen.com","good","ok","no","no"
"adam@veridian.net","good","ok","no","no"
"adam@woldeflooring.com","good","ok","no","no"
"adamon@thepacificclub.org","good","ok","no","no"
"adamp@atchleysteel.com","good","ok","no","no"
"adavel@gog.org","good","ok","no","no"
"adavey@crawlspacemedic.com","good","ok","no","no"
"adavis@bobofamilygroup.com","good","ok","no","no"
"adavis@naheola.com","bad","invalid","no","no"
"adawson@employeenavigator.com","good","ok","no","no"
"addison.mcdaniel@straussurgical.com","good","ok","no","no"
"addison@insctr.org","good","ok","no","no"
"adeberry@coshattco.com","good","ok","no","no"
"adele@hapahi.org","risky","catch_all","no","no"
"adenmark@bentonautogroup.com","bad","invalid","no","no"
"adenmark@thetrntgroup.com","good","ok","no","no"
"adorre@hoolalahui.org","bad","invalid","no","no"
"adrean@anchorageyamaha.net","risky","catch_all","no","no"
"adrian.collier@wcaahec.org","good","ok","no","no"
"adrian.thomas@th-inc.net","good","ok","no","no"
"adrian@intraprise.us","good","ok","no","no"
"adrian@socialbhm.com","risky","catch_all","no","no"
"adrienj@aipaproperties.com","good","ok","no","no"
"adrienn@pintsizehawaii.com","good","ok","no","no"
"adrienne.cox@milestonepharma.com","good","ok","no","no"
"adrienne@privateparadisevillas.com","good","ok","no","no"
"adris@ludlumrealestate.com","risky","catch_all","no","no"
"adrummonds@merit-healthcare.com","good","ok","no","no"
"aduke@claimsconsultantsllc.com","good","ok","no","no"
"aduran@jldrywall.net","good","ok","no","no"
"adyas@dsbpagency.com","good","ok","no","no"
"aeaton@annistonmedicalclinic.com","good","ok","no","no"
"aellis@venn-corp.com","good","ok","no","no"
"aengland@hawkadvisers.com","good","ok","no","no"
"aerickson@colvilleinc.com","good","ok","no","no"
"afederico@muterconstruction.com","good","ok","no","no"
"afernandes@islandcreationsconstruction.com","good","ok","no","no"
"afields@asfservices.com","good","ok","no","no"
"afillingame@psedesigns.com","good","ok","no","no"
"afloyd@geonorthis.com","good","ok","no","no"
"afobian@reactfnd.health","good","ok","no","no"
"afrazier@quadruscorp.com","good","ok","no","no"
"afredeluces@nanhawaii.com","good","ok","no","no"
"afugate@bhcraigconst.com","good","ok","no","no"
"ageralis@vanguardmgt.com","good","ok","no","no"
"agibson@nashospital.com","good","ok","no","no"
"agilg@foodbankofalaska.org","bad","invalid","no","no"
"agin@hawaiidata.org","risky","catch_all","no","no"
"agood@sunbeltfire.com","good","ok","no","no"
"agreer@atacompfund.org","good","ok","no","no"
"aguinn@skywaveantennas.com","good","ok","no","no"
"agurley@tazikis.com","good","ok","no","no"
"agutierrez@laylowwaikiki.com","good","ok","no","no"
"aguyton@partywow.com","good","ok","no","no"
"ah@flydothan.com","good","ok","no","no"
"ahamby@johnfayardwarehouse.com","good","ok","no","no"
"ahamilton@hsvbg.org","good","ok","no","no"
"ahamilton@mclanecg.com","good","ok","no","no"
"ahammond@gcpc-ms.com","good","ok","no","no"
"aharper@webster-fulfillment.com","good","ok","no","no"
"aharris@apihawaii.com","good","ok","no","no"
"aharris@bgceastal.org","good","ok","no","no"
"ahartley@coastalinc.com","good","ok","no","no"
"ahead@royalautomotive.net","risky","catch_all","no","no"
"aherring@smithgeneralcontr.com","good","ok","no","no"
"aherrington@fitts.com","risky","catch_all","no","no"
"ahester@aviagen.com","good","ok","no","no"
"ahmad.allo@itxi.net","risky","catch_all","no","no"
"ahmad@deeptarget.com","good","ok","no","no"
"ahmed.amer@challengerdefense.com","good","ok","no","no"
"ahobbs@bluefishmedical.com","good","ok","no","no"
"ahood@chevyman.com","good","ok","no","no"
"ahoskins@mbservicesllc.net","good","ok","no","no"
"ahowell@mayfairag.com","good","ok","no","no"
"ahudson@artshuntsville.org","good","ok","no","no"
"ahulsey@hondaofjasper.com","risky","catch_all","no","no"
"ahunter@cacc.edu","bad","invalid","no","no"
"ahuseman@alaskapac.org","good","ok","no","no"
"aidan@axiomdatascience.com","good","ok","no","no"
"aimee@chalkergroup.com","good","ok","no","no"
"aimee@clinksurveying.com","risky","catch_all","no","no"
"aimee@excelerate-inc.com","good","ok","no","no"
"aimee@haleleagallery.com","good","ok","no","no"
"aimee@spectracolorinc.com","good","ok","no","no"
"aimee@wolfeyecenter.com","risky","catch_all","no","no"
"aisaacs@sportsendeavors.com","good","ok","no","no"
"aivie@jmfsolutions.net","good","ok","no","no"
"aj@cannabisconnectsglobal.com","bad","invalid","no","no"
"aj@redtailsgroup.com","risky","catch_all","no","no"
"aja@lfops.com","good","ok","no","no"
"ajay@cpdalaska.org","good","ok","no","no"
"ajmccain@titancoatings.com","good","ok","no","no"
"ajones@bearbrothers.com","good","ok","no","no"
"ajones@fivehorizons.org","good","ok","no","no"
"ajsinghal@kalmtherapeutics.com","good","ok","no","no"
"akeela.inc@akeela.org","good","ok","no","no"
"akekahuna@plazaassistedliving.com","good","ok","no","no"
"akelly@ledstick.net","good","ok","no","no"
"akennemer@integrawater.com","good","ok","no","no"
"akillmer@thirdandgrove.com","good","ok","no","no"
"akins@edgalabama.com","good","ok","no","no"
"akira@pangeaseed.org","good","ok","no","no"
"akirklin@bluewaterwa.com","good","ok","no","no"
"akopecky@cooksbuildingsupply.com","good","ok","no","no"
"al.yousefi@iwantgreatwater.com","good","ok","no","no"
"al@bluekeytroy.com","good","ok","no","no"
"al@seforms.com","good","ok","no","no"
"alaina@swordandscale.com","good","ok","no","no"
"alan@claytonind.com","good","ok","no","no"
"alan@ipa907.com","good","ok","no","no"
"alan@palikairealtors.com","good","ok","no","no"
"alan@profiresecurity.com","good","ok","no","no"
"alan@selwoodfarm.com","good","ok","no","no"
"alan@stott.com","good","ok","no","no"
"alan@sweattire.com","good","ok","no","no"
"alan@turnerprofessionals.com","good","ok","no","no"
"alana@beveragemgmt.com","good","ok","no","no"
"alana@meadorwarehouse.com","good","ok","no","no"
"alangford@geneficrx.com","good","ok","no","no"
"alayna@anchoragewolverines.com","good","ok","no","no"
"albert@windowworldhuntsville.com","good","ok","no","no"
"alberto@tirestoday.com","risky","catch_all","no","no"
"albertt@koaloha.com","good","ok","no","no"
"aldyn@spruceroot.org","good","ok","no","no"
"ale.alfonso@hhsys.org","risky","unknown","no","no"
"alec.l@tenor-eng.com","good","ok","no","no"
"alec@brandonskinnercpas.com","good","ok","no","no"
"alecia.gottlob@alaskacicada.org","good","ok","no","no"
"alee@women4womenhsv.com","good","ok","no","no"
"alekl@aphome.com","risky","catch_all","no","no"
"alennartz@hsvbg.org","good","ok","no","no"
"alewallen@stralaska.com","good","ok","no","no"
"alewis@hifa.us","good","ok","no","no"
"alex.baldwin@arcnet.tech","good","ok","no","no"
"alex.craig@theorionhuntsville.com","risky","catch_all","no","no"
"alex.engelmann@simvana.com","good","ok","no","no"
"alex.halt@trivector.us","good","ok","no","no"
"alex.martinez@clearpointfacility.com","good","ok","no","no"
"alex.mclellan@nuttyscientists.com","good","ok","no","no"
"alex.ramsey@alabamaadventure.com","good","ok","no","no"
"alex.ruiz@hicentralmls.com","good","ok","no","no"
"alex@airinmotion.net","good","ok","no","no"
"alex@amfreightlogistics.com","good","ok","no","no"
"alex@bobcatofgadsden.com","risky","catch_all","no","no"
"alex@collectivelyrooted.com","risky","catch_all","no","no"
"alex@cutler.com","good","ok","no","no"
"alex@diamondgolfcars.com","good","ok","no","no"
"alex@knikheating.com","good","ok","no","no"
"alex@petesprint.com","good","ok","no","no"
"alex@premiercoatingscompany.com","good","ok","no","no"
"alex@reddoorhomesal.com","good","ok","no","no"
"alex@redorwhitewine.com","good","ok","no","no"
"alex@villagetavernsalem.com","risky","catch_all","no","no"
"alex@voyagerautosales.com","bad","invalid","no","no"
"alexa.koontz@uicalaska.com","risky","catch_all","no","no"
"alexander.franke@kommerlingusa.com","good","ok","no","no"
"alexander.gallant@arcadia.org","good","ok","no","no"
"alexandra.fisher@asd-web.com","good","ok","no","no"
"alexandra@princessroyale.com","good","ok","no","no"
"alexandra@standandstretch.com","bad","invalid","no","no"
"alexb@autolaundrysystems.com","good","ok","no","no"
"alexb@livdev.com","good","ok","no","no"
"alexf@alabamatractor.com","good","ok","no","no"
"alexim@babcockconsultinggroup.com","good","ok","no","no"
"alexis.chapman@hawaiifood.com","good","ok","no","no"
"alexis@desotocavernspark.com","risky","catch_all","no","no"
"alexis@elevia.com","risky","catch_all","no","no"
"alexis@ignitecentral.org","good","ok","no","no"
"alexis@intakebreathing.com","good","ok","no","no"
"alexis@salepepemaui.com","good","ok","no","no"
"alexp@internationallibraryservices.com","good","ok","no","no"
"alexr@arryved.com","good","ok","no","no"
"alexx.torres@fibrotexusa.com","good","ok","no","no"
"ali.potwin@blackrockstrategy.com","good","ok","no","no"
"alibby@akchiro.org","good","ok","no","no"
"alice.desmet@tmccorp.com","good","ok","no","no"
"alice@shelbyprinting.com","good","ok","no","no"
"alicia.doar@tmccorp.com","good","ok","no","no"
"alicia@alan-shintani.com","good","ok","no","no"
"alicia@awtinc.com","good","ok","no","no"
"alicia@ayfn.org","good","ok","no","no"
"alicia@calltheclinic.com","bad","invalid","no","no"
"alicia@richterlandscape.com","good","ok","no","no"
"alicia@thinksafehouse.com","risky","catch_all","no","no"
"alincoln@zelinskyco.com","good","ok","no","no"
"alisha@mmtfinancial.net","good","ok","no","no"
"alison.oliphant@alloyrisk.com","good","ok","no","no"
"alison@alabamagolf.org","good","ok","no","no"
"alison@cardinalcpacfo.com","bad","invalid","no","no"
"alison@centralstatebank.com","good","ok","no","no"
"alison@hydra-lube.net","good","ok","no","no"
"alisonpotts@wholedogmarket.com","risky","catch_all","no","no"
"alissa.judd@blackdomeservices.com","bad","invalid","no","no"
"alissa@waypointinvest.com","risky","catch_all","no","no"
"alissajaniece@criticalitsolutions.com","good","ok","no","no"
"aljon@orthomasterclass.com","risky","catch_all","no","no"
"allan@daystarconstruction.com","good","ok","no","no"
"allan@electricpulp.com","good","ok","no","no"
"allen@flexsack.com","good","ok","no","no"
"allen@freshmanagedit.com","good","ok","no","no"
"allen@starcoininc.net","bad","invalid","no","no"
"allen@thegulfcompanies.com","good","ok","no","no"
"allen@walkerbusiness.com","risky","catch_all","no","no"
"allencook@performancesealants.net","good","ok","no","no"
"allengula@consciousimpact.org","good","ok","no","no"
"allenr@hvsc.net","good","ok","no","no"
"alli@bhm2025.com","good","ok","no","no"
"allison.brown@myecwealth.com","good","ok","no","no"
"allison@ankerstarwealth.com","bad","invalid","no","no"
"allison@kingryorthodontics.com","good","ok","no","no"
"allison@sbbed.com","good","ok","no","no"
"allison@thelighthouseservices.com","good","ok","no","no"
"ally@marketryinc.com","risky","catch_all","no","no"
"allyn@qr-se.com","good","ok","no","no"
"allyson@icemakers.net","good","ok","no","no"
"allysonc@flexmarkcapital.com","good","ok","no","no"
"allyssam@wynnsgrainandspice.com","good","ok","no","no"
"alma.caballero@naturalfamilyhealthak.com","bad","invalid","no","no"
"alma.pennell@haleescrow.com","good","ok","no","no"
"almossing@mithawaii.com","good","ok","no","no"
"alocklear@maeinc.com","good","ok","no","no"
"alockwood@sspvascular.com","good","ok","no","no"
"aloha@oteamhawaii.com","risky","catch_all","no","no"
"aloha@planitbranding.com","good","ok","no","no"
"aloha@yvonnedesign.com","good","ok","no","no"
"alotfi@alabamapaperproducts.com","risky","catch_all","no","no"
"alton@englishvillagelane.com","good","ok","no","no"
"alton@white-spunnerrealty.com","good","ok","no","no"
"alusk@eleit-tech.com","good","ok","no","no"
"alx-stasislabs@arclight.industries","good","ok","no","no"
"alyson@youthservebham.org","good","ok","no","no"
"alyssa.sohn@atluspestsolutions.com","risky","catch_all","no","no"
"alyssa@edeninlove.com","risky","catch_all","no","no"
"alyssa@gilbertadvertising.com","good","ok","no","no"
"alyssa@jeffreydungan.com","good","ok","no","no"
"alytle@sheetmetalinc.biz","good","ok","no","no"
"am3@flydothan.com","good","ok","no","no"
"amadden@servpro9953.com","risky","catch_all","no","no"
"amahoney@gotruenorth.com","good","ok","no","no"
"amallory@churchillda.org","good","ok","no","no"
"amanda.calahan@lawrencemedicalcenter.com","risky","unknown","no","no"
"amanda.kessel@allcleardandc.com","good","ok","no","no"
"amanda.merkel@mwconsultllc.com","bad","invalid","no","no"
"amanda.sandlin@qtecinc.com","good","ok","no","no"
"amanda.vanderheyden@springmathaccelerate.com","good","ok","no","no"
"amanda@aflowerbox.com","good","ok","no","no"
"amanda@alamedacompliance.com","risky","catch_all","no","no"
"amanda@alforward.org","good","ok","no","no"
"amanda@architectspacificinc.com","good","ok","no","no"
"amanda@bluenotehawaii.com","risky","catch_all","no","no"
"amanda@cangegroup.com","good","ok","no","no"
"amanda@dcwins.com","good","ok","no","no"
"amanda@diamondassurancegroup.com","good","ok","no","no"
"amanda@handinpaw.org","good","ok","no","no"
"amanda@jenhatmaker.com","good","ok","no","no"
"amanda@mealstomissions.org","good","ok","no","no"
"amanda@ourhomealabama.org","good","ok","no","no"
"amanda@pittmanindustrial.com","good","ok","no","no"
"amanda@princedanceinstitute.com","good","ok","no","no"
"amanda@shopdiscountdivas.com","risky","catch_all","no","no"
"amandag@thetranstecgroup.com","good","ok","no","no"
"amandal@la-llc.com","good","ok","no","no"
"amandal@vidapaint.com","good","ok","no","no"
"amanning@arcrealtyco.com","good","ok","no","no"
"amara@asianfilmdallas.com","good","ok","no","no"
"amari.stafford@efrutti.com","good","ok","no","no"
"amari@perfectionistautosound.com","bad","invalid","no","no"
"amber.ballard@mt.group","good","ok","no","no"
"amber.butler@generalmachinery.com","good","ok","no","no"
"amber.hubbard@comconnections.org","risky","unknown","no","no"
"amber.phillips@pwsac.com","good","ok","no","no"
"amber.stelman@actn.com","good","ok","no","no"
"amber.touchstone@expresspros.com","good","ok","no","no"
"amber@darrindavenport.com","good","ok","no","no"
"amber@druidcityproperties.com","good","ok","no","no"
"amber@tennesseevalleymedical.com","risky","catch_all","no","no"
"amberc@rssts.com","good","ok","no","no"
"amberh@bdsak.com","good","ok","no","no"
"amberly.hobbs@aknc.com","risky","catch_all","no","no"
"amberly@peeptek.com","good","ok","no","no"
"amberp@skytherapist.com","good","ok","no","no"
"amccain@mccainengineering.com","good","ok","no","no"
"amcguire@juneauurgentcare.com","good","ok","no","no"
"amckee@photomotive.com","good","ok","no","no"
"amckinley@athleticacademydynasty.com","risky","catch_all","no","no"
"amckinnon@askbis.com","good","ok","no","no"
"amcpheters@jdsteel.com","good","ok","no","no"
"ameikle@mililanigolf.com","risky","unknown","no","no"
"amelchor@chenega.com","good","ok","no","no"
"amelia.foster@outpostak.com","good","ok","no","no"
"amelvin@nutechspine.com","good","ok","no","no"
"amench@c2c-engineering.com","risky","unknown","no","no"
"amey@aklinebuilders.com","good","ok","no","no"
"ami@elyseecosmetics.com","good","ok","no","no"
"amie@tutkallc.com","good","ok","no","no"
"amiee@anchorageconventioncenters.com","good","ok","no","no"
"amiller@sedentalcare.com","good","ok","no","no"
"amills@qlaritycounseling.com","good","ok","no","no"
"amims@brookshirerehab.com","good","ok","no","no"
"amit@alveolusbio.com","risky","catch_all","no","no"
"amith@pcstalent.com","good","ok","no","no"
"amonico@gentrades.com","good","ok","no","no"
"amoore@aggastonbgc.org","good","ok","no","no"
"amoore@alaskafueldistributors.com","good","ok","no","no"
"amoses@johnsoncont.com","good","ok","no","no"
"amumblow@gannetbiochem.com","good","ok","no","no"
"amy.arnold@aumfoundationusa.org","good","ok","no","no"
"amy.haddow@claa.com","good","ok","no","no"
"amy.squillacote@avnikdefense.com","good","ok","no","no"
"amy.tillman@arorisksolutions.com","good","ok","no","no"
"amy@altadenavalleyanimalclinic.com","bad","invalid","no","no"
"amy@bestvaluecarriers.com","good","ok","no","no"
"amy@bicphawaii.com","good","ok","no","no"
"amy@brightpromo.net","good","ok","no","no"
"amy@chappellcpa.com","good","ok","no","no"
"amy@claimtoolkit.com","good","ok","no","no"
"amy@creatinganswers.com","good","ok","no","no"
"amy@steadmontadvisors.com","good","ok","no","no"
"amy@westalabamachamber.com","good","ok","no","no"
"amylanier@steadmontadvisors.com","good","ok","no","no"
"amyray@distdesigns.com","good","ok","no","no"
"amyshelton@crochetville.com","good","ok","no","no"
"amyt@shopbriansflooring.com","good","ok","no","no"
"ana.lewis@ixpressgenes.com","good","ok","no","no"
"ana.wade@pauldavis.com","good","ok","no","no"
"ana@incogc.com","good","ok","no","no"
"ana@lydgatefarms.com","risky","catch_all","no","no"
"anabell@jubileedecor.com","good","ok","no","no"
"anaman@namanscatering.com","good","ok","no","no"
"anand.dubey@dubay.bz","good","ok","no","no"
"anastas@vidalizesocial.com","good","ok","no","no"
"anastasia.buretta@chugach.com","good","ok","no","no"
"andi.hill@cangd.org","good","ok","no","no"
"andra@pacificdigitalsigns.com","good","ok","no","no"
"andre@rizecommerce.com","good","ok","no","no"
"andrea.davis@marketplace4ins.com","bad","invalid","no","no"
"andrea.davis@runergyusa.com","good","ok","no","no"
"andrea.mason@premiersdn.com","risky","catch_all","no","no"
"andrea@akmbcs.com","good","ok","no","no"
"andrea@aknurse.org","good","ok","no","no"
"andrea@brucescatering.com","good","ok","no","no"
"andrea@hannahkateonline.com","good","ok","no","no"
"andrea@konacoastvacations.com","good","ok","no","no"
"andrea@legacyinsurance.org","good","ok","no","no"
"andrea@mauigrown.com","good","ok","no","no"
"andrea@segwaymaui.com","good","ok","no","no"
"andrea@sherpainstitute.org","good","ok","no","no"
"andrea@temptationtours.com","good","ok","no","no"
"andreag@harris-agency.com","risky","catch_all","no","no"
"andreah@northwoodscu.org","good","ok","no","no"
"andreas@rocketmep.com","good","ok","no","no"
"andrew.hicks@penta-inc.com","good","ok","no","no"
"andrew.honeycutt@unityws.com","good","ok","no","no"
"andrew.hudson@fis-cal.com","good","ok","no","no"
"andrew.lee@syncadd.com","bad","invalid","no","no"
"andrew.mcmillan@prismsystems.com","good","ok","no","no"
"andrew.petrovics@digit.co","good","ok","no","no"
"andrew.smith@triconwearsolutions.com","good","ok","no","no"
"andrew.ubben@restrategies.com","good","ok","no","no"
"andrew@alaskarenewables.com","risky","catch_all","no","no"
"andrew@aletheiadigital.com","good","ok","no","no"
"andrew@amfab-steel.com","good","ok","no","no"
"andrew@blazycon.com","good","ok","no","no"
"andrew@frenkelcpa.com","good","ok","no","no"
"andrew@hensleythompson.com","risky","catch_all","no","no"
"andrew@herefordconstruction.net","good","ok","no","no"
"andrew@islandfl.com","good","ok","no","no"
"andrew@jones-mcleod.com","good","ok","no","no"
"andrew@klshawaii.com","good","ok","no","no"
"andrew@mainstreetcomputing.com","good","ok","no","no"
"andrew@millhousehowell.com","good","ok","no","no"
"andrew@prevailroasters.com","risky","catch_all","no","no"
"andrew@shibbystylee.com","good","ok","no","no"
"andrew@wcc-birmingham.com","good","ok","no","no"
"andrew@yutebethel.com","risky","catch_all","no","no"
"andrewc@gigaparts.com","good","ok","no","no"
"andrewdollar@hsvc100.org","risky","catch_all","no","no"
"andrewg@claalaska.com","good","ok","no","no"
"andrewj@merrillgardens.com","good","ok","no","no"
"andrewr@premiercoatingscompany.com","good","ok","no","no"
"andrewsmith@aderholtmedical.com","risky","catch_all","no","no"
"andria.dyess@penta-inc.com","good","ok","no","no"
"andria@mcnuttenterprisesllc.com","good","ok","no","no"
"andrius@profitguru.com","risky","unknown","no","no"
"andy.liu@gohoku.com","good","ok","no","no"
"andy.sink@microflexspace.com","good","ok","no","no"
"andy@allhicruises.com","bad","invalid","no","no"
"andy@cahababrewing.com","risky","catch_all","no","no"
"andy@duckettfishing.com","risky","unknown","no","no"
"andy@infinitytaxandfinancial.com","good","ok","no","no"
"andy@pawms.com","risky","catch_all","no","no"
"andy@prierconstruction.com","good","ok","no","no"
"andy@steinershipyard.com","good","ok","no","no"
"andy@wardcoveak.com","good","ok","no","no"
"anete@systemcenter.com","good","ok","no","no"
"angel.stewart@spectrum.com","good","ok","no","no"
"angel@gentleworld.org","good","ok","no","no"
"angela.davis@creeksidefamilypractice.net","good","ok","no","no"
"angela.glass@elcnwf.org","good","ok","no","no"
"angela.mullins@alexcityoutlook.com","bad","invalid","no","no"
"angela.powe@spsinchsv.com","good","ok","no","no"
"angela.taylor@curesma.org","good","ok","no","no"
"angela@copperwing.com","good","ok","no","no"
"angela@diamondcomfort.com","good","ok","no","no"
"angela@elevaterentals.com","good","ok","no","no"
"angela@gklcompanies.com","risky","unknown","no","no"
"angela@workscapedesigns.com","risky","catch_all","no","no"
"angelaa@ars-ak.com","good","ok","no","no"
"angelal@wavebooks.co","good","ok","no","no"
"angie.bond@moultonadvertiser.com","bad","invalid","no","no"
"angie@auburnpainspecialists.com","good","ok","no","no"
"angie@blountcountywater.com","risky","unknown","no","no"
"angie@lgpowersports.com","good","ok","no","no"
"angie@valleyeyewear.com","good","ok","no","no"
"angieh@cpaalaska.com","good","ok","no","no"
"anikas@westernak.com","good","ok","no","no"
"anirudh@savviwholesale.com","good","ok","no","no"
"anit@proxylink.co","good","ok","no","no"
"anita.gouse@ja.org","good","ok","no","no"
"anita@fortpaynechamber.com","risky","catch_all","no","no"
"ann@alasconnect.com","good","ok","no","no"
"ann@attractional.com","good","ok","no","no"
"ann@exvotovintage.com","bad","invalid","no","no"
"ann@firstmarketgroup.com","bad","invalid","no","no"
"ann@givehsv.org","good","ok","no","no"
"ann@lockegc.com","good","ok","no","no"
"ann@thevendingcenter.com","good","ok","no","no"
"anna.giardina@hrlogics.com","good","ok","no","no"
"anna.kate@thelakehousedigital.com","risky","catch_all","no","no"
"anna.s@element526.com","good","ok","no","no"
"anna.swann@russelhill.org","good","ok","no","no"
"anna@haleleagallery.com","good","ok","no","no"
"anna@hobbsjewelers.com","good","ok","no","no"
"anna@mythicinsurance.com","good","ok","no","no"
"anna@novarktechnologies.com","good","ok","no","no"
"annacate@selaviecreative.com","risky","catch_all","no","no"
"annaclaire@actuscapital.com","good","ok","no","no"
"annalee@alderarch.com","good","ok","no","no"
"annamaria@fostertower.net","good","ok","no","no"
"anne@cleggind.com","good","ok","no","no"
"anne@kauaiathleticclub.com","risky","catch_all","no","no"
"anne@mobilebayrealty.com","risky","catch_all","no","no"
"anne@skhoop.us","bad","invalid","no","no"
"annec@staff.pinebelt.net","good","ok","no","no"
"annette@quamproperties.com","good","ok","no","no"
"annetter@trammellequipment.com","good","ok","no","no"
"annie.harris@thecare-center.org","good","ok","no","no"
"annie@mangoseasonweddings.com","good","ok","no","no"
"annmarie@verticalsolutionsmedia.com","good","ok","no","no"
"anorton@pinnaclepowersales.com","good","ok","no","no"
"anrikam@uab.edu","good","ok","no","no"
"ansel.bare@naluscientific.com","risky","catch_all","no","no"
"anthony.burgess@pmnz.co.nz","risky","catch_all","no","no"
"anthony.robinson@amp-ind.com","good","ok","no","no"
"anthony@cdjrofalbertville.com","good","ok","no","no"
"anthony@chromaco.com","good","ok","no","no"
"anthony@designedwithaloha.com","good","ok","no","no"
"anthony@desilvadmc.com","risky","unknown","no","no"
"anthony@econolinetrailers.com","good","ok","no","no"
"anthony@masonmusic.com","good","ok","no","no"
"anthony@mypersonalcpas.com","good","ok","no","no"
"anthony@slowyourroll.com","good","ok","no","no"
"anthony@sparkeventshq.com","good","ok","no","no"
"anthony@tektonux.com","good","ok","no","no"
"anthony@valleyhomeshsv.com","risky","catch_all","no","no"
"anthonym@hi-ltg.com","good","ok","no","no"
"antonio@daphneutilities.com","good","ok","no","no"
"anup@usacom.org","good","ok","no","no"
"aoppe@wkscpa.com","good","ok","no","no"
"aosorio@osoriolaw.com","good","ok","no","no"
"aowen@athens-utilities.com","good","ok","no","no"
"ap@firerock.us","good","ok","no","yes"
"apayne@grissomservice.com","good","ok","no","no"
"apelesasa@mhrhawaii.com","bad","invalid","no","no"
"aperalta@gulfshores.com","good","ok","no","no"
"aperez@recovernow.com","good","ok","no","no"
"aphillips@agileis.com","good","ok","no","no"
"aphillips@hollywoodoutdoorliving.com","good","ok","no","no"
"apollo.60ffea11af20a2000195c1e9@sdaraskin.com","risky","catch_all","no","no"
"aposey@midsouthtl.com","good","ok","no","no"
"apowell@marspec.com","good","ok","no","no"
"apowers@midsouthtl.com","good","ok","no","no"
"aprado@nexbillpay.com","good","ok","no","no"
"aprichard@stillwatermarineservice.com","good","ok","no","no"
"april.brown@lincresearchinc.com","good","ok","no","no"
"april.cheek@valleycharities.org","good","ok","no","no"
"april@alexanderlandsurveying.com","good","ok","no","no"
"april@alliancemechanicalsolutions.com","good","ok","no","no"
"april@emilysheirloompoundcakes.com","good","ok","no","no"
"april@indoorcomforthsv.com","good","ok","no","no"
"april@thefactorygadsden.com","good","ok","no","no"
"apryl.zuercher@bestchoiceroofing.com","good","ok","no","no"
"apurcell@amicoglobal.com","good","ok","no","no"
"apurdy@warrendevelopmentco.com","good","ok","no","no"
"aquidez@niatero.org","good","ok","no","no"
"araceli@visatur.com","good","ok","no","no"
"aradnitz@auburnfamilymedicine.com","risky","catch_all","no","no"
"aras@howzithostels.com","risky","catch_all","no","no"
"ardavis@bhamparking.com","good","ok","no","no"
"aread@hotelnorthpole.com","risky","catch_all","no","no"
"areeves@srca.net","good","ok","no","no"
"arely@dynamohawaii.com","bad","invalid","no","no"
"areona@advancedtechstaffing.com","good","ok","no","no"
"aresha@acmegeneral.com","good","ok","no","no"
"arhowald@acqcentric.com","good","ok","no","no"
"ariana.rastall@oakviewgroup.com","good","ok","no","no"
"aric@cassidyglassinc.com","good","ok","no","no"
"aric@hannasgardenshop.com","risky","catch_all","no","no"
"arichards@visittuscaloosa.com","good","ok","no","no"
"ariel.burke@decisivepoint.net","good","ok","no","no"
"arif@greensandbeans.net","risky","catch_all","no","no"
"arlene.chmolack@espaciowaikiki.com","good","ok","no","no"
"arlene.mccormick@mcjpi.com","good","ok","no","no"
"arlene@globalrefininggroup.com","good","ok","no","no"
"arliss@soullutions.com","risky","catch_all","no","no"
"arnold@pbsaccounting.com","good","ok","no","no"
"aroberson@mortgagefwd.com","good","ok","no","no"
"aroberts@fivehorizons.org","good","ok","no","no"
"arobinson@mfgts.com","good","ok","no","no"
"arobinson@ucx.com","good","ok","no","no"
"aroche@crownehealthcare.com","good","ok","no","no"
"arocks@perfectionchain.com","good","ok","no","no"
"arohner@drrohner.com","good","ok","no","no"
"aromano@healthymatsu.org","risky","catch_all","no","no"
"arron@minplastics.com","good","ok","no","no"
"arshad@pcstalent.com","good","ok","no","no"
"arthur.stone@basisworldwide.com","good","ok","no","no"
"arthur@coreprototyping.xyz","good","ok","no","no"
"arthur@regencycm.com","good","ok","no","no"
"arthurj@shiparch.com","good","ok","no","no"
"artroom@cdsprinting.net","good","ok","no","no"
"aruff@whitesburganimalhospital.com","good","ok","no","no"
"arup.halder@hitachirail.com","good","ok","no","no"
"arya@zurtin.com","bad","invalid","no","no"
"asakamoto@rimfireimports.com","good","ok","no","no"
"asaleem@seraajfh.com","good","ok","no","no"
"asan@aerostar.aero","good","ok","no","no"
"asaxena@specrubber.com","good","ok","no","no"
"aschofield@alosf.org","good","ok","no","no"
"aseem@teamapexauto.com","good","ok","no","no"
"asellers@montgomerycommaction.com","good","ok","no","no"
"ash@thesassergroup.com","risky","unknown","no","no"
"ashalev@tiximed.com","risky","catch_all","no","no"
"asherrod@dreammotorgroup.com","good","ok","no","no"
"ashields@abf.com","risky","catch_all","no","no"
"ashleigh@parrishkauai.com","good","ok","no","no"
"ashleigh@profitwiseaccounting.biz","good","ok","no","no"
"ashley.adamczak@bricesolutions.com","good","ok","no","no"
"ashley.alliston@oneascent.com","good","ok","no","no"
"ashley.beach@akcrs.com","good","ok","no","no"
"ashley.harrington@poukihi.com","good","ok","no","no"
"ashley.huter@recruit-tmg.com","good","ok","no","no"
"ashley.jones@guardianintegrators.com","good","ok","no","no"
"ashley.kuakini@koolina.com","good","ok","no","no"
"ashley.lahaie@rnrresortmd.com","good","ok","no","no"
"ashley.loper@hansenair.com","good","ok","no","no"
"ashley.padgett@kaketribalcorp.com","good","ok","no","no"
"ashley.troupin@jacobsendaniels.com","bad","invalid","no","no"
"ashley@allisonizu.com","risky","catch_all","no","no"
"ashley@animalrescuemobile.org","good","ok","no","no"
"ashley@burgessinteriors.com","good","ok","no","no"
"ashley@cahabaveneer.com","good","ok","no","no"
"ashley@fairvoypw.com","good","ok","no","no"
"ashley@galileangroup.com","good","ok","no","no"
"ashley@johnhandclub.com","risky","catch_all","no","no"
"ashley@oliviaclareboutique.com","risky","catch_all","no","no"
"ashley@rocksolidcargo.com","good","ok","no","no"
"ashley@simplehealth.net","good","ok","no","no"
"ashley@theperfectnest.com","risky","catch_all","no","no"
"ashley@tonsmeireproperties.com","good","ok","no","no"
"ashley@worldwidetransitions.com","good","ok","no","no"
"ashleym@guerraholdings.com","risky","catch_all","no","no"
"ashli@stampideas.com","good","ok","no","no"
"ashlyn.case@valiify.com","good","ok","no","no"
"ashlyn@prophousebirmingham.com","good","ok","no","no"
"ashton@nextsite.net","good","ok","no","no"
"asia.kohlbeck@ancsleep.com","good","ok","no","no"
"asienkiewicz@gmconstructioninc.com","good","ok","no","no"
"asinate@konacoastvacations.com","good","ok","no","no"
"asmiley@pstrans.com","bad","invalid","no","no"
"asmith@ikehusolutions.com","good","ok","no","no"
"asparks@eufaulachamber.com","good","ok","no","no"
"aspencer@jaengineering.com","good","ok","no","no"
"aspratlin@legacycreditunion.com","good","ok","no","no"
"assistantmanager@uraku.org","good","ok","no","no"
"astammen@acregroupllc.com","good","ok","no","no"
"asteading@ffbalabama.com","good","ok","no","no"
"asteele@alaskamedicaltransport.com","risky","catch_all","no","no"
"astewart@mitternight.com","good","ok","no","no"
"astrickland@conventionsouth.com","good","ok","no","no"
"aswain@kbbcpas.com","good","ok","no","no"
"asycks@procarehm.com","good","ok","no","no"
"ataeb@geolabs.net","good","ok","no","no"
"ataitingfong@piccom.org","good","ok","no","no"
"ataylor@geolabs.net","good","ok","no","no"
"ataylor@herndonelectric.net","good","ok","no","no"
"atcgrafix@alatc.org","good","ok","no","no"
"aterry@docorthopaedic.com","good","ok","no","no"
"atfox@health.southalabama.edu","good","ok","no","no"
"atinaba@healytibbitts.com","good","ok","no","no"
"atinsley@liechtygroup.com","good","ok","no","no"
"atrimbur@lakeviewrisk.com","risky","catch_all","no","no"
"aturner@mdreferralpro.com","good","ok","no","no"
"aturner@netconninc.com","good","ok","no","no"
"aturner@wiregrassmuseum.org","good","ok","no","no"
"aubrey@billbradleyservices.com","good","ok","no","no"
"audra.takushi@hitachirail.com","good","ok","no","no"
"audra.terry@lightwiresolutions.net","good","ok","no","no"
"audra@parktruck.com","good","ok","no","no"
"audrey@auburnoaksfarm.com","good","ok","no","no"
"audrey@cakesbyaudrey.com","good","ok","no","no"
"audrey@meyeres.com","good","ok","no","no"
"audrey@thebamabuzz.com","good","ok","no","no"
"audrey@thesomethingblueshoppe.com","good","ok","no","no"
"audy@oahuspca.org","risky","catch_all","no","no"
"aukai.king@kingneel.com","good","ok","no","no"
"aurora@tagalaska.com","risky","catch_all","no","no"
"austin.blade@rev3labs.com","good","ok","no","no"
"austin.church@secdatacenters.com","good","ok","no","no"
"austin.dixon@empirepipe.com","good","ok","no","no"
"austin.hiott@aerocoatings.com","risky","catch_all","no","no"
"austin.munsey@bluerunnerswitchgear.com","good","ok","no","no"
"austin.rench@gomotires.com","good","ok","no","no"
"austin.troup@cortinasolutions.com","good","ok","no","no"
"austin@alpha-supply.com","good","ok","no","no"
"austin@beaconrealtyhomes.com","good","ok","no","no"
"austin@leecountyliteracy.org","good","ok","no","no"
"austin@mid-towneworks.com","risky","catch_all","no","no"
"austin@modjoul.com","good","ok","no","no"
"austin@moxichildcare.com","risky","catch_all","no","no"
"austin@robinsoniron.com","good","ok","no","no"
"austin@rustysoffroad.com","good","ok","no","no"
"austin@schrimshercompany.com","good","ok","no","no"
"austin@sprucehealth.com","good","ok","no","no"
"austin@thecaravan.ai","risky","catch_all","no","no"
"austin@tutkallc.com","good","ok","no","no"
"autumn@hawaiiclimb.com","good","ok","no","no"
"autumnchasemgr@spm.net","good","ok","no","no"
"ava.weiss@cohenveteransnetwork.org","bad","invalid","no","no"
"avery@ernestandhadleybooks.com","good","ok","no","no"
"averyk@pirtekhoover.com","good","ok","no","no"
"avinash@qbridge.ai","good","ok","no","no"
"avy@itickets.com","good","ok","no","no"
"aw2@whaleycci.com","good","ok","no","no"
"awaddell@cedmentalhealth.org","good","ok","no","no"
"awalker@jdmorrisconstruction.com","good","ok","no","no"
"award@ehvsolutions.com","good","ok","no","no"
"awestman@explorefairbanks.com","good","ok","no","no"
"awhatley@behavioralhealthsystems.com","risky","catch_all","no","no"
"awhite@bobofamilygroup.com","good","ok","no","no"
"awillette@optiorx.com","good","ok","no","no"
"awilliams@jeffcofrc.org","good","ok","no","no"
"awilliams@pfefferdevelopment.com","good","ok","no","no"
"awilson@warninglitesofalaska.com","risky","unknown","no","no"
"awilsonmd@nalfpc.com","good","ok","no","no"
"awinkler@libertyfi.com","bad","invalid","no","no"
"awoodham@enterpriserescue.com","good","ok","no","no"
"awyatt@mgmair.com","good","ok","no","no"
"ayako@deepbluehi.com","good","ok","no","no"
"ayalax@h1constructionhawaii.com","good","ok","no","no"
"ayanna@hrmasap.com","good","ok","no","no"
"aza.torres@guidedogsofhawaii.org","good","ok","no","no"
"aziz@duratusproperties.com","good","ok","no","no"
"azlina@tikimoonvillas.com","good","ok","no","no"
"b.benefield@inventoryiq.net","good","ok","no","no"
"b.brown@marathon-targets.com","good","ok","no","no"
"b.corbett@sfic-usa.com","good","ok","no","no"
"b.farrell@ohanaparking.com","good","ok","no","no"
"b.fetner@thinkoflaura.org","good","ok","no","no"
"b.kiyota@heartwoodpacific.com","good","ok","no","no"
"b.mccurdy@fourseasonsfcu.com","good","ok","no","no"
"b.mow@pineridgefarmsinc.com","good","ok","no","no"
"b.stalnaker@lotushonolulu.com","good","ok","no","no"
"b.tierce@bry-lex.com","risky","unknown","no","no"
"b.wilson@jwacompanies.com","good","ok","no","no"
"ba@konadeep.com","good","ok","no","no"
"babette.anders@cmpsinc.com","good","ok","no","no"
"bagricola@women4womenhsv.com","good","ok","no","no"
"bahrin@edgalabama.com","good","ok","no","no"
"bailey.farran@flightworksalabama.com","good","ok","no","no"
"bailey@blueprint.inc","good","ok","no","no"
"bailey@hanabuild.org","good","ok","no","no"
"baksit@ozmedical.com","good","ok","no","no"
"balexander@r4sq.org","good","ok","no","no"
"baltman@seltransportation.com","bad","invalid","no","no"
"bamabrian@knology.net","good","ok","no","no"
"bambi.hyche@nva.com","good","ok","no","no"
"barb@asaa.org","good","ok","no","no"
"barb@mauiwestside.com","good","ok","no","no"
"barbara@chalkergroup.com","good","ok","no","no"
"barbara@punchdrunkdigital.com","good","ok","no","no"
"barbara@vax2stopcancer.org","good","ok","no","no"
"barbara@willowpw.com","good","ok","no","no"
"barbarae@daylum.com","good","ok","no","no"
"barbaram@horizonsmedicalcare.com","good","ok","no","no"
"barrett@catesandpuckett.com","good","ok","no","no"
"barrios@pacificwest.com","good","ok","no","no"
"barry.brookins@fleethd.com","good","ok","no","no"
"barry.kornegay@setincorporated.com","good","ok","no","no"
"barry.looser@johnbluerealty.com","good","ok","no","no"
"barry@armstrongassoc.net","good","ok","no","no"
"barry@diversefab.com","risky","catch_all","no","no"
"barry@gorescue.com","bad","invalid","no","no"
"barry@habitattuscaloosa.org","good","ok","no","no"
"barry@pridehospitality.com","good","ok","no","no"
"barry@snaaa.com","good","ok","no","no"
"barryc@hbwf.org","good","ok","no","no"
"barton@cypress-supply.com","good","ok","no","no"
"barts@aleutcorp.com","good","ok","no","no"
"batkins@aegismobile.com","good","ok","no","no"
"batwell@hilco-inc.com","good","ok","no","no"
"bax@energypipe.com","good","ok","no","no"
"baxter@northbrookbc.com","good","ok","no","no"
"bayley@upskilledtalent.com","good","ok","no","no"
"bayli.williams@littleriversys.com","good","ok","no","no"
"bballa@phasedn.com","bad","invalid","no","no"
"bbarnes@danielsafetyproducts.com","good","ok","no","no"
"bbarnes@interhealthsolutions.com","good","ok","no","no"
"bbarnes@rpm-dynamics.com","good","ok","no","no"
"bbates@equatorcorporation.com","good","ok","no","no"
"bbeets@ferroviallc.com","good","ok","no","no"
"bbigham@merichemtech.com","good","ok","no","no"
"bbishop@brooksrangesupply.com","good","ok","no","no"
"bbishop@cloverlandscapegroup.com","good","ok","no","no"
"bblessington@aleutcorp.com","good","ok","no","no"
"bboatright@gradkell.com","good","ok","no","no"
"bbogart@graphiteoneinc.com","good","ok","no","no"
"bbonner@tituscpa.com","good","ok","no","no"
"bboswell@serviceairusa.com","good","ok","no","no"
"bbow@bowengineering.com","good","ok","no","no"
"bbowers@wjldradio.com","good","ok","no","no"
"bbrannon@medcoservices.com","good","ok","no","no"
"bbrown@agicorp.com","good","ok","no","no"
"bbruhn@watsonbruhn.com","good","ok","no","no"
"bbushnell@bushnelllawgroup.com","good","ok","no","no"
"bbyers@interiorgas.com","risky","catch_all","no","no"
"bc@islandeng.com","good","ok","no","no"
"bcantu@cerhawaii.org","good","ok","no","no"
"bcarlisle@msebuildingco.com","good","ok","no","no"
"bcarlson@drakeconstruction.net","good","ok","no","no"
"bcloud@evergreensiteworks.com","risky","unknown","no","no"
"bcobban@spitwspots.com","good","ok","no","no"
"bcobia@vulcanwell.com","good","ok","no","no"
"bcocke@altheatre.org","bad","invalid","no","no"
"bconner@inbirmingham.com","good","ok","no","no"
"bconner@robbinsllc.com","bad","invalid","no","no"
"bcope@medovationresearch.com","good","ok","no","no"
"bcowan@delotto.com","good","ok","no","no"
"bcrossley@garrisonindustrialsteel.com","good","ok","no","no"
"bcstaff@eyecarehuntsville.com","good","ok","no","no"
"bdavis@johnsoncont.com","good","ok","no","no"
"bdavison@golambertteam.com","good","ok","no","no"
"bdehoff@gexproservices.com","good","ok","no","no"
"bdeloney@hillpro.com","good","ok","no","no"
"bdennis@cdhomesolutions.com","good","ok","no","no"
"bdenver@mbhsv.com","good","ok","no","no"
"bdimson@pointlogistics.net","bad","invalid","no","no"
"bdouglas@alkota.com","good","ok","no","no"
"bdowell@vision-financialgroup.com","good","ok","no","no"
"bdudl@abc-industries.net","bad","invalid","no","no"
"bduncan@jhcc.com","good","ok","no","no"
"beasterling@ivycreekhealth.com","good","ok","no","no"
"beau@darlingdog.com","good","ok","no","no"
"beau@mauicoffeeroasters.com","good","ok","no","no"
"beau@sojourncounseling.org","risky","catch_all","no","no"
"beau@sophiaconsulting.io","good","ok","no","no"
"beccaflanagan@winesbyrush.com","good","ok","no","no"
"beck@tangotango.net","good","ok","no","no"
"becker.garrett@lumenousedge.com","good","ok","no","no"
"becky.lucier@probfs.com","good","ok","no","no"
"becky@anaholagranola.com","risky","catch_all","no","no"
"becky@cstmr.com","good","ok","no","no"
"becky@oliviaclareboutique.com","risky","catch_all","no","no"
"becky@tonsmeireproperties.com","good","ok","no","no"
"beckygrammer@awardcompany.com","good","ok","no","no"
"beddy@psc1201.com","risky","catch_all","no","no"
"beka@stillpointlodge.com","good","ok","no","no"
"bekahb@alaskasealife.org","good","ok","no","no"
"belinda.melton@coreshapers.com","good","ok","no","no"
"belinda@arizona.edu","good","ok","no","no"
"bella@abideandlead.com","good","ok","no","no"
"bella@perituspr.com","good","ok","no","no"
"belliott@cloverlandscapegroup.com","good","ok","no","no"
"bemory@voaak.org","good","ok","no","no"
"ben.bridwell@taigaventures.com","good","ok","no","no"
"ben.freeman@cacfinfo.org","good","ok","no","no"
"ben.haynie@blueplainstech.com","good","ok","no","no"
"ben.matthews@matlokinnovation.com","good","ok","no","no"
"ben.miller@diginetics.co","risky","catch_all","no","no"
"ben.sellers@envisionhvac.com","good","ok","no","no"
"ben.shackelford@pbsnow.com","good","ok","no","no"
"ben.short@nm.com","risky","unknown","no","no"
"ben.sutton@hireelitestaffing.com","good","ok","no","no"
"ben@asklocalit.com","good","ok","no","no"
"ben@bhamrealtyco.com","risky","catch_all","no","no"
"ben@brannonhonda.com","bad","invalid","no","no"
"ben@cpcmaui.com","risky","catch_all","no","no"
"ben@pci-p.com","good","ok","no","no"
"ben@qbcountry.com","good","ok","no","no"
"ben@roylewisconstruction.com","good","ok","no","no"
"ben@superiorpestal.com","good","ok","no","no"
"ben@thethinktankmedia.com","good","ok","no","no"
"bena@p4p.co","risky","catch_all","no","no"
"benb@autotrimdesignalaska.com","good","ok","no","no"
"benbardon@excitecleaning.com","good","ok","no","no"
"bend@bauerak.com","good","ok","no","no"
"benj@hfhome.org","good","ok","no","no"
"benjamin.behm@us.hyosung.com","good","ok","no","no"
"benjamin.pasquinilli@wittichen-supply.com","good","ok","no","no"
"benjamin@bwa-hi.com","risky","catch_all","no","no"
"benjaminm@geniuslab.nl","risky","unknown","no","no"
"benjie.neeley@penta-inc.com","good","ok","no","no"
"benjiebatangan@allisonide.com","good","ok","no","no"
"benmcnaron@directex.com","good","ok","no","no"
"bennie.griggs@decisiveintel.com","good","ok","no","no"
"benriley@rynokindustries.com","good","ok","no","no"
"bent@mosind.com","good","ok","no","no"
"benton.wales@penta-inc.com","good","ok","no","no"
"berenice@baldodowns.com","good","ok","no","no"
"berneicea@hipremierhomes.com","good","ok","no","no"
"berry@deasmillwork.com","good","ok","no","no"
"beth@avalanchepress.com","good","ok","no","no"
"beth@covingtoncasket.com","good","ok","no","no"
"beth@haglerbrocato.com","good","ok","no","no"
"beth@safebridgegroup.com","good","ok","no","no"
"beth@sprayberryortho.com","good","ok","no","no"
"beth@trailerworldalabama.com","good","ok","no","no"
"beth@tvtc.org","good","ok","no","no"
"beth@valentiprintgroup.com","good","ok","no","no"
"beth@walkerworkforce.com","risky","unknown","no","no"
"bethany.anding@hurtapp.com","risky","catch_all","no","no"
"bethany@covechilddevelopment.com","good","ok","no","no"
"bethany@valorsci.com","good","ok","no","no"
"bethbelcher@decaturent.com","good","ok","no","no"
"betsy.iler@alexcityoutlook.com","good","ok","no","no"
"betsy@trustbuildingservices.com","good","ok","no","no"
"bettyjo@customcutsolutions.com","good","ok","no","no"
"bevans@pragmaticworks.com","good","ok","no","no"
"beverly@mitchellauto.com","good","ok","no","no"
"bfarr@hawaiienergysystems.com","good","ok","no","no"
"bfarrell@alaskarush.com","good","ok","no","no"
"bfawzi@choicemart.net","good","ok","no","no"
"bferinga@sanderscapitalpartners.com","good","ok","no","no"
"bfinke@aoeett.org","good","ok","no","no"
"bfowler@halofiber.net","good","ok","no","no"
"bfrapp@revolutionak.com","good","ok","no","no"
"bfrennea@j7digitalstrategies.com","good","ok","no","no"
"bgivens@erectastep.com","good","ok","no","no"
"bglover@prattvillechamber.com","good","ok","no","no"
"bgodsy@team911.com","good","ok","no","no"
"bgreenlee@hawaiienergysystems.com","good","ok","no","no"
"bgriesbach@gchemglobal.com","good","ok","no","no"
"bgrizzle@aegismobile.com","good","ok","no","no"
"bgross@anchoragehockey.com","good","ok","no","no"
"bgurley@myvessel.com","good","ok","no","no"
"bhamil@transtex-llc.com","good","ok","no","no"
"bhandley@eleit-tech.com","good","ok","no","no"
"bhanudas@terranox.co","risky","catch_all","no","no"
"bhardin@rabofla.com","good","ok","no","no"
"bhardy@riverviewanimalclinic.vet","good","ok","no","no"
"bharmon@hdbinsurance.com","good","ok","no","no"
"bharuguchi@hotelwailea.com","good","ok","no","no"
"bharwell@opticalsciences.com","good","ok","no","no"
"bhauser@ucpwa.org","good","ok","no","no"
"bhavin.patel@ua.edu","good","ok","no","no"
"bhdaly@nobscot.com","good","ok","no","no"
"bhelms@spi-al.com","good","ok","no","no"
"bhenson@pwba-architects.com","risky","catch_all","no","no"
"bhigginbotham@proo2llc.com","good","ok","no","no"
"bhill@hillpro.com","good","ok","no","no"
"bhobbs@millenniumsys.com","good","ok","no","no"
"bhogan@empoweredtoconquer.org","good","ok","no","no"
"bhorton@clementind.com","good","ok","no","no"
"bhpcwa@troycable.net","bad","invalid","no","no"
"bhutson@tuckerjones.com","good","ok","no","no"
"bianca@novalunacenter.com","good","ok","no","no"
"bill.moncrief@marshall-group.com","good","ok","no","no"
"bill@baldwinhvac.com","good","ok","no","yes"
"bill@cotiglobal.com","good","ok","no","yes"
"bill@huntsvillecommercialbrokerage.com","risky","unknown","no","yes"
"bill@jordan-excavating.com","good","ok","no","yes"
"bill@kauaifloors.com","good","ok","no","yes"
"bill@nhct.org","good","ok","no","yes"
"bill@scyardworks.com","risky","unknown","no","yes"
"bill@shieldscg.com","risky","unknown","no","yes"
"bill@tropicaltantrum.com","good","ok","no","yes"
"bill@ttaweb.com","good","ok","no","yes"
"bill@warriorriverwater.com","good","ok","no","yes"
"billcone@vcmsolutions.org","good","ok","no","no"
"billl@alaskapca.org","good","ok","no","no"
"billy@alabamanonprofits.org","good","ok","no","no"
"billy@aliiresorts.com","good","ok","no","no"
"billy@altview.io","good","ok","no","no"
"billy@appliedolap.com","good","ok","no","no"
"billy@coats-electric.com","good","ok","no","no"
"billy@eznstorage.com","risky","catch_all","no","no"
"billy@hatteam.com","good","ok","no","no"
"billy@kwxx.com","good","ok","no","no"
"billy@producerscattleauctions.com","good","ok","no","no"
"billy@tfs-co.com","risky","unknown","no","no"
"billym@heartlegacy.com","risky","catch_all","no","no"
"billyvines@rwls.com","good","ok","no","no"
"binglis@abs.cc","good","ok","no","no"
"bird@arcspacestudio.com","good","ok","no","no"
"bisyouthdirector@bisweb.org","good","ok","no","no"
"bitsy@ptsincalaska.com","good","ok","no","no"
"bj@donaldwcauseycpa.com","good","ok","no","no"
"bj@midpacservices.com","good","ok","no","no"
"bjbyington@starcombuilders.com","good","ok","no","no"
"bjochum@alaskaliteracyprogram.org","good","ok","no","no"
"bjohnson@ardcontracting.com","good","ok","no","no"
"bjohnson@kictribe.org","good","ok","no","no"
"bjohnston@edgewiredigital.com","good","ok","no","no"
"bjones@rapa.com","good","ok","no","no"
"bjoyce@e-irish.org","good","ok","no","no"
"bk@mclaincommercial.com","good","ok","no","no"
"bkauhane@zephyrinsurance.com","good","ok","no","no"
"bkaya@romerhotels.com","good","ok","no","no"
"bkeel@pipehorn.com","good","ok","no","no"
"bkmitchell@adarcade.io","risky","catch_all","no","no"
"bkomoto@diamondbakery.com","risky","catch_all","no","no"
"bkullman@scaperformance.com","good","ok","no","no"
"bkutz@oakleyequipment.com","good","ok","no","no"
"blackadark@americanfast.com","good","ok","no","no"
"blainec@overdriveglobalusa.com","bad","invalid","no","no"
"blair.gollop@maycroft.co.nz","good","ok","no","no"
"blair.robertson@marriottgrandnational.com","bad","invalid","no","no"
"blake.autrey@fitzhill.com","good","ok","no","no"
"blake.dorman@glynnsmith.com","risky","catch_all","no","no"
"blake.gammel@intl-hi.com","good","ok","no","no"
"blake.johnson@j12solutions.com","good","ok","no","no"
"blake.rambo@collaborativeautomation.org","good","ok","no","no"
"blake.stevenson@radiancetech.com","good","ok","no","no"
"blake@barrettinsuranceak.com","good","ok","no","no"
"blake@canterburycap.com","good","ok","no","no"
"blake@insurebeacon.com","good","ok","no","no"
"blake@ledesignak.com","good","ok","no","no"
"blake@pachawaii.com","risky","catch_all","no","no"
"blake@purpletieguys.com","risky","catch_all","no","no"
"blake@sonictoolsusa.com","good","ok","no","no"
"blake@struthersrec.com","good","ok","no","no"
"blake@thedeliverypeople.com","good","ok","no","no"
"blake@windhammotorco.com","good","ok","no","no"
"blakeb@gigaparts.com","good","ok","no","no"
"blakeking@kingsdiscounthomecenter.com","risky","catch_all","no","no"
"blakem@springhilltoyota.com","risky","catch_all","no","no"
"blane@wvtm.com","good","ok","no","no"
"blaney@sextoncan.com","good","ok","no","no"
"blangford@americanalloy.com","good","ok","no","no"
"blaudick@hondawindward.com","good","ok","no","no"
"blawson@drummondco.com","bad","invalid","no","no"
"blear@hsvbg.org","good","ok","no","no"
"blieferman@fhaero.com","good","ok","no","no"
"blythe@delve-group.com","good","ok","no","no"
"bmaddox@taylorchandler.com","good","ok","no","no"
"bmartin@anchordbg.com","good","ok","no","no"
"bmauldin@reliantmediallc.com","good","ok","no","no"
"bmcaleer@awwilliamsinspection.com","good","ok","no","no"
"bmccaig@digium.com","good","ok","no","no"
"bmcclaran@aossma.com","good","ok","no","no"
"bmcgallagher@southernwoodsmith.com","good","ok","no","no"
"bmcgill@matrixglobalusa.com","good","ok","no","no"
"bmelson@layer3com.com","good","ok","no","no"
"bmetzler@evergreenlinen.com","good","ok","no","no"
"bmiller@ashof.org","good","ok","no","no"
"bmiller@focus-md.com","good","ok","no","no"
"bmiller@redrockrg.com","good","ok","no","no"
"bmizoshiri@konagolf.com","good","ok","no","no"
"bmmccay@akmechanical.net","good","ok","no","no"
"bmotes@herculesinc.com","good","ok","no","no"
"bmurphy@catoma.com","good","ok","no","no"
"bnelson@gradkell.com","good","ok","no","no"
"bnichols@lsbindustries.com","good","ok","no","no"
"bniven@argobuilding.com","good","ok","no","no"
"bnolan@baltermeatcompany.com","risky","catch_all","no","no"
"bo.flurry@novuresidential.com","good","ok","no","no"
"bo2@boevansrealty.com","good","ok","no","no"
"bo@roseoffices.com","good","ok","no","no"
"bob.broadway@broadwaygroup.net","good","ok","no","no"
"bob.everett@synovix.com","good","ok","no","no"
"bob.hudson@bayfourdesign.com","risky","catch_all","no","no"
"bob.robertson@paradisecyn.com","good","ok","no","no"
"bob@alaskacremation.com","bad","invalid","no","no"
"bob@awakeconsulting.com","good","ok","no","no"
"bob@completecarestores.com","good","ok","no","no"
"bob@gottsteinprop.com","good","ok","no","no"
"bob@jimmiehalemission.com","good","ok","no","no"
"bob@struct-engr.com","good","ok","no","no"
"bob@toptalentrecruiter.com","good","ok","no","no"
"bob@vantageconnect.org","risky","catch_all","no","no"
"bobby.mattox@lifemgmtal.com","good","ok","no","no"
"bobby.prince@pinnaclenetworx.com","good","ok","no","no"
"bobby@alohapowerequipment.com","risky","unknown","no","no"
"bobby@bardinmarsee.com","good","ok","no","no"
"bobbys@finncomfortusa.net","good","ok","no","no"
"bobk@gentryhawaii.com","good","ok","no","no"
"bobmcnamara@kauaihabitat.org","good","ok","no","no"
"bobs@mitchellauto.com","good","ok","no","no"
"bodonnell@sheetmetalinc.biz","good","ok","no","no"
"bodywork@thepainreliefcenterhawaii.com","risky","catch_all","no","no"
"boh@southeasttowers.net","good","ok","no","no"
"bom@sandershyland.com","good","ok","no","no"
"bonnie.huckaby@ioausa.com","good","ok","no","no"
"bonnie@derekwongphotography.com","good","ok","no","no"
"bonnie@greenhalghinsurance.com","good","ok","no","no"
"bonnie@northalabamaglass.com","good","ok","no","no"
"bonnie@pwcmessagecenter.com","bad","invalid","no","no"
"bonniec@drumchannel.com","good","ok","no","no"
"bookkeeper@sweetwaterconstructionllc.com","good","ok","no","no"
"boone@toland-inc.com","good","ok","no","no"
"bp@stellasvoice.org","good","ok","no","no"
"bpaeltz@ssrco.com","good","ok","no","no"
"bparker@milltorc.com","good","ok","no","no"
"bpearce@pc3med.com","good","ok","no","no"
"bpeek@crnative.org","good","ok","no","no"
"bperkins@konabeachhotel.com","good","ok","no","no"
"bpharo@controlaltprotect.com","good","ok","no","no"
"bphillips@evergreensiteworks.com","risky","unknown","no","no"
"bphillips@honolulubuilders.com","good","ok","no","no"
"bpierce@omglazing.com","good","ok","no","no"
"bpounders@key-eng.com","bad","invalid","no","no"
"bpritchard@pipehorn.com","good","ok","no","no"
"brad.agoston@marathonequipment.com","good","ok","no","no"
"brad.collins@owlknows.com","good","ok","no","no"
"brad.dennis@valkyrie.com","good","ok","no","no"
"brad.hughes@ssainc.com","good","ok","no","no"
"brad.mckinney@osec.com","good","ok","no","no"
"brad.thompson@lpdigitalmediagroup.com","good","ok","no","no"
"brad@bamarv.com","good","ok","no","no"
"brad@beradstudio.com","risky","catch_all","no","no"
"brad@d7con.com","good","ok","no","no"
"brad@deltappump.com","good","ok","no","no"
"brad@duckettfishing.com","risky","unknown","no","no"
"brad@elitepoolservices.com","good","ok","no","no"
"brad@freightzonelogistics.com","good","ok","no","no"
"brad@gocivilgroup.com","risky","catch_all","no","no"
"brad@grierinsurance.com","good","ok","no","no"
"brad@heartsouthcpr.com","good","ok","no","no"
"brad@indoorcomforthsv.com","good","ok","no","no"
"brad@integdes.net","good","ok","no","no"
"brad@maxis.io","good","ok","no","no"
"brad@norrisbuildingcompany.com","risky","unknown","no","no"
"brad@raretransportation.com","good","ok","no","no"
"brad@sentic.io","good","ok","no","no"
"brad@soulkitchenmobile.com","good","ok","no","no"
"brad@veraventures.com","good","ok","no","no"
"brad@wagnersteam.com","good","ok","no","no"
"braden@fulmerinstruments.com","good","ok","no","no"
"braden@sunbridgehhc.org","good","ok","no","no"
"bradford@dealbox.io","risky","catch_all","no","yes"
"bradhorton@tuscaloosachevrolet.com","good","ok","no","no"
"bradi@mcsweeneyholdings.com","good","ok","no","no"
"bradie@armstrongmes.com","good","ok","no","no"
"bradley.heath@merlinlabs.com","good","ok","no","no"
"bradley@groundscontrolhsv.com","good","ok","no","no"
"bradley@portalinsurance.com","good","ok","no","no"
"brady@novusstudio.net","risky","catch_all","no","no"
"brady@signbird.io","good","ok","no","no"
"bramsey@billramsey.com","good","ok","no","no"
"brandi@leewardroofing808.com","good","ok","no","no"
"brandie.aukerman@mgcihi.com","good","ok","no","no"
"brandon.carrin@meritbank.com","good","ok","no","no"
"brandon.henderson@uicalaska.com","risky","catch_all","no","no"
"brandon.krous@gpsalaska.com","good","ok","no","no"
"brandon.lusk@emunworks.com","good","ok","no","no"
"brandon.mcdonald@cusouth.com","good","ok","no","no"
"brandon.thomas@montcure.com","good","ok","no","no"
"brandon.trammell@parishtractor.com","good","ok","no","no"
"brandon@abetterlife.com","risky","catch_all","no","no"
"brandon@bigislandcoffeeroasters.com","good","ok","no","no"
"brandon@bowerdevelopmentllc.com","good","ok","no","no"
"brandon@duskinpointmarina.com","risky","catch_all","no","no"
"brandon@fraudblocker.com","good","ok","no","no"
"brandon@kinematiccompany.com","good","ok","no","no"
"brandon@lobbytools.com","good","ok","no","no"
"brandon@luau.co","bad","invalid","no","no"
"brandon@mauicountryclub.org","good","ok","no","no"
"brandon@neverthirstwater.org","good","ok","no","no"
"brandon@premierautomation.net","good","ok","no","no"
"brandon@smamerica.com","good","ok","no","no"
"brandonbelcher@firstteamconstruction.com","good","ok","no","no"
"brandongeorge@mypetsvetgroup.com","good","ok","no","no"
"brandonscott@saad.com","good","ok","no","no"
"brandontaylor@lighthouseintegratedsolutions.com","good","ok","no","no"
"brandt@factoryselectonline.com","risky","unknown","no","no"
"brandy.white@titomic.us","good","ok","no","no"
"brandy@walkerworkforce.com","risky","unknown","no","no"
"brandyn@hawaiianprop.com","risky","catch_all","no","no"
"branson@kerosports.com","good","ok","no","no"
"brant@redpointaudio.com","good","ok","no","no"
"bratliff@farmerspoultrysupply.com","good","ok","no","no"
"braxton.barker@thunderyard.com","good","ok","no","no"
"braxton.fuller@murphreebridge.com","good","ok","no","no"
"breandanlumpkin@copilotbooks.org","good","ok","no","no"
"brempel@send.org","good","ok","no","no"
"brenda.holloway@backergroup.com","good","ok","no","no"
"brenda.king@gcfainc.com","good","ok","no","no"
"brenda.pearce@sweetwaterglobal.com","good","ok","no","no"
"brenda@circleph.com","risky","unknown","no","no"
"brenda@hanfordcdjr.com","bad","invalid","no","no"
"brenda@harvestselect.com","good","ok","no","no"
"brenda@hilourgentcare.com","good","ok","no","no"
"brenda@optimapublicrelations.com","risky","catch_all","no","no"
"brenda@swiftlumber.com","good","ok","no","no"
"brenda@tice-associates.com","good","ok","no","no"
"brenda@uhaul.com","bad","invalid","no","no"
"brendaj@ohc.net","good","ok","no","no"
"brendan.desjardin@sheeatika.com","good","ok","no","no"
"brendan.smith@nprb.org","good","ok","no","no"
"brendan@thinkofficellc.com","risky","catch_all","no","no"
"brendan@traditioncoffeeroasters.com","risky","catch_all","no","no"
"brennaw@wolferefrigeration.com","good","ok","no","no"
"brent.akamine@vinovest.co","good","ok","no","no"
"brent.deason@whaleio.com","good","ok","no","no"
"brent.genseke@areaerectors.com","good","ok","no","no"
"brent.ladnier@aotcs.org","good","ok","no","no"
"brent.owen@jimowenstudios.com","good","ok","no","no"
"brent.w@futureframeusa.com","risky","unknown","no","no"
"brent.warren@dtn.com","good","ok","no","no"
"brent@baylandscapinginc.com","good","ok","no","no"
"brent@gunfun.com","good","ok","no","no"
"brent@jordan-excavating.com","good","ok","no","no"
"brent@livdev.com","good","ok","no","no"
"brent@pgisteel.com","good","ok","no","no"
"brent@wincofireworks.com","good","ok","no","no"
"brentb@vardamanllc.com","good","ok","no","no"
"brentbarnes@optechs-inc.com","good","ok","no","no"
"brenton@dtchawaii.com","risky","unknown","no","no"
"brentp@pro-air.net","good","ok","no","no"
"brentvandenbos@lithia.com","good","ok","no","no"
"brett.bedingfield@gpsig.com","good","ok","no","no"
"brett.lewis@pacwave.com","risky","catch_all","no","no"
"brett.sundlof@t9lab.com","risky","catch_all","no","no"
"brett.wiggins@atcu.com","good","ok","no","no"
"brett@llhhc.com","good","ok","no","no"
"brett@ovmagency.com","good","ok","no","no"
"brett@regionalproduce.net","good","ok","no","no"
"brett@theatrixhawaii.com","risky","catch_all","no","no"
"breynolds@rtjgolf.com","good","ok","no","no"
"bri@categorypirates.com","good","ok","no","no"
"bria.g@alaskaremoteimaging.com","good","ok","no","no"
"brian.burrows@moorecoal.com","good","ok","no","no"
"brian.heithaus@tractionco.com","good","ok","no","no"
"brian.johnson@bhglandscapes.com","good","ok","no","no"
"brian.jones@riverfront-wm.com","good","ok","no","no"
"brian.mattson@cyturus.com","good","ok","no","no"
"brian.mccurley@holtav.com","good","ok","no","no"
"brian.s.koon@nm.com","good","ok","no","no"
"brian.sanford@stgpacific.com","good","ok","no","no"
"brian.seals@baldwinemc.com","good","ok","no","no"
"brian.sing@wavecomsolutions.com","bad","invalid","no","no"
"brian.slay@allamericanmirror.com","bad","invalid","no","no"
"brian.townson@ecs.construction","good","ok","no","no"
"brian@acdcpowertechnologies.com","good","ok","no","no"
"brian@baylandscapinginc.com","good","ok","no","no"
"brian@brianrobinsoncoaching.com","risky","catch_all","no","no"
"brian@brightroadwealth.com","good","ok","no","no"
"brian@bufordsecurity.com","good","ok","no","no"
"brian@cadmusproperties.com","good","ok","no","no"
"brian@cfsat.com","good","ok","no","no"
"brian@doomboxproductions.com","risky","catch_all","no","no"
"brian@evavalue.com","good","ok","no","no"
"brian@flexsack.com","good","ok","no","no"
"brian@fly-tek.net","good","ok","no","no"
"brian@hoistpartners.com","good","ok","no","no"
"brian@laaustructures.com","good","ok","no","no"
"brian@m4innovation.com","good","ok","no","no"
"brian@mak3.net","good","ok","no","no"
"brian@metrocompanies.com","good","ok","no","no"
"brian@novyinc.com","good","ok","no","no"
"brian@pinnaclemotorsportsal.com","risky","catch_all","no","no"
"brian@precisedigitalprinting.com","good","ok","no","no"
"brian@prierconstruction.com","good","ok","no","no"
"brian@rebootcharity.org","good","ok","no","no"
"brian@thericepartnership.com","good","ok","no","no"
"brian@traditioncoffeeroasters.com","risky","catch_all","no","no"
"brian@unhitchedrv.com","risky","catch_all","no","no"
"brian@valleyohd.com","good","ok","no","no"
"brian@waypointoutdoor.com","good","ok","no","no"
"briana.davis@gulfcoastfamilycenter.org","good","ok","no","no"
"brianaustin@completesigns.net","good","ok","no","no"
"brianh@kokuarealty.com","good","ok","no","no"
"briank@heartlegacy.com","risky","catch_all","no","no"
"brianlee@graytonbd.com","good","ok","no","no"
"brianm@mnj.com","good","ok","no","no"
"brianmoore@hurstconstruction.com","good","ok","no","no"
"brianna.penn@atrc.net","good","ok","no","no"
"brianne@socialgeneration.ai","risky","catch_all","no","no"
"brians@hondawindward.com","good","ok","no","no"
"bridger@vwx.aero","good","ok","no","no"
"bridget.younger@elemenohealth.com","good","ok","no","no"
"bridget@inletkeeper.org","good","ok","no","no"
"bridget@namahanafoundation.org","good","ok","no","no"
"bridgetm@ghscorp.org","good","ok","no","no"
"brigitte.abbot@khon2.com","good","ok","no","no"
"brij@power-planet.com","risky","catch_all","no","no"
"bringer@rives.com","good","ok","no","no"
"brinkley.cottingham@catalystcenter.org","good","ok","no","no"
"brisso@cutterauto.com","bad","invalid","no","no"
"britchie@alaskamedicaltransport.com","risky","catch_all","no","no"
"britney.deutschendorf@cintel-inc.com","good","ok","no","no"
"britney@medb.org","good","ok","no","no"
"britt.wells@inneo.health","good","ok","no","no"
"britt@protech-mechanical.com","risky","catch_all","no","no"
"brittany.jackson@aamu.edu","good","ok","no","no"
"brittany@alaskaprivatetouring.com","bad","invalid","no","no"
"brittany@bubblesexpresscarwash.com","risky","catch_all","no","no"
"brittany@econolinetrailers.com","good","ok","no","no"
"brittany@faecrate.com","good","ok","no","no"
"brittany@gabrellamanor.com","good","ok","no","no"
"brittany@meganlarussa.com","good","ok","no","no"
"brittany@qualityvalves.com","bad","invalid","no","no"
"brittany@sharpwellnessandcounseling.com","risky","catch_all","no","no"
"brittanyreynolds@valentgroup.com","good","ok","no","no"
"brittney.kennington@alaskamaritime.com","good","ok","no","no"
"brittney@akdoors.com","good","ok","no","no"
"brittonb@camerontravis.com","risky","unknown","no","no"
"broberts@incarek12.com","good","ok","no","no"
"brobertson@golambertteam.com","good","ok","no","no"
"brobinson@panamfood.com","good","ok","no","no"
"brobinson@ys-inc.com","risky","catch_all","no","no"
"brock.collins@polarworx.com","good","ok","no","no"
"brock@dobbinsgroup.net","good","ok","no","no"
"brock@forsythbuilding.com","good","ok","no","no"
"brock@noeins.com","good","ok","no","no"
"brody@visitflorenceal.com","good","ok","no","no"
"broker@rogaurora.com","good","ok","no","yes"
"bronson@kobayashi-group.com","good","ok","no","no"
"bronwyn@huiho.org","good","ok","no","no"
"brooke.carroll@fetchfreight.com","good","ok","no","no"
"brooke.smitherman@cadenzahealth.com","good","ok","no","no"
"brooke.turner@expresspros.com","good","ok","no","no"
"brooke@awisdomcenter.com","good","ok","no","no"
"brooke@locustlanerugs.com","risky","catch_all","no","no"
"brooke@powellpediatricdentist.com","good","ok","no","no"
"brooke@printedtshirtsandmore.com","good","ok","no","no"
"brooke@verusworks.com","good","ok","no","no"
"brookes@southaec.com","good","ok","no","no"
"brooklin@thecuttergroup.net","good","ok","no","no"
"brooklyn.hollingsworth@annistonpediatrics.com","good","ok","no","no"
"brooks.patton@motherwit.studio","risky","catch_all","no","no"
"brubio@cardinal-roof.com","good","ok","no","no"
"bruce.cullen@southaucklandmotors.co.nz","good","ok","no","no"
"bruce@emaukamakai.com","good","ok","no","no"
"bruce@gcfhawaii.com","good","ok","no","no"
"brush@epclaims.com","good","ok","no","no"
"brussell@arborsdirect.com","risky","unknown","no","no"
"bryan.allen@bangersusa.com","bad","invalid","no","no"
"bryan.bates@synapse-wireless.com","good","ok","no","no"
"bryan.brock@coremaintenance.com","good","ok","no","no"
"bryan.e.earle@atecharrestors.com","good","ok","no","no"
"bryan.lumpkins@pipehorn.com","good","ok","no","no"
"bryan.phurrough@fsvps.com","risky","catch_all","no","no"
"bryan@cahabatractor.com","good","ok","no","no"
"bryan@spectrumhawaii.com","risky","unknown","no","no"
"bryan@synfab.com","good","ok","no","no"
"bryan@vitruvias.com","bad","invalid","no","no"
"bryancarr@reliabilitysolutions.net","good","ok","no","no"
"bryanh@akintegrated.com","good","ok","no","no"
"bryant@echelonintl.com","good","ok","no","no"
"bryant@fowlplay.com","good","ok","no","no"
"bryce@kkotani.com","good","ok","no","no"
"brycean@hicsurf.com","good","ok","no","no"
"bryn@withtcollective.com","risky","catch_all","no","no"
"bryna@dixieacoustical.com","risky","catch_all","no","no"
"brynn@thevidamia.com","good","ok","no","no"
"brynnbu@iacnvl.org","bad","invalid","no","no"
"bryson@pacificboneandjoint.com","good","ok","no","no"
"bschaffer@ardcontracting.com","good","ok","no","no"
"bschwartz@mti-inc.com","good","ok","no","no"
"bscrivner@totalautomationgroup.com","good","ok","no","no"
"bsears@huffmanbaptist.org","good","ok","no","no"
"bsg@sphiak.com","good","ok","no","no"
"bsmith@hafb.org","good","ok","no","no"
"bsmith@imagehawk.com","good","ok","no","no"
"bspears@blocglobal.com","good","ok","no","no"
"bspeer@mcphersonoil.com","good","ok","no","no"
"bstaley@victorysweepers.com","good","ok","no","no"
"bstephenson@mnj.com","good","ok","no","no"
"bstevens@siriustalent.com","good","ok","no","no"
"bstout@hollandindustrial.net","good","ok","no","no"
"bsuazo@offshootz.com","risky","catch_all","no","no"
"bswartz@watsonbruhn.com","good","ok","no","no"
"bsweeting@byarswright.com","good","ok","no","no"
"bswift@investwithroots.com","good","ok","no","no"
"btate@covenantcpa.com","good","ok","no","no"
"btaylor@sheppardsvs.com","good","ok","no","no"
"btaylor@taylorchandler.com","good","ok","no","no"
"btaylor@tombigbee.org","good","ok","no","no"
"bthomas@bctsco.com","good","ok","no","no"
"bthomas@colaska.com","good","ok","no","no"
"bthomson@sailinc.org","good","ok","no","no"
"bthurman@billylawrencechevrolet.com","good","ok","no","no"
"bthurston@alaskarisk.org","good","ok","no","no"
"btonning@hawaiicarechoices.org","good","ok","no","no"
"btoone@bankerbounty.com","good","ok","no","no"
"btraff@t-tek.com","good","ok","no","no"
"buck@ledstick.net","good","ok","no","no"
"buddy@hyken.com","good","ok","no","no"
"buffy.neumann@burlesonpool.net","good","ok","no","no"
"buford.sanders@tollivergroup.com","good","ok","no","no"
"bunderwood@copiouserp.com","good","ok","no","no"
"burgess@redondos.com","good","ok","no","no"
"burke.hughes@blueplainstech.com","good","ok","no","no"
"burnettm@shiparch.com","good","ok","no","no"
"butch@cahabasalesgroup.com","good","ok","no","no"
"butchthierry@greatdaysoutdoors.com","risky","catch_all","no","no"
"bvaughn4@steepletechnologies.com","good","ok","no","no"
"bwagnon@cultural-alliance.com","risky","catch_all","no","no"
"bward@thinkfred.com","good","ok","no","no"
"bwarden@championautogrp.com","good","ok","no","no"
"bwarren@cooksbuildingsupply.com","good","ok","no","no"
"bwarrick@bluecrestenergy.com","good","ok","no","no"
"bwatson@ashbyco.com","good","ok","no","no"
"bwegner@natecintl.com","good","ok","no","no"
"bwilkes@silvics.com","good","ok","no","no"
"bwilliams@ake-line.com","good","ok","no","no"
"bwimberly@almlandscapes.com","good","ok","no","no"
"bwindham@southernindependentbank.com","good","ok","no","no"
"bwitt@countrybrookdesign.com","good","ok","no","no"
"bwood@abita.com","good","ok","no","no"
"bwood@anchoragemuseum.org","good","ok","no","no"
"bwright@claborn.com","good","ok","no","no"
"bwright@explorefairbanks.com","good","ok","no","no"
"bwright@pts-inc.com","good","ok","no","no"
"byron@collierfordofalabama.com","good","ok","no","no"
"byron@cyak.org","good","ok","no","no"
"byron@theleanleap.com","good","ok","no","no"
"byronhayes@mxak.org","good","ok","no","no"
"c.anderson@rp-management.com","good","ok","no","no"
"c.atkin@familymedicineassociates.net","good","ok","no","no"
"c.castaneda@whaleycci.com","good","ok","no","no"
"c.ikner@all.biz","bad","invalid","no","no"
"c.king@callks.com","risky","catch_all","no","no"
"c.mccracken@chenapower.com","good","ok","no","no"
"c.morris@treeproinc.com","good","ok","no","no"
"c.tomlinson@citylumberco.com","good","ok","no","no"
"c.yasuhara@gotourshawaii.com","good","ok","no","no"
"cabe@pacconconstruction.com","good","ok","no","no"
"cadams@alchildhoodfood.org","risky","catch_all","no","no"
"cadavonak@h1constructionhawaii.com","good","ok","no","no"
"caitlin.sampson@trivector.us","good","ok","no","no"
"caitlin@billsdistributing.com","risky","unknown","no","no"
"caitlin@gpscounseling.net","good","ok","no","no"
"caitlin@tax-alt.com","risky","catch_all","no","no"
"caja@bondcreativegroup.com","good","ok","no","no"
"cal@veraventures.com","good","ok","no","no"
"caleb.barregarye@harriganlumber.com","risky","catch_all","no","no"
"caleb.brooker@dealeritgroup.com","good","ok","no","no"
"caleb.gibson@nm.com","good","ok","no","no"
"caleb.sims@unitedsteelsupply.com","good","ok","no","no"
"caleb@advancedtrailer.com","good","ok","no","no"
"caleb@aemetalroofing.com","risky","unknown","no","no"
"caleb@biginterview.com","good","ok","no","no"
"caleb@collectivrights.com","good","ok","no","no"
"caleb@simplysod.com","good","ok","no","no"
"caleb@sneadtractor.com","good","ok","no","no"
"calen@iprotectinsurance.com","good","ok","no","no"
"calla@southmauigardens.com","good","ok","no","no"
"callen@nsales.com","bad","invalid","no","no"
"calley@cuttingedgelawn.biz","good","ok","no","no"
"callie.beckham@turnerboone.com","good","ok","no","no"
"caltonlee@grtractors.com","good","ok","no","no"
"calvin.cockrell@christianchronicle.org","good","ok","no","no"
"calvin@wyattsasserconstruction.com","good","ok","no","no"
"calvinc@pro-air.net","good","ok","no","no"
"cam@reactium.io","good","ok","no","no"
"cam@wareps.com","good","ok","no","no"
"cameron.brouillette@bakerbytes.com","good","ok","no","no"
"cameron.farris@lakescape.com","good","ok","no","no"
"cameron.sollitt@wml.biz","good","ok","no","no"
"cameron@healthbridgeglobal.org","good","ok","no","no"
"cameron@marinelayeradvisors.com","risky","catch_all","no","no"
"cameronthorne@enggroupse.com","good","ok","no","no"
"cami@pantsstore.com","good","ok","no","no"
"camilla@sociallystetson.com","risky","catch_all","no","no"
"camille.bull@bid-designs.com","good","ok","no","no"
"camille@bennettmercado.com","good","ok","no","no"
"camille@nexusdatasolutions.com","good","ok","no","no"
"camillebennett@projectsaysomething.org","good","ok","no","no"
"cammann@longleafcenters.com","good","ok","no","no"
"cammie@yoursimplesource.com","good","ok","no","no"
"camoah@mobular.com","good","ok","no","no"
"camp@henrynorth.com","good","ok","no","no"
"camron@901servicesllc.com","good","ok","no","no"
"canaan@comercompanies.com","good","ok","no","no"
"canchrum@alabamaallergy.com","good","ok","no","no"
"candace@alliedsteelcorp.com","good","ok","no","no"
"candace@hornsbytire.com","good","ok","no","no"
"candace@slingluffunited.com","good","ok","no","no"
"candice.sinclair@missionunderwriters.com","good","ok","no","no"
"candice@covechiro.com","good","ok","no","no"
"candler@southerntalentspecialists.com","good","ok","no","no"
"candrews@petrarms.com","good","ok","no","no"
"candyhill@alohalendingservices.com","risky","catch_all","no","no"
"cannon@tenantbase.com","good","ok","no","no"
"cara.mccoy@pulsara.com","good","ok","no","no"
"carey.gilbert@jhberry.com","good","ok","no","no"
"carey.reeder@clantonadvertiser.com","good","ok","no","no"
"carey@careyblackmon.com","good","ok","no","no"
"carissa.coleman@manaolahawaii.com","good","ok","no","no"
"carissa@carissawong.ca","good","ok","no","no"
"carl.barton@derigohealth.com","good","ok","no","no"
"carl@alaskacountertops.com","risky","catch_all","no","no"
"carl@cornerstonecivil.com","good","ok","no","no"
"carl@dorothymcdaniel.com","good","ok","no","no"
"carl@psinc.biz","good","ok","no","no"
"carl@richardslighting.com","good","ok","no","no"
"carla@koholacustomhomes.com","good","ok","no","no"
"carla@lrflorida.com","risky","catch_all","no","no"
"carla@storageplusbaldwin.com","good","ok","no","no"
"carley.rodriguez@assetworks.com","good","ok","no","no"
"carley@riverbrook.com","good","ok","no","no"
"carli.bowen@tryletterhead.com","good","ok","no","no"
"carlo@imdinteractive.org","risky","catch_all","no","no"
"carlpowell@seaconeng.com","good","ok","no","no"
"carly@exvotovintage.com","good","ok","no","no"
"carly@longleafcenters.com","good","ok","no","no"
"carmen@anaholagranola.com","risky","catch_all","no","no"
"carmen@kengloverdrug.com","good","ok","no","no"
"carol@ccengineeringhawaii.com","good","ok","no","no"
"caroline.mizo@cvshealth.com","good","ok","no","no"
"caroline@accountingrx.com","good","ok","no","no"
"caroline@talkingsocialllc.com","good","ok","no","no"
"carolinepeklenk@murfeemeadows.com","good","ok","no","no"
"carolms@akwomenshealth.com","good","ok","no","no"
"carolyn@dietrichrentals.com","risky","catch_all","no","no"
"carpetcenter@farmerstel.com","good","ok","no","no"
"carrie.amerson@magautoal.com","good","ok","no","no"
"carrie@ahousethatfitts.com","good","ok","no","no"
"carrie@grassrootsrei.com","risky","catch_all","no","no"
"carrier@gigaparts.com","good","ok","no","no"
"carrington.sweet@bar-worx.com","good","ok","no","no"
"cars@transform9.com","good","ok","no","no"
"carson.williams@getcarefund.com","good","ok","no","no"
"carson@parsonsgroupllc.com","good","ok","no","no"
"carson@warnerathletic.com","good","ok","no","no"
"carter@aloha.storage","good","ok","no","no"
"carter@blydanbuilt.com","good","ok","no","no"
"carter@rich-habits.com","good","ok","no","no"
"casendra@challengealaska.org","good","ok","no","no"
"casey.cooper@kodatech.com","good","ok","no","no"
"casey@sablestrategy.com","good","ok","no","no"
"caspian.brenner@prmstructural.com","good","ok","no","no"
"cassandra.cosio@msialaska.com","good","ok","no","no"
"cassandra@borrowedblu.com","risky","catch_all","no","no"
"cassandra@dcwins.com","good","ok","no","no"
"cassidy@wrighthearingcenter.com","risky","catch_all","no","no"
"cassie@aieins.com","good","ok","no","no"
"cassie@method-1.com","risky","catch_all","no","no"
"cassie@mypersonalcpas.com","good","ok","no","no"
"cassiewallin@woodfloorstore.net","good","ok","no","no"
"catherine@holcombministries.org","good","ok","no","no"
"catherine@jamesrayandassociates.com","good","ok","no","no"
"catherine@kbfpc.org","good","ok","no","no"
"catherine@ontherock.studio","good","ok","no","no"
"catherinemartin@exba.com","good","ok","no","no"
"cathy.chiaramonte@bridgewaysal.org","good","ok","no","no"
"cathy.digiacomo@emgsolutions.com","good","ok","no","no"
"cathy@armstrongbuilders.com","good","ok","no","no"
"cathy@birminghamroofing.com","good","ok","no","no"
"cathy@jones-mcleod.com","good","ok","no","no"
"cathy@sandpointc.com","risky","catch_all","no","no"
"cathy@sundogmedia.com","good","ok","no","no"
"cathy@thericepartnership.com","good","ok","no","no"
"catrena.carter@saluteselma.org","good","ok","no","no"
"catrinal@gabriellawhite.com","good","ok","no","no"
"cautwell@bookkeeper360.com","good","ok","no","no"
"cawen.lee@kbacpas.net","good","ok","no","no"
"cayennep@alaka-i.com","risky","catch_all","no","no"
"cbabas@kahalanui.com","good","ok","no","no"
"cbaggett@washingtoncrane.com","good","ok","no","no"
"cbailey@mulberryprop.com","good","ok","no","no"
"cballao@speedishuttle.com","good","ok","no","no"
"cbanton@apprser.com","good","ok","no","no"
"cbarber@shelbygc.com","good","ok","no","no"
"cbarnes@blauer.com","good","ok","no","no"
"cbartonkelly@visittuscaloosa.com","good","ok","no","no"
"cbaxter@yourtpa.com","good","ok","no","no"
"cbeard@metrotruckrental.com","risky","catch_all","no","no"
"cbeck@bellandco.net","good","ok","no","no"
"cbecker@moleculardesigns.com","good","ok","no","no"
"cbeckley@kingsshops.com","bad","invalid","no","no"
"cbell@crispycrete.com","good","ok","no","no"
"cbest@tonglenlake.com","good","ok","no","no"
"cbivens@servprothequadcities.com","good","ok","no","no"
"cblack@citizensbanktrust.com","bad","invalid","no","no"
"cblake@entechproducts.com","good","ok","no","no"
"cblume@managraphics.com","good","ok","no","no"
"cbolding@singletonmarine.com","good","ok","no","no"
"cbostrom@mcgd.org","good","ok","no","no"
"cboswell@bhlfederal.com","good","ok","no","no"
"cboulton@coastal-hr.com","good","ok","no","no"
"cbowline@sdac8a.com","good","ok","no","no"
"cboykin@cmcgas.com","good","ok","no","no"
"cbradshaw@scoutpm.com","good","ok","no","no"
"cbreckenridge@dsbpagency.com","good","ok","no","no"
"cbrinkerhoff@jaybrant.com","good","ok","no","no"
"cbrittingham@verityintsys.com","good","ok","no","no"
"cbrowning@lowerybrothersmotors.com","bad","invalid","no","no"
"cbruce@ergoscience.com","good","ok","no","no"
"cbryant@gowillowhomes.com","risky","catch_all","no","no"
"cburton@ssbank.bank","good","ok","no","no"
"cbutler@bucchomes.com","good","ok","no","no"
"cbutler@scsworx.com","good","ok","no","no"
"cc@beast.nyc","good","ok","no","no"
"ccabrera@chambermusichawaii.org","good","ok","no","no"
"ccamp@portpascagoula.com","good","ok","no","no"
"ccapps@elbaed.com","good","ok","no","no"
"ccarter@akeyedoc.com","good","ok","no","no"
"ccate@alaskaretina.com","good","ok","no","no"
"cchaney@servpro11304.com","risky","catch_all","no","no"
"cchapman@alabamacentral.org","risky","catch_all","no","no"
"ccharles@stiversonline.com","bad","invalid","no","no"
"cclark@ssrco.com","good","ok","no","no"
"cclower@harrisrobinson.com","good","ok","no","no"
"ccollins@scsione.com","good","ok","no","no"
"ccooley@airinmotion.net","good","ok","no","no"
"ccooper@tvobgyn.com","good","ok","no","no"
"ccowley@rives.com","good","ok","no","no"
"ccrooms@sunbeltfire.com","good","ok","no","no"
"ccross@inkinen.com","good","ok","no","no"
"ccrowe@rtmhouses.com","good","ok","no","no"
"cculpepper@servpro9392.com","good","ok","no","no"
"ccummins@akpei.com","good","ok","no","no"
"ccurtsinger@lsinc.com","good","ok","no","no"
"cdalton@bearcreek.com","risky","catch_all","no","no"
"cdavenport@mymcmi.com","good","ok","no","no"
"cdavidson@pescompany.net","good","ok","no","no"
"cdavis@davisblock.com","good","ok","no","no"
"cdavis@mbsolutions-inc.net","good","ok","no","no"
"cdavis@pacconsultants.net","good","ok","no","no"
"cdeese@groceryoutlet.us","good","ok","no","no"
"cdennis@bhm.bank","good","ok","no","no"
"cdeuchar@formpartners.com","good","ok","no","no"
"cdevereaux@devereauxsawmills.com","bad","invalid","no","no"
"cdillard@buildwithstructur.com","good","ok","no","no"
"cdoll@diamondscaffold.com","good","ok","no","no"
"cdukes@cityautofinance.com","good","ok","no","no"
"cdurham@caringstrategies.com","good","ok","no","no"
"cdurham@newspapers.org","good","ok","no","no"
"ceagan@capstoneplumbing.net","good","ok","no","no"
"cearly@asterixgs.com","good","ok","no","no"
"celesta.freeman@raymondjames.com","good","ok","no","no"
"celia.moore@amrvrcd.com","good","ok","no","no"
"celia@hunterpacificgroup.com","good","ok","no","no"
"celsoc@alliedpacificbuilders.com","good","ok","no","no"
"cesar.gallegos@lightwiresolutions.net","good","ok","no","no"
"cevans@modularconnections.com","good","ok","no","no"
"cewing@legacy-collab.com","good","ok","no","no"
"cferguson@tritecmfg.com","good","ok","no","no"
"cfindtner@qkcmanagement.com","good","ok","no","no"
"cfirby@manthosengineering.com","good","ok","no","no"
"cfoley@deveryprince.com","good","ok","no","no"
"cfoster@mtnviewhospital.com","risky","unknown","no","no"
"cfrazier@sbselectric.com","good","ok","no","no"
"cfreyeisen@gridcompany.com","good","ok","no","no"
"cfritz@radhunt.com","good","ok","no","no"
"cfulop@bristol-companies.com","good","ok","no","no"
"cfunkhouser@americanvillage.org","good","ok","no","no"
"cfuquay@navigate-usa.com","good","ok","no","no"
"cgaitan@servintecusa.com","risky","catch_all","no","no"
"cginger@lssidata.com","bad","invalid","no","no"
"cgolden@ethosvet.com","good","ok","no","no"
"cgoodman@duffieldaquatics.com","risky","catch_all","no","no"
"cgray@silverships.com","good","ok","no","no"
"cgreene@dorm-decor.com","risky","catch_all","no","no"
"ch.cimafranca@qclny.com","good","ok","no","no"
"chacker@montgomeryal.gov","bad","invalid","no","no"
"chad.harrison@oneascent.com","good","ok","no","no"
"chad@avssolutions.net","good","ok","no","no"
"chad@bimech.com","good","ok","no","no"
"chad@getcpi.com","good","ok","no","no"
"chad@healthmedinc.com","good","ok","no","no"
"chad@investprudently.com","good","ok","no","no"
"chad@jadefood.com","good","ok","no","no"
"chad@oahusealcoating.com","good","ok","no","no"
"chad@shorefyre.com","risky","catch_all","no","no"
"chad@southerncpt.com","good","ok","no","no"
"chadg@bauerak.com","good","ok","no","no"
"chadrussell@perryequip.com","good","ok","no","no"
"chads@isemotocontracting.com","good","ok","no","no"
"chadstewart@wam.services","good","ok","no","no"
"chaelani@pccchawaii.com","good","ok","no","no"
"chakri.deverapalli@ragasedu.com","risky","catch_all","no","no"
"chalice@blueplaterestaurant.com","risky","catch_all","no","no"
"chandler.engle@softactsolutions.com","good","ok","no","no"
"chandler@honuhousehawaii.com","risky","catch_all","no","no"
"chandler@maxtoolinc.com","good","ok","no","no"
"chandra.heffley@cohenveteransnetwork.org","good","ok","no","no"
"chanh@polynesia.com","bad","invalid","no","no"
"channing.mason@succurri.com","good","ok","no","no"
"chanse@cadillacofbirmingham.com","good","ok","no","no"
"chantal@akcenter.org","good","ok","no","no"
"chantel@crystalclearhawaii.com","good","ok","no","no"
"charis@humanityhale.org","good","ok","no","no"
"charity@dermalaska.com","good","ok","no","no"
"charlene@charlenemoss.com","good","ok","no","no"
"charlene@letstalkasap.com","risky","catch_all","no","no"
"charlene@pdoh-hip.com","good","ok","no","no"
"charles.fredy@betterbrands.cl","risky","catch_all","no","no"
"charles.germany@goredex.com","good","ok","no","no"
"charles.jamerlan@cloudresearch.com","good","ok","no","no"
"charles@alan-shintani.com","good","ok","no","no"
"charles@altechllc.com","good","ok","no","no"
"charles@barringtonrealestateco.com","good","ok","no","no"
"charles@instantroofer.com","good","ok","no","no"
"charles@msaroof.com","good","ok","no","no"
"charles@nutecmetalfinishing.com","good","ok","no","no"
"charles@wes-tec.com","good","ok","no","no"
"charles_kasuba@mommagoldbergsdeli.com","risky","unknown","no","no"
"charlesb@bakerproductions.com","good","ok","no","no"
"charleshull@silverstreet.us","risky","catch_all","no","no"
"charlesl@inletenergy.com","bad","invalid","no","no"
"charlest@ctstires.com","good","ok","no","no"
"charley@outdoorlinkinc.com","good","ok","no","no"
"charlie@crosbyelectric.com","bad","invalid","no","no"
"charlie@hhcarpets.com","risky","unknown","no","no"
"charlie@huddlbox.com","good","ok","no","no"
"charlie@marketspark.com","good","ok","no","no"
"charlie@mcwhortermedia.com","good","ok","no","no"
"charlie@trotmancompany.com","good","ok","no","no"
"charliec@corkhillandco.com","good","ok","no","no"
"charlieroberts@controlsystemsinc.net","good","ok","no","no"
"charlotte.brady@skyline.co.nz","good","ok","no","no"
"charnita@cubeless.io","good","ok","no","no"
"charris@atlantisadventures.com","risky","catch_all","no","no"
"chase.garrison@cgmh.com","good","ok","no","no"
"chase.letson@sue-jac.com","good","ok","no","no"
"chase.white@windowhero.com","good","ok","no","no"
"chase@cdlofal.com","good","ok","no","no"
"chase@edstromak.com","risky","catch_all","no","no"
"chase@partnersrealty.info","good","ok","no","no"
"chase@promptform.ai","risky","catch_all","no","no"
"chase@thebeallcorporation.com","good","ok","no","no"
"chasel@therentalmen.com","good","ok","no","no"
"chasity.engstrom@computing-alt.com","good","ok","no","no"
"chason@aosmsportsmedicine.com","good","ok","no","no"
"chawkins@alsbom.org","good","ok","no","no"
"chector@knba.org","good","ok","no","no"
"chef@steelwood.us","good","ok","no","yes"
"chefcarissa@hbhp.org","bad","invalid","no","no"
"chefjoshua@smileybrothersfoods.com","good","ok","no","no"
"chele@mybeachgetaways.com","good","ok","no","no"
"chelene.trott@redeyelouies.com","good","ok","no","no"
"chelsea@bone-realty.com","good","ok","no","no"
"chelsea@makanahi.com","good","ok","no","no"
"chelsea@mgmasc.com","risky","unknown","no","no"
"chelsea@ohanasurfproject.com","good","ok","no","no"
"chelsea@pintandjigger.com","bad","invalid","no","no"
"chelsie.castillo@hiexwaikiki.com","good","ok","no","no"
"chelsie@huntthefront.net","good","ok","no","no"
"cheri@batesturkey.com","good","ok","no","no"
"cherie@ocgproducts.com","good","ok","no","no"
"cherie@warriorwellnessgroup.com","good","ok","no","no"
"cherise@tlcrealtyhi.com","good","ok","no","no"
"cherish@focushl.com","good","ok","no","no"
"cherrypendley@ucpwa.org","good","ok","no","no"
"cheryl.ganas@lfg.com","good","ok","no","no"
"cheryl.jordan@hyatt.com","good","ok","no","no"
"cheryl@cciwindows.com","good","ok","no","no"
"cheryl@indoorcomforthsv.com","good","ok","no","no"
"cheryl@talton.com","good","ok","no","no"
"cheryllewis@spaceoneeleven.org","good","ok","no","no"
"chet@motorsportssuperstore.com","good","ok","no","no"
"cheveldae.jones@zigabyte.com","good","ok","no","no"
"cheyanne@sandersbeachrentals.com","good","ok","no","no"
"chharrison@bidscale.com","good","ok","no","no"
"chi@sldpllc.com","good","ok","no","no"
"chicks@tuskegeealabama.gov","good","ok","no","no"
"chie@stealth.net","good","ok","no","no"
"chief251@gracevillefirerescue.org","bad","invalid","no","no"
"chinde@crossroadcounseling.org","good","ok","no","no"
"chines@southerncarbidetech.com","good","ok","no","no"
"chip@carringtonfoods.com","good","ok","no","no"
"chip@wqlt.com","good","ok","no","no"
"chiro@hawaiikaico.com","good","ok","no","no"
"chloe.duke@ozarkhousingcommunity.org","good","ok","no","no"
"chloe@desilvadmc.com","risky","unknown","no","no"
"chnilicka@johnsonriver.com","good","ok","no","no"
"cholden@bhcraigconst.com","good","ok","no","no"
"cholmes@globalteamstaffing.com","good","ok","no","no"
"choneycutt@tnwops.com","good","ok","no","no"
"choskins@faithchapel.net","good","ok","no","no"
"choward@firstflarerepair.com","good","ok","no","no"
"choward@fontaineheavyhaul.com","good","ok","no","no"
"chris.bailey@contractormail.net","good","ok","no","no"
"chris.bruno@ethic-tech.com","good","ok","no","no"
"chris.char@ckwhawaii.com","good","ok","no","no"
"chris.fiscus@marathon-targets.com","good","ok","no","no"
"chris.franks@crosbyelectric.com","good","ok","no","no"
"chris.fuller@fishingchaos.com","risky","catch_all","no","no"
"chris.guest@mckinneycapital.net","good","ok","no","no"
"chris.k@exocellure.com","risky","catch_all","no","no"
"chris.kirk@eacougar.com","good","ok","no","no"
"chris.macdonald@jandkmaterials.com","good","ok","no","no"
"chris.patsey@reflections-glass.com","good","ok","no","no"
"chris.ryan@fetchfreight.com","good","ok","no","no"
"chris.sunday@maranatha.pro","risky","catch_all","no","no"
"chris@alarmhawaii.com","good","ok","no","no"
"chris@apconstructs.com","risky","unknown","no","no"
"chris@arrisconstruction.com","good","ok","no","no"
"chris@blueprinthawaii.com","good","ok","no","no"
"chris@cvopticsusa.com","risky","catch_all","no","no"
"chris@duckettfishing.com","risky","unknown","no","no"
"chris@epicequipmentsolutions.com","good","ok","no","no"
"chris@hartmanndesign.com","good","ok","no","no"
"chris@hawaiiwebgroup.com","good","ok","no","no"
"chris@heistenfinancial.com","good","ok","no","no"
"chris@ies-sales.com","good","ok","no","no"
"chris@iwmentor.com","good","ok","no","no"
"chris@kailanitours.com","good","ok","no","no"
"chris@koacapitalpartners.com","good","ok","no","no"
"chris@mainlineconstruction.co.nz","good","ok","no","no"
"chris@nextlevelstudio.com","good","ok","no","no"
"chris@phe-hawaii.com","good","ok","no","no"
"chris@plannorthpartners.com","good","ok","no","no"
"chris@pythoge.com","risky","catch_all","no","no"
"chris@qualityarch.com","good","ok","no","no"
"chris@ridgeline-roofing.com","good","ok","no","no"
"chris@savearound.com","risky","catch_all","no","no"
"chris@scoutpm.com","good","ok","no","no"
"chris@southeasternhomes.com","good","ok","no","no"
"chris@stisolarenergy.com","good","ok","no","no"
"chris@streetrodgarage.com","risky","unknown","no","no"
"chris@wildsheep.org","good","ok","no","no"
"chris@youngscale.com","good","ok","no","no"
"chrisbueno@kalacapitalpartners.com","good","ok","no","no"
"chriscarter@alabamaclimatecontrol.net","good","ok","no","no"
"chrishenry@driveempower.com","good","ok","no","no"
"chrismartin@haddonfieldfoods.com","good","ok","no","no"
"chrisp@baergroup.com","good","ok","no","no"
"chrispaul@tetris.com","good","ok","no","no"
"chrisr@legacy-impact.com","good","ok","no","no"
"chrissy.reed@veloxval.com","good","ok","no","no"
"chrissy@white-spunnerrealty.com","good","ok","no","no"
"christa.hughes@medhelpclinics.com","risky","unknown","no","no"
"christa@cwilliams-arch.com","good","ok","no","no"
"christahagan@landinghotel.com","good","ok","no","no"
"christen@classictravelconnection.com","good","ok","no","no"
"christen@hawaiigoodfoodalliance.org","good","ok","no","no"
"christi@bunnmedia.com","good","ok","no","no"
"christian.muncher@us.heichegroup.com","good","ok","no","no"
"christian.webb@graylark.io","risky","catch_all","no","no"
"christian@therentexperts.com","good","ok","no","no"
"christian@tphm.net","good","ok","no","no"
"christie@hcrestaurants.com","good","ok","no","no"
"christie@kingshome.com","good","ok","no","no"
"christina.england@fortis.org","good","ok","no","no"
"christina@gurug.com","good","ok","no","no"
"christina@kennicottlodge.com","risky","catch_all","no","no"
"christinasprinkle@docrx.com","good","ok","no","no"
"christinat@benchmarkrings.com","good","ok","no","no"
"christine@draftinghawaiillc.com","good","ok","no","no"
"christine@makmediateam.com","good","ok","no","no"
"christine@medchoiceps.com","good","ok","no","no"
"christinec@prpalaska.com","good","ok","no","no"
"christopher.anderson@dragonfly.net","good","ok","no","no"
"christopher.daggett@adwave.com","good","ok","no","no"
"christopher.duling@uah.edu","good","ok","no","no"
"christopher.kwasneski@matlokinnovation.com","good","ok","no","no"
"christopher.sellers@mh.alabama.gov","good","ok","no","no"
"christopher.smeal@rayson-tech.com","good","ok","no","no"
"christopher@livdev.com","good","ok","no","no"
"christopher@runsafesecurity.com","good","ok","no","no"
"christy@basicdrywall.com","good","ok","no","no"
"christy@cullmanappliancerepair.com","good","ok","no","no"
"christypierce@alabamaone.org","good","ok","no","no"
"chrisw@globalfiresprinklers.com","good","ok","no","no"
"chrisw@otmglass.com","good","ok","no","no"
"chrisw@truittinsurance.com","good","ok","no","no"
"chrys.woodham@washburnstorage.com","good","ok","no","no"
"chrys@cfi-solutions.com","good","ok","no","no"
"chrystal@sandstermite.com","good","ok","no","no"
"chuck.colvin@apogeeinformatics.com","good","ok","no","no"
"chuck.snow@geocue.com","good","ok","no","no"
"chuck@alccontractorsllc.com","risky","catch_all","no","no"
"chuck@soundassoc.com","good","ok","no","no"
"chuen@mcyia.com","good","ok","no","no"
"chuseman@thompsonholdingsinc.com","good","ok","no","no"
"cichetti@prosciuttosandaniele.it","good","ok","no","no"
"cindy.fujioka@hiltonwaikikihotel.com","good","ok","no","no"
"cindy@abortionrecoveryalabama.org","good","ok","no","no"
"cindy@capitalxray.com","good","ok","no","no"
"cindy@esa-reps.com","good","ok","no","no"
"cindy@mooretechsolutions.com","good","ok","no","no"
"cingersol@gci.com","good","ok","no","no"
"cinzer@etowahcounty.org","good","ok","no","no"
"ciommazzo@macnaughtonhospitality.com","good","ok","no","no"
"cipro@lightyournight.com","good","ok","no","no"
"circulation@msimktg.com","good","ok","no","no"
"cirizarry@farmfreshfoodsllc.com","good","ok","no","no"
"cirmen@sgcak.com","good","ok","no","no"
"cityclerksaxman@kpunet.net","good","ok","no","no"
"citymanager@cityofseldovia.com","good","ok","no","no"
"cjedra@civilbeat.com","risky","catch_all","no","no"
"cjensen@latouchepediatrics.net","good","ok","no","no"
"cjohnson@scadc.net","good","ok","no","no"
"cjones@russellala.com","good","ok","no","no"
"cjordan@muscogeeglass.net","good","ok","no","no"
"cjordan@picapd.com","good","ok","no","no"
"cjoyce@redrockrg.com","good","ok","no","no"
"cjuhasz@wm-partners.com","good","ok","no","no"
"ckam@omnitrakgroup.com","good","ok","no","no"
"ckawachi@honolulubuilders.com","good","ok","no","no"
"ckelly@barterse.com","good","ok","no","no"
"cknight@pssas.com","risky","catch_all","no","no"
"ckoi@bakeshophawaii.com","good","ok","no","no"
"ckoike@paragonbuildershawaii.com","good","ok","no","no"
"ckosaka@hiarchy.net","good","ok","no","no"
"ckulbacki@maxtc.com","good","ok","no","no"
"ckyser@shelbyasc.com","good","ok","no","no"
"claire@emailcpa.net","good","ok","no","no"
"clancaster@spinegroupalabama.com","good","ok","no","no"
"clandman@scsworx.com","good","ok","no","no"
"clara.olander@paintpartystudios.com","risky","catch_all","no","no"
"clara@alabamarcd.org","bad","invalid","no","no"
"clarence@ontherock.studio","good","ok","no","no"
"clarissa@researchfirst.com","good","ok","no","no"
"clark.herrington@trivector.us","good","ok","no","no"
"clark@bedzzzexpress.com","good","ok","no","no"
"clark@hiddenvariable.com","good","ok","no","no"
"clarkd@wis-inc.com","good","ok","no","no"
"classified@ketchikandailynews.com","good","ok","no","no"
"clathan@fivehorizons.org","good","ok","no","no"
"claude@pcsihi.com","good","ok","no","no"
"clay.jacobs@fsginc.net","good","ok","no","no"
"clay@kinematixengineering.com","risky","catch_all","no","no"
"clayton@aipono.com","good","ok","no","no"
"clayton@cunninghamindustrial.com","good","ok","no","no"
"clayton@fcffamily.com","good","ok","no","no"
"clayton@goodsoilinvestment.com","good","ok","no","no"
"clayugan@dotaniproduce.com","good","ok","no","no"
"clehman@ua.edu","good","ok","no","no"
"clesmeister@tagicib.com","good","ok","no","no"
"clewis@mbasei.com","good","ok","no","no"
"clewis@urbanhopecc.com","good","ok","no","no"
"clibby@mauloalearning.com","good","ok","no","no"
"clientcare@jonesvethosp.com","risky","catch_all","no","no"
"cliff.reyer@waynesacoustical.com","risky","catch_all","no","no"
"cliff.sons@mackaymeters.com","good","ok","no","no"
"cliff.trotter@secvis.com","good","ok","no","no"
"cliff@alasaw.com","good","ok","no","no"
"cliff@powersandassociates.com","good","ok","no","no"
"clin@halehoaloha.com","good","ok","no","no"
"clint.loftin@btg.com","good","ok","no","no"
"clint@clintnewton.com","good","ok","no","no"
"clint@pawms.com","risky","catch_all","no","no"
"clint@slytrunk.com","good","ok","no","no"
"clint@warnerathletic.com","good","ok","no","no"
"clintonho@laniproperties.com","good","ok","no","no"
"clintonr@allenmetals.com","good","ok","no","no"
"clints@hartman-med.com","good","ok","no","no"
"cliu@cwa.cpa","good","ok","no","no"
"clivingston@pbsullivanconst.com","good","ok","no","no"
"clondon@warriorenergyco.com","good","ok","no","no"
"clong@rgpc.com","good","ok","no","no"
"clsasaki@cehawaii.com","good","ok","no","no"
"clsavage@weathertech.net","good","ok","no","no"
"cluck@akpei.com","good","ok","no","no"
"clugo@standardhawaii.com","good","ok","no","no"
"clyde@hawaiicentral.org","good","ok","no","no"
"clyde@primemovr.tech","good","ok","no","no"
"clyles@kingacura.com","good","ok","no","no"
"cm@creed63.com","risky","catch_all","no","no"
"cmalone@charlestonlabs.com","good","ok","no","no"
"cmaltese@cvadocs.com","good","ok","no","no"
"cmanalo@uhfcu.com","good","ok","no","no"
"cmapes@invizarts.com","risky","catch_all","no","no"
"cmarsh@evergreensiteworks.com","risky","unknown","no","no"
"cmason@lymanmuseum.org","good","ok","no","no"
"cmassey@kadre-eng.com","good","ok","no","no"
"cmatsumoto@tradewindgrp.com","good","ok","no","no"
"cmccanless@tmtamerica.com","risky","catch_all","no","no"
"cmccoy@stoicep.com","good","ok","no","no"
"cmcdowell@mcdowelllawfirm.net","good","ok","no","no"
"cmcgough@theconcreteco.com","good","ok","no","no"
"cmcnab@woolardbrothers.com","good","ok","no","no"
"cmcquillen@innovarhealthcare.com","good","ok","no","no"
"cmcquistan@naturalfamilyhealthak.com","bad","invalid","no","no"
"cmeyer@arcadia.org","good","ok","no","no"
"cmills@garrisonindustrialsteel.com","good","ok","no","no"
"cmohrmann@hawaiicarechoices.org","good","ok","no","no"
"cmonson@bhmlegion.com","good","ok","no","no"
"cmoody@childally.org","good","ok","no","no"
"cmoore@bentonautogroup.com","good","ok","no","no"
"cmoore@cowin-co.com","good","ok","no","no"
"cmoore@interstartransportation.net","good","ok","no","no"
"cmorris@lookoutpest.com","good","ok","no","no"
"cmosley@trillionusa.com","good","ok","no","no"
"cmukai@wsue.com","good","ok","no","no"
"cmurray@ccrosslogistics.com","good","ok","no","no"
"cmurrill@wright-logistics.com","good","ok","no","no"
"cmyers@innovativeplasticsinc.com","good","ok","no","no"
"cnagao@timberskauai.com","good","ok","no","no"
"cnelson@roundtreemobile.com","bad","invalid","no","no"
"cnichols@fairwayrisk.com","good","ok","no","no"
"coaching@cullmanunited.org","good","ok","no","no"
"coachlala@theresetone.com","risky","catch_all","no","no"
"coconnell@myaucu.org","good","ok","no","no"
"cody.fujimoto@kamaainanissan.com","bad","invalid","no","no"
"cody.jackson@realresponse.com","good","ok","no","no"
"cody.robinson@ameriserve.com","good","ok","no","no"
"cody.sanders@tenfore.golf","good","ok","no","no"
"cody@abc-alabama.org","good","ok","no","no"
"cody@drivewaywashing.com","risky","unknown","no","no"
"cody@johnstonrvcenter.com","risky","catch_all","no","no"
"cody@nicetocuhawaii.com","good","ok","no","no"
"cody@pittsmedia.com","good","ok","no","no"
"codyw@gericaremedicalsupply.com","bad","invalid","no","no"
"cokazaki@twghawaii.com","good","ok","no","no"
"colby.foster@datatrustllc.com","good","ok","no","no"
"colby.giers@deshq.com","risky","catch_all","no","no"
"colby.smith@envisionrpo.com","good","ok","no","no"
"colby.smith@trigoncyber.com","good","ok","no","no"
"colby@foothillstractor.com","good","ok","no","no"
"colbydwellington@ne-technologies.com","good","ok","no","no"
"colbykitchens@encoresystemsusa.com","risky","catch_all","no","no"
"cole.schaeffer@amblermetals.com","good","ok","no","no"
"cole@ao1foundation.org","good","ok","no","no"
"cole@mckelveychevrolet.com","good","ok","no","no"
"cole@rfpllc.com","good","ok","no","no"
"cole_guy@akmining.com","good","ok","no","no"
"coleman@labellabirmingham.com","good","ok","no","no"
"coley@transworth.net","good","ok","no","no"
"colin.peterson@llhhc.com","good","ok","no","no"
"colin.speirs@ritzsafety.com","good","ok","no","no"
"colin@canaanbuilders.com","good","ok","no","no"
"colin@longleafcenters.com","good","ok","no","no"
"colin@montshirepd.com","good","ok","no","no"
"colin@shutterbugllc.com","good","ok","no","no"
"collections@kodiakhistorymuseum.org","good","ok","no","no"
"colleen.homan@springhill.org","good","ok","no","no"
"colleen@passportcamps.org","good","ok","no","no"
"colleenc@rsmhawaii.com","good","ok","no","no"
"collier.dean@bbbedu.com","good","ok","no","no"
"collier@metrocompanies.com","good","ok","no","no"
"collin@psw.llc","good","ok","no","no"
"colton@hdintelligence.com","good","ok","no","no"
"coltonscoggins@ambit-llc.com","good","ok","no","no"
"conner.lewter@burlesonpool.net","good","ok","no","no"
"conner@featheringillcapital.com","good","ok","no","no"
"conner@keysysconsulting.com","risky","catch_all","no","no"
"connie@lifesafieldtrip.com","good","ok","no","no"
"connie@redmontpediatrics.com","good","ok","no","no"
"connor@graystirecenter.com","bad","invalid","no","no"
"controller@unhitchedrv.com","risky","catch_all","no","yes"
"coral@hmono.org","bad","invalid","no","no"
"corey.foster@amp-ind.com","good","ok","no","no"
"corey.stewart@sigao.io","good","ok","no","no"
"corey@ahwus.com","good","ok","no","no"
"corey@shopprattvillepickers.com","good","ok","no","no"
"coreyharvard@prismunited.org","good","ok","no","no"
"coreyw@seintl.com","good","ok","no","no"
"cori@moxichildcare.com","risky","catch_all","no","no"
"corina@terranox.co","risky","catch_all","no","no"
"corlis@islandpacificmortgage.com","bad","invalid","no","no"
"cory.anderson@e4technologyinc.com","good","ok","no","no"
"cory.bankston@faithwayalliance.com","risky","unknown","no","no"
"cory@dragonflyathletics.com","good","ok","no","no"
"cory@hereforstudio.com","risky","catch_all","no","no"
"cory@ironfleet.ai","good","ok","no","no"
"cory@williford-orman.com","good","ok","no","no"
"coryq@laipros.com","good","ok","no","no"
"costerholt@southsidemgmtcompany.com","risky","catch_all","no","no"
"cottoson@aasb.org","good","ok","no","no"
"cotukolo@pacificrimpkg.com","good","ok","no","no"
"courtnee.barajas@genscotire.com","good","ok","no","no"
"courtney.skelt@crusaders.co.nz","good","ok","no","no"
"courtney.vandemark@sevaredent.com","good","ok","no","no"
"courtney@alinsagency.com","risky","catch_all","no","no"
"courtney@comservrealty.com","good","ok","no","no"
"courtney@lightingsolutionsal.com","good","ok","no","no"
"courtney@paintpartystudios.com","risky","catch_all","no","no"
"courtney@sagecreamery.com","good","ok","no","no"
"courtney@sanderstruckserviceinc.net","good","ok","no","no"
"courtneyr@jmelectricsupply.com","good","ok","no","no"
"coy@sandhwaterproofing.com","risky","catch_all","no","no"
"cp@ironvestpartners.com","good","ok","no","no"
"cparayno@naleo.tv","good","ok","no","no"
"cparker@marketryinc.com","risky","catch_all","no","no"
"cparrish@coeur.com","good","ok","no","no"
"cparrish@metrotruckrental.com","risky","catch_all","no","no"
"cpatel@steelcitypvf.com","good","ok","no","no"
"cpearson@signfaces.com","good","ok","no","no"
"cpo@hiuw.org","good","ok","no","no"
"cpoouahi@kaanapaligolfcourses.com","good","ok","no","no"
"cproctor@liquidassetsllc.com","bad","invalid","no","no"
"cr@grandsouthseniorliving.com","good","ok","no","no"
"craday@linex.com","good","ok","no","no"
"craig.graff@alyeschem.com","good","ok","no","no"
"craig.hale@callwaynes.com","good","ok","no","no"
"craig.hatter@firestable.com","good","ok","no","no"
"craig.kalohelani@sportshigh.com","bad","invalid","no","no"
"craig.washofsky@phadhi.com","good","ok","no","no"
"craig@blaircommercialroofing.com","risky","catch_all","no","no"
"craig@emsshi.com","good","ok","no","no"
"craig@hpbaptist.net","good","ok","no","no"
"craigs@alcanbuilders.com","good","ok","no","no"
"craigwelch@brooksrangesupply.com","good","ok","no","no"
"cray@dixieacoustical.com","risky","catch_all","no","no"
"cregan@reganconst.com","good","ok","no","no"
"creig@studio2hd.com","good","ok","no","no"
"creno@hawaiihie.org","good","ok","no","no"
"crichardson@in8bio.com","good","ok","no","no"
"cricketts@pjcoinsurance.com","good","ok","no","no"
"cristian@iris-health.com","good","ok","no","no"
"cristie@carepointresources.com","good","ok","no","no"
"crodgers@embassyhomebuilders.com","good","ok","no","no"
"cromena@coastalwindows.com","good","ok","no","no"
"cromwell@onebridgeaccounting.com","risky","catch_all","no","no"
"crystal.dawkins@hibbett.com","bad","invalid","no","no"
"crystal.vega-amrein@allsafeministorage.com","risky","unknown","no","no"
"crystal@abcalaska.org","good","ok","no","no"
"crystal@adstreamz.com","risky","catch_all","no","no"
"crystal@bearfootbakery.com","good","ok","no","no"
"crystal@cjcdynamicsolutions.com","risky","catch_all","no","no"
"crystal@denalisg.com","good","ok","no","no"
"crystal@horstexpediting.com","risky","catch_all","no","no"
"crystal@kingautocenter.com","good","ok","no","no"
"crystal@southernthreadworks.com","good","ok","no","no"
"crystal@stormshelter.com","risky","catch_all","no","no"
"crystal@thelightbulbsource.com","risky","catch_all","no","no"
"csasser@arabellahcm.com","bad","invalid","no","no"
"cschellman@abaengine.com","risky","catch_all","no","no"
"cscott@apexmec.com","good","ok","no","no"
"cshadden@farmerspoultrysupply.com","good","ok","no","no"
"cslade@woerner.com","good","ok","no","no"
"csmiley@smileybrothersfoods.com","good","ok","no","no"
"csmith@smithc.com","good","ok","no","no"
"csommer@artshuntsville.org","good","ok","no","no"
"cspraitzar@rtmd.org","good","ok","no","no"
"cstaggs@hinkleroofing.com","good","ok","no","no"
"cstanley@termac-construction.com","good","ok","no","no"
"cstarbird@lanaihealth.org","bad","invalid","no","no"
"csteenkamp@bdafarm.com","risky","unknown","no","no"
"csteiner@premiersdental.com","good","ok","no","no"
"cstephan@autex.co.nz","good","ok","no","no"
"cstephens@myavila.com","good","ok","no","no"
"cstewart@mwburger.com","bad","invalid","no","no"
"cstpierre@oscity.com","good","ok","no","no"
"cstrickland@syntropygroup.com","good","ok","no","no"
"csummers@imuafamily.org","bad","invalid","no","no"
"csutherland@secondfactor.com","good","ok","no","no"
"ct@ottercreekfarmstead.com","good","ok","no","no"
"ctamargo@bridgewaycu.org","good","ok","no","no"
"ctaniyama@oulifarms.com","good","ok","no","no"
"ctaylor@anchoragelandtrust.org","good","ok","no","no"
"ctaylor@harrissecurity.com","good","ok","no","no"
"cterrell@thevantagegroup.biz","risky","catch_all","no","no"
"cthompson@onestopcash.net","bad","invalid","no","no"
"cthorne@pcd-inc.com","good","ok","no","no"
"ctravitz@newsexposure.com","good","ok","no","no"
"ctruett@peakinsurance.com","good","ok","no","no"
"ctruss@bluewaterwa.com","good","ok","no","no"
"cuong@hhbeng.com","good","ok","no","no"
"curt@hawaiipacificsolar.com","good","ok","no","no"
"curtfarrar@takuengineering.com","good","ok","no","no"
"curtis.hoffman@lakescape.com","good","ok","no","no"
"curtis.richey@sawyersolutionsllc.com","good","ok","no","no"
"curtis.slater@premiersips.com","good","ok","no","no"
"curtis@fission.xyz","good","ok","no","no"
"curtis@onranker.com","good","ok","no","no"
"curtisl@summitwindows.net","good","ok","no","no"
"curtiss@firstteamconstruction.com","good","ok","no","no"
"cutter@designalaska.com","good","ok","no","no"
"cvanderkamp@sfm.biz","good","ok","no","no"
"cviloria@geolabs.net","good","ok","no","no"
"cwaites@aescurb.com","risky","catch_all","no","no"
"cwhite@swcommercialcontracting.com","risky","catch_all","no","no"
"cwientjes@bamabud.net","good","ok","no","no"
"cwilliams@wavelinkinc.com","good","ok","no","no"
"cwillis@johnsoncont.com","good","ok","no","no"
"cwimbs@advrotors.com","good","ok","no","no"
"cwolf@healthymatsu.org","risky","catch_all","no","no"
"cwong@koanrisksolutions.com","bad","invalid","no","no"
"cwood@whitefab.com","good","ok","no","no"
"cwright@americanpm.com","good","ok","no","no"
"cwright@shorelinecu.org","bad","invalid","no","no"
"cwsmith@lewis-smithsupply.com","good","ok","no","no"
"cxavier@briggsservice.com","good","ok","no","no"
"cyadon@trimerge.builders","risky","catch_all","no","no"
"cynthia.carter@mobilerealtors.com","bad","invalid","no","no"
"cynthiamitchell@go.travel","good","ok","no","no"
"czeek@coldspotfeeds.com","good","ok","no","no"
"d.autrey@mstreetfiber.com","good","ok","no","no"
"d.brown@ctsmech.com","good","ok","no","no"
"d.dama@lawaibeach.org","good","ok","no","no"
"d.dickey@rjagency.com","good","ok","no","no"
"d.headden@sasserelectric.com","risky","catch_all","no","no"
"d.lajousky@hawaiioceanpowersolutions.com","good","ok","no","no"
"d.marshall@comfortsystemsusa.com","risky","catch_all","no","no"
"d.shaffer@westoahuagg.com","good","ok","no","no"
"d.smith@alaska.gov","good","ok","no","no"
"dabaya@aleutcorp.com","good","ok","no","no"
"dada@archhawaii.com","good","ok","no","no"
"dahr@homeplanetfund.org","good","ok","no","no"
"dakota@baronsinc.net","good","ok","no","no"
"dakotalesley@singingriverdentistry.net","good","ok","no","no"
"dale.ingram@swj-us.com","good","ok","no","no"
"dale.patterson@prmetals.com","good","ok","no","no"
"dale.wren@cortinasolutions.com","good","ok","no","no"
"dale@cityhope.cc","good","ok","no","no"
"dale@comtex.org","good","ok","no","no"
"dale@jcs-hi.org","good","ok","no","no"
"dale@nes.navy","good","ok","no","no"
"dale@sjaonline.com","good","ok","no","no"
"dale@taylorlinenservices.com","good","ok","no","no"
"dalen.gardner@rddent.com","good","ok","no","no"
"dallas_spoon@cherokeegin.com","good","ok","no","no"
"dallin@accrudent.com","good","ok","no","no"
"dalton.bradford@kesslercollection.com","risky","catch_all","no","no"
"dalton@3tstrucking.com","risky","catch_all","no","no"
"dalton@slidesoft.tech","good","ok","no","no"
"daltoncasey@kingsdiscounthomecenter.com","risky","catch_all","no","no"
"daltonf@cadencegeneral.com","good","ok","no","no"
"damien@weareoceania.org","good","ok","no","no"
"damon.kang@ponopm.com","good","ok","no","no"
"damon@auctionbypearce.com","risky","unknown","no","no"
"damon@capitalxray.com","good","ok","no","no"
"damon@rentcustom.com","risky","unknown","no","no"
"dan.coleman@juneau.org","good","ok","no","no"
"dan.m@prismalaska.com","good","ok","no","no"
"dan.nelson@katmaisolutions.com","good","ok","no","no"
"dan.nicholson@datatrustllc.com","good","ok","no","no"
"dan.potts@hotelcapstone.com","good","ok","no","no"
"dan@4pmmedia.com","risky","catch_all","no","no"
"dan@bdota.com","good","ok","no","no"
"dan@blueumbrella.ch","good","ok","no","no"
"dan@buildthestory.com","risky","catch_all","no","no"
"dan@calvarytuscaloosa.org","risky","catch_all","no","no"
"dan@cbislandvacations.com","good","ok","no","no"
"dan@mastercraftal.com","risky","catch_all","no","no"
"dan@pacificcovedevelopment.com","bad","invalid","no","no"
"dan@thebeallcorporation.com","good","ok","no","no"
"dan@tubebending.net","good","ok","no","no"
"dan@upswing-tech.com","good","ok","no","no"
"dana@abrahospitality.com","risky","catch_all","no","no"
"dana@darkhorseal.com","good","ok","no","no"
"dana@everythingonthespectrum.com","risky","catch_all","no","no"
"dana@jubileesuites.com","risky","catch_all","no","no"
"dana@resourcebilling.com","good","ok","no","no"
"danderson@fontaineheavyhaul.com","good","ok","no","no"
"dane.ganes@rcoh.org","good","ok","no","no"
"danelia@newmanconsultingservices.com","risky","unknown","no","no"
"danette.acob@ccoh.us","good","ok","no","no"
"danette@businesssolutionshi.com","good","ok","no","no"
"dani@furnitureplusdesign.com","good","ok","no","no"
"daniel.comer@aviatorhotelanchorage.com","bad","invalid","no","no"
"daniel.king@verta.tech","good","ok","no","no"
"daniel.meadows@snappusa.com","good","ok","no","no"
"daniel.newton@watts.ai","good","ok","no","no"
"daniel.sloan@pillartopost.com","good","ok","no","no"
"daniel.walzak@tfwarren.com","good","ok","no","no"
"daniel@bb-hi.com","good","ok","no","no"
"daniel@breenbuilders.com","risky","unknown","no","no"
"daniel@datalign.com","good","ok","no","no"
"daniel@lasercuttingservice.net","good","ok","no","no"
"daniel@privateparadisevillas.com","good","ok","no","no"
"daniel@proamsteel.com","good","ok","no","no"
"daniel@samwisepsm.com","good","ok","no","no"
"daniel@thalamus-llc.com","good","ok","no","no"
"daniel@thinkdatasolutions.com","good","ok","no","no"
"daniela@jdesigns.com","good","ok","no","no"
"daniela@surfbreakcoliving.com","risky","catch_all","no","no"
"danielgraham@matsucrossfit.com","good","ok","no","no"
"danielhall@materialsys.com","good","ok","no","no"
"daniell@taylorburton.com","risky","catch_all","no","no"
"danielle.dickson@nprb.org","good","ok","no","no"
"danielle.jones@ccg.inc","good","ok","no","no"
"danielle.nicholson@southcypress.com","good","ok","no","no"
"danielle.ritch@nixsensor.com","good","ok","no","no"
"danielle.shelton@ascgroup.com","risky","catch_all","no","no"
"danielle@alignedak.com","good","ok","no","no"
"danielle@bluebirdtherapy.com","risky","catch_all","no","no"
"danielle@combsinsurance.com","good","ok","no","no"
"danielle@coveringyourassets.net","risky","catch_all","no","no"
"danielle@halatreecoffee.com","risky","catch_all","no","no"
"danielle@webn8.com","risky","catch_all","no","no"
"danielt@tristate-graphics.com","good","ok","no","no"
"danika@optimapublicrelations.com","risky","catch_all","no","no"
"danira.garay@acuraofmaui.com","good","ok","no","no"
"danismith@cactuscantina.com","risky","catch_all","no","no"
"danney@j-mglobal.com","bad","invalid","no","no"
"danny.mckinney@mckinneycapital.net","good","ok","no","no"
"danny.merritt@liquid-robotics.com","good","ok","no","no"
"danny.muse@synapsewireless.com","good","ok","no","no"
"danny.nicholas@721-file.com","bad","invalid","no","no"
"danny.poos@regencyclubtdg.com","risky","unknown","no","no"
"danny.vice@aforge.us","good","ok","no","no"
"danny@adcopipe.com","good","ok","no","no"
"danny@dsldland.com","good","ok","no","no"
"danny@eqcse.com","good","ok","no","no"
"danny@lightwiresolutions.net","good","ok","no","no"
"danny@woldeflooring.com","good","ok","no","no"
"danny_scheele@yuseisy.cn","good","ok","no","no"
"dannyd@laipros.com","good","ok","no","no"
"dannyelle.moise@stellarstrategiescreative.com","good","ok","no","no"
"dante.holley@fshbhm.org","good","ok","no","no"
"dante@coconutwaikikihotel.com","good","ok","no","no"
"daphne@pinebelt.net","good","ok","no","no"
"dar@machaus.net","good","ok","no","no"
"dara.kakugawa@happyhaleiwa.net","bad","invalid","no","no"
"darah.boyd@ctcstorage.com","good","ok","no","no"
"darcie@vilden.com","good","ok","no","no"
"darcy@infinitefinancialllc.com","good","ok","no","no"
"daren.mccormick@pointclearsolutions.com","good","ok","no","no"
"darik@kauaiexclusive.com","good","ok","no","no"
"darin@prohvacllc.com","risky","catch_all","no","no"
"darla@iiiphaseinc.com","good","ok","no","no"
"darlene@hawaiifirstfcu.com","good","ok","no","no"
"darlene@pci-p.com","good","ok","no","no"
"darmstrong@farmersagent.com","good","ok","no","no"
"darnell@kapaauvet.com","good","ok","no","no"
"daronstancil@charitysteel.com","good","ok","no","no"
"darrell.williams@birminghamal.gov","good","ok","no","no"
"darrell@agtechpacific.com","bad","invalid","no","no"
"darren.schoen@llhhc.com","good","ok","no","no"
"darren@sgcchawaii.com","good","ok","no","no"
"darrylr@alloyresources.com","good","ok","no","no"
"darryltolbert@hunteroil.net","good","ok","no","no"
"darts@aleutventures.com","good","ok","no","no"
"darwin.myers@theodorevet.com","risky","unknown","no","no"
"darylew@rsmhawaii.com","good","ok","no","no"
"dasao@jimfalkautomotivegroup.com","good","ok","no","no"
"daugherty@turkeysfortomorrow.org","risky","catch_all","no","no"
"dave.cunefare@capstoneresearchcorp.com","good","ok","no","no"
"dave.kopp@diamondparking.com","good","ok","no","no"
"dave.korpi@kcorpalaska.com","good","ok","no","no"
"dave@akterminals.com","good","ok","no","no"
"dave@cevaproductions.com","good","ok","no","no"
"dave@daveswoodworkingplus.com","good","ok","no","no"
"dave@endrestudio.com","good","ok","no","no"
"dave@figure9er.com","good","ok","no","no"
"dave@kauaiseafarm.com","good","ok","no","no"
"dave@ohanaconstruction.us","risky","catch_all","no","no"
"dave@rhinoactive.com","good","ok","no","no"
"dave@truetake.com","good","ok","no","no"
"dave@wiserhinogroup.com","good","ok","no","no"
"daveb@jparchitecturedesign.com","good","ok","no","no"
"davebittinger@vcmsolutions.org","good","ok","no","no"
"daved@pacelink.com","good","ok","no","no"
"davenport.elsbeth@kimedics.com","good","ok","no","no"
"davich@kchawaii.com","good","ok","no","no"
"david.a@luxurylav.com","risky","catch_all","no","no"
"david.anderson@freedomrealestate.biz","good","ok","no","no"
"david.andreoli@nicetocuhawaii.com","good","ok","no","no"
"david.barnes@tidwellgroup.com","bad","invalid","no","no"
"david.byrge@ohiotech.com","good","ok","no","no"
"david.dimmock@tvmetals.com","good","ok","no","no"
"david.dukevares@bmwhawaii.com","good","ok","no","no"
"david.fleming@nordic-calista.com","good","ok","no","no"
"david.franklin@etowahchamber.org","good","ok","no","no"
"david.ganus@aubix.net","good","ok","no","no"
"david.hardin@offplan.network","good","ok","no","no"
"david.heller@staltec.com","good","ok","no","no"
"david.hicks@r3cruit.org","risky","unknown","no","no"
"david.hohne@owlknows.com","good","ok","no","no"
"david.jones@eliteproroofing.com","good","ok","no","no"
"david.jones@zeusrt.com","good","ok","no","no"
"david.k@nuspatial.com","good","ok","no","no"
"david.ledbetter@trivector.us","good","ok","no","no"
"david.lee@vulcaninc.com","good","ok","no","no"
"david.maceachern@trivector.us","good","ok","no","no"
"david.mcclendon@edtinc.net","good","ok","no","no"
"david.mckinley@actn.com","good","ok","no","no"
"david.moore@tvmetals.com","good","ok","no","no"
"david.newberry@retail-tech.com","good","ok","no","no"
"david.odle@per-hq.com","good","ok","no","no"
"david.purinton@crmsolutionsinc.com","good","ok","no","no"
"david.rae@gorentals.co.nz","good","ok","no","no"
"david.smetek@cahabavalleyfire.org","risky","unknown","no","no"
"david.smith@commsoft.net","good","ok","no","no"
"david.smith@valenspoint.com","good","ok","no","no"
"david.sparrow@dracyoncorp.com","good","ok","no","no"
"david.stewart@pbsnow.com","good","ok","no","no"
"david.sutton@parklinesouth.com","good","ok","no","no"
"david.tebor@willardrogerspainting.com","good","ok","no","no"
"david.tomlinson@marathon-targets.com","good","ok","no","no"
"david.ward@alaskasausage.com","good","ok","no","no"
"david@alabamaweddingsmagazine.com","good","ok","no","no"
"david@arcarithm.com","risky","catch_all","no","no"
"david@asklocalit.com","good","ok","no","no"
"david@brightlineadvisory.com","good","ok","no","no"
"david@campersunlimited.net","good","ok","no","no"
"david@championcleaners.com","good","ok","no","no"
"david@constructorshawaii.com","good","ok","no","no"
"david@dma-lawfirm.com","risky","catch_all","no","no"
"david@easternshorefloorcleaning.com","good","ok","no","no"
"david@empirepipe.com","good","ok","no","no"
"david@encoelectronics.com","good","ok","no","no"
"david@gacold.com","good","ok","no","no"
"david@hamlet.capital","risky","catch_all","no","no"
"david@hanwha.com","risky","unknown","no","no"
"david@herman-construction.com","good","ok","no","no"
"david@hydrolink.app","bad","invalid","no","no"
"david@jparchitecturedesign.com","good","ok","no","no"
"david@k9defense.tech","good","ok","no","no"
"david@koloarum.com","good","ok","no","no"
"david@mantle.xyz","risky","catch_all","no","no"
"david@mclaincommercial.com","bad","invalid","no","no"
"david@mikehoffmans.com","good","ok","no","no"
"david@mimoto.ai","good","ok","no","no"
"david@nationalgoldgroup.com","risky","catch_all","no","no"
"david@netivity.net","good","ok","no","no"
"david@quickdeliveryservice.net","good","ok","no","no"
"david@sbbed.com","good","ok","no","no"
"david@shererengineers.com","good","ok","no","no"
"david@shilstonandassociates.com","good","ok","no","no"
"david@sodiumhalogen.com","good","ok","no","no"
"david@sunbeltbroker.com","good","ok","no","no"
"david@thetrntgroup.com","good","ok","no","no"
"david@thewatermachine.com","good","ok","no","no"
"david@wccgc.com","bad","invalid","no","no"
"david_large@assetsinc.org","good","ok","no","no"
"davida@integdes.net","good","ok","no","no"
"davida@selaundry.com","good","ok","no","no"
"davidc@ptlhnl.com","good","ok","no","no"
"davidching@mauiwaste.com","good","ok","no","no"
"davidhurst@aq2tech.com","good","ok","no","no"
"davidl@heartlegacy.com","risky","catch_all","no","no"
"davidl@senplex.com","good","ok","no","no"
"davis.flowers@perennialsouth.com","good","ok","no","no"
"davis@facerockproductions.com","risky","unknown","no","no"
"davisd@vulcangroup.com","good","ok","no","no"
"dawn.uttke@dbiak.com","good","ok","no","no"
"dawn@chathamelectric.com","good","ok","no","no"
"dawn@crimsondragonpublishing.com","good","ok","no","no"
"dawn@jointherepublik.com","risky","catch_all","no","no"
"dawn@thamesbatre.com","good","ok","no","no"
"dawnw@alspi.com","good","ok","no","no"
"dawson.howle@asimpa.com","good","ok","no","no"
"dawson@alabamagolf.org","good","ok","no","no"
"dawson@allied-insulation.com","good","ok","no","no"
"dawson@foxmortgage.us","risky","catch_all","no","no"
"dayne@808athleticclub.org","good","ok","no","no"
"db@claritystudio.org","risky","catch_all","no","no"
"dbates@jackwhite.com","good","ok","no","no"
"dbatten@familysunshine.org","good","ok","no","no"
"dbejarano@generalpacific.com","good","ok","no","no"
"dbelcher@royalautomotive.net","risky","catch_all","no","no"
"dbell@associatedmetalcast.com","risky","catch_all","no","no"
"dblack@aptv.org","good","ok","no","no"
"dblack@marvinsbuildingmaterials.com","risky","unknown","no","no"
"dblosser@hmyace.com","good","ok","no","no"
"dbobrowski@acincorp.com","good","ok","no","no"
"dborden@aldridgeborden.com","good","ok","no","no"
"dboyette@easternshoreoralsurgery.com","good","ok","no","no"
"dbradford@myaucu.org","good","ok","no","no"
"dbradley@coscohawaii.com","good","ok","no","no"
"dbrantley@baldwinemc.com","good","ok","no","no"
"dbreuchel@alutiiq.com","bad","invalid","no","no"
"dbrown@thetrntgroup.com","good","ok","no","no"
"dbruce@shades.org","good","ok","no","no"
"dbruk@xoarmortech.com","good","ok","no","no"
"dbryant@embassyhomebuilders.com","good","ok","no","no"
"dcagle@thealabamabaptist.org","good","ok","no","no"
"dcannon@uabmc.edu","risky","catch_all","no","no"
"dcarney@carneycg.com","bad","invalid","no","no"
"dcarwyr@fasthealth.com","good","ok","no","no"
"dchapman@allhealthchoice.com","good","ok","no","no"
"dcoleman@agi.live","good","ok","no","no"
"dcoley@lbyd.com","good","ok","no","no"
"dcook@myhscu.com","good","ok","no","no"
"dcope@jaybrant.com","good","ok","no","no"
"dcoram@jacobsrea.com","good","ok","no","no"
"dcorbet@mcallistertool.com","good","ok","no","no"
"dcottrell@bhm.k12.al.us","good","ok","no","no"
"dcox@alabamacentral.org","risky","catch_all","no","no"
"dcox@dceliteproductions.com","good","ok","no","no"
"dcox@russellala.com","good","ok","no","no"
"dcraddock@pylonbuilding.com","risky","unknown","no","no"
"dcummings@apprser.com","good","ok","no","no"
"dd@berkeley-co.com","good","ok","no","no"
"dd@revolve-tec.com","good","ok","no","no"
"ddanalevich@thinkvida.com","good","ok","no","no"
"ddarden@gwsys.net","good","ok","no","no"
"ddavis@bjsupply.com","good","ok","no","no"
"ddavis@raymillerbuick.com","good","ok","no","no"
"ddawkins@metropeds.org","good","ok","no","no"
"ddawson@rtsales.com","good","ok","no","no"
"ddeason@arcco.com","good","ok","no","no"
"ddeason@hehodge.com","good","ok","no","no"
"ddelduco@edgeautonomy.io","good","ok","no","no"
"ddeloach@jeffmet.com","good","ok","no","no"
"ddeshazo@caladanoceanic.com","risky","unknown","no","no"
"ddickerson@vectourgroup.com","good","ok","no","no"
"ddilbeck@earlyservices.com","good","ok","no","no"
"ddilworth@naecu.org","good","ok","no","no"
"ddorrough@gulfshoresgolfclub.com","good","ok","no","no"
"dean.baxter@alaska.gov","good","ok","no","no"
"dean.parker@goredex.com","good","ok","no","no"
"dean@danielgroup.co","bad","invalid","no","yes"
"dean@hirata-hawaii.com","good","ok","no","yes"
"dean@portcityglassandmirror.com","good","ok","no","yes"
"dean@stmarkrc.org","good","ok","no","yes"
"dean@surfboardfactoryhawaii.com","good","ok","no","yes"
"deandres.squire@hellolanding.com","good","ok","no","no"
"deanmoothart@leadg2.com","good","ok","no","no"
"deann@veraventures.com","good","ok","no","no"
"deanna.gaither@southeasternonsitesafety.com","risky","catch_all","no","no"
"deanna@alaskapretrialservices.org","good","ok","no","no"
"deans@dsarch.net","risky","catch_all","no","no"
"deb@dreamgateevents.com","good","ok","no","no"
"debbie.reinwand@brilliantak.com","good","ok","no","no"
"debbie@hawaiixpo.com","risky","unknown","no","no"
"debbie@leadershipworks.com","risky","catch_all","no","no"
"debbie@mountainlakeschamber.com","good","ok","no","no"
"debbie@newhopesoldotna.com","good","ok","no","no"
"debbie@prescotthouse.org","good","ok","no","no"
"debbie@pschawaii.com","good","ok","no","no"
"debbie@sanfordres.com","good","ok","no","no"
"debbie@southernprintingco.com","good","ok","no","no"
"debbie@sunfirebio.com","good","ok","no","no"
"debbiewood@woodrealestate.net","good","ok","no","no"
"debi@firstpriorityal.com","good","ok","no","no"
"deborah.cornelius@trivector.us","good","ok","no","no"
"deborah.eiland@1synctech.com","good","ok","no","no"
"deborah@acs-hi.com","good","ok","no","no"
"deborah@canopytitle.com","good","ok","no","no"
"deborahjoyvanhorn@childrensharbor.com","good","ok","no","no"
"debra.k@thermalcorp.com","good","ok","no","no"
"debra.rowles@newhopechildrensclinic.org","good","ok","no","no"
"decker@glacierguidesinc.com","good","ok","no","no"
"ded@hempel.com","risky","catch_all","no","no"
"dee.koon@emblemcu.com","good","ok","no","no"
"dee@jdc-events.com","good","ok","no","no"
"dee@stratadeep.com","good","ok","no","no"
"deeanns@aiohawaii.com","good","ok","no","no"
"deedee@the-ecenter.org","good","ok","no","no"
"deedra@bygeorgeusa.com","good","ok","no","no"
"deena@hawaiifoodandwinefestival.com","good","ok","no","no"
"deepti@bwglobalus.com","good","ok","no","no"
"deickholt@scscabinets.com","good","ok","no","no"
"deidre@alabamanonprofits.org","good","ok","no","no"
"deji@infinitytaxandfinancial.com","good","ok","no","no"
"del.l.green@cnweng.com","good","ok","no","no"
"del@taylorburton.com","risky","catch_all","no","no"
"dela@dapopadvertising.com","risky","unknown","no","no"
"delaney.greenhill@cherrytreelanebridal.com","risky","unknown","no","no"
"delaney@calvarytuscaloosa.org","risky","catch_all","no","no"
"delia@teenbuildingusa.org","good","ok","no","no"
"della@hd-premier.com","good","ok","no","no"
"della@premiumpropertymgmt.com","good","ok","no","no"
"dengorf@yards-avocats.com","bad","invalid","no","no"
"denise.dunham@christunited.com","good","ok","no","no"
"denise.overstreet@assetworks.com","good","ok","no","no"
"denise@coosatech.com","good","ok","no","no"
"denise@elkriver.com","good","ok","no","no"
"denise@itkauai.com","good","ok","no","no"
"denise@livedesigngroup.com","good","ok","no","no"
"denise@mediadistributors.com","bad","invalid","no","no"
"denise@parkhavenmgmt.com","good","ok","no","no"
"dennis.callahan@roundingwell.com","risky","catch_all","no","no"
"dennis.hulsey@aclegg.com","good","ok","no","no"
"dennis.johnson@alaskapretrialservices.org","good","ok","no","no"
"dennis.werth@asteri-systems.com","risky","unknown","no","no"
"dennis.yee@kaihonua.com","good","ok","no","no"
"dennis@alaudubon.org","good","ok","no","no"
"dennis@bellechevre.com","good","ok","no","no"
"dennis@coastsafelock.com","good","ok","no","no"
"dennis@ctcak.net","risky","unknown","no","no"
"dennis@eternalnetworks.net","good","ok","no","no"
"dennis@hwatt.com","good","ok","no","no"
"dennis@jubileescape.com","good","ok","no","no"
"dennis@mrgutter.com","good","ok","no","no"
"denton@argobuilding.com","good","ok","no","no"
"deon@alabamahabitat.org","good","ok","no","no"
"deonisy@texrus.com","good","ok","no","no"
"deonnef@mosind.com","good","ok","no","no"
"derak@forsythbuilding.com","good","ok","no","no"
"derek.jones@greentreetransportation.com","bad","invalid","no","no"
"derek@49thfreight.com","good","ok","no","no"
"derek@montgomerypowersports.com","good","ok","no","no"
"derek@onelove.org","good","ok","no","no"
"derek@turningpointservices.org","good","ok","no","no"
"derekburrow@advokateadvisors.com","good","ok","no","no"
"deric@friendcontractors.com","risky","catch_all","no","no"
"derin@seenhealth.org","good","ok","no","no"
"deronica@shopdiscountdivas.com","risky","catch_all","no","no"
"derrick.peoples@adahinc.com","good","ok","no","no"
"derrick@froggtoggs.com","good","ok","no","no"
"derrick@sundogmedia.com","good","ok","no","no"
"derrik.imai@kamaainamotors.com","bad","invalid","no","no"
"deryck@inlineflooring.com","good","ok","no","no"
"deshana@mypersonalcpas.com","good","ok","no","no"
"desi@bizforcetech.com","good","ok","no","no"
"desiree@drycleanexpress.com","risky","catch_all","no","no"
"desiree@truittinsurance.com","good","ok","no","no"
"destiny@stairbirmingham.org","good","ok","no","no"
"development@asfalabama.org","good","ok","no","yes"
"development@mobileballet.org","good","ok","no","yes"
"deven@ssesupply.com","good","ok","no","no"
"devilinm@percsolutions.com","good","ok","no","no"
"devin.harness@prismsystems.com","good","ok","no","no"
"devin.walker@bmwofmontgomery.com","good","ok","no","no"
"devin@alforward.org","good","ok","no","no"
"devin@annisonbitter.com","risky","catch_all","no","no"
"devin@kailuabeachadventures.com","good","ok","no","no"
"devin@thecurbkaimuki.com","good","ok","no","no"
"devinem@phase2.com","bad","invalid","no","no"
"devon.gray@aumfoundationusa.org","good","ok","no","no"
"devona@sgcbuilds.com","risky","unknown","no","no"
"devoncaprarahench@valiify.com","good","ok","no","no"
"dewayne@prosportsdirect.net","good","ok","no","no"
"dewayne@southlandprecision.com","good","ok","no","no"
"dextina@hawaiidoor.com","good","ok","no","no"
"dfarias@ponolifesciences.com","good","ok","no","no"
"dfarmer@hannasteel.com","good","ok","no","no"
"dfaulk@akpacific.net","risky","catch_all","no","no"
"dfleming@inland-dredging.com","good","ok","no","no"
"dfletcher@deltasteelandtube.com","good","ok","no","no"
"dforsythe@housecallusa.net","good","ok","no","no"
"dfortner@continentalconst.com","good","ok","no","no"
"dfreeman@weightec.com","good","ok","no","no"
"dgallagher@faradayhealth.com","risky","catch_all","no","no"
"dgarcia@tamuras-hi.com","good","ok","no","no"
"dgardiner@tesecon.com","good","ok","no","no"
"dgarner@ouzinkie.com","good","ok","no","no"
"dgarrett@g2supply.com","risky","catch_all","no","no"
"dgillia@sagebilt.com","bad","invalid","no","no"
"dgilmore@oxfordwater.com","good","ok","no","no"
"dgonzalez@alcanelectric.com","good","ok","no","no"
"dgoss@mcmtechnology.com","good","ok","no","no"
"dgray@alaskaacsa.org","good","ok","no","no"
"dgray@lakemartindock.com","good","ok","no","no"
"dgreen@gibsonroofing.net","good","ok","no","no"
"dgreen@momentum.bio","good","ok","no","no"
"dgreene@ainq.com","good","ok","no","no"
"dgreene@coilplus.com","good","ok","no","no"
"dgriffith@pmsllc.com","good","ok","no","no"
"dguzman@westinhuntsville.com","good","ok","no","no"
"dhammac@mitchellcompany.com","good","ok","no","no"
"dharada@atwaterinfrastructure.com","good","ok","no","no"
"dhartman@pioneerhawaii.com","good","ok","no","no"
"dhawkins@dtitservices.com","risky","catch_all","no","no"
"dhaynes@martinadvertising.com","good","ok","no","no"
"dhebert@hawkcg.com","good","ok","no","no"
"dhiguchi@oishis.net","good","ok","no","no"
"dhood@tp-delivers.com","good","ok","no","no"
"dhrobochak@sternathometherapy.com","good","ok","no","no"
"dhruv.patel@exinhealth.ai","risky","catch_all","no","no"
"dhubbard@calcean.com","risky","catch_all","no","no"
"dhumphries@lssalaska.org","good","ok","no","no"
"dhusser@106jefferson.com","good","ok","no","no"
"diamonddann@diamondrubber.com","good","ok","no","no"
"diana@hawaiimediation.org","good","ok","no","no"
"diana@mcleodconstructionllc.com","risky","catch_all","no","no"
"diana@naturalconnectionsalaska.com","good","ok","no","no"
"diana@rmhcmobile.org","good","ok","no","no"
"diane@finedesignhawaii.com","good","ok","no","no"
"diane@hawaiiansolar.com","good","ok","no","no"
"diane@housesensationsart.com","risky","catch_all","no","no"
"dianemundras@v-line.com","risky","catch_all","no","no"
"dianna@arab-electric.org","good","ok","no","no"
"dianne.costello@aldensys.com","good","ok","no","no"
"dichimura@alohanursing.com","good","ok","no","no"
"dicklafever@ak.net","good","ok","no","no"
"dillon.cahoon@hitachirail.com","good","ok","no","no"
"dillon.williams@cordanalytics.com","risky","catch_all","no","no"
"dillon@adcopipe.com","good","ok","no","no"
"dillon@elminfo.com","good","ok","no","no"
"dillon@kahala.com","good","ok","no","no"
"dinah.heald@integrityaccountingusa.com","good","ok","no","no"
"dirwin@magnoliaequipmentrental.com","bad","invalid","no","no"
"djones@heptagonit.com","good","ok","no","no"
"djones@pfpalaska.org","good","ok","no","no"
"djoyner@legendarymarinags.com","good","ok","no","no"
"djunkins@jcdavismd.com","good","ok","no","no"
"dkabella@sgcak.com","good","ok","no","no"
"dkent@pci-ss.com","good","ok","no","no"
"dkenyon@legacycreditunion.com","good","ok","no","no"
"dkepoo@maikaiconsulting.com","good","ok","no","no"
"dkerschbaum@quintillionglobal.com","good","ok","no","no"
"dkimito@jbmaterials.com","risky","catch_all","no","no"
"dkina@fhpcpas.com","good","ok","no","no"
"dking@amrobbins.com","risky","unknown","no","no"
"dkirk@surveyguard.com","good","ok","no","no"
"dkling@owensgrp.com","good","ok","no","no"
"dknott@bannerdefense.com","good","ok","no","no"
"dknowlton@birminghamassoc.com","good","ok","no","no"
"dkoontz@sheetmetalinc.biz","good","ok","no","no"
"dkubley@coeur.com","good","ok","no","no"
"dlandry@techlinemfg.com","good","ok","no","no"
"dlang@mccorquodale.biz","good","ok","no","no"
"dlayfield@agilityit.com","good","ok","no","no"
"dledbetter@academyofcrafttraining.org","good","ok","no","no"
"dlemmer@wiregrassmuseum.org","good","ok","no","no"
"dlittle@whsq.com","good","ok","no","no"
"dloftin@xhdattach.com","good","ok","no","no"
"dlopez@almlandscapes.com","good","ok","no","no"
"dlovin@ponsys.com","good","ok","no","no"
"dlulfs@tcco.com","good","ok","no","no"
"dma@computerdoctor-usa.com","good","ok","no","no"
"dmacnaughton@macnaughton.com","good","ok","no","no"
"dmarietta@mowmama.org","good","ok","no","no"
"dmarshall@alaskachildrenseye.com","good","ok","no","no"
"dmartorana@harrisrobinson.com","good","ok","no","no"
"dmatson@bdandps.com","good","ok","no","no"
"dmatteson@brightwellaquatics.com","good","ok","no","no"
"dmattox@ersstore.com","risky","catch_all","no","no"
"dmau@banyannetworks.com","good","ok","no","no"
"dmcbride@ihimv.org","good","ok","no","no"
"dmcclain@cpmginc.net","good","ok","no","no"
"dmcdaniel@mcdanielmachinery.com","risky","catch_all","no","no"
"dmcdaniel@scoutpm.com","good","ok","no","no"
"dmcintyre@americanpac.com","good","ok","no","no"
"dmckay@kingtutdrivein.com","risky","unknown","no","no"
"dmclaughlin@armadainc.com","good","ok","no","no"
"dmcleanperkins@5pconsulting.biz","good","ok","no","no"
"dmcmillan@shadesvalleyderm.com","good","ok","no","no"
"dmd@cheneylime.com","good","ok","no","no"
"dmeadows@blackcrowbuildingco.com","good","ok","no","no"
"dmerchant@parkervision.com","good","ok","no","no"
"dmiles@gripallusa.com","bad","invalid","no","no"
"dmitchell@cfphc.com","good","ok","no","no"
"dmitchell@hecouncil.org","good","ok","no","no"
"dmitchell@johnsoncont.com","good","ok","no","no"
"dmoeller@capstoneelectricalllc.com","good","ok","no","no"
"dmoore@edgeautonomy.io","good","ok","no","no"
"dmotohiro@hawaiirealtors.com","good","ok","no","no"
"dmott@fiveeyesltd.com","risky","catch_all","no","no"
"dmukai@cpe-hawaii.com","good","ok","no","no"
"dnachor@fordhawaii.com","good","ok","no","no"
"dnakata@hawaiicarechoices.org","good","ok","no","no"
"dniermann@grax.com","good","ok","no","no"
"doc@mckinneypetroleum.com","good","ok","no","no"
"doc@rsktkr.com","good","ok","no","no"
"dolandconstruction1@aptalaska.net","good","ok","no","no"
"doliver@digitalfulcrum.media","good","ok","no","no"
"dolores@snrealty.com","good","ok","no","no"
"domainauburn@mulberryprop.com","good","ok","no","no"
"dominique@thehopefarm.com","good","ok","no","no"
"don.brown@stealthsync.com","good","ok","no","no"
"don.marinello@capstoneresearchcorp.com","good","ok","no","no"
"don@boatshopak.com","good","ok","no","no"
"don@redonion1898.com","good","ok","no","no"
"don@sbmc.com","good","ok","no","no"
"don_jordan@cascades.com","good","ok","no","no"
"donald.bullard@winkelmann-flowforming.us","good","ok","no","no"
"donald.weeks@marvins.com","good","ok","no","no"
"donald@gulfcoastlocal.com","good","ok","no","no"
"donald@maui-girl.com","risky","catch_all","no","no"
"donald@structureremodeling.com","good","ok","no","no"
"donaldmitchell@boatnerconstruction.com","good","ok","no","no"
"donna.cota@century21.com","risky","catch_all","no","no"
"donna.ryberg@smiththornton.com","good","ok","no","no"
"donna@acct.solutions","good","ok","no","no"
"donna@insuranceserviceofamerica.com","bad","invalid","no","no"
"donna@subala.org","good","ok","no","no"
"donna@workersfirst.net","good","ok","no","no"
"donnie.oneal@bullingtonlumber.com","bad","invalid","no","no"
"donnie@psides.net","risky","unknown","no","no"
"donovan@arsroofing.net","good","ok","no","no"
"donovan@iapsf.com","good","ok","no","no"
"donovan@indie.io","good","ok","no","no"
"donstroud@stroudve.net","good","ok","no","no"
"donya.rumore@ja.org","bad","invalid","no","no"
"doreen@alaskantour.com","good","ok","no","no"
"dorys@maleana.com","risky","unknown","no","no"
"dostenson@michaelallengc.com","good","ok","no","no"
"doug.shumake@shumakefurniture.net","good","ok","no","no"
"doug@ctsexcavations.com","good","ok","no","no"
"doug@parklane-construction.com","good","ok","no","no"
"doug@uproute.com","good","ok","no","no"
"doug@williamsconstructionkauai.com","good","ok","no","no"
"douglas@gsmworks.com","good","ok","no","no"
"dougray@maxusinc.com","good","ok","no","no"
"doverturf@asrcenergy.com","good","ok","no","no"
"dp@douglaspage.com","risky","unknown","no","no"
"dpatterson@hughesparker.com","risky","catch_all","no","no"
"dpaul@anglersresource.net","bad","invalid","no","no"
"dpeoples@bellaterrarvresort.com","good","ok","no","no"
"dpfledderer@cfnea.org","good","ok","no","no"
"dpinkston@nitek.net","good","ok","no","no"
"dpollard@nhgalaska.com","good","ok","no","no"
"dpostma@pioneerdoorak.com","risky","unknown","no","no"
"dpowell@elbaed.com","good","ok","no","no"
"dprice@convoywraps.com","good","ok","no","no"
"dprice@fitco.com","good","ok","no","no"
"dr.nguyen@mauioptometry.com","good","ok","no","no"
"dr.starks@streaminnovations.org","good","ok","no","no"
"dr_michealwilliams@messiahsministries.org","good","ok","no","no"
"drake@architectspacificinc.com","good","ok","no","no"
"drake@southernnutrition.com","risky","catch_all","no","no"
"drchris@familytreefoley.com","good","ok","no","no"
"drcoffee@hpcollective.com","good","ok","no","no"
"drcraig@my-chiropractor.net","good","ok","no","no"
"drcrawford@accuratevisionclinic.com","good","ok","no","no"
"drdenise@madisoncounselingassociates.com","good","ok","no","no"
"dreambig@endeavourhsv.com","good","ok","no","no"
"dredick@magtecalaska.com","good","ok","no","no"
"drew.dorough@harcoservices.com","good","ok","no","no"
"drew@getgatedrop.com","risky","catch_all","no","no"
"drew@machapsm.com","good","ok","no","no"
"drew@masonmusic.com","good","ok","no","no"
"drew@montgomerysubaru.com","risky","unknown","no","no"
"drew@prevailcoffee.com","risky","catch_all","no","no"
"drew@streetmetrics.com","good","ok","no","no"
"drey.foster@datatrustllc.com","good","ok","no","no"
"drharnick@westmauicounseling.com","good","ok","no","no"
"drhodes@akeela.org","good","ok","no","no"
"drichey@akserigraphics.com","good","ok","no","no"
"drjill@nowhealthpalmer.com","risky","catch_all","no","no"
"drjoel@adkinsalaska.com","good","ok","no","no"
"drlisa@lisamillerofs.com","good","ok","no","no"
"drlutwin@kalaheodental.com","good","ok","no","no"
"drmobley@mobilepeds.com","good","ok","no","no"
"drobbins@mdicrealtyservices.com","good","ok","no","no"
"drogers@byarswright.com","good","ok","no","no"
"drose@copyrightsolutions.com","good","ok","no","no"
"drowell@boozerbeam.com","good","ok","no","no"
"drowlen@nidekmedical.com","good","ok","no","no"
"drpalmer@chiropractictoday.com","bad","invalid","no","no"
"drpauline@medsplusconsulting.com","good","ok","no","no"
"drsarah@alabamahearing.net","good","ok","no","no"
"drsifferman@katmaieye.com","good","ok","no","no"
"drsusan@alabamahearing.net","good","ok","no","no"
"drtate@riverviewanimalclinic.net","good","ok","no","no"
"dsapp@magnegrip.com","good","ok","no","no"
"dscarbrough@emcinc.net","good","ok","no","no"
"dschulte@selectmachiningtech.com","good","ok","no","no"
"dshafer@brannonhonda.com","bad","invalid","no","no"
"dshope@johnsoncont.com","good","ok","no","no"
"dshores@iaoceania.com","good","ok","no","no"
"dsimms@bmsswesson.com","good","ok","no","no"
"dsmclain@ccim.net","good","ok","no","no"
"dsmith@fairwaymg.com","good","ok","no","no"
"dsmith@fscb.com","good","ok","no","no"
"dsmith@prierconstruction.com","good","ok","no","no"
"dsmith@shelbyasc.com","good","ok","no","no"
"dsmith@travelleaders.com","risky","catch_all","no","no"
"dsmitherman@davismachineandfab.com","good","ok","no","no"
"dsnipes@brick.com","good","ok","no","no"
"dsommer@tsmsal.com","good","ok","no","no"
"dsonnier@norrellserviceexperts.com","risky","unknown","no","no"
"dsotherland@pesa.com","good","ok","no","no"
"dspivey@ia-way.com","good","ok","no","no"
"dspradley@16thstreetbaptist.org","good","ok","no","no"
"dspybey@altaworx.com","bad","invalid","no","no"
"dstephens@alohasecurityhawaii.com","good","ok","no","no"
"dstillwell@securityengineersinc.com","good","ok","no","no"
"dstraka@honblue.com","good","ok","no","no"
"dstroud@rabofla.com","good","ok","no","no"
"dsudduth@fortierinc.com","good","ok","no","no"
"dswatzell@attentionmedical.com","risky","unknown","no","no"
"dswinney@comtecserv.com","good","ok","no","no"
"dtaitz@ruddellgroup.com","good","ok","no","no"
"dtakeda@twghawaii.com","good","ok","no","no"
"dteague@afsvend.com","risky","catch_all","no","no"
"dtiller@dhcls.org","risky","unknown","no","no"
"dtilton@buildonbrix.com","good","ok","no","no"
"dtise@swallingcpas.com","good","ok","no","no"
"dtownley@rtintel.com","good","ok","no","no"
"dtownsend@leveragemechanicalservices.com","good","ok","no","no"
"dtrudo@melsur.com","good","ok","no","no"
"dtull@mybankusb.com","bad","invalid","no","no"
"dtumlin@syntropygroup.com","good","ok","no","no"
"duncan.millar@rockcreekgolf.com","good","ok","no","no"
"dustin.winslow@summitis.com","good","ok","no","no"
"dustin@alaskagearcompany.com","good","ok","no","no"
"dustin@alohamotorsports.com","risky","catch_all","no","no"
"dustin@freshmanagedit.com","good","ok","no","no"
"dustin@shinetimesuperwash.com","good","ok","no","no"
"dustin@stevensglassak.com","good","ok","no","no"
"dustin@xcaliburservice.com","good","ok","no","no"
"dustinc@oxylance.com","good","ok","no","no"
"dusty.arnold@fulcrumenergyus.com","good","ok","no","no"
"dusty.dutton@holtav.com","good","ok","no","no"
"dusty@fcpersonnel.com","good","ok","no","no"
"dvillafana@placertourism.com","good","ok","no","no"
"dwagner@diversifiedproservices.net","risky","catch_all","no","no"
"dwalker@ozarkhousingcommunity.org","good","ok","no","no"
"dwalters@rives.com","good","ok","no","no"
"dward@calcean.com","risky","catch_all","no","no"
"dwatson@shelbygc.com","good","ok","no","no"
"dwayne.goulsby@birminghamrail.com","good","ok","no","no"
"dwayne@dothanforsale.com","risky","catch_all","no","no"
"dwebster@hanwhacimarron.com","good","ok","no","no"
"dwhicher@integrawater.com","good","ok","no","no"
"dwhite@banksacademy.org","good","ok","no","no"
"dwiggins@gateprecast.com","good","ok","no","no"
"dwight@slco.com","risky","catch_all","no","no"
"dwilliams@firehouseshelter.com","good","ok","no","no"
"dwong@discoverimua.com","good","ok","no","no"
"dwood@iscrg.com","good","ok","no","no"
"dworsham@driversway.com","good","ok","no","no"
"dwright@fluidsllc.com","good","ok","no","no"
"dy@claritystudio.org","risky","catch_all","no","no"
"dyamamoto@chartrehab.com","good","ok","no","no"
"dykesc@christophercollection.com","good","ok","no","no"
"dylan@drefrigeration.com","good","ok","no","no"
"dylan@echo911.com","good","ok","no","no"
"dylanc@hi-ltg.com","good","ok","no","no"
"dylang@xblue.com","risky","catch_all","no","no"
"dyoung@hed.design","good","ok","no","no"
"dyoung@spryfuneralhomes.com","risky","unknown","no","no"
"dzimmermann@bannerdefense.com","good","ok","no","no"
"dzirlott@allstar-electric.com","good","ok","no","no"
"e.bell@marathon-targets.com","good","ok","no","no"
"eabston@geo-solutions.net","good","ok","no","no"
"ealldredge@takusmokeries.com","good","ok","no","no"
"earl.johnson@wcaahec.org","good","ok","no","no"
"earl.nakachi@hiexwaikiki.com","good","ok","no","no"
"earl@theartagency.net","good","ok","no","no"
"eaubertine@koniag.com","good","ok","no","no"
"ebanks@3tieralaska.com","good","ok","no","no"
"ebecklund@konabeachhotel.com","good","ok","no","no"
"eberueffy@sabrefinance.org","good","ok","no","no"
"ebiancalana@sportsendeavors.com","good","ok","no","no"
"ebillingsley@ak.org","good","ok","no","no"
"ebonds@ivaldieng.com","good","ok","no","no"
"ebonic@spencerrecovery.com","good","ok","no","no"
"ebonyt@pacallied.com","good","ok","no","no"
"eboston@uabmc.edu","risky","catch_all","no","no"
"ebrown@habitatrivervalley.org","good","ok","no","no"
"ebudahl@nvanet.com","good","ok","no","no"
"eburgonio@regencypuakea.com","good","ok","no","no"
"ecausey@htcnet.net","good","ok","no","no"
"echapman@fimacsolutions.com","risky","unknown","no","no"
"echeigh@cyclecityltd.com","bad","invalid","no","no"
"ecollier@qualitycounts1.com","good","ok","no","no"
"ecolvin@alabamabeaches.com","good","ok","no","no"
"econner@pursuitchannel.com","good","ok","no","no"
"econrad@2cmsi.com","risky","unknown","no","no"
"ecowell@allforkidsalaska.com","good","ok","no","no"
"ecrews@mediamechanical.net","good","ok","no","no"
"ecrowley@mserr.com","good","ok","no","no"
"ecruz@brandsafway.com","bad","invalid","no","no"
"ed.chong@onepacificrealty.com","good","ok","no","no"
"ed.steen@hcsinc.net","bad","invalid","no","no"
"ed@bellorealty.com","good","ok","no","no"
"edario@teamsignal.com","good","ok","no","no"
"edaskalos@nvisionarch.com","good","ok","no","no"
"edavids@formpartners.com","good","ok","no","no"
"edc@mba-consulting.net","good","ok","no","no"
"eddie@adcopipe.com","good","ok","no","no"
"eddie@athleticclubalabama.com","good","ok","no","no"
"eddie@riveroflifemission.org","good","ok","no","no"
"eden@perdido-key.com","good","ok","no","no"
"eden@sidesdrywallinc.com","good","ok","no","no"
"edgar@mauigold.com","risky","catch_all","no","no"
"edie@edwoodslumber.com","bad","invalid","no","no"
"edna.salcedo-keahi@mauisoda.com","good","ok","no","no"
"edward.l@randsc.com","good","ok","no","no"
"edward.taylor@dragonfly.net","good","ok","no","no"
"edward@llhhc.com","good","ok","no","no"
"edwarde@leisinc.com","good","ok","no","no"
"edwards@bostromseating.com","bad","invalid","no","no"
"edwin@anr-industries.com","risky","catch_all","no","no"
"eedmonds@mccolloughinstitute.com","good","ok","no","no"
"eerickson@mauicoasthotel.com","good","ok","no","no"
"eford@endpointarmor.com","good","ok","no","no"
"efrenb@partnersincareoahu.org","good","ok","no","no"
"egodwin@healthclubsoftware.com","risky","unknown","no","no"
"egooco@madisoncorelabs.com","good","ok","no","no"
"egriggs@thmarine.com","good","ok","no","no"
"ehaigh@geolabs.net","good","ok","no","no"
"ehail@safealaskans.org","good","ok","no","no"
"ehammett@beammhomeimprovement.com","bad","invalid","no","no"
"ehatcher@intexdoor.com","good","ok","no","no"
"ehedges@hileyhuntsville.com","good","ok","no","no"
"eherrera@sneconline.org","good","ok","no","no"
"ehopkins@townoftrianaal.gov","good","ok","no","no"
"ehubbard@mccurryrentals.com","good","ok","no","no"
"ejessen@nelbran.com","good","ok","no","no"
"ejohnson36@bham.rr.com","good","ok","no","no"
"ejones@syntropygroup.com","good","ok","no","no"
"ekern@hawaiidata.org","risky","catch_all","no","no"
"ekilbreath@resortinternet.com","good","ok","no","no"
"eking@alaskahha.org","good","ok","no","no"
"elclinic1@gulftel.com","good","ok","no","no"
"eleanor.lucas@cacfinfo.org","good","ok","no","no"
"elee@ifm-corp.com","good","ok","no","no"
"elen@northshoretacos.com","good","ok","no","no"
"elena@hawaiianagroup.com","bad","invalid","no","no"
"eli.copenhaver@expresspros.com","good","ok","no","no"
"eliah.mccutchen@theorionhuntsville.com","risky","catch_all","no","no"
"elisa.hixson@medaxion.com","good","ok","no","no"
"elisabeth@cys.com","good","ok","no","no"
"elisarosier@pacificpediatricsllc.com","good","ok","no","no"
"elise@fivestarrecruit.com","good","ok","no","no"
"elise@levelpmg.com","good","ok","no","no"
"elisha@irainnovations.com","good","ok","no","no"
"elishamorris@djspec.com","good","ok","no","no"
"elissa@wildscoops.com","good","ok","no","no"
"eliza@advancednaturalgroup.com","good","ok","no","no"
"elizabet@alabamacontemporary.org","good","ok","no","no"
"elizabeth.mccarty@sunflooring.com","good","ok","no","no"
"elizabeth.stringfellow@allcrane.com","good","ok","no","no"
"elizabeth@cuttingedgelighting.com","good","ok","no","no"
"elizabeth@elizabethgelineau.com","risky","catch_all","no","no"
"elizabeth@exvotovintage.com","good","ok","no","no"
"elizabeth@gfic.biz","risky","catch_all","no","no"
"elizabeth@lushmedspas.com","risky","unknown","no","no"
"elizabeth@pcstalent.com","good","ok","no","no"
"elizabeth@pyvot.co","good","ok","no","no"
"elizabeths@southaec.com","good","ok","no","no"
"ella@burgcreative.com","good","ok","no","no"
"ellen@alaudubon.org","good","ok","no","no"
"ellen@hosoi-mortuary.com","good","ok","no","no"
"ellen@norrispaving.com","risky","catch_all","no","no"
"ellen@verticalsolutionsmedia.com","good","ok","no","no"
"elliott@cuttingedgelawn.biz","good","ok","no","no"
"ellis@serfco.com","good","ok","no","no"
"ellis@waypointinvest.com","risky","catch_all","no","no"
"elott@idexcorp.com","good","ok","no","no"
"elutz@pbsmanufacturing.com","good","ok","no","no"
"ely.jones@addsourcegroup.com","good","ok","no","no"
"ema.hess@marriottcapitolhill.com","good","ok","no","no"
"emansor@lagniappebranding.com","good","ok","no","no"
"emayben@areapower.com","risky","catch_all","no","no"
"emazzeo@etsgroup.us","good","ok","no","no"
"ember@careworkus.com","good","ok","no","no"
"emcguire@centralpaper-al.com","good","ok","no","no"
"emckann@transcendstrategic.com","good","ok","no","no"
"emclain@nibuild.com","bad","invalid","no","no"
"emelda@fivestartrans.com","good","ok","no","no"
"emerald@brandonskinnercpas.com","good","ok","no","no"
"emilia@muskoxfarm.org","good","ok","no","no"
"emills@brawco.com","good","ok","no","no"
"emily.betancourt@marxoptical.com","good","ok","no","no"
"emily.ebert@modbess.com","bad","invalid","no","no"
"emily.foreman@thecompliancestore.com","risky","unknown","no","no"
"emily.hare@auburnart.com","risky","catch_all","no","no"
"emily.stauffer@assistancedogshawaii.org","good","ok","no","no"
"emily.wilson@tevera.com","good","ok","no","no"
"emily@allolinkmedical.com","good","ok","no","no"
"emily@blackwellking.com","bad","invalid","no","no"
"emily@crystaljchapman.com","risky","catch_all","no","no"
"emily@esfahaniautogroup.com","good","ok","no","no"
"emily@flyalaskaseaplanes.com","good","ok","no","no"
"emily@fpchuntsville.com","good","ok","no","no"
"emily@hhhvac.net","risky","catch_all","no","no"
"emily@hometownaction.org","good","ok","no","no"
"emily@loudmarketing.co","risky","catch_all","no","no"
"emily@nicetocuhawaii.com","good","ok","no","no"
"emily@punchdrunkdigital.com","good","ok","no","no"
"emily@switch-av.com","good","ok","no","no"
"emily@synergistaccounting.com","good","ok","no","no"
"emily@wgfinancialgroup.com","good","ok","no","no"
"emily@woodbowl.com","good","ok","no","no"
"emily_pearce@dipac.net","good","ok","no","no"
"emilym@meachammarketingco.com","good","ok","no","no"
"emma.munderloh@gulfsales.com","good","ok","no","no"
"emma@caravanmarketing.co","good","ok","no","no"
"emmaj@elevated-roof.com","risky","catch_all","no","no"
"emmett.moseley@infodnasolutions.com","risky","unknown","no","no"
"emyers@bricesolutions.com","good","ok","no","no"
"enanieslit@hgiwaikikibeach.com","good","ok","no","no"
"enelius@drakeconstruction.net","good","ok","no","no"
"enewhouse@indevtech.com","good","ok","no","no"
"enwheetley@nowcomllc.com","good","ok","no","no"
"eorgen@birchwoodlending.com","risky","catch_all","no","no"
"eoutlaw@hdbinsurance.com","good","ok","no","no"
"eparker@allisonwholesale.com","good","ok","no","no"
"ephraim@akwadc.com","good","ok","no","no"
"epospisil@akhf.org","risky","catch_all","no","no"
"epullen@coastal-hr.com","bad","invalid","no","no"
"eramey@auburnwellness.com","good","ok","no","no"
"eric.arrowood@simvana.com","good","ok","no","no"
"eric.bischoff@kirso.net","good","ok","no","no"
"eric.dietz@fenomenon.aero","good","ok","no","no"
"eric.fox@payrxinc.com","good","ok","no","no"
"eric.j@showrede.com","good","ok","no","no"
"eric.rudolph@asd-web.com","good","ok","no","no"
"eric.sutton@alaska.gov","good","ok","no","no"
"eric.worthington@ise-automotive.com","bad","invalid","no","no"
"eric@acwcompany.com","good","ok","no","no"
"eric@biahawaii.org","good","ok","no","no"
"eric@bushwackerspirits.com","good","ok","no","no"
"eric@crockermovingservices.com","good","ok","no","no"
"eric@emslab.com","good","ok","no","no"
"eric@everythingonthespectrum.com","risky","catch_all","no","no"
"eric@frawnercorp.com","good","ok","no","no"
"eric@hza-eng.com","good","ok","no","no"
"eric@imperialcastinginc.com","good","ok","no","no"
"eric@joepiperinc.com","good","ok","no","no"
"eric@kapiliconstruction.com","risky","catch_all","no","no"
"eric@letsjamarketing.com","good","ok","no","no"
"eric@mcaleers.com","good","ok","no","no"
"eric@pacificaquagroup.com","good","ok","no","no"
"eric@pegproduction.com","good","ok","no","no"
"eric@refinedhawaii.com","good","ok","no","no"
"eric@rick-n-ball-restoration.com","good","ok","no","no"
"eric@superiorlawn.com","good","ok","no","no"
"eric@theatrixhawaii.com","risky","catch_all","no","no"
"eric@thekalosgroup.com","good","ok","no","no"
"eric@thestudiospt.com","good","ok","no","no"
"erica.tso@hyatt.com","good","ok","no","no"
"erica@cleaningsolutionsauburn.com","risky","catch_all","no","no"
"erica@joinimmediate.com","good","ok","no","no"
"erica@unitedsteelfabllc.com","risky","catch_all","no","no"
"ericam@lawelawedefense.com","good","ok","no","no"
"ericc@akintegrated.com","good","ok","no","no"
"erick.galvan@ponopm.com","good","ok","no","no"
"erickards@alaska4x4rentals.com","good","ok","no","no"
"erik.garay@aerobotix.net","good","ok","no","no"
"erik@nuggetoutfitter.com","good","ok","no","no"
"erik@yukonsalmon.org","good","ok","no","no"
"erika@hipagriculture.org","good","ok","no","no"
"erikac@bdsak.com","good","ok","no","no"
"erikslater@sewardbrewery.com","risky","catch_all","no","no"
"erin.gipson@chiprewards.com","good","ok","no","no"
"erin.mcmahan@valiify.com","good","ok","no","no"
"erin.okief@assistancedogshawaii.org","good","ok","no","no"
"erin@birminghammomcollective.com","risky","catch_all","no","no"
"erin@farmfreshmeatsal.com","good","ok","no","no"
"erin@heartofdixiehd.com","risky","unknown","no","no"
"erin@hodhawaii.com","good","ok","no","no"
"erin@knoxandjamie.com","good","ok","no","no"
"erin@redlandcotton.com","good","ok","no","no"
"erin@trelunacatering.com","good","ok","no","no"
"erind@srdentalpartners.com","good","ok","no","no"
"erinn@standardfurniture.net","good","ok","no","no"
"ernie@davisdirect.com","good","ok","no","no"
"eroberts@al811.com","good","ok","no","no"
"eross@kbbcpas.com","good","ok","no","no"
"erp@khartindustries.com","risky","catch_all","no","no"
"errol.champion@acsalaska.net","bad","invalid","no","no"
"eruiz@mitchells-place.com","good","ok","no","no"
"erynehughes@noramentalhealth.com","risky","catch_all","no","no"
"esablan@northwest.ca","good","ok","no","no"
"eschrottke@hitechsupport.net","risky","catch_all","no","no"
"eschuldt@shapefidelity.com","risky","catch_all","no","no"
"escroggins@lakeviewrisk.com","risky","catch_all","no","no"
"eshedlarski@hfhanchorage.org","bad","invalid","no","no"
"esilcox@wooleysprings.org","good","ok","no","no"
"esimon@monroevilleal.gov","good","ok","no","no"
"esimpson@perituspr.com","good","ok","no","no"
"esther.naholowaa@synapsewireless.com","good","ok","no","no"
"esther@imaginaryoffice.com","good","ok","no","no"
"esther@uspaceusa.com","good","ok","no","no"
"esuazo@abastepsllc.com","good","ok","no","no"
"ethan.franklin@crosbyelectric.com","good","ok","no","no"
"ethan.hall@aaacooper.com","good","ok","no","no"
"ethan.houck@avservs.com","good","ok","no","no"
"ethan.mckenzie@ua.edu","good","ok","no","no"
"ethan@performance-carts.com","good","ok","no","no"
"ethan@proadvisors.com","good","ok","no","no"
"ethan@scarletandgoldshop.com","good","ok","no","no"
"etreece@radhunt.com","good","ok","no","no"
"eugene@americancontrolservice.com","good","ok","no","no"
"eulamai.tingco@orionea.com","good","ok","no","no"
"eulvi@alaskarush.com","good","ok","no","no"
"eva@accountingrx.com","good","ok","no","no"
"eva@deerstoneconsulting.com","good","ok","no","no"
"evan.christen@pinspiration.com","risky","catch_all","no","no"
"evan@florcraft.com","good","ok","no","no"
"evan@hipacificpm.com","good","ok","no","no"
"evan@meetingstreetgraphics.com","good","ok","no","no"
"evan@runamz.com","risky","catch_all","no","no"
"evan@texstacos.com","risky","catch_all","no","no"
"evan@watkinscleaners.com","good","ok","no","no"
"evanelkan@lakeviewrisk.com","risky","catch_all","no","no"
"evankooten@fitz-thors.com","good","ok","no","no"
"evazquez@sbnbcc.org","good","ok","no","no"
"eve@2ndchanceinc.org","good","ok","no","no"
"evinson@quickbuildings.net","good","ok","no","no"
"ewallace@ccbdmd.com","risky","catch_all","no","no"
"ewebb@totalcommarketing.com","good","ok","no","no"
"eweldy@elytonhotel.com","good","ok","no","no"
"ewelliver@royalautomotive.net","risky","catch_all","no","no"
"ewilliams@ivfalabama.com","good","ok","no","no"
"ewilliamson@shipodl.com","good","ok","no","no"
"ewilliamson@triavision.com","good","ok","no","no"
"ewynn@mobileinstrumentco.com","good","ok","no","no"
"exec@hicc.biz","good","ok","no","yes"
"f.larkin@clarkipinc.com","good","ok","no","no"
"faaea@hawaiitours.com","good","ok","no","no"
"fabian@cgs.life","good","ok","no","no"
"faith@gulfcenter.org","good","ok","no","no"
"fallon.cornett@littleriversys.com","good","ok","no","no"
"fallone@harriettecole.com","good","ok","no","no"
"farmhost@kulaniapia.com","good","ok","no","no"
"farrah.parsley@rehabselect.net","good","ok","no","no"
"farrah@brightlight.biz","good","ok","no","no"
"farrugia@aoos.org","good","ok","no","no"
"farrukh@smamerica.com","good","ok","no","no"
"fax@actionconcrete.org","good","ok","no","no"
"faye@northhawaiihospice.org","risky","catch_all","no","no"
"fbaumann@pooleandcompany.com","good","ok","no","no"
"fbihl@brand-spec.com","good","ok","no","no"
"fbrosnan@a2p2.com","good","ok","no","no"
"fchen@covington.coop","risky","catch_all","no","no"
"fcook@valentgroup.com","good","ok","no","no"
"fcribbs@nitek.net","good","ok","no","no"
"featherthenest@feefonline.org","risky","unknown","no","no"
"fejes@drennoninc.com","good","ok","no","no"
"felicia.turner@dcnr.alabama.gov","good","ok","no","no"
"ffink@aerocoatings.com","risky","catch_all","no","no"
"ffitts@fittsagency.com","good","ok","no","no"
"fgarcia@evergreenlinen.com","good","ok","no","no"
"fhawthorne@thebantamgroup.com","risky","catch_all","no","no"
"filomena.velasco@farmershawaii.com","good","ok","no","no"
"financial@turnagaindental.com","good","ok","no","no"
"finlay@familysavvy.com","risky","catch_all","no","no"
"fkiddle@northarrowalaska.com","good","ok","no","no"
"fkuhia@qkcmanagement.com","good","ok","no","no"
"flatsatcolebridge@thevantagegroup.biz","risky","catch_all","no","no"
"fleetwood@solomonchevrolet.com","good","ok","no","no"
"fletcher@247osc.com","good","ok","no","no"
"floyd@cahabatire.net","good","ok","no","no"
"flysmart@aircomavionics.com","good","ok","no","no"
"fmendelsohn@cardiologypc.com","good","ok","no","no"
"forgeyourpath@forgechiropracticbhm.com","good","ok","no","no"
"forrest@mjohnsonconstruction.com","good","ok","no","no"
"fox@eccalaska.com","good","ok","no","no"
"fprice@pacmartech.com","good","ok","no","no"
"frana@deerstoneconsulting.com","good","ok","no","no"
"frances.andrews@aknwrc.org","good","ok","no","no"
"frances@blankenshipandseay.com","good","ok","no","no"
"franco.cornejo@millenniumhotels.com","good","ok","no","no"
"frank.scott@asd-web.com","good","ok","no","no"
"frank.smith@comfortsystemsusa.com","risky","catch_all","no","no"
"frank@brandmonkey.co","risky","catch_all","no","no"
"frank@fundopspartners.com","risky","catch_all","no","no"
"frank@hscofficeproducts.com","good","ok","no","no"
"frank@muscledupmovers.com","good","ok","no","no"
"frank@rushingconcrete.com","good","ok","no","no"
"frankg@priceceiling.com","good","ok","no","no"
"frankhanson@winesbyrush.com","good","ok","no","no"
"frankie@rinehartins.com","good","ok","no","no"
"frankl@apcinet.com","good","ok","no","no"
"franksullivan@ica-corp.com","good","ok","no","no"
"franniemcbrayer@childrensharbor.com","good","ok","no","no"
"frazer@egarage.com","risky","catch_all","no","no"
"fred@dtcoffee.com","good","ok","no","no"
"fred@mitchellauto.com","good","ok","no","no"
"fred@romvari.net","good","ok","no","no"
"fred@theleanleap.com","good","ok","no","no"
"freda@berkleymgt.com","risky","unknown","no","no"
"freda@southernpalmsdecor.com","risky","catch_all","no","no"
"fredr@ascentconf.com","good","ok","no","no"
"froberts@scsworx.com","bad","invalid","no","no"
"fsafi@eyecenterofhawaii.com","good","ok","no","no"
"fsmith@cfnea.org","good","ok","no","no"
"fstevens@cowin-co.com","good","ok","no","no"
"fteague@hillsidemoncton.org","risky","catch_all","no","no"
"fudge@nulogicmarketing.com","good","ok","no","no"
"fwoodson@mbtsal.org","good","ok","no","no"
"gabe@packagingmaterialsandsupply.com","good","ok","no","no"
"gabriel.green@ravenservices.us","good","ok","no","no"
"gabriel@cfi-solutions.com","good","ok","no","no"
"gabriel@ethicabeauty.com","good","ok","no","no"
"gabriel@remotehandsak.com","risky","catch_all","no","no"
"gabriella@essence-marketing.design","risky","catch_all","no","no"
"gabrielle@arakawasurfboards.com","risky","catch_all","no","no"
"gabrielle@narrativehawaii.com","good","ok","no","no"
"gabrielle@thehrbgroup.com","risky","catch_all","no","no"
"gagea@zofinancial.com","good","ok","no","no"
"gail.hayashi@hawaiianair.com","good","ok","no","no"
"gail.trant@covingtoncountyedc.com","good","ok","no","no"
"gaines@hoistpartners.com","good","ok","no","no"
"gang@mutualplumbing.net","good","ok","no","no"
"garin.danner@therengroup.com","good","ok","no","no"
"garrett.potter@nordic-calista.com","good","ok","no","no"
"garrett.sunada@arcadia.org","good","ok","no","no"
"garrett@calculatedsolutionsgroup.org","good","ok","no","no"
"garrett@cuttingedgelighting.com","good","ok","no","no"
"garrett@hughesfh.com","good","ok","no","no"
"garrett@koloarum.com","good","ok","no","no"
"garrett@noeins.com","good","ok","no","no"
"garrett@partnersrealty.info","good","ok","no","no"
"garrett@sherwoodpethealth.com","good","ok","no","no"
"garrett@southernshutter.com","good","ok","no","no"
"garrett@transform9.com","good","ok","no","no"
"garrettmcginn@basslumber.com","risky","catch_all","no","no"
"garry@collaboratehealth.com","good","ok","no","no"
"garth.mcculloch@eecweathertech.com","good","ok","no","no"
"garthan@minihawaii.com","good","ok","no","no"
"gary.carter@trigoncyber.com","good","ok","no","no"
"gary.conville@stuttsco.com","good","ok","no","no"
"gary.grant@scientic.com","good","ok","no","no"
"gary.hyche@limestonecountywater.com","bad","invalid","no","no"
"gary.jones@lakescape.com","good","ok","no","no"
"gary@c2c-builders.com","risky","catch_all","no","no"
"gary@escsteel.com","good","ok","no","no"
"gary@maxpackaging.com","good","ok","no","no"
"gary@mooreheating.com","good","ok","no","no"
"gary@romvari.net","good","ok","no","no"
"gary@therefinerycustomcabinets.com","good","ok","no","no"
"garyk@westpeakenergy.net","good","ok","no","no"
"garym@swfad.com","good","ok","no","no"
"gauntt@dwku.com","good","ok","no","no"
"gavin.nishimura@pryzmhi.com","good","ok","no","no"
"gavin@hawaiirentalmanagement.com","risky","catch_all","no","no"
"gavin@ocean-era.com","good","ok","no","no"
"gavin@villagefoxmedia.com","good","ok","no","no"
"gayle.phillips@ariawm.com","good","ok","no","no"
"gbarney@hotrecllc.com","good","ok","no","no"
"gbehrens@kershaw.com","good","ok","no","no"
"gbenitez@mwburger.com","good","ok","no","no"
"gblackmon@indago.bio","good","ok","no","no"
"gblaisiii@advantagewealthmgt.com","good","ok","no","no"
"gboettcher@artsbma.org","good","ok","no","no"
"gbonilla@myhta.org","good","ok","no","no"
"gbrewer@adventechinc.com","good","ok","no","no"
"gbromberg@brawco.com","good","ok","no","no"
"gbrunelle@trbsupply.com","risky","catch_all","no","no"
"gbyoung@mdhenryco.com","good","ok","no","no"
"gbyrd@sixllc.net","good","ok","no","no"
"gcain@al811.com","good","ok","no","no"
"gcampbell@aiidealer.com","good","ok","no","no"
"gcieutat@nssprx.com","good","ok","no","no"
"gclarion@ouzinkie.com","good","ok","no","no"
"gcoleman@hyperioninc.com","good","ok","no","no"
"gcrenshaw@ffcuonline.com","good","ok","no","no"
"gdaniel.santos@golfwaikele.com","good","ok","no","no"
"gdethero@tmtamerica.com","risky","catch_all","no","no"
"gdriver@rives.com","good","ok","no","no"
"gdsi@gdsifairhope.com","good","ok","no","no"
"gena@alaskaworks.org","good","ok","no","no"
"gene.devaughn@shoalcreekchurch.org","good","ok","no","no"
"gene.lorenson@alaskahydraulics.com","good","ok","no","no"
"gene@fulmerinstruments.com","good","ok","no","no"
"gene@gulfpainter.com","risky","catch_all","no","no"
"generalmanager@hcr.com","risky","catch_all","no","yes"
"generalmanager@knom.org","good","ok","no","yes"
"genneal@cwilliams-arch.com","good","ok","no","no"
"geoff.pearson@outrigger.com","good","ok","no","no"
"geoff@creaturebuilds.com","good","ok","no","no"
"geoffrey.paul@penta-inc.com","good","ok","no","no"
"george@hawaiiliving.com","good","ok","no","no"
"george@nectarbridge.com","risky","catch_all","no","no"
"george@otmglass.com","good","ok","no","no"
"george@ycscusa.com","good","ok","no","no"
"georgee@bradfordbuilding.com","good","ok","no","no"
"georgejr@sidesfurniture.com","good","ok","no","no"
"georgia.carter@wasillavet.com","good","ok","no","no"
"georgina@hawaiinaturecenter.org","good","ok","no","no"
"gerald.glennon@espaciowaikiki.com","good","ok","no","no"
"gerald.kosaki@hawaiianearth.com","good","ok","no","no"
"gerald@parklanealamoana.com","risky","catch_all","no","no"
"geraldi@mnj.com","good","ok","no","no"
"gerri@fortressofthebear.org","good","ok","no","no"
"gevans@hawaiipublicradio.org","bad","invalid","no","no"
"ggamble@blocglobal.com","good","ok","no","no"
"ggaspar@tonygroup.com","good","ok","no","no"
"ggass@colorcraftstudios.com","good","ok","no","no"
"ggiles@brook-valley.com","good","ok","no","no"
"ggrady@flexforcepros.com","good","ok","no","no"
"ggrayson@thevallettagroup.com","good","ok","no","no"
"ghaas@securiplexusa.com","good","ok","no","no"
"ghagan@northbaldwinutilities.com","good","ok","no","no"
"ghalbrooks@tci-sales.com","good","ok","no","no"
"ghall@naecoop.com","good","ok","no","no"
"ghataway@gridcompany.com","good","ok","no","no"
"ghiguchi@windwardauto.com","good","ok","no","no"
"ghite@farriswholesale.com","good","ok","no","no"
"ghollingsworth@cavhomesinc.com","good","ok","no","no"
"ghyche@summitdevcorp.com","good","ok","no","no"
"ghyden@mccainengineering.com","good","ok","no","no"
"gianina@well-loved.com","good","ok","no","no"
"gidget@fletcherandjanz.com","risky","unknown","no","no"
"gigi@aephawaii.com","risky","catch_all","no","no"
"gigi@ipmsak.net","good","ok","no","no"
"gil.lewis@acropolissecurity.com","good","ok","no","no"
"gina.adams@kiddinternational.com","bad","invalid","no","no"
"gina.crabtree@malamamediagroup.com","good","ok","no","no"
"gina@abctflooring.com","good","ok","no","no"
"gina@willmaninteriors.com","good","ok","no","no"
"gina_locklear@newflyer.com","good","ok","no","no"
"ginakaneaiakala@lithia.com","good","ok","no","no"
"ginal@alaskamillandfeed.com","good","ok","no","no"
"ginatho@hawaiiansodaco.com","good","ok","no","no"
"ginger@wyattbuilds.com","good","ok","no","no"
"gisselle@quamproperties.com","good","ok","no","no"
"give@unitedwaymatsu.org","good","ok","no","no"
"gjewkes@colaska.com","good","ok","no","no"
"gjohnson@empoweredtoconquer.org","good","ok","no","no"
"gkeeth@mmglobalsourcing.com","bad","invalid","no","no"
"gkila@haseko.com","good","ok","no","no"
"gkitter@ouzinkie.com","good","ok","no","no"
"glen.brown@gpsig.com","good","ok","no","no"
"glen.yates@e4technologyinc.com","good","ok","no","no"
"glenn.newman@csfordoors.co.nz","good","ok","no","no"
"glenn@bayshore.club","good","ok","no","no"
"glenn@jones-mcleod.com","good","ok","no","no"
"glenn@spencerheatingandair.com","good","ok","no","no"
"glenn@windsystemsmag.com","good","ok","no","no"
"gloria@runnersedge.physio","risky","catch_all","no","no"
"glovelady@fontainespecialized.com","good","ok","no","no"
"gm.al382@choicehotels.com","good","ok","no","no"
"gm.hawaii@noithaicuisine.com","good","ok","no","no"
"gm@archemllc.com","good","ok","no","yes"
"gm@koolinahillsidevillas.com","bad","invalid","no","yes"
"gm@petroclub.net","good","ok","no","yes"
"gm@thewatermarkwaikiki.net","good","ok","no","yes"
"gm@wvagolf.com","bad","invalid","no","yes"
"gmartinez@creeksidesurgerycenter.com","good","ok","no","no"
"gmatthews@arborsdirect.com","risky","unknown","no","no"
"gmccown@mcconnellautomotive.com","good","ok","no","no"
"gmccullough@auw.org","good","ok","no","no"
"gmcdonald@huntsvillehospitalfoundation.org","risky","unknown","no","no"
"gmcgregor@denaliadvisors.com","good","ok","no","no"
"gmcmillan@alshcpa.com","good","ok","no","no"
"gmello@gillautogroup.com","risky","catch_all","no","no"
"gmiske@artisticafineart.com","risky","unknown","no","no"
"gmoore@awardcompany.com","good","ok","no","no"
"gmorinaga@newcitynissan.com","good","ok","no","no"
"gmoser@superiorindustrialcontractors.com","good","ok","no","no"
"gnelson@timberlinegc.com","good","ok","no","no"
"gnichols@icc-es.org","good","ok","no","no"
"goganbrandy@galleriawoodsseniorliving.com","good","ok","no","no"
"goldin@storiedcollection.com","risky","catch_all","no","no"
"gomez@uni-frankfurt.de","good","ok","no","no"
"goodloe@newhomebuilding.net","good","ok","no","no"
"goolsbyl@aristoer.com","good","ok","no","no"
"gordon@fullervision.com","good","ok","no","no"
"gparmele@honestcarpayment.com","risky","catch_all","no","no"
"gperry@amstedgraphite.com","good","ok","no","no"
"gpitts@midwesternroofers.com","good","ok","no","no"
"gquinto@akvillage.com","good","ok","no","no"
"grace@workatforge.com","risky","catch_all","no","no"
"grady@lwutilities.com","good","ok","no","no"
"grady@pcr-dx.com","good","ok","no","no"
"grady@uswinc.net","good","ok","no","no"
"graham.roderick@tourism.alabama.gov","good","ok","no","no"
"graham@peake-levoy.com","good","ok","no","no"
"graham@susanjacksonrealestate.com","risky","catch_all","no","no"
"grandview@ak.net","good","ok","no","no"
"grant.miyasaki@coregroupone.com","risky","catch_all","no","no"
"grant.raines@marylgroup.com","good","ok","no","no"
"grant.whittle@tcicarbonfibre.com","risky","unknown","no","no"
"grant@falknergardens.com","risky","catch_all","no","no"
"grant@islandsignal.com","good","ok","no","no"
"grant@norrispaving.com","risky","catch_all","no","no"
"grant@pintandjigger.com","good","ok","no","no"
"grant@roundersonthestrip.com","good","ok","no","no"
"grant@sperityhealth.com","good","ok","no","no"
"grant@tinsleyperformance.com","good","ok","no","no"
"grantadams@teamkidfit.com","good","ok","no","no"
"gray@ronniewatkinsford.com","good","ok","no","no"
"greaves@stoicep.com","good","ok","no","no"
"greg.bice@kodatech.com","good","ok","no","no"
"greg.kendrick@moyerfordsales.com","good","ok","no","no"
"greg.lawrence@tacticaledge.us","good","ok","no","no"
"greg.madrigal@wsi.us","bad","invalid","no","no"
"greg@bastcore.com","good","ok","no","no"
"greg@boostrdisplays.com","good","ok","no","no"
"greg@eversafe-usa.com","good","ok","no","no"
"greg@mechcollc.com","good","ok","no","no"
"greg@mygateway2realestate.com","good","ok","no","no"
"greg@shoalsboxandpallet.com","risky","unknown","no","no"
"greg@simonsolutions.com","risky","catch_all","no","no"
"greg@stanfordmotors.com","good","ok","no","no"
"greg@tropicalmauiweddings.com","good","ok","no","no"
"greg@valleyrestrooms.com","good","ok","no","no"
"gregg.buckalew@fiduciaryvest.com","good","ok","no","no"
"gregg.dellert@cratepros.net","good","ok","no","no"
"gregk@waiponoinvestment.com","good","ok","no","no"
"gregm@sandershyland.com","good","ok","no","no"
"gregs@baughford.com","risky","unknown","no","no"
"gregselvage@whitaker-contracting.com","good","ok","no","no"
"gregv@ahs-alaska.biz","good","ok","no","no"
"gretchen.smith@ironlegacyadvisors.com","good","ok","no","no"
"greylan@warriorriverwater.com","good","ok","no","no"
"greyson@cedarcreative.net","good","ok","no","no"
"griff@songswithyou.com","good","ok","no","no"
"griffin@vulcantireandauto.com","bad","invalid","no","no"
"grobinson@baldwinemc.com","good","ok","no","no"
"grobinson@northwestnursesllc.com","good","ok","no","no"
"grover.boyd@wastemag.com","risky","catch_all","no","no"
"gsalze@knipbio.com","good","ok","no","no"
"gsauls@murreychevrolet.com","good","ok","no","no"
"gscales@gilpinezo.com","good","ok","no","no"
"gsecor@rcchawaii.org","good","ok","no","no"
"gsilva@pylonbuilding.com","risky","unknown","no","no"
"gsilvester@sunbeltfire.com","good","ok","no","no"
"gsimoes@indevtech.com","good","ok","no","no"
"gskaltsas@mutual-housing.org","good","ok","no","no"
"gskinner@tci-sales.com","good","ok","no","no"
"gsmith@morganmetals.com","good","ok","no","no"
"gtaylor@tailored.global","good","ok","no","no"
"gterry@h-rindustrial.com","good","ok","no","no"
"gtew@mymatterly.com","good","ok","no","no"
"gthrash@mnj.com","good","ok","no","no"
"guagliardo@worldlibrary.org","risky","unknown","no","no"
"guardian.integrators@guardianintegrators.com","bad","invalid","no","no"
"gulfbowl@gulftel.com","good","ok","no","no"
"gunnar.lantrip@secpllc.net","good","ok","no","no"
"guy.aguirre@meoinc.org","good","ok","no","no"
"guy@connexu.nz","good","ok","no","no"
"guy@dothanwarehouse.com","good","ok","no","no"
"guy@westoahurealty.com","good","ok","no","no"
"gwells@y-chc.org","good","ok","no","no"
"gwen@accelrentals.com","good","ok","no","no"
"gwen@onsiteproductionsllc.com","risky","unknown","no","no"
"gwen@peake-levoy.com","good","ok","no","no"
"gwest@thegracecircle.com","risky","catch_all","no","no"
"gwhite@wideorbit.com","good","ok","no","no"
"gwright@shipodl.com","good","ok","no","no"
"gzilonis@hawaiipetroleum.com","good","ok","no","no"
"h.albers@heartwoodpacific.com","good","ok","no","no"
"haaheo@kaimana.com","good","ok","no","no"
"habex.gm@certifiedhm.com","good","ok","no","no"
"hafshari@teghi.com","good","ok","no","no"
"hailee@hisinsurancegroup.com","good","ok","no","no"
"halcyon@awsc.com","risky","catch_all","no","no"
"hale@haletakazawa.com","good","ok","no","no"
"haley.ellis@vitalengine.com","risky","catch_all","no","no"
"haley.wells@ahecinfo.org","good","ok","no","no"
"haley@abstllc.com","good","ok","no","no"
"haley@bawarehouse.com","good","ok","no","no"
"haley@bmisurgery.com","good","ok","no","no"
"haley@carolinegidiere.com","risky","catch_all","no","no"
"haley@designsouthinteriors.com","good","ok","no","no"
"haley@donatlas.com","good","ok","no","no"
"haley@primocoding.com","good","ok","no","no"
"haley@socal-taco.com","risky","catch_all","no","no"
"haleyi@2020acct.com","good","ok","no","no"
"haleyk@mauiclothingcompany.com","good","ok","no","no"
"hallen@kinderlou.com","good","ok","no","no"
"hallett@aegisfoundry.com","good","ok","no","no"
"hallett@nimblepos.com","good","ok","no","no"
"hamiltonwoods@accutrol.com","good","ok","no","no"
"hanalei@sandpeople.com","good","ok","no","no"
"hannah.king@nss-corp.com","risky","catch_all","no","no"
"hannah.parks@proexel.com","good","ok","no","no"
"hannah@candcmasonry.com","good","ok","no","no"
"hannah@hasustainability.com","good","ok","no","no"
"hannah@hec.org","good","ok","no","no"
"hannah@leadlineco.com","good","ok","no","no"
"hannah@mauicoffeeco.com","good","ok","no","no"
"hannah@my-chiropractor.net","good","ok","no","no"
"hannah@rootedmusictherapy.com","good","ok","no","no"
"hannah@watanabefloral.com","good","ok","no","no"
"haque@cfht.hawaii.edu","good","ok","no","no"
"harley.scott@qualdoc.com","good","ok","no","no"
"harley@mcmarinellc.com","good","ok","no","no"
"harley@southerntorch.com","good","ok","no","no"
"harold@pearlharbortours.com","good","ok","no","no"
"haroldriley@rynokindustries.com","good","ok","no","no"
"harper@stealthsync.com","good","ok","no","no"
"harper@theidosociety.com","good","ok","no","no"
"harrison@beekerpropertygroup.com","good","ok","no","no"
"harry@aes-electric.com","good","ok","no","no"
"harry@theoahudispensary.com","risky","catch_all","no","no"
"harrybuchea@takuengineering.com","good","ok","no","no"
"harveyh@brownfinancialadvisory.com","good","ok","no","no"
"hasnain@axguru.com","good","ok","no","no"
"hassanah.white@llhhc.com","good","ok","no","no"
"hatkinson@helpinghandservicesal.com","good","ok","no","no"
"haum@surfaceinc.com","good","ok","no","no"
"haumea@henrykapono.com","good","ok","no","no"
"hayden@glintlock.com","good","ok","no","no"
"hayden@innerlast.com","risky","catch_all","no","no"
"hayden@sphereav.com","good","ok","no","no"
"haylee@bobamania.com","risky","unknown","no","no"
"hayley.lamberth@brightspringhealth.com","good","ok","no","no"
"hayley@intercessorchurch.com","good","ok","no","no"
"hayley@lecroyrichardson.com","risky","catch_all","no","no"
"haymes@hixsnedeker.com","good","ok","no","no"
"hays.latimer@oneascent.com","good","ok","no","no"
"hbaker@whitewater.tax","good","ok","no","no"
"hbelluche@fineartassociates.com","bad","invalid","no","no"
"hbradley@ucla.edu","good","ok","no","no"
"hcaldwell@merichemtech.com","good","ok","no","no"
"hcarter@ssrco.com","good","ok","no","no"
"hcc@hsvchamber.org","good","ok","no","no"
"hching@lithia.com","good","ok","no","no"
"hchoi@wamc.co.kr","risky","catch_all","no","no"
"hcorbridge@latashalaska.net","good","ok","no","no"
"hcreel@govdeals.com","good","ok","no","no"
"hdean@marion-bank.com","good","ok","no","no"
"hdiaz@winchesterroadanimalhospital.com","good","ok","no","no"
"hdoyle@hwpence.com","good","ok","no","no"
"hdutton@acs1.biz","good","ok","no","no"
"he@eidsoninc.com","good","ok","no","no"
"heath.baskin@outposttechnologies.com","good","ok","no","no"
"heath.henry@briceinc.com","good","ok","no","no"
"heath.mcguire@blacklinecorp.us","good","ok","no","no"
"heath.sherrer@thrive2gethertherapy.com","good","ok","no","no"
"heath@candcmasonry.com","good","ok","no","no"
"heath@cfwheelock.com","good","ok","no","no"
"heath@fmg12.com","good","ok","no","no"
"heath@wooleysprings.org","good","ok","no","no"
"heathbryan@seaconeng.com","good","ok","no","no"
"heather.buchanan@medkoder.com","good","ok","no","no"
"heather.dasher@avnikdefense.com","good","ok","no","no"
"heather.reid@concergix.com","good","ok","no","no"
"heather.snow@arrowsight.com","good","ok","no","no"
"heather.wilson@anchorageak.gov","good","ok","no","no"
"heather@athensnews-courier.com","good","ok","no","no"
"heather@bancography.com","good","ok","no","no"
"heather@bgcwestal.org","good","ok","no","no"
"heather@cbsohio.com","good","ok","no","no"
"heather@dustycoleteam.com","risky","catch_all","no","no"
"heather@jeffreydungan.com","good","ok","no","no"
"heather@letswinpc.org","good","ok","no","no"
"heather@madisoncounselingassociates.com","good","ok","no","no"
"heather@maxxkonnect.com","good","ok","no","no"
"heather@nnai.net","good","ok","no","no"
"heather@outfitterskauai.com","good","ok","no","no"
"heather@sourceatl.com","good","ok","no","no"
"heather@tranquilmindsbh.com","good","ok","no","no"
"heatherh@gmuereng.com","good","ok","no","no"
"heatherm@cadencegeneral.com","good","ok","no","no"
"heaven.flores@hyatt.com","good","ok","no","no"
"hebron@mhprops.net","good","ok","no","no"
"hector@gulfshoresbuilderssupply.com","good","ok","no","no"
"heidi@alaskatextiles.com","good","ok","no","no"
"heidi@alchemyak.com","good","ok","no","no"
"heidi@atkinsonhomes.net","good","ok","no","no"
"heidi@docwealth.io","good","ok","no","no"
"heidi@jeffcogreenways.org","good","ok","no","no"
"heidi@spellmansdetail.com","good","ok","no","no"
"heidi@yellowhammerfund.org","good","ok","no","no"
"helen@medovationresearch.com","good","ok","no","no"
"helena@magicalcreaturessanctuary.org","good","ok","no","no"
"helene@hawaiifoodandwinefestival.com","good","ok","no","no"
"hellen@showdownalaska.com","risky","catch_all","no","no"
"henry.kahue@rainbowroof.com","bad","invalid","no","no"
"henry@horstexpediting.com","risky","catch_all","no","no"
"henry@simplesystems.cc","good","ok","no","no"
"herbert.freeman@logzoneinc.com","bad","invalid","no","no"
"herbert@theplantationinn.com","risky","unknown","no","no"
"herman@ludwigconstructionhi.com","bad","invalid","no","no"
"hettie@birch.net","risky","unknown","no","no"
"hfarmer@mnj.com","good","ok","no","no"
"hgaylord@integritymedicalstaffingllc.com","risky","catch_all","no","no"
"hhall@alabamacentral.org","risky","catch_all","no","no"
"hhaney@tombigbee.org","good","ok","no","no"
"hharden@agcorsteel.com","good","ok","no","no"
"hharris@scadc.net","good","ok","no","no"
"hhenderson.owens10@insuremail.net","bad","invalid","no","no"
"hhendon@colonial-company.com","good","ok","no","no"
"hhendon@colonialcompany.com","good","ok","no","no"
"hhiggins@selectmachiningtech.com","good","ok","no","no"
"hhubbard@midwesternroofers.com","good","ok","no","no"
"hickorytrace@greerllc.net","good","ok","no","no"
"hide@skywaikiki.com","good","ok","no","no"
"hikaru.ichikawa@ryupass.com","risky","catch_all","no","no"
"hikuta@jtb-hawaii.com","good","ok","no","no"
"hilary@wavesassocmgmt.com","good","ok","no","no"
"hill.carmichael@canterburyumc.org","good","ok","no","no"
"hill@ourhomesofamerica.com","good","ok","no","no"
"hillary@grithrsolutions.com","good","ok","no","no"
"hillary@shelbyemergencyassistance.com","good","ok","no","no"
"hina@saltedlogic.com","risky","catch_all","no","no"
"hiro@kidshurttoo.org","good","ok","no","no"
"hironori@academiaschool.edu","good","ok","no","no"
"hjackson@montgomeryal.gov","good","ok","no","no"
"hjellen@fhwak.com","good","ok","no","no"
"hjohnson-smith@alaskaseafood.org","good","ok","no","no"
"hjpatteson@vulcanlinetools.com","good","ok","no","no"
"hkeim@thalamus-llc.com","good","ok","no","no"
"hkirkpatrick@oneascent.com","good","ok","no","no"
"hlahr@glenwoodgators.com","good","ok","no","no"
"hlogan@mobilefleetspecialists.com","good","ok","no","no"
"hmartin@burtonadvertising.com","good","ok","no","no"
"hmoreno@sunbritefurniture.com","good","ok","no","no"
"hmyers@myerscapital.com","good","ok","no","no"
"hnakatani@konabeachhotel.com","good","ok","no","no"
"hnelson@hilinedistributors.com","good","ok","no","no"
"hnguyen@modtechsolutions.com","good","ok","no","no"
"hodges@thehighroad.com","good","ok","no","no"
"hollie@localpropertyinc.com","good","ok","no","no"
"hollie@simplymedia.social","good","ok","no","no"
"hollie@spradling.group","good","ok","no","no"
"hollie@windwardheart.com","risky","catch_all","no","no"
"holly.hanson@alaskahelicoptertours.com","good","ok","no","no"
"holly@alaskasaltco.com","risky","unknown","no","no"
"holly@americansteeples.com","good","ok","no","no"
"holly@meldfinancial.com","good","ok","no","no"
"holly@wingsairways.com","good","ok","no","no"
"hollyh@centralstatebank.com","good","ok","no","no"
"honey.williams@empirian.com","good","ok","no","no"
"honolulu@wcitarch.com","good","ok","no","no"
"hope@miraclebotanicals.com","good","ok","no","no"
"houstone@halltaylorconstruction.com","good","ok","no","no"
"howard@heritageexec.com","good","ok","no","no"
"howards@pickens.k12.al.us","good","ok","no","no"
"howdice@alaska.org","risky","catch_all","no","no"
"hpage@parnellinsurance.com","good","ok","no","no"
"hperreira@wetnwildhawaii.com","good","ok","no","no"
"hporter@portercompanies.com","good","ok","no","no"
"hpospisil@anchorageopera.org","good","ok","no","no"
"hranda@tlsincorp.com","good","ok","no","no"
"hrhoton@pylonbuilding.com","risky","unknown","no","no"
"hriemenschneider@flashrockwell.com","good","ok","no","no"
"hruesch@avancir.com","good","ok","no","no"
"hruoss@agicorp.com","good","ok","no","no"
"hschmidt@geolabs.net","good","ok","no","no"
"hselman@kyser-construction.com","good","ok","no","no"
"hshrewsbury@craftongroup.com","good","ok","no","no"
"hsmithart@beknetworks.com","good","ok","no","no"
"hsouders@benchmark-gc.com","good","ok","no","no"
"hstiltner@soulstorytherapy.com","good","ok","no","no"
"htaylor@thebrogdongroup.com","bad","invalid","no","no"
"htenbarge@horizonpaintingcorp.com","good","ok","no","no"
"huey@alpineak.com","good","ok","no","no"
"huffman.family@acsalaska.net","good","ok","no","no"
"human.resources@caaofsa.org","good","ok","no","no"
"humanresources@avcv.org","risky","catch_all","no","yes"
"humanresources@fairorthologistics.com","good","ok","no","yes"
"humanresources@millerslandingak.com","good","ok","no","yes"
"humanresources@retinaltd.com","good","ok","no","yes"
"hunter.daws@limestonecounty-al.gov","good","ok","no","no"
"hunter.terry@challengerdefense.com","good","ok","no","no"
"hunter@babajavacoffee.com","good","ok","no","no"
"hunter@insightsecurity.biz","good","ok","no","no"
"hunter@leelandventures.com","good","ok","no","no"
"hunter@vitruvias.com","good","ok","no","no"
"huston@generalsigncompany.net","good","ok","no","no"
"hwalker@xcellacademy.com","risky","catch_all","no","no"
"hweaver@spi-al.com","good","ok","no","no"
"hweber@incoa.com","good","ok","no","no"
"hweldon@stmnc.net","good","ok","no","no"
"hwhitehead@americanveterinarygroup.com","good","ok","no","no"
"hwilkes@eaglepharmacy.org","good","ok","no","no"
"hwilliams@lvlliving.com","good","ok","no","no"
"hwilson@oneshotreliability.com","good","ok","no","no"
"hwinston@ccseagles.com","good","ok","no","no"
"hyang@intramicron.com","good","ok","no","no"
"hyung.kim@favis-usa.com","risky","unknown","no","no"
"i.bell@lounsburyinc.com","risky","catch_all","no","no"
"ialessandro@guidepm.com","good","ok","no","no"
"ian.arnold@iss-na.com","good","ok","no","no"
"ian.fernie@intl-hi.com","good","ok","no","no"
"ian.galbraith@prmstructural.com","good","ok","no","no"
"ian.hall@adamsbev.com","good","ok","no","no"
"ian.haubert@grayanalytics.com","good","ok","no","no"
"ian.weston@cosologic.com","good","ok","no","no"
"ian@botts-inc.com","risky","catch_all","no","no"
"ian@imfvisions.com","risky","catch_all","no","no"
"ian@institutenorth.org","good","ok","no","no"
"ibr@guyoungtech.com","good","ok","no","no"
"icarter@valentgroup.com","good","ok","no","no"
"icorona@metalworkingsolution.com","good","ok","no","no"
"ignacio@paradiseinhawaii.com","good","ok","no","no"
"igor@hellogravel.com","risky","catch_all","no","no"
"ihadler@kodiak.coop","good","ok","no","no"
"ikelly@aleutcorp.com","good","ok","no","no"
"ikim@kaisinc.com","risky","unknown","no","no"
"imorrison@jamisonbedding.com","good","ok","no","no"
"inami@reiwa-us.com","good","ok","no","no"
"inge@islandstyleenterprises.com","good","ok","no","no"
"ingridr@veiconsultants.com","good","ok","no","no"
"inspirations@kpunet.net","good","ok","no","no"
"iris.thompson@arorisksolutions.com","good","ok","no","no"
"isaac@airventureshi.com","good","ok","no","no"
"isaac@vicfcu.org","good","ok","no","no"
"isarellano@holleysteel.com","good","ok","no","no"
"ivan@hollidaycontract.com","good","ok","no","no"
"iwatanabe@koanrisksolutions.com","good","ok","no","no"
"j.alexander@zanderfab.com","good","ok","no","no"
"j.brantley@southernclaimssolutions.com","good","ok","no","no"
"j.burroughs@op2collective.com","good","ok","no","no"
"j.combs@centreal.gov","risky","unknown","no","no"
"j.erickson@marathon-targets.com","good","ok","no","no"
"j.gingrich@lounsburyinc.com","risky","catch_all","no","no"
"j.heckendorn@shipcreekgroup.com","risky","catch_all","no","no"
"j.livingston@lounsburyinc.com","risky","catch_all","no","no"
"j.merkerson@bhamparking.com","good","ok","no","no"
"j.mistor@id-plastics.com","good","ok","no","no"
"j.nelson@whaleycci.com","good","ok","no","no"
"j.pegg@datco.com","risky","unknown","no","no"
"j.wing@pioneermilitaryloans.com","risky","catch_all","no","no"
"j_hsu@digitalfoundry.com","good","ok","no","no"
"jac@doraduspartners.com","good","ok","no","no"
"jace.campbell@gov-contracting.com","good","ok","no","no"
"jack.shimer@freedomrealestate.biz","good","ok","no","no"
"jack.w@mekoryuktc.org","good","ok","no","no"
"jack@acceleratewebgrowth.com","good","ok","no","no"
"jack@brandttech.org","good","ok","no","no"
"jack@theatrixhawaii.com","risky","catch_all","no","no"
"jack@thermo-koolofalaska.com","good","ok","no","no"
"jack@wccgc.com","good","ok","no","no"
"jack_d_cashion@ryder.com","good","ok","no","no"
"jackie.thomas@zigabyte.com","good","ok","no","no"
"jackie@rodeostudio.co","good","ok","no","no"
"jackie@thomaselectric.net","good","ok","no","no"
"jackie@uwwa.org","good","ok","no","no"
"jackson.chesser@titomic.us","good","ok","no","no"
"jackson.farris@zeusrt.com","good","ok","no","no"
"jackson.stubbs@trindgroup.com","risky","catch_all","no","no"
"jackson@jacksonhedden.com","good","ok","no","no"
"jackson@tomwestcompany.com","good","ok","no","no"
"jacksonthomas@maxusinc.com","good","ok","no","no"
"jaclyn@southernbiotech.com","good","ok","no","no"
"jacob.evans@onyxaero.com","good","ok","no","no"
"jacob.james@oxfoundations.com","good","ok","no","no"
"jacob.kerr@ultraliminal.com","good","ok","no","no"
"jacob.mckenna@contentcritical.com","good","ok","no","no"
"jacob.robertson@alabamafarmcredit.com","good","ok","no","no"
"jacob.turner@clearwaterair.com","good","ok","no","no"
"jacob.waters@dwprouty.com","good","ok","no","no"
"jacob@completehomepainting.com","good","ok","no","no"
"jacob@cultoncompanies.com","risky","catch_all","no","no"
"jacob@gulfbelt.com","good","ok","no","no"
"jacob@hawaiianlegacycare.com","good","ok","no","no"
"jacob@jacob-richardson.com","good","ok","no","no"
"jacob@marblecitypharmacy.com","good","ok","no","no"
"jacob@merryweather.com","bad","invalid","no","no"
"jacob@middlewaycafe.com","good","ok","no","no"
"jacob@prihodafabricduct.com","good","ok","no","no"
"jacob@python.org","good","ok","no","no"
"jacob@rocketcitysystems.com","good","ok","no","no"
"jacob@ronniewatkinsford.com","good","ok","no","no"
"jacob@shook-fletcher.com","good","ok","no","no"
"jacob@sprucehealth.com","good","ok","no","no"
"jacobh@arnold-brown.com","good","ok","no","no"
"jacque@hawaiiplumbinggroup.com","risky","catch_all","no","no"
"jacque@nicolerobydesigns.com","risky","catch_all","no","no"
"jacqueline.mckinney@community.com","good","ok","no","no"
"jacqueline@anchoragewolverines.com","good","ok","no","no"
"jacquie@brandsavants.com","good","ok","no","no"
"jade.conway@saraigroup.com","good","ok","no","no"
"jade.snyder@ingrampaving.com","good","ok","no","no"
"jade.stevens@iolehawaii.org","good","ok","no","no"
"jade@jadeagencyhawaii.com","good","ok","no","no"
"jaehak@tournet-hawaii.com","good","ok","no","no"
"jaela@hapahi.org","risky","catch_all","no","no"
"jaguinaldo@theavco.net","good","ok","no","no"
"jaime@fttax.com","good","ok","no","no"
"jaime@hrmasap.com","good","ok","no","no"
"jaime@qualityquick.com","good","ok","no","no"
"jake.brantley@techyscouts.com","good","ok","no","no"
"jake.waitzman@orsif.org","good","ok","no","no"
"jake.wolford@metalresearchinc.com","risky","unknown","no","no"
"jake@comercompanies.com","good","ok","no","no"
"jake@eca-advisors.com","good","ok","no","no"
"jake@toteminc.com","good","ok","no","no"
"jakeh@2020acct.com","good","ok","no","no"
"jakemassingill@parkplacecleaners.net","good","ok","no","no"
"jalam.plunkett@plunkettents.com","good","ok","no","no"
"jalene@nohohomehawaii.com","good","ok","no","no"
"jallan@alaskacf.org","good","ok","no","no"
"jalvarez@risamar.com","bad","invalid","no","no"
"jamee@therightaccompany.com","good","ok","no","no"
"james.abreu@hawaiianearth.com","good","ok","no","no"
"james.halbig@4ksolutions.com","risky","catch_all","no","no"
"james.harrison@reynoldslift.com","good","ok","no","no"
"james.kennedy@kennedygalvanizinginc.com","good","ok","no","no"
"james.m@carverllc.com","good","ok","no","no"
"james.mckay@emersonpark.org","good","ok","no","no"
"james.milliken@natcem.com","bad","invalid","no","no"
"james.moffet@tektonux.com","good","ok","no","no"
"james.r@allamericanford.com","bad","invalid","no","no"
"james.smith@dracyoncorp.com","good","ok","no","no"
"james.stratas@barkuplastics.com","bad","invalid","no","no"
"james@arkrestorationusa.com","risky","unknown","no","no"
"james@bigislandguide.com","good","ok","no","no"
"james@calcoastophthalmic.com","good","ok","no","no"
"james@claritymis.com","good","ok","no","no"
"james@cornerstonecoachingal.com","risky","unknown","no","no"
"james@ezarecycling.com","risky","catch_all","no","no"
"james@lighthousebusiness.com","good","ok","no","no"
"james@lightwiresolutions.net","good","ok","no","no"
"james@pachawaii.com","risky","catch_all","no","no"
"james@pinnaclepayments.com","good","ok","no","no"
"james@spaceoperationsinc.com","bad","invalid","no","no"
"james@troymetroagency.com","good","ok","no","no"
"jamesball@decaturbaptist.org","good","ok","no","no"
"jamesj@kane-steel.com","good","ok","no","no"
"jameslangner@winesbyrush.com","good","ok","no","no"
"jamesond@savio.com","risky","catch_all","no","no"
"jamestankersley@ourgulfshoresvacation.com","good","ok","no","no"
"jameswhite@bfwcpa.com","good","ok","no","no"
"jamey.mcmahon@ligonindustries.com","good","ok","no","no"
"jamey@accumulus.cpa","good","ok","no","no"
"jami@a1ops.com","good","ok","no","no"
"jamie.lawler@r3lengineering.com","risky","catch_all","no","no"
"jamie@accmats.com","good","ok","no","no"
"jamie@chickeninabarrel.com","good","ok","no","no"
"jamie@familysavvy.com","risky","catch_all","no","no"
"jamie@forsythbuilding.com","good","ok","no","no"
"jamie@hodgesmedia.com","good","ok","no","no"
"jamie@jimmurphree.com","risky","catch_all","no","no"
"jamie@knoxandjamie.com","good","ok","no","no"
"jamie@nexaninc.com","good","ok","no","no"
"jamie@orbitsales.com","good","ok","no","no"
"jamie@pinnaclemotorsportsal.com","risky","catch_all","no","no"
"jamie@prospacholdings.com","good","ok","no","no"
"jamie@sunrisealaska.org","good","ok","no","no"
"jamie@surflinehawaii.com","good","ok","no","no"
"jamiecummins@alaconsupply.com","good","ok","no","no"
"jamied@associatedmetalcast.com","risky","catch_all","no","no"
"jamiehooie@hbaa.org","risky","catch_all","no","no"
"jamieirwin@silvics.com","good","ok","no","no"
"jamiek@halmskimchee.com","good","ok","no","no"
"jamshed@tibro.ca","good","ok","no","no"
"jamye@morrisbuildersllc.com","good","ok","no","no"
"jan.ventura@mapcohawaii.com","good","ok","no","no"
"jan@artsnautism.org","good","ok","no","no"
"jan@bundlesdiaperbank.org","good","ok","no","no"
"jan@ffcadmin.com","bad","invalid","no","no"
"jana@bodines.com","risky","unknown","no","no"
"janderson@alimetrix.com","good","ok","no","no"
"janderson@msicontrols.com","good","ok","no","no"
"jane.cooley@renew-ability.com","good","ok","no","no"
"jane@alaskawildlife.org","good","ok","no","no"
"jane@cannoncarpetone.com","good","ok","no","no"
"jane@clarusresearch.org","risky","catch_all","no","no"
"jane@moanabelle.com","risky","catch_all","no","no"
"janell@ack-inc.com","good","ok","no","no"
"janene@ariapest.com","good","ok","no","no"
"janet.eastwood@thecompliancestore.com","risky","unknown","no","no"
"janet.maise@clintpharmaceuticals.com","good","ok","no","no"
"janet@glassincorporated.net","good","ok","no","no"
"janet@gocivilgroup.com","risky","catch_all","no","no"
"janet@mcgriffburrus.com","risky","catch_all","no","no"
"janet@stuartmcleod.co.uk","risky","catch_all","no","no"
"janet@toptalentrecruiter.com","good","ok","no","no"
"jange@scsworx.com","good","ok","no","no"
"janh@aoent.net","good","ok","no","no"
"janice.kydd@andaz.com","good","ok","no","no"
"janice@piopac.com","bad","invalid","no","no"
"janine@hawaiifitcamp.com","good","ok","no","no"
"janisc@graysonlumber.com","good","ok","no","no"
"janna@onyxmodelmanagement.com","risky","catch_all","no","no"
"janp@lindermanhsv.com","good","ok","no","no"
"january@desilvadmc.com","risky","unknown","no","no"
"jared.carter@amrvrcd.com","good","ok","no","no"
"jared.johnson@golfatkapalua.com","good","ok","no","no"
"jared.logan@alabamapowersolutions.com","risky","unknown","no","no"
"jared.robinson@cteak.com","good","ok","no","no"
"jared@aec-al.com","good","ok","no","no"
"jared@bubblesexpresscarwash.com","risky","catch_all","no","no"
"jared@islandfl.com","good","ok","no","no"
"jared@kailuaracquetclub.com","good","ok","no","no"
"jared@kobayashi-group.com","good","ok","no","no"
"jared@proamsteel.com","good","ok","no","no"
"jared@sanctuarycw.com","risky","catch_all","no","no"
"jaredholbrook@lithia.com","good","ok","no","no"
"jaren.domingcil@honolulu3c.com","good","ok","no","no"
"jaretguffey@gwconstructional.com","risky","catch_all","no","no"
"jarred@glynngeneral.com","good","ok","no","no"
"jary@agsouth.com","good","ok","no","no"
"jascha@brechan.com","good","ok","no","no"
"jashby@hoolalahui.org","good","ok","no","no"
"jashley@revds.com","good","ok","no","no"
"jasmine.mira@wachiwatanabecpa.com","good","ok","no","no"
"jasmine.norwood@unity-enterprise.com","bad","invalid","no","no"
"jasmine@markhaminsuranceservices.com","good","ok","no","no"
"jason.akagi@spectrum-photonics.com","good","ok","no","no"
"jason.blair@cepedasystems.com","good","ok","no","no"
"jason.dearing@krebseng.com","good","ok","no","no"
"jason.dietz@ethic-tech.com","good","ok","no","no"
"jason.felder@greenalphapm.com","good","ok","no","no"
"jason.hallman@vtmae.com","bad","invalid","no","no"
"jason.hudson@cityofsitka.org","good","ok","no","no"
"jason.hulsey@longlewis.net","good","ok","no","no"
"jason.ingram@pa-ats.com","good","ok","no","no"
"jason.jacobs@ravago.com","good","ok","no","no"
"jason.m@cptbruce.com","good","ok","no","no"
"jason.shiver@circlecitytelcom.com","good","ok","no","no"
"jason.singley@yourmecu.com","good","ok","no","no"
"jason.sumner@millgroupinc.com","good","ok","no","no"
"jason.taylor@apogeeinformatics.com","good","ok","no","no"
"jason.ware@unifiedgrowthpartners.com","good","ok","no","no"
"jason.wilson@capitolchevrolet.com","good","ok","no","no"
"jason@aladdinlightlift.com","good","ok","no","no"
"jason@arccontrols.com","good","ok","no","no"
"jason@bellorealty.com","good","ok","no","no"
"jason@birminghammedicalnews.com","good","ok","no","no"
"jason@circool.com","good","ok","no","no"
"jason@conscious-tech.com","good","ok","no","no"
"jason@constructorshawaii.com","good","ok","no","no"
"jason@cowartconstructionllc.com","bad","invalid","no","no"
"jason@doorsystemsak.com","good","ok","no","no"
"jason@dv3corp.com","good","ok","no","no"
"jason@fontainecenter.com","bad","invalid","no","no"
"jason@hawaiiansolutions.com","good","ok","no","no"
"jason@ironcitystudios.com","risky","catch_all","no","no"
"jason@jwebdevelopment.com","good","ok","no","no"
"jason@loringjewelers.com","good","ok","no","no"
"jason@mauikai.com","bad","invalid","no","no"
"jason@parkesmechanical.com","good","ok","no","no"
"jason@priorityulogistics.com","risky","catch_all","no","no"
"jason@techni-core.com","good","ok","no","no"
"jason@wkupchurch.com","risky","catch_all","no","no"
"jasoncampbell@islandenginuity.com","good","ok","no","no"
"jasond@rubiconrexinc.com","good","ok","no","no"
"jasonjackson@nllocating.com","bad","invalid","no","no"
"jasonw@signbuilders.com","good","ok","no","no"
"jasonwiley@greenequipco.com","good","ok","no","no"
"jaspern@oxylance.com","good","ok","no","no"
"javier@margaritagrill.com","risky","catch_all","no","no"
"javin@kiheiautosales.com","risky","unknown","no","no"
"jawai@mauicoasthotel.com","good","ok","no","no"
"jay.olive@rayson-tech.com","good","ok","no","no"
"jay.raquinio@embassysuiteswaikiki.com","good","ok","no","no"
"jay@3dairserve.com","risky","catch_all","no","no"
"jay@austinpt.com","good","ok","no","no"
"jay@changer-dresser.com","good","ok","no","no"
"jay@farmsystemsinc.com","good","ok","no","no"
"jay@fleetfeetbirmingham.com","good","ok","no","no"
"jay@groganagency.net","good","ok","no","no"
"jay@onesourceair.com","good","ok","no","no"
"jaye@napali.com","good","ok","no","no"
"jayedolan@powerpros1.net","risky","catch_all","no","no"
"jayfikes@fikesautomotive.com","risky","catch_all","no","no"
"jaygeng@wasabitourshawaii.com","good","ok","no","no"
"jaymark@landsearch.com","good","ok","no","no"
"jaymi@oceanfrontrealty.com","good","ok","no","no"
"jaymin@cseventservices.com","good","ok","no","no"
"jayne@charlenemoss.com","good","ok","no","no"
"jaynice@kohalacoasturgentcare.com","bad","invalid","no","no"
"jazma@gadsdenpelvicrehab.com","good","ok","no","no"
"jb@arccontrols.com","risky","catch_all","no","no"
"jb@sfealabama.com","good","ok","no","no"
"jbabl@bgceastal.org","good","ok","no","no"
"jbaggett@thevantagegroup.biz","risky","catch_all","no","no"
"jbailey@premierelectricak.com","good","ok","no","no"
"jbailey@rruw.org","good","ok","no","no"
"jbaird@thesummitgrp.com","good","ok","no","no"
"jbaker@assettservices.com","risky","catch_all","no","no"
"jbakshi@radiuminc.com","risky","unknown","no","no"
"jbaraquio@ablepestex.com","risky","catch_all","no","no"
"jbarber@georgiawatertanks.com","risky","catch_all","no","no"
"jbarker@nutechspine.com","good","ok","no","no"
"jbarlow@barlow-wag.com","good","ok","no","no"
"jbarnes@risearmored.com","good","ok","no","no"
"jbarnett@alabamaslingcenter.com","good","ok","no","no"
"jbarrett@excellance.com","good","ok","no","no"
"jbarrett@prestigealarm.com","good","ok","no","no"
"jbartlemay@esigngenie.com","risky","unknown","no","no"
"jbartlett@ppmpartners.com","good","ok","no","no"
"jbates@aicconcrete.com","good","ok","no","no"
"jbeadlescomb@petrey.com","good","ok","no","no"
"jbean@atacompfund.org","good","ok","no","no"
"jbeck@thmarine.com","good","ok","no","no"
"jbenson@wenzelmetalspinning.com","good","ok","no","no"
"jbenson@xoarmortech.com","good","ok","no","no"
"jbeshears@athens-utilities.com","good","ok","no","no"
"jbetancourt@jimfalkautomotivegroup.com","good","ok","no","no"
"jbigham@southern-ind.com","good","ok","no","no"
"jbishop@islandabaoahu.com","good","ok","no","no"
"jbittner@aedcweb.com","good","ok","no","no"
"jblackmon@pittstrailers.com","good","ok","no","no"
"jblandford@tumet.com","good","ok","no","no"
"jblankenship@uscglass.com","good","ok","no","no"
"jbmarshall@taramfg.com","good","ok","no","no"
"jbobo@capitaltractor.com","good","ok","no","no"
"jbobo@mdncoke.net","good","ok","no","no"
"jboothe@pc3med.com","good","ok","no","no"
"jboozer@bobsmithconstruction.com","good","ok","no","no"
"jboozer@johnsoncont.com","good","ok","no","no"
"jboyles@claymoregroupllc.com","good","ok","no","no"
"jbradley@smsdatacenter.com","good","ok","no","no"
"jbragwell@bigriverbroadcasting.com","bad","invalid","no","no"
"jbraman@cliffsatprinceville.com","good","ok","no","no"
"jbranham@justifyrxcollective.com","good","ok","no","no"
"jbrasher@ovantellc.com","good","ok","no","no"
"jbrooks@homelandintel.us","good","ok","no","no"
"jbroughton@wamhc.org","good","ok","no","no"
"jbrown@aleutcorp.com","good","ok","no","no"
"jbrown@ardmore.net","good","ok","no","no"
"jbrown@baileybridge.com","good","ok","no","no"
"jbrown@hanwhacimarron.com","good","ok","no","no"
"jbrown@southernltg.com","good","ok","no","no"
"jbryant@fountainhomeloans.com","good","ok","no","no"
"jbullen@hydrotechnologies.com","good","ok","no","no"
"jburkett@orthofundamentals.com","good","ok","no","no"
"jburrows@ys-inc.com","risky","catch_all","no","no"
"jburt@burtsteel.com","risky","unknown","no","no"
"jbybee@gamedayforheroes.org","good","ok","no","no"
"jc@nohohomehawaii.com","good","ok","no","no"
"jcajimat@nessturf.com","good","ok","no","no"
"jcalagaz@immixstrategic.com","good","ok","no","no"
"jcambra@seniorhelpers.com","good","ok","no","no"
"jcampbell@daycampbell.com","good","ok","no","no"
"jcannon@legacycreditunion.com","good","ok","no","no"
"jcapps@fcinc1984.com","good","ok","no","no"
"jcarter@fullvisibility.com","good","ok","no","no"
"jcarter@wheatscarpet.com","good","ok","no","no"
"jcastro@muscleshoalsal.org","good","ok","no","no"
"jchang@hecouncil.org","good","ok","no","no"
"jchankhamany@builders.vc","good","ok","no","no"
"jchapman@dmv.ca.gov","good","ok","no","no"
"jchavez@unicoldcorp.com","good","ok","no","no"
"jchristian@northwestalabamaeda.org","good","ok","no","no"
"jchristy@pcifederal.com","good","ok","no","no"
"jchupp@finovifi.com","good","ok","no","no"
"jchutchens@vulcanlinetools.com","good","ok","no","no"
"jclark@elegantearth.com","good","ok","no","no"
"jclark@rectron.com","good","ok","no","no"
"jclement@jtrayco.com","good","ok","no","no"
"jcoe@llamanaturals.com","good","ok","no","no"
"jcolee@beknetworks.com","bad","invalid","no","no"
"jcollier@qualitycounts1.com","good","ok","no","no"
"jcollins@springhilltoyota.com","risky","catch_all","no","no"
"jcolvin@remtechllc.com","good","ok","no","no"
"jcompton@armour-house.com","good","ok","no","no"
"jconner@gridcompany.com","good","ok","no","no"
"jcook@closeout-pro.com","good","ok","no","no"
"jcooper@visionaryv.net","risky","catch_all","no","no"
"jcornelius@mnj.com","good","ok","no","no"
"jcoulter@guzzler.com","good","ok","no","no"
"jcovington@alsteel.us","good","ok","no","no"
"jcr@sei-ak.com","good","ok","no","no"
"jcrabbe@dimondcenterhotel.com","good","ok","no","no"
"jcraig@wavelinkinc.com","good","ok","no","no"
"jcrawley@danhartllc.com","good","ok","no","no"
"jcrosby@tituscpa.com","good","ok","no","no"
"jcruz@geolabs.net","good","ok","no","no"
"jcui@foundationshawaii.com","good","ok","no","no"
"jculpepper@douglasmanufacturing.com","good","ok","no","no"
"jcurrie@adlamfilms.com","good","ok","no","no"
"jcushman@4redi.com","good","ok","no","no"
"jd@teamairship.com","bad","invalid","no","no"
"jdaily@emergencyeducation.us","good","ok","no","no"
"jdaly@foundryministries.com","good","ok","no","no"
"jdavis@benefitpros.com","good","ok","no","no"
"jdavis@clarkexchange.com","good","ok","no","no"
"jdavis@jdavisinc.com","good","ok","no","no"
"jdavis@lathanmckee.com","good","ok","no","no"
"jdawes@eder.org","good","ok","no","no"
"jdchambless@pwigc.net","good","ok","no","no"
"jdefouw@mauinews.com","good","ok","no","no"
"jdehogues@ccsi-solutions.com","good","ok","no","no"
"jdemmert@kootznoowoo.com","bad","invalid","no","no"
"jdevries@porterallison.com","good","ok","no","no"
"jdgardner@aptuscapitaladvisors.com","good","ok","no","no"
"jdison@astrape.com","good","ok","no","no"
"jdixon@bostonmds.com","good","ok","no","no"
"jdolatowski@mtbtransport.com","bad","invalid","no","no"
"jdonald@locumsforhire.com","good","ok","no","no"
"jdonaldson@bobwallaceappliance.com","good","ok","no","no"
"jdorough@hdbinsurance.com","good","ok","no","no"
"jdoster@entsouth.com","good","ok","no","no"
"jdrake@willbrightfoundation.com","risky","catch_all","no","no"
"jdrinkard@brickstaffing.com","risky","unknown","no","no"
"jdukes@orionplantservices.com","bad","invalid","no","no"
"jdwright@milleniummachine.com","good","ok","no","no"
"jdybdahl@icystraitpoint.com","good","ok","no","no"
"jean.baker@fishrivertrees.com","bad","invalid","no","no"
"jean.brantley@concur.com","good","ok","no","no"
"jean@goodmerchsupply.com","risky","catch_all","no","no"
"jean@hticontractors.com","good","ok","no","no"
"jeanette@southbaldwinchamber.com","good","ok","no","no"
"jeanetteb@bauerak.com","good","ok","no","no"
"jeaniewilliams@toland-inc.com","good","ok","no","no"
"jeanna.kenny@springhill.org","good","ok","no","no"
"jeannie@alaskacountertops.com","risky","catch_all","no","no"
"jeanninew@centralstatebank.com","good","ok","no","no"
"jeanpierregirardin@cachetgroup.com","good","ok","no","no"
"jeanz@sepco.com","good","ok","no","no"
"jech@frontgatemedia.com","good","ok","no","no"
"jed.sims@rcclarkinc.com","good","ok","no","no"
"jed@gssmachinery.com","good","ok","no","no"
"jedmondson@mccainengineering.com","good","ok","no","no"
"jeet@mansahospitality.com","good","ok","no","no"
"jeff.coleman@colemanwg.com","good","ok","no","no"
"jeff.cornelius@capstoneresearchcorp.com","good","ok","no","no"
"jeff.drury@blueplainstech.com","good","ok","no","no"
"jeff.elmore@airiam.com","good","ok","no","no"
"jeff.harden@excelinteriordoor.com","good","ok","no","no"
"jeff.haverty@odinenterprises.net","good","ok","no","no"
"jeff.henderson@missiondrivenresearch.com","good","ok","no","no"
"jeff.mayes@oarcorp.com","good","ok","no","no"
"jeff.roberts@anovys.com","good","ok","no","no"
"jeff.sandborn@diamondparking.com","good","ok","no","no"
"jeff.todnem@orases.com","good","ok","no","no"
"jeff.waters@chaznline.com","good","ok","no","no"
"jeff@ainameals.com","good","ok","no","no"
"jeff@alaskaautorental.com","good","ok","no","no"
"jeff@aplusportablerestrooms.com","good","ok","no","no"
"jeff@barrowfinefurniture.com","good","ok","no","no"
"jeff@beechsystems.com","good","ok","no","no"
"jeff@championautogrp.com","good","ok","no","no"
"jeff@chubbiesburgers.com","risky","catch_all","no","no"
"jeff@fitmtg.com","good","ok","no","no"
"jeff@jeffwhitephotographer.com","good","ok","no","no"
"jeff@jrmsonsconsulting.com","good","ok","no","no"
"jeff@lifanpowerusa.com","risky","unknown","no","no"
"jeff@mcwhorterandco.com","risky","catch_all","no","no"
"jeff@mdhconstructionservices.com","good","ok","no","no"
"jeff@mgahawaii.com","good","ok","no","no"
"jeff@mozaicav.com","good","ok","no","no"
"jeff@nicetocuhawaii.com","good","ok","no","no"
"jeff@rooftechnologypartners.com","good","ok","no","no"
"jeff@smartstg.com","good","ok","no","no"
"jeff@stripeyourlot.com","good","ok","no","no"
"jeff@totalcommarketing.com","good","ok","no","no"
"jeff@weezabi.com","good","ok","no","no"
"jeffb@pinnacleegr.com","good","ok","no","no"
"jeffconner@alaconsupply.com","good","ok","no","no"
"jeffn@loftisrobbins.com","good","ok","no","no"
"jeffrey.turkington@hilcorp.com","risky","unknown","no","no"
"jeffrey@gssmachinery.com","good","ok","no","no"
"jegil@mypyepos.com","bad","invalid","no","no"
"jeichelkraut@rapta.ai","good","ok","no","no"
"jelkins@tci-sales.com","good","ok","no","no"
"jellis@lifewiregroup.com","good","ok","no","no"
"jen.crow@nursesfornurses.org","good","ok","no","no"
"jen.desruisseau@obhn.org","risky","catch_all","no","no"
"jen.roberts@etadatadirect.com","bad","invalid","no","no"
"jen@beachsidelighting.com","good","ok","no","no"
"jen@boomphotobooth.com","good","ok","no","no"
"jen@haleiwasurfboard.com","risky","unknown","no","no"
"jen@konaseasalt.com","risky","catch_all","no","no"
"jen@ponsarvaluation.com","good","ok","no","no"
"jena@hereforstudio.com","risky","catch_all","no","no"
"jendfinger@greers.com","good","ok","no","no"
"jenell@snrealty.com","good","ok","no","no"
"jenelle.honbo@arcadia.org","good","ok","no","no"
"jenglish@columbiapikeanimalh.com","bad","invalid","no","no"
"jenhakala@nomaralaska.com","risky","catch_all","no","no"
"jenifer.juarez@wlv.com","good","ok","no","no"
"jenkinsr@htbg.com","good","ok","no","no"
"jenn.buckner@theaccountrepreneur.com","risky","catch_all","no","no"
"jenn.riter@crossonagency.com","good","ok","no","no"
"jenn@1xrpm.com","good","ok","no","no"
"jenn@ornametals.com","risky","catch_all","no","no"
"jenna.walker@textus.com","good","ok","no","no"
"jennalise@gatherwell.org","risky","catch_all","no","no"
"jennica@ocean-era.com","good","ok","no","no"
"jennie.morawetz@scorealytics.com","good","ok","no","no"
"jennie@alforward.org","good","ok","no","no"
"jennifer.byrne@shieldsandstripes.org","good","ok","no","no"
"jennifer.canty@palogic.com","good","ok","no","no"
"jennifer.cook-fujioka@irhawaii.com","good","ok","no","no"
"jennifer.crawford@vulcaninc.com","good","ok","no","no"
"jennifer.fapso@sheeatikafederal.com","good","ok","no","no"
"jennifer.hunter@ihg.com","good","ok","no","no"
"jennifer.kulovitz@86repairs.com","good","ok","no","no"
"jennifer.marquiss@computing-alt.com","bad","invalid","no","no"
"jennifer.murray@secvis.com","good","ok","no","no"
"jennifer.sabir@aianetwork.net","good","ok","no","no"
"jennifer.salviejo@khon2.com","good","ok","no","no"
"jennifer.shepherd@myperfectstays.com","good","ok","no","no"
"jennifer.thorington-hines@edtinc.net","good","ok","no","no"
"jennifer.vo@poukihi.com","good","ok","no","no"
"jennifer.willis@atcu.com","good","ok","no","no"
"jennifer.wray@olamshrine.com","good","ok","no","no"
"jennifer@alabamapoultry.org","good","ok","no","no"
"jennifer@alan-shintani.com","good","ok","no","no"
"jennifer@amea.com","good","ok","no","no"
"jennifer@cmcfp.com","good","ok","no","no"
"jennifer@comfortplusfamilydental.com","good","ok","no","no"
"jennifer@dibblecreekrock.com","good","ok","no","no"
"jennifer@dogwood-hill.com","risky","catch_all","no","no"
"jennifer@doubledutyclean.com","good","ok","no","no"
"jennifer@forrestandfields.com","risky","catch_all","no","no"
"jennifer@free-2-teach.org","good","ok","no","no"
"jennifer@getsimplybookkeeping.com","good","ok","no","no"
"jennifer@groganjewelers.com","good","ok","no","no"
"jennifer@gulfbelt.com","bad","invalid","no","no"
"jennifer@hoistpartners.com","good","ok","no","no"
"jennifer@islandeventshawaii.com","bad","invalid","no","no"
"jennifer@iwantgreatwater.com","bad","invalid","no","no"
"jennifer@libraryc.org","good","ok","no","no"
"jennifer@mainstreetalabama.org","good","ok","no","no"
"jennifer@microopticsfl.com","risky","catch_all","no","no"
"jennifer@oaksapparel.com","good","ok","no","no"
"jennifer@rinehartins.com","good","ok","no","no"
"jennifer@sgcchawaii.com","good","ok","no","no"
"jennifer@shuttersbydesign.com","good","ok","no","no"
"jennifer@talton.com","good","ok","no","no"
"jennifer@tennesseevalleyfence.com","good","ok","no","no"
"jennifer@watermarkplaceal.com","good","ok","no","no"
"jenniferb@werkplas.com","risky","unknown","no","no"
"jennifervila@allsouthsub.com","good","ok","no","no"
"jenny.bramblett@dalecarnegie.com","good","ok","no","no"
"jenny@bestlifewellnesshsv.com","good","ok","no","no"
"jenny@carneyllc.com","good","ok","no","no"
"jenny@encoelectronics.com","good","ok","no","no"
"jenny@morganhabitat.org","good","ok","no","no"
"jenny@ohanaarts.org","good","ok","no","no"
"jenny@reidclassics.com","risky","catch_all","no","no"
"jennyaskins@touronimo.com","good","ok","no","no"
"jennyl@gonzalezmarketing.com","good","ok","no","no"
"jensen.galan@wgt.com","good","ok","no","no"
"jenson.gore@renaissancemontgomery.com","good","ok","no","no"
"jentrydean@curoots.com","good","ok","no","no"
"jerad@tirecityal.com","bad","invalid","no","no"
"jerald.jones@sunbeltfire.com","bad","invalid","no","no"
"jeremy.benda@vmt-systems.com","good","ok","no","no"
"jeremy.floyd@hultquisthomes.com","good","ok","no","no"
"jeremy.gwin@mcwanepoles.com","good","ok","no","no"
"jeremy.potapowicz@tstech.com","good","ok","no","no"
"jeremy.simmons@promeniq.com","good","ok","no","no"
"jeremy@agencyhawaii.com","good","ok","no","no"
"jeremy@bergemangroup.com","good","ok","no","no"
"jeremy@cloudcapsule.io","good","ok","no","no"
"jeremy@mobleyandpartners.com","good","ok","no","no"
"jeremy@o3.solutions","good","ok","no","no"
"jeremy@serahonolulu.com","risky","catch_all","no","no"
"jeremy@stanleynissan.com","bad","invalid","no","no"
"jeremy@struct-engr.com","good","ok","no","no"
"jeremy@timbercrafttinyhomes.com","good","ok","no","no"
"jeremya@allenmetals.com","good","ok","no","no"
"jeremyamberg@betterbookkeepers.com","good","ok","no","no"
"jeremylopez7@identitynetwork.net","good","ok","no","no"
"jerenaw@alruralwater.com","good","ok","no","no"
"jerickson@southernclaybrick.com","good","ok","no","no"
"jerlingsson@therockfwc.org","good","ok","no","no"
"jerome@tlcghawaii.com","good","ok","no","no"
"jerrell@jsimpsonfit.com","risky","catch_all","no","no"
"jerrihall@islamoradapools.com","good","ok","no","no"
"jerry.palmer@pilgrims.com","good","ok","no","no"
"jerry@identitysignshop.com","good","ok","no","no"
"jerry@idscuts.com","good","ok","no","no"
"jerry@kauainursery.com","good","ok","no","no"
"jerry@pacificlegend.com","good","ok","no","no"
"jerry@sasimpact.com","good","ok","no","no"
"jerryg@etintegrators.com","bad","invalid","no","no"
"jerryw@isescorp.com","good","ok","no","no"
"jerwin@clearcommsales.com","good","ok","no","no"
"jeschilleci@supremebeverage.com","good","ok","no","no"
"jeslyn@travelesolutions.com","good","ok","no","no"
"jesse.ramirez@arcarithm.com","risky","catch_all","no","no"
"jesse.wilson@fishingchaos.com","risky","catch_all","no","no"
"jesse@bacommunication.com","risky","unknown","no","no"
"jesse@gadfab.com","good","ok","no","no"
"jesse@pursuitengineering.com","good","ok","no","no"
"jesse@welcomestranger.co","risky","unknown","no","no"
"jesse@zorafinancial.com","good","ok","no","no"
"jessica.d@opinionsforcash.com","good","ok","no","no"
"jessica.kanser@smiththornton.com","good","ok","no","no"
"jessica.mateo@pacificahonolulu.com","bad","invalid","no","no"
"jessica.t@thermalcorp.com","bad","invalid","no","no"
"jessica.vanni@csvertical.com","good","ok","no","no"
"jessica.willey@achieveabilityts.com","good","ok","no","no"
"jessica@7ones.com","good","ok","no","no"
"jessica@alabamasweettea.com","good","ok","no","no"
"jessica@alaskapremierauctions.com","good","ok","no","no"
"jessica@arbourvalleymgt.com","good","ok","no","no"
"jessica@bcsalabama.net","risky","catch_all","no","no"
"jessica@bedrockocean.com","good","ok","no","no"
"jessica@brightandgray.com","good","ok","no","no"
"jessica@dreamcourt.org","risky","catch_all","no","no"
"jessica@fairhopedental.com","good","ok","no","no"
"jessica@greenwellfarms.com","good","ok","no","no"
"jessica@hvacrfinest.com","risky","catch_all","no","no"
"jessica@kauainorthshoreanimalclinic.com","good","ok","no","no"
"jessica@kelleynetwork.com","good","ok","no","no"
"jessica@kingdombuildershawaii.com","risky","unknown","no","no"
"jessica@kymindustries.com","good","ok","no","no"
"jessica@pangcomm.com","good","ok","no","no"
"jessica@prototypingsolutions.com","good","ok","no","no"
"jessica@rwshawaii.com","good","ok","no","no"
"jessica@thekalosgroup.com","good","ok","no","no"
"jessica@truittinsurance.com","good","ok","no","no"
"jessica@wrightwayautocarriers.com","good","ok","no","no"
"jessicameshell@powersei.com","good","ok","no","no"
"jessicao@townsendhonda.com","risky","unknown","no","no"
"jessie@featherstofur.com","good","ok","no","no"
"jessie@witzigcpa.com","risky","catch_all","no","no"
"jessis@2020acct.com","good","ok","no","no"
"jestell@dunnconstruction.com","good","ok","no","no"
"jestes@buchananhardwoods.com","good","ok","no","no"
"jesullivan@talkeetnaalaskanlodge.com","good","ok","no","no"
"jeverett@coastal-hr.com","good","ok","no","no"
"jfairey@oneclubgulfshores.com","good","ok","no","no"
"jfalkowski@familyguidancecenter.org","good","ok","no","no"
"jfaris@morristhompsoncenter.org","good","ok","no","no"
"jfarr@wellbornforest.com","good","ok","no","no"
"jfarrior@colonial-insurance.com","good","ok","no","no"
"jfaught@brick.com","good","ok","no","no"
"jfields@stonerivercompany.com","good","ok","no","no"
"jfife@baconuniversal.com","good","ok","no","no"
"jfinch@atvmob.com","good","ok","no","no"
"jfishinger@waileapoint.org","risky","unknown","no","no"
"jfleming@skyworthusa.com","good","ok","no","no"
"jfong@hitechsupport.net","risky","catch_all","no","no"
"jforsting@nnec.coop","good","ok","no","no"
"jfoster@bluewaterlumber.com","good","ok","no","no"
"jfoster@ren-mfg.com","good","ok","no","no"
"jfrankford@boundarytitle.com","bad","invalid","no","no"
"jfranklin@evergreenforestproductsinc.com","good","ok","no","no"
"jfranklin@rainbowtech.net","good","ok","no","no"
"jfranklin@row-con.com","good","ok","no","no"
"jfuller@cforbesinc.com","good","ok","no","no"
"jfuller@stscontrols.com","good","ok","no","no"
"jgalvez@ohanacaremaui.com","good","ok","no","no"
"jgant@hhxray.com","risky","unknown","no","no"
"jgauthier@molrix.net","risky","catch_all","no","no"
"jgeist@hilltopskiarea.org","good","ok","no","no"
"jgennusa@houstonprocessanddesign.com","good","ok","no","no"
"jgenter@zephyrfiltration.com","good","ok","no","no"
"jgifford@inline.com","good","ok","no","no"
"jgill@gastudio.com","good","ok","no","no"
"jgitomer@khcalaska.com","risky","catch_all","no","no"
"jgiuka@valleyjoist.com","good","ok","no","no"
"jglass@southeastcraneandhoistal.com","bad","invalid","no","no"
"jglenister@akneurosurgery.com","good","ok","no","no"
"jglover@esc-supply.com","good","ok","no","no"
"jgray@milleniummachine.com","good","ok","no","no"
"jgreenberg@ansnewspaper.com","bad","invalid","no","no"
"jgreene@9rooftops.com","good","ok","no","no"
"jgrillo@pastilla.co","good","ok","no","no"
"jgrimes@marjacpoultryal.com","good","ok","no","no"
"jguedes@guidantpower.com","good","ok","no","no"
"jgunnells@cityoflanett.com","good","ok","no","no"
"jgunther@aggaston.com","good","ok","no","no"
"jhale@alcanelectric.com","good","ok","no","no"
"jhaley@rasmuson.org","good","ok","no","no"
"jhall@bateyandsanders.com","good","ok","no","no"
"jhamilton@crenshawcommunityhospital.com","good","ok","no","no"
"jhammond@dykesrestsupply.com","good","ok","no","no"
"jhamner@wvua23.com","good","ok","no","no"
"jhanzawa@teghi.com","good","ok","no","no"
"jharris@bdwarchitects.com","good","ok","no","no"
"jharris@crosscreektractor.com","good","ok","no","no"
"jharris@peaksubstation.com","good","ok","no","no"
"jharrolle@thrivetrauma.com","good","ok","no","no"
"jhartsell@dadot.com","good","ok","no","no"
"jhatcher@acusi.com","good","ok","no","no"
"jhatten@stokesautomotive.net","good","ok","no","no"
"jhausen@rccbirmingham.org","good","ok","no","no"
"jhawkins@theshoulder.org","good","ok","no","no"
"jhayes@mvnp.com","good","ok","no","no"
"jhebert@trojb.design","good","ok","no","no"
"jhenderson@bhaminsgroup.com","good","ok","no","no"
"jhester@petrarms.com","good","ok","no","no"
"jhibbert@regarrison.com","good","ok","no","no"
"jhicks@conditionmonitoringanalytics.com","good","ok","no","no"
"jhill@agcorsteel.com","good","ok","no","no"
"jho@liveaction.com","good","ok","no","no"
"jhoagland@alaskanaids.org","good","ok","no","no"
"jhoffman@ftsfederal.com","good","ok","no","no"
"jhoover@hiedb.org","good","ok","no","no"
"jhorlacher@hybirdspace.com","good","ok","no","no"
"jhornstein@artshuntsville.org","good","ok","no","no"
"jhorton@strategic-si.com","good","ok","no","no"
"jhough@hartzell.aero","good","ok","no","no"
"jhouston@bentonautogroup.com","good","ok","no","no"
"jhouston@rhcak.com","good","ok","no","no"
"jhuffman@clutchrecruitment.com","risky","catch_all","no","no"
"jhugall@hhbfirm.com","good","ok","no","no"
"jhughes@southernwoodsmith.com","good","ok","no","no"
"jhunter@sandstormdesign.com","good","ok","no","no"
"jhurns@legacycreditunion.com","good","ok","no","no"
"jill.bishop@krebseng.com","good","ok","no","no"
"jill.coale@pmaenterprise.com","good","ok","no","no"
"jill.huschke@myperfectstays.com","good","ok","no","no"
"jill.karr@huntersafetysystem.com","good","ok","no","no"
"jill.malone@aronov.com","good","ok","no","no"
"jill@elminfo.com","good","ok","no","no"
"jill@lakeleague.com","risky","catch_all","no","no"
"jill@mobilebayrealty.com","risky","catch_all","no","no"
"jill@proadvisors.com","good","ok","no","no"
"jill@siluriabrewing.com","risky","catch_all","no","no"
"jill@sugarmuseum.com","good","ok","no","no"
"jillian@uptickmarketing.com","good","ok","no","no"
"jillian@yhfarms.com","good","ok","no","no"
"jillmoniz@ainahuaflorals.com","good","ok","no","no"
"jim.dixon@d3sports.com","good","ok","no","no"
"jim.droppleman@e4technologyinc.com","good","ok","no","no"
"jim.foscue@jdmsolutions.com","good","ok","no","no"
"jim.male@amblermetals.com","good","ok","no","no"
"jim@allproak.com","good","ok","no","no"
"jim@anderspool.com","good","ok","no","no"
"jim@avilution.com","risky","catch_all","no","no"
"jim@blueskyrain.com","good","ok","no","no"
"jim@capitalvolvo.com","good","ok","no","no"
"jim@colburninc.com","risky","catch_all","no","no"
"jim@jernstromengineering.com","good","ok","no","no"
"jim@jimmathewsbuilder.com","good","ok","no","no"
"jim@jkdbrands.com","good","ok","no","no"
"jim@jmanley.com","good","ok","no","no"
"jim@mosonetworks.com","good","ok","no","no"
"jim@situla.biz","good","ok","no","no"
"jimbo@printprozhawaii.com","good","ok","no","no"
"jimf@thermodyn.com","good","ok","no","no"
"jimh@flyrightinc.org","good","ok","no","no"
"jimhegedus@jackwhite.com","good","ok","no","no"
"jimmy.nelson@advics-ga.com","good","ok","no","no"
"jimmy@bisofficesystems.com","good","ok","no","no"
"jimmy@blueumbrella.ch","good","ok","no","no"
"jimmy@controlfreakshawaii.com","good","ok","no","no"
"jimmy@solomonchevrolet.com","good","ok","no","no"
"jimson.carr@hitachirail.com","good","ok","no","no"
"jina@inmyclosethawaii.com","risky","unknown","no","no"
"jingram@beringstraits.com","risky","catch_all","no","no"
"jirehgoldsmith@betterthanaverage.online","good","ok","no","no"
"jjackson@clinicalurology.com","good","ok","no","no"
"jjackson@pylonbuilding.com","risky","unknown","no","no"
"jjacobsen@colaska.com","good","ok","no","no"
"jjason@pylonbuilding.com","risky","unknown","no","no"
"jjenkins@colaska.com","good","ok","no","no"
"jjenkins@prpquality-us.com","good","ok","no","no"
"jjohnsen@jernstromengineering.com","good","ok","no","no"
"jjohnson@alsbom.org","good","ok","no","no"
"jjohnson@lwval.org","good","ok","no","no"
"jjohnson@sparksindustries.com","good","ok","no","no"
"jjohnson@uofsdocs.com","good","ok","no","no"
"jjones@irondale.com","good","ok","no","no"
"jjones@licoa.com","good","ok","no","no"
"jjones@theworshipcentercc.org","good","ok","no","no"
"jjunkin@deervalleyhb.com","good","ok","no","no"
"jjurado@49thstatebrewing.com","good","ok","no","no"
"jkaalekahi@cardaxpharma.com","bad","invalid","no","no"
"jkamekaneya@konabeachhotel.com","good","ok","no","no"
"jkathman@hah.org","good","ok","no","no"
"jkeane@cariberesort.com","risky","catch_all","no","no"
"jkeith@picklerage.com","good","ok","no","no"
"jkeith@usasurveyingengineering.com","risky","catch_all","no","no"
"jkelley@srca.net","good","ok","no","no"
"jkelly@southernhaulersllc.com","good","ok","no","no"
"jkenneally@colaska.com","good","ok","no","no"
"jkimura@gproadwaysolutions.com","good","ok","no","no"
"jkines@simplifygenomics.com","good","ok","no","no"
"jking@cadillacofbirmingham.com","good","ok","no","no"
"jkiser@candmfoods.com","good","ok","no","no"
"jknapp@fairbankscollision.net","good","ok","no","no"
"jknight@alaha.org","good","ok","no","no"
"jknight@fairhopebuildingcompany.com","good","ok","no","no"
"jkopp@yksd.com","good","ok","no","no"
"jkossman@level3transactions.com","good","ok","no","no"
"jkruse@timberlinegc.com","good","ok","no","no"
"jkyser@russellala.com","good","ok","no","no"
"jlackey@bsiequipment.com","good","ok","no","no"
"jlake@jmf.com","good","ok","no","no"
"jlankford@urbanavenues.com","good","ok","no","no"
"jlape@tdi.services","good","ok","no","no"
"jlarson@xoarmortech.com","good","ok","no","no"
"jlawson@spi-al.com","bad","invalid","no","no"
"jlc@leeinterprop.com","risky","catch_all","no","no"
"jlea@joepiperinc.com","good","ok","no","no"
"jlebon@pankeyproperties.com","risky","catch_all","no","no"
"jlee@servpac.com","risky","catch_all","no","no"
"jlehmkuhl@generatorpowersys.com","good","ok","no","no"
"jleonard@darkinsurance.com","good","ok","no","no"
"jlewis@uptimeelectric.com","good","ok","no","no"
"jlittle@floorready.com","good","ok","no","no"
"jlittlepage@fairhopebuildingcompany.com","good","ok","no","no"
"jlong@atlasrfidstore.com","good","ok","no","no"
"jlong@stonegateig.com","risky","catch_all","no","no"
"jloo@hawaiiwomenintech.org","good","ok","no","no"
"jlopez-galvan@birminghamec.com","good","ok","no","no"
"jlum@uluhitech.com","good","ok","no","no"
"jlyons@scanoptics.com","good","ok","no","no"
"jmachen@tci-sales.com","good","ok","no","no"
"jmack@bergemangroup.com","good","ok","no","no"
"jmack@gprmp.com","good","ok","no","no"
"jmackay@gprmp.com","good","ok","no","no"
"jmadden@neuagehealthwellness.com","risky","catch_all","no","no"
"jmahaffey@billnoblepark.com","good","ok","no","no"
"jmahler@ames1.net","good","ok","no","no"
"jmaples@earthcreations.net","good","ok","no","no"
"jmarkstrom@flowdynamics.net","good","ok","no","no"
"jmason@smdresp.com","good","ok","no","no"
"jmason@thecrossingsatriverchase.com","good","ok","no","no"
"jmasters@blackbeltenergy.com","good","ok","no","no"
"jmastin@netleasealliance.com","good","ok","no","no"
"jmatley@aksys.co","good","ok","no","no"
"jmau@epicohana.org","good","ok","no","no"
"jmayer@bbgs.pro","risky","catch_all","no","no"
"jmayo@ultimatelinings.com","good","ok","no","no"
"jmccarthy@honolulubuilders.com","good","ok","no","no"
"jmcclure@blackcreekisc.com","good","ok","no","no"
"jmccoy@karmart.com","good","ok","no","no"
"jmcdaniel@cityofirondaleal.gov","good","ok","no","no"
"jmcdiarmid@weilerforestry.com","good","ok","no","no"
"jmcdonald@midstatetruckandtrailer.com","risky","unknown","no","no"
"jmcfarland@millardmaritime.com","good","ok","no","no"
"jmcgee@happihealth.org","good","ok","no","no"
"jmcgraw@fenwickbrands.com","good","ok","no","no"
"jmcilwain@johnsonkreis.com","good","ok","no","no"
"jmckenna@mediamerge.com","risky","catch_all","no","no"
"jmclaughlin@foundationshawaii.com","good","ok","no","no"
"jmclendon@kwplastics.com","good","ok","no","no"
"jmedeiros@liquidlightstudios.com","risky","catch_all","no","no"
"jmedeiros@medcah.com","good","ok","no","no"
"jmejia@prestigealarm.com","good","ok","no","no"
"jmiles@jsmithcars.com","good","ok","no","no"
"jmiller@rellimcontracting.com","good","ok","no","no"
"jmiller@uspacdev.com","good","ok","no","no"
"jmillhouse@ccipe.com","good","ok","no","no"
"jmills@tortorigi.com","good","ok","no","no"
"jmitchell@pylonbuilding.com","risky","unknown","no","no"
"jmizuno@jtb-hawaii.com","good","ok","no","no"
"jmohs@rhcak.com","good","ok","no","no"
"jmolo@corpwarehousing.com","good","ok","no","no"
"jmonroe@mbtdesign.net","good","ok","no","no"
"jmontgomery@mawss.com","good","ok","no","no"
"jmoore@lakeviewrisk.com","risky","catch_all","no","no"
"jmorales-onza@hawaiianeye.com","good","ok","no","no"
"jmorgan@cougaroil.com","good","ok","no","no"
"jmorigeau@newhorizons.io","good","ok","no","no"
"jmorris@envolve-engineering.com","good","ok","no","no"
"jms@juneaumontessori.org","good","ok","no","no"
"jmucci@scscabinets.com","good","ok","no","no"
"jmummert@selectstrat.com","good","ok","no","no"
"jmuratori@d7supply.com","good","ok","no","no"
"jmurray@tortillaking.com","good","ok","no","no"
"jnewkirk@govesi.com","good","ok","no","no"
"jnewman@neilsenandhiebert.com","good","ok","no","no"
"jnguyen@hawaiihie.org","good","ok","no","no"
"jnguyen@vicomm.net","good","ok","no","no"
"jniketas@terramarsearch.com","risky","catch_all","no","no"
"jnix@barronmachinefab.com","risky","catch_all","no","no"
"jnobriga@bluehawaiian.com","good","ok","no","no"
"jnoel@coilplus.com","good","ok","no","no"
"jnorman@arlingtonproperties.net","good","ok","no","no"
"jnorris@reacctsystems.com","good","ok","no","no"
"jnorton@pinnaclepowersales.com","good","ok","no","no"
"jnull@gulfcoastfa.com","good","ok","no","no"
"jo@mauinuivenison.com","good","ok","no","no"
"joakes@trucabinetry.com","good","ok","no","no"
"joan.tornga@improvisedelectronics.com","risky","catch_all","no","no"
"joana@inlineflooring.com","good","ok","no","no"
"joanie.busbin@umch.net","good","ok","no","no"
"joann.mellish@nprb.org","good","ok","no","no"
"joann@gpscounseling.net","good","ok","no","no"
"joanna@alaskaworks.org","good","ok","no","no"
"joanna@barkerkappelle.com","good","ok","no","no"
"joans@shopphhs.com","good","ok","no","no"
"joash.pangilinan@puralwater.com","good","ok","no","no"
"jodie@lakescape.com","good","ok","no","no"
"jodie@pacrimmtg.com","good","ok","no","no"
"jodom@sprayroq.com","good","ok","no","no"
"jody@mcgeelumberco.com","good","ok","no","no"
"jody@wilsondismukes.com","good","ok","no","no"
"jodyn@nationalwallpanels.com","good","ok","no","no"
"joe.arredondo@crconline.com","good","ok","no","no"
"joe.pierce@starfishholdings.com","good","ok","no","no"
"joe@2065wealth.com","good","ok","no","no"
"joe@c2hawaii.com","good","ok","no","no"
"joe@courtneyandmorris.com","good","ok","no","no"
"joe@eielectrical.com","good","ok","no","no"
"joe@h2owaterproofing.com","good","ok","no","no"
"joe@jimmiehalemission.com","good","ok","no","no"
"joe@jlynch-llc.com","good","ok","no","no"
"joe@kahala.com","good","ok","no","no"
"joe@missiledesign.net","good","ok","no","no"
"joe@nauticalmarineak.com","good","ok","no","no"
"joe@torysroofing.com","good","ok","no","no"
"joe_true@yuseisy.cn","good","ok","no","no"
"joebright@vcmsolutions.org","good","ok","no","no"
"joeh@sandershyland.com","good","ok","no","no"
"joel.haythorn@ternion.com","good","ok","no","no"
"joel.simmons@birminghamal.gov","good","ok","no","no"
"joel@atlas-sales.com","good","ok","no","no"
"joel@engagingdisability.org","good","ok","no","no"
"joel@qrse.com","good","ok","no","no"
"joem@surfpaws.net","good","ok","no","no"
"joem@texlaenergy.com","good","ok","no","no"
"joep@ninestar.org","good","ok","no","no"
"joey@brandneue.co","good","ok","no","no"
"joey@fausaktire.com","bad","invalid","no","no"
"joey@jasperlumber.com","good","ok","no","no"
"joey@peerly.com","good","ok","no","no"
"joey@southernlift.com","good","ok","no","no"
"joey@summit-waterproofing.com","good","ok","no","no"
"joey@wealthwithoutwallstreet.com","good","ok","no","no"
"joeyann-staggs@paradiserealty808.com","good","ok","no","no"
"joeyhall@toyotaofdothan.com","good","ok","no","no"
"johanna@familyhuihawaii.org","good","ok","no","no"
"john.beverly@tilsatec.com","good","ok","no","no"
"john.cho@gummoonusa.com","good","ok","no","no"
"john.cottle@ahtglobal.com","good","ok","no","no"
"john.crews@auburnav.com","good","ok","no","no"
"john.cuel@cepedasystems.com","good","ok","no","no"
"john.daley@anchorageak.gov","good","ok","no","no"
"john.farabee@wilkstire.com","good","ok","no","no"
"john.garrison@sonicautomotive.com","good","ok","no","no"
"john.godwin@coalmont.com","good","ok","no","no"
"john.griner@rusticisoftware.com","good","ok","no","no"
"john.guarniere@raesch.net","good","ok","no","no"
"john.jaquess@syncadd.com","good","ok","no","no"
"john.jung@hanwhaus.com","good","ok","no","no"
"john.moore@hybarsteel.com","good","ok","no","no"
"john.muniz@isaiahengineering.com","good","ok","no","no"
"john.novalich@hrgranite.com","risky","catch_all","no","no"
"john.olsen@summitmediacorp.com","good","ok","no","no"
"john.p.watts@raymondjames.com","good","ok","no","no"
"john.phillips@ihp.us.com","good","ok","no","no"
"john.porter@samuel.com","good","ok","no","no"
"john.roberts@freedomrealestate.biz","good","ok","no","no"
"john.robinsonwilson@arcticvalley.org","good","ok","no","no"
"john.ruyak@safealaskans.org","good","ok","no","no"
"john.safford@axissurgical.net","good","ok","no","no"
"john.wood@norshield.net","good","ok","no","no"
"john.wright@decision.com","good","ok","no","no"
"john@alabamabaths.com","good","ok","no","no"
"john@bigdogventures.net","good","ok","no","no"
"john@boostersinc.net","good","ok","no","no"
"john@brawco.com","good","ok","no","no"
"john@cahababrewing.com","risky","catch_all","no","no"
"john@cevaproductions.com","good","ok","no","no"
"john@colemanrussell.com","good","ok","no","no"
"john@collectivrights.com","good","ok","no","no"
"john@compressionworks.net","good","ok","no","no"
"john@craftmaster.com","bad","invalid","no","no"
"john@criteriontravel.com","good","ok","no","no"
"john@daphneutilities.com","good","ok","no","no"
"john@dorgersoft.com","good","ok","no","no"
"john@elitepoolservices.com","good","ok","no","no"
"john@fairhopebrewing.com","good","ok","no","no"
"john@freshmanagedit.com","good","ok","no","no"
"john@fssurfacesolutions.com","bad","invalid","no","no"
"john@garner-engineering.com","good","ok","no","no"
"john@indinsinc.us","good","ok","no","no"
"john@johnjulian.com","good","ok","no","no"
"john@johnstarmer.com","good","ok","no","no"
"john@longleafcenters.com","good","ok","no","no"
"john@mabowl.com","good","ok","no","no"
"john@mcghawaii.com","good","ok","no","no"
"john@nelsonglass.com","good","ok","no","no"
"john@o-wow.com","risky","catch_all","no","no"
"john@performancemineralscorp.com","good","ok","no","no"
"john@proxylink.co","good","ok","no","no"
"john@rocketmep.com","good","ok","no","no"
"john@sadlersports.com","good","ok","no","no"
"john@smithmaint.com","good","ok","no","no"
"john@southernpatientcare.com","risky","unknown","no","no"
"john@sunsetproperties.com","good","ok","no","no"
"john@superiorpestal.com","good","ok","no","no"
"john@thenaminggroup.com","risky","catch_all","no","no"
"john@triadpminc.com","good","ok","no","no"
"john@tufmla.com","good","ok","no","no"
"john@unboundgrace.life","good","ok","no","no"
"john@upakweship.com","good","ok","no","no"
"johnathan.bevers@certipath.com","good","ok","no","no"
"johnathan.lankford@centroresources.com","good","ok","no","no"
"johnathanmakovicka@greenway.com","risky","catch_all","no","no"
"johnb@bradfordbuilding.com","good","ok","no","no"
"johnbrooks@fairwayinvestments.com","good","ok","no","no"
"johnburkett@coxpoolsinc.com","good","ok","no","no"
"johnc@gigaparts.com","good","ok","no","no"
"johnf@montgomerytechnology.com","good","ok","no","no"
"johnf@precisionresources.org","good","ok","no","no"
"johng@bucherglass.com","good","ok","no","no"
"johnj@delaneyinc.net","good","ok","no","no"
"johnnie@diamondmservices.com","good","ok","no","no"
"johnny@athleticclubalabama.com","good","ok","no","no"
"johnny@cooperautomotive.com.au","risky","catch_all","no","no"
"johnny@hawaiiluxurylistings.com","good","ok","no","no"
"johnny@irs-256.com","good","ok","no","no"
"johnny@orgro.us","good","ok","no","no"
"johnp@edc-alaska.com","good","ok","no","no"
"johnthomas@usppllc.com","good","ok","no","no"
"johnw@label-aid.com","good","ok","no","no"
"jojo@taxplusservices.com","bad","invalid","no","no"
"jokubo@twghawaii.com","good","ok","no","no"
"joleen@mokuluahpb.com","good","ok","no","no"
"joleene@wagsnwhiskersofthewiregrass.com","risky","catch_all","no","no"
"jolei@pacificvalor.com","good","ok","no","no"
"jolina@chinafanxi.com","good","ok","no","no"
"jolly.ji@verseone.net","risky","unknown","no","no"
"jon.tourville@runsafesecurity.com","good","ok","no","no"
"jon.vo@etowahchamber.org","good","ok","no","no"
"jon@bustermilesford.com","bad","invalid","no","no"
"jon@coats-electric.com","good","ok","no","no"
"jon@datashapesai.com","good","ok","no","no"
"jon@grandermarine.com","good","ok","no","no"
"jon@hmg.direct","good","ok","no","no"
"jon@ninelocksbrewing.ca","good","ok","no","no"
"jon@servicewithaloha.com","good","ok","no","no"
"jonah@1pointusa.com","good","ok","no","no"
"jonah@premierkauai.com","good","ok","no","no"
"jonah@storiesmarketing.org","good","ok","no","no"
"jonahm@gabbyhome.com","good","ok","no","no"
"jonathan.clark@codoxo.com","good","ok","no","no"
"jonathan.creekmore@darkskytechnology.com","good","ok","no","no"
"jonathan@256roofing.com","good","ok","no","no"
"jonathan@dvorakfp.com","good","ok","no","no"
"jonathan@eidsoninc.com","good","ok","no","no"
"jonathan@evokeaviation.com","risky","catch_all","no","no"
"jonathan@garner-engineering.com","good","ok","no","no"
"jonathan@hawaiianaromacaffe.com","good","ok","no","no"
"jonathan@installitdirect.com","good","ok","no","no"
"jonathan@lagreemaui.com","good","ok","no","no"
"jonathan@mijcpa.com","risky","catch_all","no","no"
"jonathan@reddoorhomesal.com","good","ok","no","no"
"jonathan@shelvingdesignsystems.com","risky","catch_all","no","no"
"jonathan@tangotango.net","good","ok","no","no"
"jonathan@untetherllc.com","risky","catch_all","no","no"
"jonathane@mosind.com","good","ok","no","no"
"jonathon.blanchard@ioausa.com","good","ok","no","no"
"jonathon@sos-hawaii.com","good","ok","no","no"
"jonbush@queenconstruction.com","good","ok","no","no"
"jonythan@showcar.us","risky","unknown","no","no"
"jordan@aksolarpower.com","good","ok","no","no"
"jordan@boulderinsight.com","good","ok","no","no"
"jordan@earthworkspacific.com","good","ok","no","no"
"jordan@firstalabamatitle.com","good","ok","no","no"
"jordan@gather.town","good","ok","no","no"
"jordan@goodsportbhm.com","good","ok","no","no"
"jordan@prestomedia.co","risky","catch_all","no","no"
"jordan@windriverpropertymanagement.com","risky","catch_all","no","no"
"jordanc@tdxcorp.com","good","ok","no","no"
"jordanmartin@staralaska.org","good","ok","no","no"
"jorge.henriquez@allynsus.com","good","ok","no","no"
"jori@thejoycollectivemedia.com","good","ok","no","no"
"jose.falla@hgv.com","good","ok","no","no"
"jose@forcedinductions.com","risky","catch_all","no","no"
"joseph.cheney@integrity-defense.com","good","ok","no","no"
"joseph.knoll@kommerlingusa.com","good","ok","no","no"
"joseph.pate@adept-technologies.com","good","ok","no","no"
"joseph.pihi@kamaainanissan.com","bad","invalid","no","no"
"joseph.smith@blocksi.net","good","ok","no","no"
"joseph.thorne@sciusa.com","risky","catch_all","no","no"
"joseph@callbama.com","good","ok","no","no"
"joseph@follumhydro.com","risky","catch_all","no","no"
"joseph@salvagepublic.com","good","ok","no","no"
"joseph@zarzourco.com","good","ok","no","no"
"josephc@neihawaii.org","good","ok","no","no"
"josephine@manservants.co","good","ok","no","no"
"josh.barnes@stratusbuilt.com","good","ok","no","no"
"josh.chambless@tombigbee.org","good","ok","no","no"
"josh.crowley@carouselsignage.com","risky","catch_all","no","no"
"josh.essmon@zerorpm.com","good","ok","no","no"
"josh.hickson@blazersportsproperties.com","good","ok","no","no"
"josh.junkin@cratersandfreighters.com","good","ok","no","no"
"josh.nichols@bitsight.com","good","ok","no","no"
"josh.stuedeman@thecompliancestore.com","risky","unknown","no","no"
"josh.weand@healthtequity.net","good","ok","no","no"
"josh@bamaairsystems.com","good","ok","no","no"
"josh@cyburity.com","good","ok","no","no"
"josh@encoelectronics.com","good","ok","no","no"
"josh@forsythbuilding.com","good","ok","no","no"
"josh@greatbearpetro.com","good","ok","no","no"
"josh@harrellag.com","good","ok","no","no"
"josh@hembreeac.com","good","ok","no","no"
"josh@highcotton-homes.com","good","ok","no","no"
"josh@javimagery.com","risky","catch_all","no","no"
"josh@luau.co","good","ok","no","no"
"josh@mavenmtg.com","good","ok","no","no"
"josh@pinetoplakesgolf.com","good","ok","no","no"
"josh@scannable.io","risky","catch_all","no","no"
"josh@sdac8a.com","good","ok","no","no"
"josh@shorelinehotelwaikiki.com","good","ok","no","no"
"josh@signsdothan.com","good","ok","no","no"
"josh@solidtogcode.com","good","ok","no","no"
"josh@struct-engr.com","good","ok","no","no"
"josh@wearematey.com","risky","catch_all","no","no"
"josh@wolfecomedia.com","good","ok","no","no"
"josh@workplay.com","risky","catch_all","no","no"
"joshd@falconalaska.com","good","ok","no","no"
"joshpatrick@fairwayinvestments.com","good","ok","no","no"
"joshrodgers@childrensharbor.com","good","ok","no","no"
"joshua.brown@terauora.com","good","ok","no","no"
"joshua.fleming@malamamediagroup.com","bad","invalid","no","no"
"joshua.forehand@cyber-balance.com","good","ok","no","no"
"joshua.hill@abaxhealth.com","good","ok","no","no"
"joshua.michaelson@hitachirail.com","good","ok","no","no"
"joshua.morman@altiolabs.com","good","ok","no","no"
"joshua.stensrud@homelanimemorialpark.com","good","ok","no","no"
"joshua.wheeler@susco.net","good","ok","no","no"
"joshua@anchorageyoga.com","good","ok","no","no"
"joshua@babajavacoffee.com","good","ok","no","no"
"joshua@doorsystemsak.com","good","ok","no","no"
"joshua@dreadriver.com","risky","catch_all","no","no"
"joshua@evergreencreative.co","risky","catch_all","no","no"
"joshua@kenaidefense.com","good","ok","no","no"
"joshua@mauioma.com","good","ok","no","no"
"joshua@mkequipment.com","good","ok","no","no"
"joshua@se-ind.com","good","ok","no","no"
"joshuae@selero.io","good","ok","no","no"
"josie.choat@redstonerealtysolutions.com","good","ok","no","no"
"josie.morrow@faithwayalliance.com","risky","unknown","no","no"
"jota@paulselectrical.com","good","ok","no","no"
"journey.spears@jlm-solutions.com","good","ok","no","no"
"jovsak@pfefferdevelopment.com","good","ok","no","no"
"jowen@summitptalaska.com","good","ok","no","no"
"jowens@al811.com","good","ok","no","no"
"joy@indexbuilders.com","good","ok","no","no"
"joy@laniproperties.com","good","ok","no","no"
"joyce@campbell.com.br","good","ok","no","no"
"joyce@ourspacehawaii.org","good","ok","no","no"
"joycelynh@heartgalleryalabama.com","good","ok","no","no"
"jp@parrishkauai.com","good","ok","no","no"
"jp@premierliving.com","good","ok","no","no"
"jpalmer@localfirstmediagroup.com","good","ok","no","no"
"jparker@halseyfoodservice.com","good","ok","no","no"
"jparks@aceh.org","good","ok","no","no"
"jpate@jonesmachineandwelding.com","risky","catch_all","no","no"
"jpham@hawaiienergysystems.com","good","ok","no","no"
"jpierce@bgcca.org","good","ok","no","no"
"jpineda@harrisrobinson.com","good","ok","no","no"
"jpizzitola@aegisfoundry.com","good","ok","no","no"
"jposey@millenniumsys.com","good","ok","no","no"
"jpotts@medevacalaska.com","good","ok","no","no"
"jpouncey@htcnet.net","good","ok","no","no"
"jpowell@naecoop.com","good","ok","no","no"
"jpowers@modularconnections.com","good","ok","no","no"
"jprpich@hunatotem.com","good","ok","no","no"
"jpugh@mywaytrans.com","good","ok","no","no"
"jragusa@morganic.ag","good","ok","no","no"
"jraymon@bamabuggies.com","good","ok","no","no"
"jrbevill@totaldesignengineering.com","good","ok","no","no"
"jrecane@stratus-services.com","good","ok","no","no"
"jreed@oceaniccompanies.com","good","ok","no","no"
"jrheaume@blackcreekisc.com","good","ok","no","no"
"jrichardson@restorewithroyal.com","good","ok","no","no"
"jrichardson@springville-peds.com","good","ok","no","no"
"jriggs@drivepublicaffairs.com","good","ok","no","no"
"jriggs@yourgcf.org","bad","invalid","no","no"
"jrioux@lynden.com","good","ok","no","no"
"jrobbins@bryaninsurance.com","good","ok","no","no"
"jrobertson@waterspetro.com","good","ok","no","no"
"jrodriguez@princewaikiki.com","risky","catch_all","no","no"
"jrogers@longleafrealestate.com","good","ok","no","no"
"jrogers@southlakecapital.biz","good","ok","no","no"
"jrogers@thejohnsoninstitute.org","good","ok","no","no"
"jromano@windwardauto.com","good","ok","no","no"
"jroot@oulifarms.com","good","ok","no","no"
"jrosales@waikikiresort.com","good","ok","no","no"
"jrosie@ultimatelinings.com","good","ok","no","no"
"jrussell@barterse.com","good","ok","no","no"
"jrussell@paulsonmitchell.com","good","ok","no","no"
"jrussell@stoneequipmentco.com","good","ok","no","no"
"jsanders@contoureng.com","good","ok","no","no"
"jsandlin@mercydm.org","good","ok","no","no"
"jscheffel@ssfm.com","good","ok","no","no"
"jschencker@foodsciencecorp.com","good","ok","no","no"
"jscott@ociperoxygens.com","good","ok","no","no"
"jseay@huntsville.org","bad","invalid","no","no"
"jsexton@am3stone.com","bad","invalid","no","no"
"jshaddix@murray.construction","good","ok","no","no"
"jshear@readyzonehq.com","good","ok","no","no"
"jsheppard@tonygroup.com","bad","invalid","no","no"
"jsherrill@russellala.com","good","ok","no","no"
"jsilva@vendalaska.com","good","ok","no","no"
"jsimmons@foodbankofeastalabama.com","good","ok","no","no"
"jsims@blackcreekisc.com","good","ok","no","no"
"jsims@csnetting.com","good","ok","no","no"
"jskaggs@gotomyadvisor.com","risky","unknown","no","no"
"jsmith@caringstrategies.com","good","ok","no","no"
"jsmith@cnahsi.com","good","ok","no","no"
"jsmith@harrisrobinson.com","good","ok","no","no"
"jsmith@kalmservices.net","good","ok","no","no"
"jsmith@nimbus.cool","good","ok","no","no"
"jsmith@rollsolutions.com","good","ok","no","no"
"jsmith@sorellecharleston.com","bad","invalid","no","no"
"jsnoddy@irocketusa.com","good","ok","no","no"
"jsones@giwestal.com","good","ok","no","no"
"jspeciale@framemethods.io","good","ok","no","no"
"jspeights@aegisfoundry.com","good","ok","no","no"
"jstagner@blackjackhorticulture.com","good","ok","no","no"
"jstakely@aiamga.com","good","ok","no","no"
"jstarling@irpinc.org","good","ok","no","no"
"jsteen@summerford.com","good","ok","no","no"
"jsteinke@ledarchitecture.com","good","ok","no","no"
"jstephens@sudstopcarwash.com","good","ok","no","no"
"jstewart@goldensprings.org","good","ok","no","no"
"jstewart@nelbran.com","good","ok","no","no"
"jstreeter@elccoelectric.com","good","ok","no","no"
"jstringfellow@clearlinksystems.com","good","ok","no","no"
"jsullivan@twisttechnologyllc.com","good","ok","no","no"
"jt@stroutarch.com","risky","catch_all","no","no"
"jt@suresavepharmacy.com","good","ok","no","no"
"jtariau@pipelinecivil.co.nz","good","ok","no","no"
"jtassone@chevyman.com","good","ok","no","no"
"jtaylor@ietcompanies.com","risky","unknown","no","no"
"jtaylor@stantoncis.com","good","ok","no","no"
"jtbaker@specializedsvs.com","good","ok","no","no"
"jteschner@curasset.com","good","ok","no","no"
"jthomason@evergreensiteworks.com","risky","unknown","no","no"
"jthornton@oxfordpac.org","good","ok","no","no"
"jthornton@rlgteam.com","risky","catch_all","no","no"
"jthorpe@techlineint.com","good","ok","no","no"
"jtinnell@harrison-const.com","good","ok","no","no"
"jtio@halehoaloha.com","good","ok","no","no"
"jtokioka@sofosrealty.com","good","ok","no","no"
"jtreadwell@sheratonkapaa.com","good","ok","no","no"
"jtuma@afognak.com","bad","invalid","no","no"
"jtuten@hhtech.net","good","ok","no","no"
"jtyrell@titanhawaii.com","good","ok","no","no"
"juan@thinkofficellc.com","risky","catch_all","no","no"
"jud.z@pri-hi.com","good","ok","no","no"
"jud@fbchsv.org","good","ok","no","no"
"judy.ambrocio@jerryhay.com","good","ok","no","no"
"judy.garrett@continental-corporation.com","good","ok","no","no"
"judy@alchemidesign.com","good","ok","no","no"
"judy@lifemgmtal.com","good","ok","no","no"
"judy@meyeres.com","good","ok","no","no"
"judy@stevesservicecenter.biz","good","ok","no","no"
"judyh@gorgegroup.com","risky","catch_all","no","no"
"judyl@howellflooring.com","risky","unknown","no","no"
"juhaney@bidscale.com","good","ok","no","no"
"juice101@juicebar101.com","good","ok","no","no"
"julia.mickley@joasurveys.com","good","ok","no","no"
"julia@beaconrealtyhomes.com","good","ok","no","no"
"julia@churchak.org","good","ok","no","no"
"julia@firstsourceforwomen.org","good","ok","no","no"
"julia@kginger.com","good","ok","no","no"
"julia@southernposies.com","good","ok","no","no"
"julia@zenithproject.co","risky","catch_all","no","no"
"julian.darden@auburnaudio.com","good","ok","no","no"
"julian.terry@houseofstaunton.com","good","ok","no","no"
"julian.todd@ymcahuntsville.org","good","ok","no","no"
"juliana@sonyabailor.com","good","ok","no","no"
"julianawatson@lifebulwark.com","risky","unknown","no","no"
"julianmahamd@kulturecity.org","good","ok","no","no"
"julibeth.jones@cangd.org","good","ok","no","no"
"julie.harrington@acboe.net","good","ok","no","no"
"julie.hill@thynkhealth.com","good","ok","no","no"
"julie.isom@ketchikantitle.com","bad","invalid","no","no"
"julie.stevens@masterbuilder.org.nz","good","ok","no","no"
"julie@buckroofinghawaii.com","good","ok","no","no"
"julie@harnerwall.com","good","ok","no","no"
"julie@hipbrandgroup.com","good","ok","no","no"
"julie@pccchawaii.com","good","ok","no","no"
"julie@skurlas.com","good","ok","no","no"
"julie@slickage.com","good","ok","no","no"
"julie@tristate-graphics.com","good","ok","no","no"
"juliegillis@flowermag.com","good","ok","no","no"
"juliej@behaviorindependence.com","good","ok","no","no"
"juliek@aiohawaii.com","good","ok","no","no"
"juliet@manakaimaui.com","good","ok","no","no"
"jun@ocycpa.com","risky","unknown","no","no"
"junchen@endomimetics.com","good","ok","no","no"
"june@birminghamrotary.org","good","ok","no","no"
"juno@archemydesign.com","good","ok","no","no"
"jurg@lahainagrill.com","good","ok","no","no"
"justin.collins@9round.com","good","ok","no","no"
"justin.cook@tactware.net","good","ok","no","no"
"justin.f.rivera@koolaudistillery.com","risky","catch_all","no","no"
"justin.mason@aimco-global.com","good","ok","no","no"
"justin.munzing@rocketcityts.com","good","ok","no","no"
"justin.r@prismalaska.com","good","ok","no","no"
"justin.ransaw@rockyresearch.com","good","ok","no","no"
"justin.reese@americasautoauction.com","good","ok","no","no"
"justin.schuman@carcelandg.com","good","ok","no","no"
"justin@1117creative.com","risky","catch_all","no","no"
"justin@apexservice.club","risky","catch_all","no","no"
"justin@baronhospitality.com","good","ok","no","no"
"justin@cahabacc.com","bad","invalid","no","no"
"justin@exitprimeal.com","bad","invalid","no","no"
"justin@hascoak.com","good","ok","no","no"
"justin@napali.com","good","ok","no","no"
"justin@rallycrew.com","risky","catch_all","no","no"
"justin@segwayofhawaii.com","good","ok","no","no"
"justin@shoalsboxandpallet.com","risky","unknown","no","no"
"justin@westalabamafoodbank.org","good","ok","no","no"
"justin@woodhavencustomcalls.com","good","ok","no","no"
"justin@wrightwayautocarriers.com","good","ok","no","no"
"justinmoon@alabamaeyeclinic.com","good","ok","no","no"
"justins@maderbearing.com","good","ok","no","no"
"juston@redstonepawn.com","good","ok","no","no"
"juyeda@hualalairesort.com","good","ok","no","no"
"jveals@bisofficesystems.com","good","ok","no","no"
"jvest@sovereigncpa.com","good","ok","no","no"
"jviera@spectrumresorts.com","good","ok","no","no"
"jvines@specrubber.com","good","ok","no","no"
"jvo@islandcomfort.com","good","ok","no","no"
"jvolkmann@esterfire.org","good","ok","no","no"
"jvoss@maxvision.com","good","ok","no","no"
"jwaldrep@franklinhomecenters.com","good","ok","no","no"
"jwalker@pauldavis.com","good","ok","no","no"
"jwalker@prestigealarm.com","good","ok","no","no"
"jwalker@toolsmith.ws","good","ok","no","no"
"jwaller@amicoglobal.com","good","ok","no","no"
"jwalliser@imagehawk.com","good","ok","no","no"
"jwallwork@strategicbp.com","good","ok","no","no"
"jwashington@ecocu.org","good","ok","no","no"
"jwashington@millardmaritime.com","bad","invalid","no","no"
"jwatson@mflinster.com","good","ok","no","no"
"jweaver@jimfalkautomotivegroup.com","good","ok","no","no"
"jwebb@alasconnect.net","risky","unknown","no","no"
"jwebster@friendshipmission.org","good","ok","no","no"
"jwelsh@proximuseng.com","good","ok","no","no"
"jwesley@coosavalleytech.com","good","ok","no","no"
"jwhitaker@goboxes.com","good","ok","no","no"
"jwhitlock@controlaltprotect.com","good","ok","no","no"
"jwhitmire@athens-utilities.com","good","ok","no","no"
"jwicker@elbahealthcare.com","bad","invalid","no","no"
"jwilkinson@garnetelectric.com","good","ok","no","no"
"jwilliams@akserigraphics.com","good","ok","no","no"
"jwilliams@excellance.com","good","ok","no","no"
"jwillstrop@medweb.com","good","ok","no","no"
"jwilson@prewitt.group","good","ok","no","no"
"jwilson@whrehab.com","good","ok","no","no"
"jwong@zelinskyco.com","good","ok","no","no"
"jwood@occpatax.com","good","ok","no","no"
"jwoyak@flowdynamics.net","good","ok","no","no"
"jwynn@roswelldrywall.com","good","ok","no","no"
"jyancey@wmsi.com","good","ok","no","no"
"jyasutake@islandgrocerydepot.com","good","ok","no","no"
"jyates@coastalsigngraphics.com","good","ok","no","no"
"jyoneda@kapiliconstruction.com","risky","catch_all","no","no"
"jyosifov@psquareadv.com","good","ok","no","no"
"jzitzmann@stiusa.com","good","ok","no","no"
"k.mckee@inventoryiq.net","good","ok","no","no"
"k.rearden@knba.org","good","ok","no","no"
"k.schuler@nipponrika.jp","good","ok","no","no"
"k@eleven17creative.com","risky","catch_all","no","no"
"kabiva@waimeavalley.net","good","ok","no","no"
"kacker@wcwright.com","good","ok","no","no"
"kacrie@dcseng.com","risky","catch_all","no","no"
"kaeo.gouveia@paccomtech.com","good","ok","no","no"
"kaharismith@pahealth.net","good","ok","no","no"
"kahoku@daughtersofhawaii.org","good","ok","no","no"
"kahoney.monsen@thecirifoundation.org","bad","invalid","no","no"
"kai@wholesaleunlimitedhawaii.com","risky","catch_all","no","no"
"kaila@hawaiidolphin.com","risky","catch_all","no","no"
"kaila@scotthawaii.com","good","ok","no","no"
"kainoa@kaihonua.com","good","ok","no","no"
"kaitlin@bowlinehq.com","good","ok","no","no"
"kaitlin@oaksapparel.com","risky","unknown","no","no"
"kaitlyn.tedder@kidsfirst-peds.com","good","ok","no","no"
"kaitlyn@alabamatheatre.com","good","ok","no","no"
"kaitlyn@broadwaytheatreleague.org","risky","catch_all","no","no"
"kaitlyn@stitchyfish.com","good","ok","no","no"
"kaitlynhr@plamastic.com","good","ok","no","no"
"kaitlynn@mililanivet.com","good","ok","no","no"
"kaitlynn@shopbikinibird.com","risky","catch_all","no","no"
"kajones@himconnections.com","risky","catch_all","no","no"
"kala@cadillacofbirmingham.com","good","ok","no","no"
"kalaeahchin@colabmarketing.net","good","ok","no","no"
"kalameida@napuuwai.org","good","ok","no","no"
"kalani.kamanu@puralwater.com","good","ok","no","no"
"kalbaral@danielcommunities.com","risky","catch_all","no","no"
"kaldridge@ticak.com","good","ok","no","no"
"kaleb.langley@aafps.com","good","ok","no","no"
"kaleb@hultquisthomes.com","good","ok","no","no"
"kaleb@parkcrestevents.com","good","ok","no","no"
"kaleb@sumtertimber.com","risky","catch_all","no","no"
"kalee@kosmosq.com","good","ok","no","no"
"kaleo@kaikor.com","good","ok","no","no"
"kaley@crewos.io","good","ok","no","no"
"kallie.woodruff@yoursws.com","risky","unknown","no","no"
"kallin@alohastatedaily.com","good","ok","no","no"
"kallison@4cap.org","good","ok","no","no"
"kaloa@stanfordcarr.com","good","ok","no","no"
"kalvineaton@marengo.k12.al.us","good","ok","no","no"
"kalynh@rsmhawaii.com","good","ok","no","no"
"kam@alohastatedaily.com","good","ok","no","no"
"kam@hamhawaii.com","bad","invalid","no","no"
"kamuela@hawaii-stage.com","good","ok","no","no"
"kana@wm-partners.com","good","ok","no","no"
"kandi@kvpropertiesmobile.com","good","ok","no","no"
"kandi@nuggetoutfitter.com","good","ok","no","no"
"kapa@kapamag.com","good","ok","no","no"
"kapenaau@mauitrafficcontrolservices.com","bad","invalid","no","no"
"kara@omhughesinsurance.com","good","ok","no","no"
"kara@tutkallc.com","good","ok","no","no"
"karan@listedkit.com","risky","catch_all","no","no"
"kareem@theewefoundation.org","good","ok","no","no"
"karen.brown@johnbluerealty.com","good","ok","no","no"
"karen.meizner@tenderlovecommunitycenter.org","good","ok","no","no"
"karen.white@seigroupinc.com","good","ok","no","no"
"karen@academiaschool.com","good","ok","no","no"
"karen@coastalweldfab.com","good","ok","no","no"
"karen@fulcrumgroup.com","good","ok","no","no"
"karen@integritytherapygroup.com","risky","catch_all","no","no"
"karen@rocketcitysystems.com","good","ok","no","no"
"karend@lawelawedefense.com","good","ok","no","no"
"karenl@bragusa.com","good","ok","no","no"
"kari@anchoragewolverines.com","good","ok","no","no"
"kari@yellowhammerfund.org","good","ok","no","no"
"karie@allplans.com","good","ok","no","no"
"kario@espressoak.com","good","ok","no","no"
"karl@kulaglass.com","good","ok","no","no"
"karla.grumman@teyacompany.com","good","ok","no","no"
"karlirose@tobeorganics.com","risky","catch_all","no","no"
"karly@outofajam.net","good","ok","no","no"
"karma@karmahill.com","good","ok","no","no"
"karolj@tempforcestaffing.com","good","ok","no","no"
"karson@sngsigns.com","good","ok","no","no"
"karthur@fmi-solutions.com","good","ok","no","no"
"karyn@insuranceplanning.us","good","ok","no","no"
"kas.kimbrell@nationalmillmaintenance.com","good","ok","no","no"
"kasey@locallygrownak.com","good","ok","no","no"
"kasey@trinityelectech.com","good","ok","no","no"
"kasie@bubblesexpresscarwash.com","risky","catch_all","no","no"
"kassi@greatamericandoor.com","good","ok","no","no"
"kat@gastorage.com","good","ok","no","no"
"kat@northcuttdental.com","good","ok","no","no"
"kate.wilczek@picsinv.com","good","ok","no","no"
"kate@copperriver.org","good","ok","no","no"
"kate@dogwood-hill.com","risky","catch_all","no","no"
"kate@lecroyrichardson.com","risky","catch_all","no","no"
"kate@montemare.co","good","ok","no","no"
"katelyn@classictravelconnection.com","good","ok","no","no"
"katelyn@costaprints.com","good","ok","no","no"
"katelyn@herecomestheguide.com","good","ok","no","no"
"katelyn@mercerinc.com","good","ok","no","no"
"katherine.barry@tainui.co.nz","good","ok","no","no"
"katherine.harrison@sarcoa.org","good","ok","no","no"
"katherine.roberts@flytheblueskies.com","good","ok","no","no"
"katherine.seibt@oneilinteractive.com","good","ok","no","no"
"katherine.tehan@empirepipe.com","good","ok","no","no"
"katherine@gorescue.com","good","ok","no","no"
"katherine@halatreecoffee.com","risky","catch_all","no","no"
"katherine@kcaw.org","good","ok","no","no"
"katherine@toland-inc.com","good","ok","no","no"
"kathi.tew@baroncriticalweatherinstitute.com","good","ok","no","no"
"kathleen@impactrecoverycenter.net","good","ok","no","no"
"kathrine@pmcalaska.com","good","ok","no","no"
"kathryn.waddell@nhcalaska.com","good","ok","no","no"
"kathryn@deerstoneconsulting.com","good","ok","no","no"
"kathryn@lucahq.com","good","ok","no","no"
"kathy.dahlman@littleriversys.com","good","ok","no","no"
"kathy.heath@fortis.org","good","ok","no","no"
"kathy.skidmore@dbiak.com","good","ok","no","no"
"kathy02@wtwenterprisesinc.com","good","ok","no","no"
"kathy@aknc.com","risky","catch_all","no","no"
"kathy@alaskatextiles.com","good","ok","no","no"
"kathy@auburntlc.com","good","ok","no","no"
"kathy@ceihawaii.com","good","ok","no","no"
"kathy@ckmannrealty.com","risky","catch_all","no","no"
"kathy@creative-concepts.com","good","ok","no","no"
"kathy@draykohawaii.com","good","ok","no","no"
"kathy@gulfshoresinsurance.com","good","ok","no","no"
"kathy@marketplace4ins.com","good","ok","no","no"
"kati.vance@doubleshovelcider.com","good","ok","no","no"
"kati@quamproperties.com","good","ok","no","no"
"katie@calculatedsolutionsgroup.org","good","ok","no","no"
"katie@completemsp.com","good","ok","no","no"
"katie@fairbankschamber.org","good","ok","no","no"
"katie@hoolafarms.org","good","ok","no","no"
"katie@khcgrandtravel.com","risky","catch_all","no","no"
"katie@redlandcotton.com","good","ok","no","no"
"katiesapp@riskmitigation.us","good","ok","no","no"
"katlyn@muscleshoalssoundstudio.org","risky","catch_all","no","no"
"katrina.lyon@byerlycpa.com","bad","invalid","no","no"
"katrina@intownpartners.com","good","ok","no","no"
"katrina@signbuilders.com","good","ok","no","no"
"katrinag@splashhawaii.com","risky","unknown","no","no"
"katy@belzonaalabama.com","good","ok","no","no"
"katy@bqfhawaii.com","risky","catch_all","no","no"
"katyb@glssupply.com","good","ok","no","no"
"kauanoe.eldredge@paradisecyn.com","good","ok","no","no"
"kaui@hi-powersolar.com","good","ok","no","no"
"kaulana@kulaniakea.org","good","ok","no","no"
"kavya@tesslate.com","risky","catch_all","no","no"
"kawehi@cupcakes808.com","risky","catch_all","no","no"
"kawena@systemcenter.com","good","ok","no","no"
"kawikashoji@regencycm.com","good","ok","no","no"
"kaya@reiwa-us.com","good","ok","no","no"
"kaybyrd@hbaa.org","risky","catch_all","no","no"
"kaye.lindsey@cepedasystems.com","good","ok","no","no"
"kaye@alexanderpaving.com","good","ok","no","no"
"kaye@centralacservice.com","good","ok","no","no"
"kayla@goforko.com","risky","catch_all","no","no"
"kayla@interlinerisk.com","good","ok","no","no"
"kayla@jimjohnsonford.net","good","ok","no","no"
"kayla@regencycm.com","good","ok","no","no"
"kayla@rollinggreenlogistics.com","good","ok","no","no"
"kayla@therinehartagency.com","bad","invalid","no","no"
"kayleen@hdep.com","good","ok","no","no"
"kayley@c2wealth.com","risky","catch_all","no","no"
"kaysie@whiteoaksolutionsllc.com","good","ok","no","no"
"kbaldon@islandabaoahu.com","good","ok","no","no"
"kbaldridge@peaktrust.com","good","ok","no","no"
"kballesteros@coffeebeanhawaii.com","good","ok","no","no"
"kbanks@birminghambusinessalliance.com","good","ok","no","no"
"kbeckham@merchantsbankal.bank","good","ok","no","no"
"kbell@fullfordelectric.com","good","ok","no","no"
"kbentley@tigertowndentistry.com","good","ok","no","no"
"kberry@fumcmontgomery.org","good","ok","no","no"
"kbirdsong@aicconcrete.com","good","ok","no","no"
"kbouler@mcema.net","bad","invalid","no","no"
"kbowman@suremedcompliance.com","good","ok","no","no"
"kbradley@sunbeltfire.com","good","ok","no","no"
"kbritton@proximuseng.com","good","ok","no","no"
"kbroadnax@impactamerica.com","good","ok","no","no"
"kbrown@hollandhcs.com","risky","catch_all","no","no"
"kbrowning@interstartransportation.net","good","ok","no","no"
"kbruner@aleutcorp.com","good","ok","no","no"
"kburns@greencardiganmarketing.com","good","ok","no","no"
"kburton@rocketcityhr.com","good","ok","no","no"
"kbutler@homecareassistance.com","good","ok","no","no"
"kbw@eeiteam.com","good","ok","no","no"
"kbyrd@baldwin911.org","good","ok","no","no"
"kbyrne@semoice.com","good","ok","no","no"
"kc@valveproducts.com","good","ok","no","no"
"kcaldwell@tillmannetworks.com","good","ok","no","no"
"kcampbell@theresamorrisonmd.com","good","ok","no","no"
"kcarlson@breallogistics.us","good","ok","no","no"
"kcayson@cleanis.com","good","ok","no","no"
"kchandler@securityengineersinc.com","good","ok","no","no"
"kcharves@laytonconstruction.com","good","ok","no","no"
"kchow@biodiesel.com","good","ok","no","no"
"kclark@fraga-usa.com","good","ok","no","no"
"kcleveland@tropictoolandmold.com","risky","catch_all","no","no"
"kclough@servproanniston.com","good","ok","no","no"
"kcontreras@coastalbonespine.com","good","ok","no","no"
"kcornelius@louisallis.com","good","ok","no","no"
"kcuaresma@alaskadispatch.com","good","ok","no","no"
"kcunningham@ecocu.org","good","ok","no","no"
"kcutcliff@orangedevinc.com","good","ok","no","no"
"kczukor@weselltuscaloosa.com","good","ok","no","no"
"kdaigle228@firmfoundationsinc.biz","risky","catch_all","no","no"
"kdavies@eq.systems","risky","catch_all","no","no"
"kdavis@midsouthtl.com","good","ok","no","no"
"kdean@valleyjoist.com","good","ok","no","no"
"kdobnikar@inbirmingham.com","good","ok","no","no"
"kdriver@oakdentalpartners.com","good","ok","no","no"
"kduby@aleutcorp.com","good","ok","no","no"
"keahi@drmonicascheel.com","good","ok","no","no"
"keaka@pvthawaii.com","good","ok","no","no"
"kealiik@hawaiienergyconnection.com","good","ok","no","no"
"keanu@foundher.org","good","ok","no","no"
"keanuu@alaskapremierauctions.com","good","ok","no","no"
"keastman@bluemoonacres.com","good","ok","no","no"
"keaton.taylor@taylorwolfe.ca","good","ok","no","no"
"keau@hulapreservation.org","good","ok","no","no"
"keddy@unlimitedservice.com","good","ok","no","no"
"kedmonds@girlscoutssa.org","good","ok","no","no"
"kedwards@phakr.com","good","ok","no","no"
"keegan.jones@metalcomp.net","good","ok","no","no"
"keegan@prierconstruction.com","good","ok","no","no"
"keenan@aplusala.org","good","ok","no","no"
"keisenberg@biotechpossibilities.com","bad","invalid","no","no"
"keith.baxter@msialaska.com","good","ok","no","no"
"keith.kanetani@epinc.pro","good","ok","no","no"
"keith.lowman@novyinc.com","bad","invalid","no","no"
"keith.pfeifer@aerobotix.net","good","ok","no","no"
"keith.stanley@workfaithbhm.org","good","ok","no","no"
"keith@256roofing.com","good","ok","no","no"
"keith@absofficesystems.com","good","ok","no","no"
"keith@alaudubon.org","good","ok","no","no"
"keith@architectspacificinc.com","good","ok","no","no"
"keith@gapalabama.org","good","ok","no","no"
"keith@getricheducation.com","risky","catch_all","no","no"
"keith@imsbuilders.com","good","ok","no","no"
"keith@lococookers.com","good","ok","no","no"
"keith@phoenixpensacola.com","good","ok","no","no"
"keith@power-planet.com","risky","catch_all","no","no"
"keith@riversassociates.com","good","ok","no","no"
"keith@wardbuild.com","good","ok","no","no"
"keith@ys-inc.com","risky","catch_all","no","no"
"keithprice@ambit-llc.com","good","ok","no","no"
"keithr@kwcontainer.com","bad","invalid","no","no"
"keithz@vicinity.team","good","ok","no","no"
"kekoa@avvabrand.com","risky","catch_all","no","no"
"kelii@mydose.ai","risky","catch_all","no","no"
"kelleigh@bigislandcoffeeroasters.com","good","ok","no","no"
"kellen@coalmont.com","good","ok","no","no"
"kelley.langhamer@asct.com.au","risky","catch_all","no","no"
"kelley.pacillo@magnolianeurorehab.com","good","ok","no","no"
"kelley@integradx.com","good","ok","no","no"
"kelley@thelegalmc.com","risky","catch_all","no","no"
"kelli.brasher@ryzyliant.com","good","ok","no","no"
"kellie.iwai@arcadia.org","good","ok","no","no"
"kellie@arab-electric.org","good","ok","no","no"
"kellie@sandersbeachrentals.com","good","ok","no","no"
"kellie@servprowestpensacola.com","good","ok","no","no"
"kellie@thesocialiteco.com","good","ok","no","no"
"kellie@wmcinc.com","good","ok","no","no"
"kelliott@neighborhoodconcepts.org","good","ok","no","no"
"kellis@arlingtoncapitaladvisors.com","good","ok","no","no"
"kelly.cariaga@pdfamilytherapy.com","good","ok","no","no"
"kelly.eich@magnolianeurorehab.com","good","ok","no","no"
"kelly.lum@beable.com","good","ok","no","no"
"kelly.torres@civicamanagement.com","good","ok","no","no"
"kelly@ahfhomes.com","good","ok","no","no"
"kelly@catalystcannabisco.com","risky","catch_all","no","no"
"kelly@colemangrouponline.com","good","ok","no","no"
"kelly@familyfirstdentistry.com","good","ok","no","no"
"kelly@graceauburn.church","good","ok","no","no"
"kelly@investprudently.com","good","ok","no","no"
"kelly@jocordistro.com","good","ok","no","no"
"kelly@magnoliacollectivewellness.com","risky","catch_all","no","no"
"kelly@rmketchikan.com","good","ok","no","no"
"kelly@serviceonetransport.com","good","ok","no","no"
"kelly@thebeallcorporation.com","good","ok","no","no"
"kelly@tuscaloosasurgery.com","bad","invalid","no","no"
"kelly@urchoiceinsurance.com","good","ok","no","no"
"kelly@whitelabeldigital.co","risky","catch_all","no","no"
"kellya@pandchvac.com","good","ok","no","no"
"kellywestkeyser@healthyweightnutrition.com","good","ok","no","no"
"kelseah@classicpartyrentals.com","bad","invalid","no","no"
"kelsey.cornelius@dreamfit.com","good","ok","no","no"
"kelsey@cdfu.org","good","ok","no","no"
"kelsey@deerstoneconsulting.com","good","ok","no","no"
"kelsey@eatkbc.com","risky","unknown","no","no"
"kelsey@orangesliceak.com","risky","catch_all","no","no"
"kelsey@pitchcraft.media","risky","catch_all","no","no"
"kelsey@purplemaia.org","good","ok","no","no"
"kelsey@tatscpa.com","good","ok","no","no"
"kelsey@thevanguardtheory.com","good","ok","no","no"
"kelsi@ainahuaflorals.com","good","ok","no","no"
"kelton@youngwelding.com","good","ok","no","no"
"kelvin.king@lawsonstate.edu","good","ok","no","no"
"kelvin.rasmussen@gjbandassociates.com","good","ok","no","no"
"ken-ichi.nishikawa@uah.edu","good","ok","no","no"
"ken.corley@blueplainstech.com","good","ok","no","no"
"ken.grodner@kw.com","good","ok","no","no"
"ken.hopkins@ascillc.com","good","ok","no","no"
"ken.ooka@maikaihealth.org","good","ok","no","no"
"ken.sawyer@sawyersolutionsllc.com","good","ok","no","no"
"ken@beringstraits.com","risky","catch_all","no","no"
"ken@creativesoundhawaii.com","good","ok","no","no"
"ken@dicontractors.com","good","ok","no","no"
"ken@k2access.fund","good","ok","no","no"
"ken@outdoorlinkinc.com","good","ok","no","no"
"ken@premiuminc.net","bad","invalid","no","no"
"ken@realselectintl.com","good","ok","no","no"
"ken@wrscpa.com","good","ok","no","no"
"ken_bruce@thayer-bray.com","good","ok","no","no"
"kenboustani@shottenkirk.com","good","ok","no","no"
"kend@marlindist.com","good","ok","no","no"
"kendall@parkinsonalabama.org","good","ok","no","no"
"kendall@wgfinancialgroup.com","good","ok","no","no"
"kendallpierce@vulcandefensegroup.com","good","ok","no","no"
"kendra@wsllc.us","good","ok","no","no"
"kendrick@redondos.com","good","ok","no","no"
"kenia@wildhouse.com","good","ok","no","no"
"kenjis@hawaiiancrane.com","good","ok","no","no"
"kenlie@alohapowerequipment.com","risky","unknown","no","no"
"kenm@eihawaii.com","good","ok","no","no"
"kennedy@beekerpropertygroup.com","good","ok","no","no"
"kennedy@floradec.com","good","ok","no","no"
"kenneth.snipes@hitachirail.com","bad","invalid","no","no"
"kenneth@weincal.org","good","ok","no","no"
"kenp@naknekelectric.com","good","ok","no","no"
"kent.clark@adtran.com","bad","invalid","no","no"
"kentwaters@cullmanpowerboard.com","good","ok","no","no"
"keola@shake-energy.com","good","ok","no","no"
"keoni@hd-premier.com","good","ok","no","no"
"kerber@outfitterskauai.com","good","ok","no","no"
"keri@535plumbing.com","good","ok","no","no"
"kerin.kramer@pwsac.com","good","ok","no","no"
"kerri@hawaiifoodbasket.org","good","ok","no","no"
"kerricalvert@ceibooks.com","good","ok","no","no"
"kerry@gastonconstruction.net","good","ok","no","no"
"kerry@regalfoodsusa.org","risky","catch_all","no","no"
"kerryj@hsbc.org","good","ok","no","no"
"keshia@interfirstcapital.com","good","ok","no","no"
"kevin.ching@eightpoint.com","good","ok","no","no"
"kevin.kabei@mapcohawaii.com","good","ok","no","no"
"kevin.kammien@troon.com","good","ok","no","no"
"kevin.kassner@deepwave.ai","good","ok","no","no"
"kevin.lash@watringtc.com","good","ok","no","no"
"kevin.nishimoto@newanglesystems.com","risky","catch_all","no","no"
"kevin.sheets@grainc.net","good","ok","no","no"
"kevin.terrell@talladegafoundry.com","good","ok","no","no"
"kevin.wesolowski@marriottcapitolhill.com","good","ok","no","no"
"kevin@9milelabs.com","good","ok","no","no"
"kevin@advancedblastingak.com","good","ok","no","no"
"kevin@aepac.com","good","ok","no","no"
"kevin@bullson.ws","good","ok","no","no"
"kevin@cedarcreative.net","good","ok","no","no"
"kevin@elitefenceanddeck.net","good","ok","no","no"
"kevin@evolvemkting.com","good","ok","no","no"
"kevin@expff.com","risky","catch_all","no","no"
"kevin@garnerelectricinc.com","good","ok","no","no"
"kevin@hawaiianstylerentals.com","risky","catch_all","no","no"
"kevin@healthindustries.com","good","ok","no","no"
"kevin@huntsvilletractor.com","bad","invalid","no","no"
"kevin@jraee.com","good","ok","no","no"
"kevin@kaiwaconstruction.com","good","ok","no","no"
"kevin@limestonebaptist.org","risky","unknown","no","no"
"kevin@midwaylumbersales.com","good","ok","no","no"
"kevin@parrismfgco.com","good","ok","no","no"
"kevin@servicedirect.com","good","ok","no","no"
"kevin@vwx.aero","good","ok","no","no"
"kevin@xcaliburservice.com","good","ok","no","no"
"kevinabella@imiolatherapy.com","good","ok","no","no"
"kevinlloyd.cacpal1@hyatt.com","good","ok","no","no"
"kevinmashburn@agdins.com","bad","invalid","no","no"
"kevinr@550construction.com","good","ok","no","no"
"kevinwilliams@ambit-llc.com","good","ok","no","no"
"kezell@evergreensiteworks.com","risky","unknown","no","no"
"kfbrown@legacy-collab.com","good","ok","no","no"
"kfearn@dalube.com","good","ok","no","no"
"kfischer@whitesandsrv.com","good","ok","no","no"
"kfoster@highlinerepartners.com","good","ok","no","no"
"kfranklin@shookandfletcher.com","risky","catch_all","no","no"
"kfreeman@powellortho.net","good","ok","no","no"
"kfreeman@sandmountainpark.com","bad","invalid","no","no"
"kfukumoto@screaltyhawaii.com","good","ok","no","no"
"kfuller@rehmclinics.com","good","ok","no","no"
"kgaither@methodisthomes.org","good","ok","no","no"
"kgamel@civilbeat.org","risky","catch_all","no","no"
"kgannaway@kirkwoodbytheriver.com","good","ok","no","no"
"kgates@anha.org","good","ok","no","no"
"kgier@napuuwai.org","good","ok","no","no"
"kgoins@clarkagent.com","good","ok","no","no"
"kgoodwin@aecci.com","good","ok","no","no"
"kgouveia@diamondheadwindows.com","good","ok","no","no"
"kgscarbrough@mightymusclesllc.net","good","ok","no","no"
"kgunter@onestopcash.net","bad","invalid","no","no"
"khalid@huntsvillecpd.com","good","ok","no","no"
"khames@alabamaeyeclinic.com","good","ok","no","no"
"khand@trec.coop","good","ok","no","no"
"kharbin@hrcrs.com","good","ok","no","no"
"khardin@akpei.com","good","ok","no","no"
"kharker@awis.com","good","ok","no","no"
"kharris@optiorx.com","good","ok","no","no"
"khazel@eastman.com","good","ok","no","no"
"kheaton@craftongroup.com","good","ok","no","no"
"khester@rapa.com","good","ok","no","no"
"khoromskaya.d@edston.com","good","ok","no","no"
"khorton@cahabavalleyvet.com","good","ok","no","no"
"khoulditch@absmgm.com","good","ok","no","no"
"khunter@profoundlogic.com","good","ok","no","no"
"kia@ahualoafarms.com","risky","catch_all","no","no"
"kiana.martin@surgerypartners.com","good","ok","no","no"
"kiana@portcitymedical.com","good","ok","no","no"
"kiana@valyouhawaii.com","good","ok","no","no"
"kiani@elevatehawaiimgmt.com","risky","catch_all","no","no"
"kiara@eghucpa.com","good","ok","no","no"
"kiel.hammond@loopglobal.com","good","ok","no","no"
"kierson@tmafamily.com","risky","catch_all","no","no"
"kileyd@expertcarpetcare.com","risky","catch_all","no","no"
"kim.a@diamondrubber.com","good","ok","no","no"
"kim.dunn@alexandercitychamber.com","good","ok","no","no"
"kim.noland@alaaero.com","good","ok","no","no"
"kim.rider@freedomtherapies.net","risky","catch_all","no","no"
"kim@accumulus.cpa","good","ok","no","no"
"kim@anewleash.org","good","ok","no","no"
"kim@dothanforrent.com","good","ok","no","no"
"kim@fairbanksicedogs.com","risky","unknown","no","no"
"kim@firerockmarketing.com","risky","catch_all","no","no"
"kim@harrcorealestate.com","good","ok","no","no"
"kim@kimhallmark.com","good","ok","no","no"
"kim@kirschnercontractors.com","good","ok","no","no"
"kim@pca132.com","good","ok","no","no"
"kim@petteymachineworks.com","good","ok","no","no"
"kim@piiku.co","good","ok","no","no"
"kim@rio-stone.com","good","ok","no","no"
"kim@scenicproductions.com","good","ok","no","no"
"kimanthi.stewart@nside.io","good","ok","no","no"
"kimb@cleanislands.com","bad","invalid","no","no"
"kimbarnwell@directex.com","good","ok","no","no"
"kimberlee@gokid.mobi","good","ok","no","no"
"kimberley@alaskatours.com","good","ok","no","no"
"kimberly.allums@triconwearsolutions.com","good","ok","no","no"
"kimberly.camp@eissmann.com","good","ok","no","no"
"kimberly.russell@tvmetals.com","good","ok","no","no"
"kimberly@armrents.com","good","ok","no","no"
"kimberly@danawolterinteriors.com","good","ok","no","no"
"kimberly@jimmassey.com","good","ok","no","no"
"kimberly@kimberlyskleaning.com","good","ok","no","no"
"kimberly@mobilemitsubishi.com","good","ok","no","no"
"kimberly@msi-ak.com","good","ok","no","no"
"kimberly@sweethomelife.com","good","ok","no","no"
"kimberly@thespotsalon.net","risky","catch_all","no","no"
"kimberlyh@thg.cpa","good","ok","no","no"
"kimbra@threebridgewa.com","good","ok","no","no"
"kimo@hawaiiplumbinggroup.com","risky","catch_all","no","no"
"kimw@landingplacehotels.com","good","ok","no","no"
"kingram@legacycreditunion.com","good","ok","no","no"
"kiniba@wailukufcu.com","good","ok","no","no"
"kinohi@hiready.net","good","ok","no","no"
"kip@broadwaytheatreleague.org","risky","catch_all","no","no"
"kiphale@capstoneplumbing.net","good","ok","no","no"
"kipp.woodard@appliedolap.com","good","ok","no","no"
"kira.mattingley@freedombhs.com","good","ok","no","no"
"kira@hec.org","good","ok","no","no"
"kira@unitedwebworks.com","good","ok","no","no"
"kirbyg@gokemco.net","good","ok","no","no"
"kirk.hunt@qtecinc.com","good","ok","no","no"
"kirk@apologeticspress.org","good","ok","no","no"
"kirk@copperheadlabs.com","good","ok","no","no"
"kirk@hotmetalcoatings.com","good","ok","no","no"
"kirsten.bangs@unosquare.com","good","ok","no","no"
"kirsten@personalizedprints.net","good","ok","no","no"
"kirsten@twopointstudio.com","good","ok","no","no"
"kiwamoto@midweek.com","good","ok","no","no"
"kj@southlandelectric.net","good","ok","no","no"
"kjackson@wfalabama.org","good","ok","no","no"
"kjenkins@karenskleaningservices.com","good","ok","no","no"
"kjohnson@harrison-const.com","good","ok","no","no"
"kjones@voase.org","good","ok","no","no"
"kkailimai@piccom.org","good","ok","no","no"
"kkaneshiro@hecouncil.org","good","ok","no","no"
"kkau@1013integrated.com","good","ok","no","no"
"kkauinana@kahalamallcenter.com","bad","invalid","no","no"
"kkawaguchi@palamasettlement.org","good","ok","no","no"
"kkdailey@cspwal.com","good","ok","no","no"
"kkennedy@petrarms.com","good","ok","no","no"
"kkey@associatedmetalcast.com","risky","catch_all","no","no"
"kkidani@skylinehawaii.com","risky","catch_all","no","no"
"kkilpatrick@mccommgroup.com","risky","catch_all","no","no"
"kkiser@brewtonironworks.com","good","ok","no","no"
"kknitter@omglazing.com","good","ok","no","no"
"kkorshak@tortorigi.com","good","ok","no","no"
"klakeman@bgcsouthal.org","good","ok","no","no"
"klem@ambleclothing.com","good","ok","no","no"
"klewis@kohalazipline.com","good","ok","no","no"
"klewis@turenneteam.com","risky","unknown","no","no"
"klott@alatrustcu.com","good","ok","no","no"
"klucas@burnhamdrugs.com","good","ok","no","no"
"kluther@southerncarbidetech.com","good","ok","no","no"
"km@urmaui.com","good","ok","no","no"
"kmadaya@pdc.org","good","ok","no","no"
"kmaddox@shookandfletcher.com","risky","catch_all","no","no"
"kmahoney@bsetak.com","good","ok","no","no"
"kmaiuri@fieldstonemaui.com","risky","catch_all","no","no"
"kmanduley@kamcollc.net","good","ok","no","no"
"kmartinez@tonygroup.com","good","ok","no","no"
"kmasterson@akortho.com","good","ok","no","no"
"kmatsunaga@kedb.com","good","ok","no","no"
"kmcangus@kbsolutionscorp.com","good","ok","no","no"
"kmccay@innovative-circuits.com","good","ok","no","no"
"kmccoy@inline.com","good","ok","no","no"
"kmcdaniel@mcnamarahand.com","good","ok","no","no"
"kmcdougald@aht-al.com","good","ok","no","no"
"kmckee@columbianaclinicllc.com","good","ok","no","no"
"kmcpherson@luttrellwoodworks.com","good","ok","no","no"
"kmeyer@huinoeau.com","good","ok","no","no"
"kmiddleton@bebws.com","good","ok","no","no"
"kmueller@khcs.org","bad","invalid","no","no"
"knabors@trav-adsigns.com","good","ok","no","no"
"knance@singletoncpallc.com","good","ok","no","no"
"kneal@hvfairhope.com","risky","catch_all","no","no"
"knekoba@robotseamonstergames.com","good","ok","no","no"
"knewman@vulcanoilco.com","good","ok","no","no"
"knewton@pvht.com","good","ok","no","no"
"knoles@health.southalabama.edu","good","ok","no","no"
"knormandin@coscohawaii.com","good","ok","no","no"
"knorton@datacapture.cc","good","ok","no","no"
"knox@knoxkershaw.com","good","ok","no","no"
"knu.g@pri-hi.com","good","ok","no","no"
"ko@inlineflooring.com","good","ok","no","no"
"kodi@besthouroftheirday.com","good","ok","no","no"
"kola@archhawaii.com","good","ok","no","no"
"kolinger@aldensys.com","good","ok","no","no"
"kong@meadorwarehouse.com","good","ok","no","no"
"kopischke@fhwak.com","good","ok","no","no"
"kori.griffin@munder-skiles.com","good","ok","no","no"
"kori@sheeatika.com","good","ok","no","no"
"kori@turnagainsocialclub.com","good","ok","no","no"
"korteze.scales@nova.bank","good","ok","no","no"
"kortiz@waikikibusinessplaza.com","good","ok","no","no"
"kowen@aiciworks.com","good","ok","no","no"
"kowens@ssrco.com","good","ok","no","no"
"kp@euvhauburn.com","risky","catch_all","no","no"
"kpadron@petrostar.com","good","ok","no","no"
"kparker@embassyhomebuilders.com","good","ok","no","no"
"kparrett@mullinaxford.com","good","ok","no","no"
"kpascual@mauicoasthotel.com","good","ok","no","no"
"kpatridge@campusdining.net","good","ok","no","no"
"kpatterson@citychurchministries.net","good","ok","no","no"
"kpemberton@brogdonenergy.com","good","ok","no","no"
"kpeters@rives.com","good","ok","no","no"
"kphares@vulcanoilco.com","good","ok","no","no"
"kphillips@zoommoto.com","good","ok","no","no"
"kpike@fitebuilding.com","good","ok","no","no"
"kpolishuk@midwesternroofers.com","good","ok","no","no"
"kpolk@jackrabbitdeliveries.com","risky","catch_all","no","no"
"kpremaza@hstci.com","good","ok","no","no"
"kprice@southernoakcap.com","risky","catch_all","no","no"
"kquinn@sunbeltfire.com","good","ok","no","no"
"kr4322@arlington.com","good","ok","no","no"
"kraichur@amop.services","good","ok","no","no"
"krankin@ccgideas.com","good","ok","no","no"
"kray@pathway-inc.com","good","ok","no","no"
"kray@uwmcal.org","good","ok","no","no"
"kready@leitbox.com","good","ok","no","no"
"kreaves@streamlinesci.com","good","ok","no","no"
"kreek@libertypark.com","good","ok","no","no"
"kreid@interhealthsolutions.com","good","ok","no","no"
"kreinhardt@johnstanleyassociates.com","good","ok","no","no"
"kreul@kaanapaligolfcourses.com","good","ok","no","no"
"kreynolds@ligonindustries.com","good","ok","no","no"
"kris.shippen@anchsand.com","good","ok","no","no"
"kris@merrittelectric.net","good","ok","no","no"
"kris@olabrewco.com","good","ok","no","no"
"krishna@mcmurraycontracting.com","bad","invalid","no","no"
"krishna@pattonlabs.com","bad","invalid","no","no"
"krisi@iris-health.com","good","ok","no","no"
"krissie@southernautomated.com","good","ok","no","no"
"kristal@camerontravis.com","risky","unknown","no","no"
"kristal@kauaijuiceco.com","risky","catch_all","no","no"
"kristan@doorsbydecora.com","good","ok","no","no"
"kristen.daniel@absimage.com","good","ok","no","no"
"kristen@digitalmarketinginc.net","risky","catch_all","no","no"
"kristen@grierinsurance.com","good","ok","no","no"
"kristen@hawaiifoodandwinefestival.com","good","ok","no","no"
"kristen@masterypropertysolutions.com","good","ok","no","no"
"kristen@stewbumandstonewall.com","good","ok","no","no"
"kristen@thegoodlifeabroad.com","good","ok","no","no"
"kristenjavier@horitarealty.com","good","ok","no","no"
"krister@truedigitalgroup.com","risky","catch_all","no","no"
"kristi.padgett@sheeatikagov.com","good","ok","no","no"
"kristi.switzer@traveljuneau.com","good","ok","no","no"
"kristi@copperwing.com","good","ok","no","no"
"kristi@fruitthatlasts.com","good","ok","no","no"
"kristian@valleyhomeshsv.com","risky","catch_all","no","no"
"kristie@clarusgroup.net","good","ok","no","no"
"kristie@herverse.com","risky","catch_all","no","no"
"kristielo@koapancakehouse.com","good","ok","no","no"
"kristin@alc911.org","good","ok","no","no"
"kristin@firstteebirmingham.org","bad","invalid","no","no"
"kristin@kymindustries.com","good","ok","no","no"
"kristin@kyuk.org","risky","catch_all","no","no"
"kristin@primemgmtgroup.com","risky","catch_all","no","no"
"kristina.derr@northriverit.com","good","ok","no","no"
"kristina.mathews@tallapoosak12.org","good","ok","no","no"
"kristina.mcgowan@mastermechanixauto.com","risky","unknown","no","no"
"kristina.powell@baxtermfg.com","good","ok","no","no"
"kristina@kaydis.com","good","ok","no","no"
"kristinak@akafs.org","good","ok","no","no"
"kristine@allyadvantage.com","good","ok","no","no"
"kristinw@awtinc.com","good","ok","no","no"
"kristy@advancedblastingak.com","good","ok","no","no"
"kristy@jacksonfast.com","risky","unknown","no","no"
"kristy@pacinsuranceagency.com","good","ok","no","no"
"kristy@resortcleaning.com","risky","catch_all","no","no"
"kristy@traxdevelopment.net","risky","catch_all","no","no"
"kristy@wishestravel.com","good","ok","no","no"
"kristyb@birminghamskin.com","good","ok","no","no"
"krobayo@lexcollective.com","good","ok","no","no"
"kroberts@rtfps.com","risky","unknown","no","no"
"krobertson@lewis-smithsupply.com","good","ok","no","no"
"krodrigues@rcchawaii.org","good","ok","no","no"
"kross@newcapitalpartners.com","good","ok","no","no"
"krshumway@anthc.org","good","ok","no","no"
"krunkel@intgconcepts.com","good","ok","no","no"
"krystal@dmhawaii.net","good","ok","no","no"
"krystal@maximizedgrowthllc.com","good","ok","no","no"
"krystan@wholesalehunter.com","good","ok","no","no"
"krysten@brilliantak.com","good","ok","no","no"
"krystle@dowlingco.com","good","ok","no","no"
"ksadberry@atlasmin.com","good","ok","no","no"
"kscheuner@gmggeneral.com","good","ok","no","no"
"kschiavi@redtown.net","good","ok","no","no"
"kschmidt@pacifichouseofmission.com","good","ok","no","no"
"kscruggs@abbeyresidential.com","bad","invalid","no","no"
"ksellman@alpenglowpain.com","good","ok","no","no"
"kshete@americanpm.com","good","ok","no","no"
"kshultz@qkcmanagement.com","good","ok","no","no"
"ksiliga@omglazing.com","good","ok","no","no"
"ksimm@health.southalabama.edu","good","ok","no","no"
"ksims@birminghamec.com","good","ok","no","no"
"ksingler@amop.services","good","ok","no","no"
"kskipper@lakeviewrisk.com","risky","catch_all","no","no"
"kslota@commdex.com","good","ok","no","no"
"kspitzer@kendallautomall.com","bad","invalid","no","no"
"kstanfield@eastalabamaportables.com","risky","unknown","no","no"
"kstinnett@sparksinc.com","good","ok","no","no"
"ksullivan@fbctuscaloosa.org","good","ok","no","no"
"ksumida@cwa.cpa","good","ok","no","no"
"kt@bigislandpulse.com","good","ok","no","no"
"ktadaki@windwardnazarene.com","good","ok","no","no"
"ktaylor@carefirsthcs.com","bad","invalid","no","no"
"kthompson@dauphincreekrealty.com","bad","invalid","no","no"
"kthompson@jlbonline.com","good","ok","no","no"
"kthompson@perdidotrucking.com","good","ok","no","no"
"ktom@summitfinancialhawaii.com","good","ok","no","no"
"ktornow@southernsash.com","good","ok","no","no"
"ktsugawa@engineeringserviceshawaii.com","good","ok","no","no"
"ktucker@meadowviewnc.com","good","ok","no","no"
"kusher@hawaii.wish.org","good","ok","no","no"
"kuulei@strykerweiner.com","good","ok","no","no"
"kvandiver@bamabuggies.com","good","ok","no","no"
"kvaughn@abioclinical.com","good","ok","no","no"
"kvines@gmiworldwide.com","good","ok","no","no"
"kviray@bristol-companies.com","good","ok","no","no"
"kwaldrop@harrison-const.com","good","ok","no","no"
"kwalker@acincorp.com","good","ok","no","no"
"kwalton@lithia.com","good","ok","no","no"
"kwaters@modulargenius.com","good","ok","no","no"
"kwatson@cbcinstitute.org","good","ok","no","no"
"kwerts@southeastlabs.com","good","ok","no","no"
"kwest@thesterlingcompanies.org","good","ok","no","no"
"kwilkerson@agicorp.com","good","ok","no","no"
"kwillard@reachak.org","good","ok","no","no"
"kwilliamson@vicfcu.org","good","ok","no","no"
"kwoodham@clantonal.gov","risky","catch_all","no","no"
"kwoodruff@fairwaymg.com","good","ok","no","no"
"kwright@advantage.ai","risky","catch_all","no","no"
"kxsmith@mawss.com","good","ok","no","no"
"kyamada@haseko.com","good","ok","no","no"
"kyamada@thepacificclub.org","good","ok","no","no"
"kyee@cwa.cpa","good","ok","no","no"
"kyla@seaquesthawaii.com","good","ok","no","no"
"kyle.borda@syncadd.com","good","ok","no","no"
"kyle.boyd@southernlumbersupply.com","good","ok","no","no"
"kyle.lindsey@apicontrolsystems.com","good","ok","no","no"
"kyle.shea@bristoladventures.com","good","ok","no","no"
"kyle@bwa-hi.com","risky","catch_all","no","no"
"kyle@delve-group.com","good","ok","no","no"
"kyle@dreamplanlive.com","good","ok","no","no"
"kyle@jparchitecturedesign.com","good","ok","no","no"
"kyle@kohanarum.com","good","ok","no","no"
"kyle@mdhconstructionservices.com","good","ok","no","no"
"kyle@pauwelabeverage.com","good","ok","no","no"
"kyle@refineptp.com","risky","catch_all","no","no"
"kyle@rivet.tax","good","ok","no","no"
"kyle@servicerentalshawaii.com","good","ok","no","no"
"kyle@sphereav.com","good","ok","no","no"
"kyle@tocaroblue.com","good","ok","no","no"
"kyle@uvsense.us","risky","catch_all","no","no"
"kyle@woodallhc.com","good","ok","no","no"
"kylef@hawaiienergyconnection.com","good","ok","no","no"
"kyler.katz@hawksbill.ai","good","ok","no","no"
"kyokley@bentleyauto.com","good","ok","no","no"
"kyoko@allalaskatours.com","good","ok","no","no"
"kyonemoto@pagodahotel.com","good","ok","no","no"
"kyoungstrom@feedingthevalley.org","good","ok","no","no"
"kyuan@elite-mechanical.com","good","ok","no","no"
"l.calligaris@toraypmc.com","good","ok","no","no"
"l.elrod@industrialproperties.net","good","ok","no","no"
"l.kairaiuak@3starak.com","good","ok","no","no"
"l.modelski@pineridgefarmsinc.com","good","ok","no","no"
"l.pearce@id-plastics.com","good","ok","no","no"
"la@meetingstreetgraphics.com","good","ok","no","no"
"lab@sefp.net","good","ok","no","no"
"lacey@c3alaska.com","risky","catch_all","no","no"
"lacey@rykersrainbow.org","good","ok","no","no"
"lacrisha@badger-buildinginc.com","good","ok","no","no"
"lacy@granade.co","bad","invalid","no","no"
"laine.casallo@mcaleersolutions.com","risky","unknown","no","no"
"lajohnta_harvill@pool-aid.net","good","ok","no","no"
"lakishal@centralstatebank.com","good","ok","no","no"
"lakyn.cooper@plantpower.com","good","ok","no","no"
"lakyn.gaddy@optria.com","good","ok","no","no"
"lalonie@igniteyourbrand.co","good","ok","no","no"
"lamarz@scoutpm.com","good","ok","no","no"
"lambert@bienvilleclub.com","risky","catch_all","no","no"
"lamont.mccrary@hberm.com","risky","catch_all","no","no"
"lana@agileis.com","good","ok","no","no"
"lana@julesandgemhawaii.com","good","ok","no","no"
"lance.muniz@vetergy.com","good","ok","no","no"
"lance.newing@jamescrisp.co.nz","good","ok","no","no"
"lance@akbha.org","good","ok","no","no"
"lance@hamptonservices.net","good","ok","no","no"
"lance@heidecook.com","good","ok","no","no"
"lance@kaikoagallery.com","good","ok","no","no"
"lancheta@palamasettlement.org","good","ok","no","no"
"landerson@akchild.org","good","ok","no","no"
"landon.self@zerorpm.com","good","ok","no","no"
"landon@breakroomchoices.com","good","ok","no","no"
"landon@glo.co","good","ok","no","no"
"landry.stephens@nm.com","good","ok","no","no"
"lane@civilse.com","good","ok","no","no"
"lane@eavesconstruction.com","risky","catch_all","no","no"
"lane@pacificislehomes.com","good","ok","no","no"
"lanie@briarcliffholdingsgroup.com","risky","catch_all","no","no"
"lara.clay@simplenumberscri.com","good","ok","no","no"
"lara.till@nhtc.coop","good","ok","no","no"
"largent@cpcbirmingham.com","good","ok","no","no"
"larissa@drinksummerclub.com","good","ok","no","no"
"larmstead@wamhc.org","good","ok","no","no"
"larry.hardeman@jenkon.com","bad","invalid","no","no"
"larry.revoir@jpcoolingandheating.com","risky","unknown","no","no"
"larry.robinson@r3lengineering.com","risky","catch_all","no","no"
"larry@alaskadreammakers.com","good","ok","no","no"
"larry@dsldland.com","good","ok","no","no"
"larry@greenmagiclandscapes.com","good","ok","no","no"
"latonja.richardson@northalcc.org","good","ok","no","no"
"latrice.yancey@accountingprincipals.com","risky","catch_all","no","no"
"laura.cruce@go-to-market-solutions.com","good","ok","no","no"
"laura.hicks@tourism.alabama.gov","good","ok","no","no"
"laura.hunter@high5health.com","good","ok","no","no"
"laura.iaeabehic@parpacific.com","good","ok","no","no"
"laura.jim@traveljuneau.com","good","ok","no","no"
"laura.motes@onlinecommercegroup.com","good","ok","no","no"
"laura@agcak.org","good","ok","no","no"
"laura@aps-hr.com","good","ok","no","no"
"laura@fleetfeetbirmingham.com","good","ok","no","no"
"laura@gatewaycommercial.net","good","ok","no","no"
"laura@hoffmanpetroleum.com","good","ok","no","no"
"laura@kauainursery.com","good","ok","no","no"
"laura@python.org","good","ok","no","no"
"laura@rugiet.com","good","ok","no","no"
"laura@techni-core.com","good","ok","no","no"
"laura@theparnassusgroup.com","good","ok","no","no"
"laura@thewholephysician.com","risky","catch_all","no","no"
"laura@thewillowtree.com","good","ok","no","no"
"laura@yann-nury.com","risky","catch_all","no","no"
"laura_l@awaic.org","good","ok","no","no"
"lauragannon@woodfloorstore.net","good","ok","no","no"
"lauran@fosheemanagement.com","good","ok","no","no"
"laureen@ehawaiidestinationservices.com","risky","catch_all","no","no"
"laurel.smith@penta-inc.com","good","ok","no","no"
"lauren.berberich@flourishtherapy.llc","risky","catch_all","no","no"
"lauren.biediger@dumbwaiterrestaurant.com","bad","invalid","no","no"
"lauren.huggins@oculusuw.com","risky","catch_all","no","no"
"lauren.neal@asterinsights.com","good","ok","no","no"
"lauren.wilson@banghamengineering.com","good","ok","no","no"
"lauren@alohabc.com","risky","catch_all","no","no"
"lauren@asaflowers.com","good","ok","no","no"
"lauren@costongc.com","good","ok","no","no"
"lauren@ewam.com","good","ok","no","no"
"lauren@gunndermatology.com","good","ok","no","no"
"lauren@hiyouthsymphony.org","good","ok","no","no"
"lauren@lexusofmobile.com","bad","invalid","no","no"
"lauren@mauichocolate.com","risky","catch_all","no","no"
"lauren@milamandco.com","good","ok","no","no"
"lauren@riverbrook.com","good","ok","no","no"
"lauren@ronniewatkinsford.com","good","ok","no","no"
"lauren@saffisaana.com","good","ok","no","no"
"lauren@shamrockrentals.com","risky","catch_all","no","no"
"lauren@shopseasideshoes.com","good","ok","no","no"
"lauren@valorsci.com","good","ok","no","no"
"laurenmarino@childrensharbor.com","good","ok","no","no"
"lauri.yanagawa@coregroupone.com","risky","catch_all","no","no"
"laurie.mikus@aidiamarketing.com","risky","catch_all","no","no"
"laurie.thomas@smartlam.com","risky","catch_all","no","no"
"laurie@mobilebayrealty.com","risky","catch_all","no","no"
"laurie@noheagallery.com","good","ok","no","no"
"laurie@sturdevantair.com","good","ok","no","no"
"lauriep@deancoauction.com","good","ok","no","no"
"lawrence.swanson@alaska.gov","good","ok","no","no"
"lawson@firstavenuefunding.com","good","ok","no","no"
"layla.plair@trindgroup.com","risky","catch_all","no","no"
"lbaxter@specialeventsmanagement.net","good","ok","no","no"
"lbecia@tbcak.com","good","ok","no","no"
"lberry@whsq.com","good","ok","no","no"
"lblackmon@aiamga.com","good","ok","no","no"
"lbland@lonokepha.com","good","ok","no","no"
"lboots@aleutcorp.com","good","ok","no","no"
"lbottcher@cannoncarpetone.com","good","ok","no","no"
"lbrack@kualoha.org","good","ok","no","no"
"lbrasher@valleyhotelbirmingham.com","good","ok","no","no"
"lbressler@ndtinspection.com","bad","invalid","no","no"
"lbusby@johnsonsterling.com","good","ok","no","no"
"lbyrd@vision-research.com","good","ok","no","no"
"lcahela@midsouthtl.com","good","ok","no","no"
"lcalvert@traditionpt.com","good","ok","no","no"
"lcarruba@bairdcontracting.net","good","ok","no","no"
"lcarwile@coilplus.com","good","ok","no","no"
"lchancey@hodgeswarehouse.com","good","ok","no","no"
"lchapman@bellatrix-hrm.com","good","ok","no","no"
"lchatmon@selmacntr.org","good","ok","no","no"
"lclements@millenniumsys.com","good","ok","no","no"
"lcooke@rogerswillard.com","good","ok","no","no"
"lcosby@umcna.org","good","ok","no","no"
"lcottingham@fesi.org","good","ok","no","no"
"lcox@marjacpoultryal.com","good","ok","no","no"
"lcrook@bsiequipment.com","good","ok","no","no"
"lculberson@aerostar.aero","good","ok","no","no"
"ldalton@smartstartpediatrics.com","good","ok","no","no"
"ldavis@tcsware.com","good","ok","no","no"
"ldavis@ufsystems.com","good","ok","no","no"
"ldd@mlfaalaska.com","good","ok","no","no"
"ldecosta@h4hawaii.org","good","ok","no","no"
"ldemer@aceh.org","good","ok","no","no"
"ldenham@southernshutter.com","good","ok","no","no"
"ldillon@partnerstax.com","good","ok","no","no"
"ldrumheller@alamha.org","good","ok","no","no"
"ldunham@bessk12.org","good","ok","no","no"
"lea@macsautocores.com","good","ok","no","no"
"leah.belmonte@mahipono.com","good","ok","no","no"
"leah@chapmanhealthcare.net","risky","unknown","no","no"
"leah@method-1.com","risky","catch_all","no","no"
"leah@premierstructures.com","good","ok","no","no"
"leah@yoursocialu.com","good","ok","no","no"
"leann@fandmmag.com","risky","catch_all","no","no"
"leanna@kaimukichristian.org","risky","unknown","no","no"
"leanne.cesario@silversageusa.com","good","ok","no","no"
"leanne@gamechangermarketingsolutions.com","good","ok","no","no"
"leanne@mauivb.com","good","ok","no","no"
"leanne@tilecoinc.com","good","ok","no","no"
"leannel@la-llc.com","good","ok","no","no"
"leasingspecialist@ariseknoxsquare.com","good","ok","no","no"
"lee.barnes@ssainc.com","good","ok","no","no"
"lee.frith@keyknife.com","bad","invalid","no","no"
"lee.hanks@hansensupertechs.com","good","ok","no","no"
"lee.nelson@healthworx.ai","good","ok","no","no"
"lee.posey@nabriva.com","bad","invalid","no","no"
"lee.todd@rayson-tech.com","good","ok","no","no"
"lee@blalockwilliams.com","good","ok","no","no"
"lee@blydanbuilt.com","good","ok","no","no"
"lee@brownproducts.com","good","ok","no","no"
"lee@graceauburn.church","good","ok","no","no"
"lee@qualitycomix.com","good","ok","no","no"
"lee@storytelleroverland.com","good","ok","no","no"
"lee@udpllc.com","good","ok","no","no"
"lee@warriorriverwater.com","good","ok","no","no"
"lee@willcoxonproperties.com","good","ok","no","no"
"leeann@mauitax.com","good","ok","no","no"
"leeann@northparkwayministorage.com","bad","invalid","no","no"
"leepolk@createdsolutionsinc.com","good","ok","no","no"
"leesa@multipointcom.com","good","ok","no","no"
"leewood@algc.net","good","ok","no","no"
"lei@jamsworld.com","good","ok","no","no"
"leigh.foushee@thynkhealth.com","good","ok","no","no"
"leigh@alasaw.com","good","ok","no","no"
"leigh@groganagency.net","good","ok","no","no"
"leigh@hnpsiteplan.com","good","ok","no","no"
"leigh@infinitebanking.org","good","ok","no","no"
"leigh@kampakisins.com","good","ok","no","no"
"leigh@marieco.com","good","ok","no","no"
"leilani.gaspar@koolina.com","good","ok","no","no"
"leilani.ventura@medb.org","good","ok","no","no"
"leilani@redefined.media","good","ok","no","no"
"leisel@wedomedia.us","good","ok","no","no"
"len.cody@secvis.com","good","ok","no","no"
"lena.kappen@workfaithbhm.org","good","ok","no","no"
"lenaisia.harris@adss.alabama.gov","good","ok","no","no"
"lenard@vintagehg.com","good","ok","no","no"
"leon.shell@nvrcorp.com","good","ok","no","no"
"leon@diamondgolfcars.com","good","ok","no","no"
"leon@woldeflooring.com","good","ok","no","no"
"lera@hartassociate.com","good","ok","no","no"
"les.hall@mclaurin.aero","good","ok","no","no"
"les@alexanderspa.com","good","ok","no","no"
"les@andrewsllc.com","good","ok","no","no"
"les@marketryinc.com","risky","catch_all","no","no"
"les@portcitycontainers.net","good","ok","no","no"
"lesley@gsvacationrentals.com","good","ok","no","no"
"lesley@keithair.com","good","ok","no","no"
"leslie@dmhawaii.net","good","ok","no","no"
"leslie@originalwatermen.com","good","ok","no","no"
"leslie@posabit.com","good","ok","no","no"
"leslie@soldonleslie.com","good","ok","no","no"
"leslielambeth@wam.services","good","ok","no","no"
"letscook@thedirtyapron.com","risky","catch_all","no","no"
"letstalk@active-8.com","good","ok","no","no"
"levans@csesports.com","good","ok","no","no"
"lex@saltshinecreative.com","good","ok","no","no"
"lexi@waterfall.net","good","ok","no","no"
"lexiebrazeale@singingriverdentistry.net","good","ok","no","no"
"leycurl@planetbids.com","good","ok","no","no"
"lfang@hioncology.com","good","ok","no","no"
"lfletcher@airemaster.com","risky","catch_all","no","no"
"lfridlin@craigwire.com","good","ok","no","no"
"lfulmer@shelby911.org","good","ok","no","no"
"lgarcia@hawaiirealtors.com","good","ok","no","no"
"lgardner@ocialabama.com","good","ok","no","no"
"lgarner@tonygroup.com","good","ok","no","no"
"lgarza@yourubt.com","good","ok","no","no"
"lgibson@alaha.org","good","ok","no","no"
"lgist@groganjewelers.com","good","ok","no","no"
"lgraciano@bgch.com","good","ok","no","no"
"lgraham@albanyelevator.com","good","ok","no","no"
"lgray@cnahsi.com","good","ok","no","no"
"lgreenwood@escofab.com","good","ok","no","no"
"lguggenmos@jdsteel.com","good","ok","no","no"
"lhancock@royalautomotive.net","risky","catch_all","no","no"
"lharrison@davisdirect.com","good","ok","no","no"
"lhart@pjcoinsurance.com","good","ok","no","no"
"lhawkins@parkrebowe.com","good","ok","no","no"
"lhinson@hinsoncommunications.com","risky","unknown","no","no"
"lholt@capitalsouthbank.com","risky","unknown","no","no"
"lhope@ftsfederal.com","good","ok","no","no"
"lhopson@asrc.com","good","ok","no","no"
"lhowell@thefortiscompany.com","good","ok","no","no"
"lhulsey@structuredtechnologyllc.com","good","ok","no","no"
"lia@hawaiiislandretreat.com","good","ok","no","no"
"lia@organizewithlia.com","good","ok","no","no"
"liana.soong@lassens.com","good","ok","no","no"
"liane@kauaichamber.org","good","ok","no","no"
"liann@twosenseconsulting.com","good","ok","no","no"
"lianne.cameron@phadhi.com","good","ok","no","no"
"lianne@higarealty.com","good","ok","no","no"
"libet.anderson@cetera.com","good","ok","no","no"
"lichelle@admorhvac.com","good","ok","no","no"
"light@edesignhawaii.com","good","ok","no","no"
"lii@thebeallcorporation.com","good","ok","no","no"
"lila.sanders@4tdd.com","bad","invalid","no","no"
"lilli@bandbhealth.com","good","ok","no","no"
"lilliank@geneschrysler.com","risky","unknown","no","no"
"lillie@30aescapes.com","good","ok","no","no"
"lin@coleandcole.com","good","ok","no","no"
"lincoln@forsythbuilding.com","good","ok","no","no"
"lincolncl@coleandcole.com","good","ok","no","no"
"linda.cooper@swj-us.com","good","ok","no","no"
"linda.osborne@rmci-inc.com","good","ok","no","no"
"linda@c2hawaii.com","good","ok","no","no"
"linda@krbd.org","good","ok","no","no"
"linda@ntreak.com","good","ok","no","no"
"linda@rnanc.com","risky","unknown","no","no"
"linda@sachihawaii.com","good","ok","no","no"
"lindah@yourevp.com","bad","invalid","no","no"
"lindsay.medeiros@clientcloudcare.com","good","ok","no","no"
"lindsay@homewoodtherapy.com","good","ok","no","no"
"lindsay@rhi-solutions.com","good","ok","no","no"
"lindsayluketic@advokateadvisors.com","good","ok","no","no"
"lindsey.holmes@pauldavis.com","good","ok","no","no"
"lindsey.seal@revitalizationunlimited.com","good","ok","no","no"
"lindsey@advantageitm.com","bad","invalid","no","no"
"lindsey@apcm.net","good","ok","no","no"
"lindsey@ddbcllc.com","good","ok","no","no"
"lindsey@dietrichrentals.com","risky","catch_all","no","no"
"lindsey@h2owaterproofing.com","good","ok","no","no"
"lindsey@hawaiiannativeplants.com","good","ok","no","no"
"lindsey@hisinsurancegroup.com","good","ok","no","no"
"lindsey@zekeslanding.com","good","ok","no","no"
"lindy@uprightfencing.com","good","ok","no","no"
"linnie@hwatt.com","good","ok","no","no"
"linzy@geniusroof.com","good","ok","no","no"
"lira@lirakay.com","risky","unknown","no","no"
"lisa.fenderson@lennar.com","good","ok","no","no"
"lisa.forsythe@iliad-solutions.com","good","ok","no","no"
"lisa.gray@trivector.us","good","ok","no","no"
"lisa.hall@cangd.org","good","ok","no","no"
"lisa.hill@huebner-giessen.com","good","ok","no","no"
"lisa.m@autoconserv.com","bad","invalid","no","no"
"lisa.purves@ktoo.org","good","ok","no","no"
"lisa.riley@mcabeemedical.com","bad","invalid","no","no"
"lisa.stewart@vtmae.com","bad","invalid","no","no"
"lisa.waldo@ampierce.com","good","ok","no","no"
"lisa@3dwealthadvisors.com","good","ok","no","no"
"lisa@alohalisa.com","bad","invalid","no","no"
"lisa@arm-al.org","good","ok","no","no"
"lisa@excellance.com","good","ok","no","no"
"lisa@fbchayden.com","good","ok","no","no"
"lisa@flowersinsurance.com","good","ok","no","no"
"lisa@getcleartitle.com","good","ok","no","no"
"lisa@honeygirlorganics.com","good","ok","no","no"
"lisa@kebspecification.com","good","ok","no","no"
"lisa@lucysauburn.com","good","ok","no","no"
"lisa@marketgroupre.com","good","ok","no","no"
"lisa@my360lending.com","good","ok","no","no"
"lisa@studiogco.com","good","ok","no","no"
"lisa@taylorsalesandservice.com","good","ok","no","no"
"lisa@tocaroblue.com","good","ok","no","no"
"lisa@woodhamscabinet.com","good","ok","no","no"
"lisab@srdentalpartners.com","good","ok","no","no"
"lisak@paamg.net","good","ok","no","no"
"lisaki@skaiventures.com","risky","unknown","no","no"
"lisapettis@advokateadvisors.com","good","ok","no","no"
"lisas@corkhillandco.com","good","ok","no","no"
"lisastone@stafforddev.com","good","ok","no","no"
"lisat@alaeye.com","good","ok","no","no"
"lisatran@hbai.net","good","ok","no","no"
"lisauyema@samhirota.com","good","ok","no","no"
"lise@nameahawaii.com","good","ok","no","no"
"lisi@trinitytransition.com","good","ok","no","no"
"lit.flowers@perennialsouth.com","good","ok","no","no"
"lito@awdhi.com","good","ok","no","no"
"liz@coveyrisemagazine.com","good","ok","no","no"
"liz@hicohawaiiancoffee.com","risky","catch_all","no","no"
"liz@pittmanindustrial.com","good","ok","no","no"
"liz@redonion1898.com","good","ok","no","no"
"liz@willowbrook.org","good","ok","no","no"
"liz@wwso.pro","good","ok","no","no"
"lizbarlow@beyondak.com","good","ok","no","no"
"lizel@pacificbusinessfunding.com","good","ok","no","no"
"ljackson@besha.org","good","ok","no","no"
"ljkuhia@starcombuilders.com","good","ok","no","no"
"ljohnson@aspconstructioninc.com","good","ok","no","no"
"ljohnson@firstbankofboaz.com","good","ok","no","no"
"ljohnson@usbrick.com","risky","unknown","no","no"
"ljordan@guyseind.com","good","ok","no","no"
"ljordan@intrinsic.media","good","ok","no","no"
"lkimura@jayarhawaii.com","good","ok","no","no"
"lking@alabamacentral.org","risky","catch_all","no","no"
"lking@gannetbiochem.com","good","ok","no","no"
"lknight@slortho.com","good","ok","no","no"
"lknott@onekalakaua.net","bad","invalid","no","no"
"lkrafft@alaskaseafood.org","good","ok","no","no"
"lkryals@gulftel.com","good","ok","no","no"
"lkt@land-title.net","good","ok","no","no"
"llangley@benchmarkpt.com","good","ok","no","no"
"llayne@charmingeventshawaii.com","risky","catch_all","no","no"
"lleath@cayennecreative.com","good","ok","no","no"
"lleonard@controlaltprotect.com","good","ok","no","no"
"lloree@theatrixhawaii.com","risky","catch_all","no","no"
"lloyd@fulmerinstruments.com","good","ok","no","no"
"lluter@fairhopepeds.com","good","ok","no","no"
"llynd@opdec.com","good","ok","no","no"
"lmallette@fairwaymg.com","good","ok","no","no"
"lmastro@nelbran.com","good","ok","no","no"
"lmatsumoto@royalstate.com","good","ok","no","no"
"lmccormick@weightec.com","good","ok","no","no"
"lmcnair@1hpm.com","good","ok","no","no"
"lmcneal@psc1201.com","risky","catch_all","no","no"
"lmiddendorf@alaskatia.org","risky","catch_all","no","no"
"lmontenegro@automobileterminal.com","good","ok","no","no"
"lmulcahy@natc-ht.com","good","ok","no","no"
"lmullikin@aerostar.aero","good","ok","no","no"
"lmurakami@fjhawaii.com","good","ok","no","no"
"lneely@serrakia.com","good","ok","no","no"
"lniccolson@jdsteel.com","good","ok","no","no"
"lnichols@fivehorizons.org","good","ok","no","no"
"lnishijima@liveaction.com","good","ok","no","no"
"lockers@hakuyosha.com","good","ok","no","no"
"logan.roberts@cosoventures.com","good","ok","no","no"
"logan@cypress-supply.com","good","ok","no","no"
"logan@rahsouth.com","good","ok","no","no"
"logan@specsfamilyeye.com","risky","unknown","no","no"
"loganl@hawaiireserves.com","risky","catch_all","no","no"
"lois@changer-dresser.com","risky","unknown","no","no"
"loke@jamesmcpartland.com","good","ok","no","no"
"london@mbmps.com","good","ok","no","yes"
"loni@touronimo.com","good","ok","no","no"
"lonishi@konabeachhotel.com","good","ok","no","no"
"lonnie.martin@catinet.com","bad","invalid","no","no"
"lonnie@ggelectricalservices.net","good","ok","no","no"
"lonnie@proteasofhawaii.com","risky","unknown","no","no"
"lora@varicositymanagementgroup.com","bad","invalid","no","no"
"lorah@hodhawaii.com","good","ok","no","no"
"loren@inletkeeper.org","good","ok","no","no"
"lorenpotts@murfeemeadows.com","good","ok","no","no"
"loretta@ywcakauai.org","good","ok","no","no"
"lori.blakeney@advancedsolutions.com","good","ok","no","no"
"lori.sisk@grayanalytics.com","good","ok","no","no"
"lori.uchiyama@khon2.com","good","ok","no","no"
"lori.wong@koolina.com","good","ok","no","no"
"lori@harthousecreative.com","good","ok","no","no"
"lori@hooverchamber.org","good","ok","no","no"
"lori@jenilyns.com","good","ok","no","no"
"lori@mauiprinting.com","good","ok","no","no"
"lori@phoenixmw.net","good","ok","no","no"
"lori@schoolspiritpr.com","good","ok","no","no"
"lorna@hi-accounting.com","good","ok","no","no"
"lorraine@aepac.com","good","ok","no","no"
"lotake@ewabeachgc.com","good","ok","no","no"
"lottie.ables@cepedasystems.com","good","ok","no","no"
"lotto@fairhopebuildingcompany.com","good","ok","no","no"
"lou@akaku.org","good","ok","no","no"
"lou@newfuturesinc.com","good","ok","no","no"
"louie.miller@quadradot.com","good","ok","no","no"
"louis@brechan.com","good","ok","no","no"
"louis@hwatt.com","good","ok","no","no"
"louisa.branchflower@onwardandupward.org","good","ok","no","no"
"lpahman@cleartrackhr.com","good","ok","no","no"
"lparker@paragondealerservices.com","good","ok","no","no"
"lpeters@procommak.com","good","ok","no","no"
"lpezent@prystup.com","good","ok","no","no"
"lprestwick@drakeconstruction.net","good","ok","no","no"
"lprosser@graphiteoneinc.com","good","ok","no","no"
"lquarles@blackjackhorticulture.com","good","ok","no","no"
"lr@berkeley-co.com","good","ok","no","no"
"lrapier@vulcanvaluepartners.com","good","ok","no","no"
"lray@northalaurology.com","good","ok","no","no"
"lray@willoproducts.com","good","ok","no","no"
"lreeser@cahabaenergysolutions.com","good","ok","no","no"
"lreid@goldentaxrelief.com","good","ok","no","no"
"lrevis@siversolutionsllc.com","good","ok","no","no"
"lrhoden@directionsmanagement.com","good","ok","no","no"
"lrogers@innbill.com","good","ok","no","no"
"lsakata@nuuanuhale.com","good","ok","no","no"
"lsanders@hollywoodoutdoorliving.com","good","ok","no","no"
"lsanderson5@cogeco.ca","good","ok","no","no"
"lscott@maidpro.com","good","ok","no","no"
"lscroggins@panel.com","good","ok","no","no"
"lserrano@straussfinancial.com","good","ok","no","no"
"lsession@eqrp.com","risky","catch_all","no","no"
"lsialana@mauilaniphysicians.com","good","ok","no","no"
"lsingleton@heritagehomesfamily.com","good","ok","no","no"
"lsisco@krreps.com","good","ok","no","no"
"lsisco@sofosrealty.com","good","ok","no","no"
"lsmith@finovifi.com","good","ok","no","no"
"lsmith@nessturf.com","good","ok","no","no"
"lsmith@southernshutter.com","good","ok","no","no"
"lsmith@tnhie.org","good","ok","no","no"
"lsmith@tradebank.com","good","ok","no","no"
"lsmith@ucgllc.net","risky","catch_all","no","no"
"lsmith@ymcatusc.org","good","ok","no","no"
"lspry@lcapitaladvisors.com","good","ok","no","no"
"lstrickland@ibgbuilds.com","good","ok","no","no"
"lstuddard@altextube.com","good","ok","no","no"
"lsturges@fhb.com","good","ok","no","no"
"ltaylor@easternsurgical.com","risky","unknown","no","no"
"ltisserand@msicontrols.com","good","ok","no","no"
"ltrotter@worldpointterminals.com","good","ok","no","no"
"ltucker@sepond.com","good","ok","no","no"
"ltucker@welcometotheislands.com","good","ok","no","no"
"lturner@armour-house.com","good","ok","no","no"
"lturner@farmerstel.com","good","ok","no","no"
"luana@mauicountryclub.org","good","ok","no","no"
"lucas.altman-gill@meritbank.com","good","ok","no","no"
"lucas@kucharconstruction.com","good","ok","no","no"
"lucy.lunsford@olamshrine.com","good","ok","no","no"
"lucy.scharein@g2sales.com","good","ok","no","no"
"luis.garcia@raymondjames.com","good","ok","no","no"
"luis@incogc.com","good","ok","no","no"
"luke@makmediateam.com","good","ok","no","no"
"lukeh@northstarak.com","good","ok","no","no"
"lukej@ars-ak.com","good","ok","no","no"
"lukem@allenmetals.com","good","ok","no","no"
"luna.kim@agsamerica.com","good","ok","no","no"
"lurrea@bmsswesson.com","good","ok","no","no"
"lusam@servpro10947.com","good","ok","no","no"
"lutavia@dldbsi.com","good","ok","no","no"
"lutter@redstonevillage.org","good","ok","no","no"
"lvaughn@chaserllc.com","good","ok","no","no"
"lwalker@rives.com","good","ok","no","no"
"lwatson@pullendmdpc.com","good","ok","no","no"
"lwatts@asfservices.com","good","ok","no","no"
"lwedell@bcrwealth.com","good","ok","no","no"
"lwest@jonesvalleyfab.com","good","ok","no","no"
"lweston@mayerelectric.com","good","ok","no","no"
"lwhitney@ccmaui.org","good","ok","no","no"
"lwilkerson@nicholsconcrete.com","good","ok","no","no"
"lwilliams@columbuscardiologyassociates.com","good","ok","no","no"
"lwilliams@theworshipcentercc.org","good","ok","no","no"
"lwillingham@annistonhousing.org","good","ok","no","no"
"lwilson@medisysinc.com","good","ok","no","no"
"lyagin@qkcmanagement.com","good","ok","no","no"
"lydia@ampersand.wtf","risky","catch_all","no","no"
"lydia@magiccityharvest.org","good","ok","no","no"
"lyearwood@mywaytrans.com","risky","catch_all","no","no"
"lyle.kean@project-solutions.fr","risky","catch_all","no","no"
"lyle@goosepond.org","good","ok","no","no"
"lyman.ramsay@gulfservices.us","good","ok","no","no"
"lyman@lovejoyrealty.com","risky","catch_all","no","no"
"lynda.denny@pstiak.com","good","ok","no","no"
"lynde.kriese@uwmadisoncounty.org","good","ok","no","no"
"lynette@kidskupboard.org","risky","catch_all","no","no"
"lynn.brown@ethic-tech.com","good","ok","no","no"
"lynn.castleberry@bridgewaysal.org","good","ok","no","no"
"lynn.lovelady@addsourcegroup.com","good","ok","no","no"
"lynn.parker@alhouse.gov","good","ok","no","no"
"lynn@alabamacacs.org","good","ok","no","no"
"lynn@churchsteeples.com","good","ok","no","no"
"lynn@commonbondtitle.com","good","ok","no","no"
"lynn@kingshome.com","good","ok","no","no"
"lynn@spj1.com","good","ok","no","no"
"lynne@prierconstruction.com","good","ok","no","no"
"lynnealan@guinservice.com","good","ok","no","no"
"lynnep@mcgrifftire.com","good","ok","no","no"
"lynns@rountreealabama.com","good","ok","no","no"
"lynsey@zazuopelika.com","good","ok","no","no"
"lyokley@northbaldwinutilities.com","good","ok","no","no"
"lyord@pennyfoundation.org","good","ok","no","no"
"m.bishop@singletonmarinegroup.com","good","ok","no","no"
"m.cupples@gillandchevrolet.com","good","ok","no","no"
"m.daniels@litostroj-us.com","good","ok","no","no"
"m.eubank@easylengraving.com","risky","catch_all","no","no"
"m.gardner@omgroupinc.us","bad","invalid","no","no"
"m.johnson@flymgm.com","good","ok","no","no"
"m.sellers@commonwealthco.net","good","ok","no","no"
"m.sullivan@thehighlandgroup.com","good","ok","no","no"
"m.vanhooser@seabrook-solutions.com","good","ok","no","no"
"m.waldrep@communityengagementassociates.com","good","ok","no","no"
"mabella@honuascholars.org","good","ok","no","no"
"mabney@roofcurb.com","good","ok","no","no"
"mabrams@h2recruits.com","risky","unknown","no","no"
"maci@crunkletonassociates.com","good","ok","no","no"
"mackenzie@apricotservices.com","good","ok","no","no"
"macmcgovern@mobileshipchandlery.com","good","ok","no","no"
"madams@fintegratetech.com","good","ok","no","no"
"madams@interstartransportation.net","good","ok","no","no"
"maddela@uab.edu","good","ok","no","no"
"maddi@paramountbeverage.com","good","ok","no","no"
"maddie@austinpt.com","good","ok","no","no"
"maddie@newdaycarwash.com","good","ok","no","no"
"maddison@dcc.org","good","ok","no","no"
"madison.kimbrough@augmentir.com","good","ok","no","no"
"madison@barrancocpas.com","risky","unknown","no","no"
"madison@hydralivetherapy.com","good","ok","no","no"
"madison@meldfinancial.com","good","ok","no","no"
"madison@tripletakemarketing.com","good","ok","no","no"
"mads@rameau.nl","good","ok","no","no"
"maegan@calldunns.com","good","ok","no","no"
"maggie.kendrick@libertyrent.com","bad","invalid","no","no"
"maggie@innovativetraumacare.com","good","ok","no","no"
"maggie@pantsstore.com","good","ok","no","no"
"maggie@securusadvisors.com","risky","catch_all","no","no"
"maggie@towlos.com","good","ok","no","no"
"maggie@wearemta.io","good","ok","no","no"
"mahern@coefficientservices.com","good","ok","no","no"
"mahoney@bmwhawaii.com","bad","invalid","no","no"
"mai@hjcc.org","good","ok","no","no"
"maigen@invisiblehistory.org","good","ok","no","no"
"maikel@pletx.net","bad","invalid","no","no"
"maile@hawaiianspringswater.com","good","ok","no","no"
"maile@orthosport.com","good","ok","no","no"
"makayla@qued.com","good","ok","no","no"
"mako@landscapehi.com","good","ok","no","no"
"malcolm.gruber@pixovr.com","good","ok","no","no"
"mali.goff@absimage.com","good","ok","no","no"
"malia@ranchandcoastsecurity.com","good","ok","no","no"
"malina@thecoverupfilm.com","risky","unknown","no","no"
"mallory@pkgsys.net","bad","invalid","no","no"
"malloryseale@ppximaging.com","good","ok","no","no"
"malong@skylinevirtualsolutionsinc.com","good","ok","no","no"
"malorie.lomer@teyacompany.com","good","ok","no","no"
"malorieq@tpycc.org","good","ok","no","no"
"malvarado@ululanisshaveice.com","good","ok","no","no"
"mamie.sheldrick@compone.org","risky","unknown","no","no"
"mandi@nviusgraphics.com","good","ok","no","no"
"mandie.ingram@alaskasausage.com","good","ok","no","no"
"mandy.ellsworth@redeyelouies.com","good","ok","no","no"
"mandy@femaui.com","good","ok","no","no"
"mandy@otechnicalsolutions.com","good","ok","no","no"
"manilyn.alcaide@akaerospace.com","good","ok","no","no"
"mantha@frostlinestudios.com","good","ok","no","no"
"manu@gelatolaboca.com","risky","catch_all","no","no"
"manu@leimanu.com","good","ok","no","no"
"mara.stratton@dentalinnovations.com.au","bad","invalid","no","no"
"marakaki@pacthawaii.org","bad","invalid","no","no"
"maranda.duchock@aldensys.com","good","ok","no","no"
"marc.londagin@wrsasolutions.com","good","ok","no","no"
"marc.neely@jdmsolutions.com","good","ok","no","no"
"marc.parrish@fairhopedirect.com","good","ok","no","no"
"marc@sixtytwomarcket.com","good","ok","no","no"
"marc@thepatisserie.com","risky","unknown","no","no"
"marcale@algulfcoastzoo.org","good","ok","no","no"
"marcela@alliancemechanicalsolutions.com","good","ok","no","no"
"marcelagama@smartgolfcourses.pt","risky","catch_all","no","no"
"marcelosantos@smartgolfcourses.pt","risky","catch_all","no","no"
"marcia@hawaiifitcamp.com","good","ok","no","no"
"marcia@russellrealtyandassociates.com","risky","unknown","no","no"
"marcia@speechsolutionshi.com","good","ok","no","no"
"marciah@byrombuilding.com","good","ok","no","no"
"marcio@bankspacific.com","good","ok","no","no"
"marcos.miranda@premierims.com","good","ok","no","no"
"marcus.hunt@southoaktitle.com","good","ok","no","no"
"marcus.miller@palogic.com","good","ok","no","no"
"marcus@awesomeservicesinc.com","good","ok","no","no"
"marcus@helefitness.com","good","ok","no","no"
"marcus@koolden.com","risky","catch_all","no","no"
"marcus@ledcolighting.com","good","ok","no","no"
"marea@plushyhost.com","good","ok","no","no"
"margaret@cmrfa.com","good","ok","no","no"
"margaret@copperwing.com","good","ok","no","no"
"margaret@saundersit.net","good","ok","no","no"
"margarita@kapoleieyecare.com","good","ok","no","no"
"margery@hapunarealty.com","good","ok","no","no"
"margieross@ppximaging.com","good","ok","no","no"
"mari@pccchawaii.com","good","ok","no","no"
"maria.camp@franklincountytimes.com","good","ok","no","no"
"maria@dynamohawaii.com","bad","invalid","no","no"
"maria@graytonbd.com","good","ok","no","no"
"mariah@pacificbirthcollective.org","good","ok","no","no"
"mariah@zakhill.com","good","ok","no","no"
"mariana@kcaw.org","good","ok","no","no"
"marianne@windhamtravelandleisure.com","good","ok","no","no"
"marie@atpublishing.com","good","ok","no","no"
"mariedanner@gettherapybirmingham.com","good","ok","no","no"
"mariette@lifeline-hawaii.com","good","ok","no","no"
"marilyn.stamps@tourism.alabama.gov","bad","invalid","no","no"
"marinda@belforestwater.com","good","ok","no","no"
"marisa.pena@breadlineak.org","good","ok","no","no"
"marisa@pcfinternational.com","bad","invalid","no","no"
"marissa.wong@expresspros.com","good","ok","no","no"
"marissa@dsehawaii.com","good","ok","no","no"
"marissa@valorsci.com","good","ok","no","no"
"mark.berthold@aes.com","bad","invalid","no","no"
"mark.clark@esportsal.org","good","ok","no","no"
"mark.dummer@tintronics.com","good","ok","no","no"
"mark.faginkrantz@signalink.us","good","ok","no","no"
"mark.favela@amstarems.com","good","ok","no","no"
"mark.gauldin@uah.edu","good","ok","no","no"
"mark.hall@teamfdi.com","good","ok","no","no"
"mark.jones@eecweathertech.com","good","ok","no","no"
"mark.mccaslin@infirmaryhealth.org","good","ok","no","no"
"mark.mcclanahan@us-heichegroup.com","bad","invalid","no","no"
"mark.morrison@llhhc.com","good","ok","no","no"
"mark.richards@imprimis-inc.com","bad","invalid","no","no"
"mark.usher@spendworx.com","good","ok","no","no"
"mark@1504.co","good","ok","no","no"
"mark@bhammortgage.com","good","ok","no","no"
"mark@bluespringh2o.com","good","ok","no","no"
"mark@enchantedlakept.com","good","ok","no","no"
"mark@endeavorak.com","good","ok","no","no"
"mark@forsythegc.com","good","ok","no","no"
"mark@futurecraft.agency","risky","catch_all","no","no"
"mark@jpghawaii.com","good","ok","no","no"
"mark@kyriossystems.com","good","ok","no","no"
"mark@laulimasystems.com","good","ok","no","no"
"mark@lokenconstructionak.com","good","ok","no","no"
"mark@markkennamerdesign.com","good","ok","no","no"
"mark@mbutlerelectric.com","good","ok","no","no"
"mark@parkesmechanical.com","good","ok","no","no"
"mark@rives.com","good","ok","no","no"
"mark@sextonlandscapes.com","good","ok","no","no"
"mark@talonhiring.com","good","ok","no","no"
"mark@zenbuild.com","risky","catch_all","no","no"
"marks@gigaparts.com","good","ok","no","no"
"marks@willowbrook.org","good","ok","no","no"
"markthomas.akamine@hyatt.com","good","ok","no","no"
"markw@kauaibiblechurch.com","good","ok","no","no"
"marlaad@secardio.com","good","ok","no","no"
"marlen.resiwain@ccoh.us","good","ok","no","no"
"marlen@imperialmailboxsystems.com","good","ok","no","no"
"marleneblossfield@commandosupply.com","good","ok","no","no"
"marleneh@southernbone.com","good","ok","no","no"
"marlis.miyahira@hyatt.com","good","ok","no","no"
"marsh@iam4.com","risky","catch_all","no","no"
"marshall@tvtc.org","good","ok","no","no"
"martha@dancersinc.com","good","ok","no","no"
"martha@mountainlakeschamber.com","good","ok","no","no"
"martha@reo-team.com","good","ok","no","no"
"martha@risingsunsolar.com","good","ok","no","no"
"martha@tortorigi.com","good","ok","no","no"
"martin@alaska3sixty.com","good","ok","no","no"
"martin@geniusroof.com","good","ok","no","no"
"martin@mgroofing.net","good","ok","no","no"
"martinj@dtpm.com","good","ok","no","no"
"martinj@ferrellengineering.com","good","ok","no","no"
"marty@bendervacationrentals.com","good","ok","no","no"
"marty@byrombuilding.com","good","ok","no","no"
"marty@donovanbuildersllc.com","good","ok","no","no"
"marty@intercept.health","good","ok","no","no"
"marty@messageonholdservice.com","risky","catch_all","no","no"
"marty@swambulancesales.com","good","ok","no","no"
"martyp@chevyman.com","good","ok","no","no"
"martz@patriotsintl.com","good","ok","no","no"
"marvin.perdue@zigabyte.com","good","ok","no","no"
"marvin@intsynergies.com","bad","invalid","no","no"
"marvin@warnerathletic.com","good","ok","no","no"
"mary-hannah.jenkins@martinadvertising.com","good","ok","no","no"
"mary.calloway@yourmecu.com","bad","invalid","no","no"
"mary.finley@redcross.org","good","ok","no","no"
"mary.furman@rmhca.org","good","ok","no","no"
"mary.griffith@avistastrategies.com","good","ok","no","no"
"mary.hill@southeasternconstructionpartners.com","good","ok","no","no"
"mary.ramsey@phocaz.com","good","ok","no","no"
"mary@amdbirmingham.com","good","ok","no","no"
"mary@bbpetstop.com","good","ok","no","no"
"mary@burkhart-croft.com","good","ok","no","no"
"mary@koholabrewery.com","good","ok","no","no"
"mary@printersandstationers.com","risky","catch_all","no","no"
"mary@purekauai.com","risky","catch_all","no","no"
"mary@revbirmingham.org","good","ok","no","no"
"mary@southernvisioncare.com","good","ok","no","no"
"mary@tombeckbe.com","risky","catch_all","no","no"
"mary@williamsconstructionkauai.com","good","ok","no","no"
"marya@heartsdaletrucking.com","good","ok","no","no"
"maryalice@transconassurance.com","good","ok","no","no"
"maryann@blastcrete.com","risky","catch_all","no","no"
"maryann@hawaiifirstfcu.com","good","ok","no","no"
"maryann@heatsourceak.com","good","ok","no","no"
"marybeth@staffordsmithgroup.com","risky","catch_all","no","no"
"marycate@bigcom.com","good","ok","no","no"
"maryfrances@fuseproject.org","good","ok","no","no"
"maryjane@kaisersir.com","risky","catch_all","no","no"
"maryk@kpmhalaska.com","risky","catch_all","no","no"
"marykate.mims@rampartic.com","good","ok","no","no"
"marykate@apcm.net","good","ok","no","no"
"marym@associatedbilling.com","good","ok","no","no"
"maryrose@rainbowfriends.org","good","ok","no","no"
"mason-shyrel@aramark.com","good","ok","no","no"
"mason.motes@copperheadlabs.com","good","ok","no","no"
"mason.smith@ironlegacyadvisors.com","good","ok","no","no"
"masont@marshallcleansite.com","good","ok","no","no"
"massiel.castellon@enterprisestaffing.net","good","ok","no","no"
"matt.bowen@trainerroad.com","good","ok","no","no"
"matt.carlson@eddangmachineworks.com","bad","invalid","no","no"
"matt.dorrance@hearthbrands.com","good","ok","no","no"
"matt.hasty@kfivefour.com","good","ok","no","no"
"matt.lynch@pacificwasteinc.com","good","ok","no","no"
"matt.pearson@fullerbros.com","good","ok","no","no"
"matt.reed@dynamicmssp.com","good","ok","no","no"
"matt.sanson@ndcapartners.org","good","ok","no","no"
"matt.simmons@suidish.com","good","ok","no","no"
"matt.smith@axometrics.com","good","ok","no","no"
"matt.waldhour@getreferralmd.com","good","ok","no","no"
"matt@bcrbuilds.com","good","ok","no","no"
"matt@beyondtechnology.org","good","ok","no","no"
"matt@bodines.com","good","ok","no","no"
"matt@choi-realty.com","good","ok","no","no"
"matt@designori.net","good","ok","no","no"
"matt@fpchuntsville.com","good","ok","no","no"
"matt@grandermarine.com","good","ok","no","no"
"matt@hometownhealthcarems.com","risky","unknown","no","no"
"matt@hornsbysteel.com","good","ok","no","no"
"matt@intercept.health","good","ok","no","no"
"matt@khcivil.com","good","ok","no","no"
"matt@mansahospitality.com","good","ok","no","no"
"matt@mcleodconstructionllc.com","risky","catch_all","no","no"
"matt@nakamakai.org","good","ok","no","no"
"matt@phippscabinets.com","good","ok","no","no"
"matt@pixly.ai","risky","catch_all","no","no"
"matt@priceofoil.org","good","ok","no","no"
"matt@projectreef.com","good","ok","no","no"
"matt@rialyatech.com","good","ok","no","no"
"matt@rockbridgegroup.com","good","ok","no","no"
"matt@t3eng.us","good","ok","no","no"
"matt@theshaeffers.com","good","ok","no","no"
"matt@timbercrafttinyhomes.com","good","ok","no","no"
"matt@vaytiv.com","good","ok","no","no"
"matt@westernstarofdothan.com","good","ok","no","no"
"matta@ssfm.com","good","ok","no","no"
"mattb@alcanbuilders.com","good","ok","no","no"
"mattb@hydrants.com","good","ok","no","no"
"mattb@southeasttowers.net","good","ok","no","no"
"mattb@vulcantubeworx.com","good","ok","no","no"
"matth@fravert.com","good","ok","no","no"
"matthew.baker@nprb.org","good","ok","no","no"
"matthew.byars@nm.com","good","ok","no","no"
"matthew.chandler@meritbank.com","good","ok","no","no"
"matthew.ipsan@adperfect.com","good","ok","no","no"
"matthew.lewis@tphm.net","good","ok","no","no"
"matthew.materazzi@minihawaii.com","good","ok","no","no"
"matthew.pelt@tvmetals.com","good","ok","no","no"
"matthew.schneider@swj-us.com","good","ok","no","no"
"matthew.tieszen@spsinchsv.com","good","ok","no","no"
"matthew@avilution.com","risky","catch_all","no","no"
"matthew@compaccesstech.com","good","ok","no","no"
"matthew@luulive.com","risky","catch_all","no","no"
"matthew@mainlineheating.com","risky","catch_all","no","no"
"matthew@mechcollc.com","good","ok","no","no"
"matthew@plannorthpartners.com","good","ok","no","no"
"matthew@valorsci.com","good","ok","no","no"
"matthewk@heartlegacy.com","risky","catch_all","no","no"
"matts@pneumaticautomation.com","good","ok","no","no"
"mattstubbs@createdsolutionsinc.com","good","ok","no","no"
"maui@kulaniakea.org","good","ok","no","no"
"maura.staten@acq-integ.com","good","ok","no","no"
"maureen@autosourcehawaii.com","risky","catch_all","no","no"
"maurice.heidelberg@isaiahengineering.com","good","ok","no","no"
"maurice@dktechsolutions.com","good","ok","no","no"
"maustin@alaskaworks.org","good","ok","no","no"
"mavi@graphenecr.com","risky","catch_all","no","no"
"max@hultquisthomes.com","good","ok","no","no"
"max@mcclellanwealth.com","good","ok","no","no"
"max@mcghawaii.com","good","ok","no","no"
"max@ua.edu","good","ok","no","no"
"maxlee@seaconeng.com","good","ok","no","no"
"maxwell@cacaoservices.com","risky","catch_all","no","no"
"maxwelltucker@thedojanggroup.com","risky","catch_all","no","no"
"may.sato@royallahaina.com","good","ok","no","no"
"may@pacificstyle.info","risky","unknown","no","no"
"maya.anderson@shoalshospital.com","good","ok","no","no"
"maya@gladysteague.com","good","ok","no","no"
"maya@portcitymedical.com","good","ok","no","no"
"mayson@gshangers.com","risky","catch_all","no","no"
"mayur@triadpminc.com","good","ok","no","no"
"mbailey@totalcommarketing.com","good","ok","no","no"
"mbarnett@exceptionalfoundation.org","good","ok","no","no"
"mbaswell@excessshare.com","risky","catch_all","no","no"
"mbennett@barronmachinefab.com","risky","catch_all","no","no"
"mbercasio@pacmartech.com","good","ok","no","no"
"mbergman@hybirdspace.com","good","ok","no","no"
"mbhate@bdandps.com","good","ok","no","no"
"mbminyard@resinnovalabs.com","risky","catch_all","no","no"
"mbond@coastal-hr.com","good","ok","no","no"
"mbone@pmsllc.com","good","ok","no","no"
"mboner@inline.com","good","ok","no","no"
"mboozenny@magtecalaska.com","good","ok","no","no"
"mbpoor@mwanavillages.org","good","ok","no","no"
"mbradford@creimail.com","good","ok","no","no"
"mbradt@lenderworks.net","good","ok","no","no"
"mbravo@ticak.com","good","ok","no","no"
"mbrazelton@comrep.com","good","ok","no","no"
"mbruhn@woerner.com","bad","invalid","no","no"
"mbuchanan@docorthopaedic.com","good","ok","no","no"
"mburch@sdt-1.com","good","ok","no","no"
"mbush@icecreambizz.com","good","ok","no","no"
"mbyrne@usblades.net","good","ok","no","no"
"mcacho@calmicroturbine.com","good","ok","no","no"
"mcalvin@asrcconstruction.com","good","ok","no","no"
"mcard@convoywraps.com","good","ok","no","no"
"mcarden@tombigbee.org","good","ok","no","no"
"mcarter@lunovus.com","good","ok","no","no"
"mcarter@trussville.com","good","ok","no","no"
"mcarvalho@zephyrinsurance.com","good","ok","no","no"
"mcastellanos@pylonbuilding.com","risky","unknown","no","no"
"mcastilio@tfghawaii.com","good","ok","no","no"
"mcayse@groganjewelers.com","bad","invalid","no","no"
"mccain.foster@nm.com","good","ok","no","no"
"mchandler@westautaugawater.org","risky","catch_all","no","no"
"mchavez@sheratonkapaa.com","good","ok","no","no"
"mchierek@waileapoint.org","risky","unknown","no","no"
"mchobany@kaimana.com","good","ok","no","no"
"mckenna@alaskaautorental.com","good","ok","no","no"
"mckenna@raceak.com","good","ok","no","no"
"mckenzie.buchanan@prmstructural.com","good","ok","no","no"
"mckenziejones@easternshore-pt.com","risky","catch_all","no","no"
"mcknight@embleholics.com","risky","catch_all","no","no"
"mclay@stoneandsons.com","good","ok","no","no"
"mclemons@medweb.com","good","ok","no","no"
"mcleveland@xcelmasonry.com","good","ok","no","no"
"mcline@partnerstax.com","good","ok","no","no"
"mcoats@tbf-inc.org","good","ok","no","no"
"mcobb@pinnacle-inc.net","good","ok","no","no"
"mcoleman@fairbankscancercare.com","good","ok","no","no"
"mcoleman@hafb.org","good","ok","no","no"
"mconger@alabama.wish.org","good","ok","no","no"
"mcote@danhartllc.com","bad","invalid","no","no"
"mcourtney@boozerbeam.com","good","ok","no","no"
"mcouvillion@zinpro.com","risky","catch_all","no","no"
"mcowan@mibellawellness.com","good","ok","no","no"
"mcr@pttg.com","good","ok","no","no"
"mcrawford@cahabariverkeeper.org","good","ok","no","no"
"mcrisp@bowmanback.com","good","ok","no","no"
"mcrobinson@worktruxllc.com","risky","unknown","no","no"
"mcrumbley@alatrustcu.com","good","ok","no","no"
"md@caq.de","good","ok","no","yes"
"mdahl@hpsubfloors.com","good","ok","no","no"
"mdang@forzapc.com","good","ok","no","no"
"mdawson@wattglobal.com","good","ok","no","no"
"mdebord@phoenixhsv.org","good","ok","no","no"
"mdenton@jhenryplumbing.com","good","ok","no","no"
"mdesenberg@ethium.com","bad","invalid","no","no"
"mdevaughn@anpr.org","good","ok","no","no"
"mdick@hartzell.aero","good","ok","no","no"
"mdillard@darkhorseal.com","good","ok","no","no"
"mdobbins@dobbinsco.com","good","ok","no","no"
"mdodd@nexbillpay.com","good","ok","no","no"
"mdolan@catholiccastmedia.com","good","ok","no","no"
"mdouglas@anglincpa.com","risky","catch_all","no","no"
"mduckstein@matrixnm.com","good","ok","no","no"
"mduggan@proformancetherapyandwellness.com","risky","catch_all","no","no"
"mdupree@circleak.com","good","ok","no","no"
"meady@aiemarketingservices.com","good","ok","no","no"
"meagan.davis@outrigger.com","good","ok","no","no"
"meagan@clearcapitalpartners.com","good","ok","no","no"
"meaghan@bnialabama.com","good","ok","no","no"
"meaghan@gulfsidelandscaping.com","good","ok","no","no"
"meason@egsinc.com","risky","unknown","no","no"
"medmonds@mobilecitizen.org","good","ok","no","no"
"medwards@mcrmpm.com","good","ok","no","no"
"meg@actingoutacademy.com","good","ok","no","no"
"megan.kendrick@courtsapp.com","good","ok","no","no"
"megan@aplusala.org","good","ok","no","no"
"megan@bluewaterexteriors.com","good","ok","no","no"
"megan@boydengineeringllc.com","good","ok","no","no"
"megan@calmhr.com","good","ok","no","no"
"megan@cvcounselingservices.com","good","ok","no","no"
"megan@gcpemobile.com","good","ok","no","no"
"megan@hawaiioffgrid.com","good","ok","no","no"
"megan@montgomerysubaru.com","good","ok","no","no"
"megan@ninelinefoundation.org","good","ok","no","no"
"megan@polyvance.com","good","ok","no","no"
"megan@portalinsurance.com","good","ok","no","no"
"megan@silverliningsclinic.com","good","ok","no","no"
"megan@skhoop.us","good","ok","no","no"
"meganb@centralstatebank.com","good","ok","no","no"
"meganp@autolaundrysystems.com","good","ok","no","no"
"meghan.lowery@amp-ind.com","good","ok","no","no"
"meghan@anfrc.org","good","ok","no","no"
"meghann@intownpartners.com","good","ok","no","no"
"mei@ramaui.com","good","ok","no","no"
"mel@thepatisserie.com","risky","unknown","no","no"
"melanie.sikes@dalecarnegie.com","good","ok","no","no"
"melanie@boilerinstitute.com","good","ok","no","no"
"melanie@homecaresales.com","good","ok","no","no"
"melanie@livingoceanscuba.com","risky","catch_all","no","no"
"melanie@thamesbatre.com","good","ok","no","no"
"melina.burt@ascillc.com","good","ok","no","no"
"melinda.kase@broadbandone.com","good","ok","no","no"
"melinda.santos@cleco.com","good","ok","no","no"
"melindadriver@agdins.com","good","ok","no","no"
"melise@42ndstreettours.com","risky","unknown","no","no"
"melissa.cain@freedomrealestate.biz","good","ok","no","no"
"melissa.drake@probfs.com","good","ok","no","no"
"melissa.kilgore@capitalelectricsupply.com","risky","catch_all","no","no"
"melissa.littrell@southernradio.net","risky","catch_all","no","no"
"melissa.mathews@hulafrog.com","risky","unknown","no","no"
"melissa.patch@freedomrealestate.biz","good","ok","no","no"
"melissa@blazycon.com","good","ok","no","no"
"melissa@charityace.com","good","ok","no","no"
"melissa@christianfamilypublications.com","good","ok","no","no"
"melissa@glitterpaperdesigns.com","good","ok","no","no"
"melissa@goggansllc.com","risky","unknown","no","no"
"melissa@hawaiifamilyphysicians.com","good","ok","no","no"
"melissa@hikersco.com","good","ok","no","no"
"melissa@hualelectric.com","good","ok","no","no"
"melissa@itsamilitarylife.org","good","ok","no","no"
"melissa@millenniumsys.com","good","ok","no","no"
"melissa@parkcitywealthadvisors.com","good","ok","no","no"
"melissa@providencefamilygroup.com","good","ok","no","no"
"melodiem@christopherai.com","good","ok","no","no"
"melody.ramsey@heiferfoundation.org","good","ok","no","no"
"melody@hwaconstruction.com","good","ok","no","no"
"melodyemfinger@claimpay.org","good","ok","no","no"
"melveen@icystraitseafoods.com","good","ok","no","no"
"melvin@listbirmingham.com","good","ok","no","no"
"melvinweldon@goldinmetals.com","good","ok","no","no"
"mendy@wrightrehab.com","good","ok","no","no"
"mengle@koller-craft.com","good","ok","no","no"
"mercer@careevolution.com","good","ok","no","no"
"merchant@alabamata.com","good","ok","no","yes"
"meredith@crosbyott.com","good","ok","no","no"
"meredith@integraforensic.com","good","ok","no","no"
"merritt@westernstarofdothan.com","good","ok","no","no"
"merrittd@cdsintl.com","good","ok","no","no"
"meryem@geniusmap.org","good","ok","no","no"
"meshay.quiogue@altres.com","risky","catch_all","no","no"
"mesner@northern.org","good","ok","no","no"
"mevans@thealabamabaptist.org","good","ok","no","no"
"mfaile@danhartllc.com","good","ok","no","no"
"mfandetti@proxycareinc.com","good","ok","no","no"
"mfield@pci-tgc.org","good","ok","no","no"
"mforsythe@deltaleasing.com","good","ok","no","no"
"mfranks@oneclubgulfshores.com","good","ok","no","no"
"mfunghi@gradkell.com","good","ok","no","no"
"mg@brookwoodwomenshealth.com","good","ok","no","no"
"mgarcia@oahuderm.com","good","ok","no","no"
"mgatewood@machaik.com","good","ok","no","no"
"mgatlin@imsprecisionmachining.com","good","ok","no","no"
"mgenedy@icc-es.org","good","ok","no","no"
"mgoodin@continuumrx.com","good","ok","no","no"
"mgray@lightingsolutionsal.com","good","ok","no","no"
"mgreer@scottdawson.org","good","ok","no","no"
"mgriffin@ahoarch.com","good","ok","no","no"
"mgrubb@digitallinkconsulting.com","risky","unknown","no","no"
"mhachtel@shhbrands.com","good","ok","no","no"
"mhairston@mdcomp.net","good","ok","no","no"
"mhall@ggsteel.com","good","ok","no","no"
"mhames@tmachinefab.com","good","ok","no","no"
"mhancock@harbinautomotive.com","good","ok","no","no"
"mharden@coppermoon.com","good","ok","no","no"
"mhare@rapa.com","good","ok","no","no"
"mharris@alabamawomenscenter.com","good","ok","no","no"
"mharris@amaccompany.com","good","ok","no","no"
"mhartman@longleafcenters.com","good","ok","no","no"
"mhauger@idomeneoinc.com","good","ok","no","no"
"mhawkins@yourasecu.com","good","ok","no","no"
"mhbrill@krshrc.com","good","ok","no","no"
"mheartsill@theconeco.com","good","ok","no","no"
"mhenski@parpacific.com","good","ok","no","no"
"mhenton@uab.edu","good","ok","no","no"
"mherrmann@healthymatsu.org","risky","catch_all","no","no"
"mherron@amg-steel.com","good","ok","no","no"
"mhester@vaporministries.org","good","ok","no","no"
"mhidle@gridcompany.com","good","ok","no","no"
"mhiramoto@nogins.com","good","ok","no","no"
"mhobbs@burtonadvertising.com","good","ok","no","no"
"mhollingsworth@baldwinemc.com","good","ok","no","no"
"mhsu@cwa.cpa","good","ok","no","no"
"mhudman@bigislandfcu.com","good","ok","no","no"
"mhughes@coosavalleyec.com","good","ok","no","no"
"mhughes@switchmatehome.com","good","ok","no","no"
"mhumphres@ggsteel.com","good","ok","no","no"
"mhunter@lsinc.com","good","ok","no","no"
"mhunter@parksupplycompany.com","good","ok","no","no"
"mhurst@martinretailgroup.com","bad","invalid","no","no"
"mia@birminghampromise.org","good","ok","no","no"
"mia@deepbluehi.com","good","ok","no","no"
"mic@finatechcpa.com","good","ok","no","no"
"micah@256roofing.com","good","ok","no","no"
"micah@aloharoadwayservices.com","risky","catch_all","no","no"
"micah@automated-products.com","good","ok","no","no"
"micah@dvorakfp.com","good","ok","no","no"
"micah@kikiaolaconstruction.com","good","ok","no","no"
"micah@makanahi.com","good","ok","no","no"
"micah@ridersharleydavidson.com","good","ok","no","no"
"micah@theperfectria.com","good","ok","no","no"
"micah@vaporministries.org","good","ok","no","no"
"micah@wedoweemarine.com","risky","catch_all","no","no"
"micahbp@cautionglass.com","good","ok","no","no"
"michael.burleson@claytonhomes.com","good","ok","no","no"
"michael.clemmer@pnc.com","good","ok","no","no"
"michael.curtis@avansmachine.com","good","ok","no","no"
"michael.debray@ischebeckusa.com","good","ok","no","no"
"michael.do@photonworks.com","good","ok","no","no"
"michael.ferguson@keystonelab.com","bad","invalid","no","no"
"michael.knight@eecweathertech.com","good","ok","no","no"
"michael.savage@kodatech.com","good","ok","no","no"
"michael.ward@kodatech.com","good","ok","no","no"
"michael.white@mtwaerospace.com","good","ok","no","no"
"michael@aeromed.group","good","ok","no","no"
"michael@airtechal.com","good","ok","no","no"
"michael@alliancegrp.net","good","ok","no","no"
"michael@aurory.io","good","ok","no","no"
"michael@bodyglovehawaii.com","good","ok","no","no"
"michael@cslegaltech.com","good","ok","no","no"
"michael@domestiquecoffee.com","good","ok","no","no"
"michael@duskinpointmarina.com","risky","catch_all","no","no"
"michael@dynamohawaii.com","bad","invalid","no","no"
"michael@electrodash.io","risky","catch_all","no","no"
"michael@hawaiimcs.com","bad","invalid","no","no"
"michael@holisticfinance.com","good","ok","no","no"
"michael@jlalamoana.com","good","ok","no","no"
"michael@knighteady.com","good","ok","no","no"
"michael@kobayashi-group.com","good","ok","no","no"
"michael@laempereich.com","good","ok","no","no"
"michael@mauicountryclub.org","good","ok","no","no"
"michael@mgbcdothan.com","good","ok","no","no"
"michael@mobileglassllc.com","good","ok","no","no"
"michael@mortgagechampions.com","good","ok","no","no"
"michael@mylegacyelectrical.com","bad","invalid","no","no"
"michael@noeins.com","good","ok","no","no"
"michael@onealmed.com","good","ok","no","no"
"michael@planwithtrilogy.com","good","ok","no","no"
"michael@qualitycomix.com","good","ok","no","no"
"michael@readymanservices.com","good","ok","no","no"
"michael@rmsqualityservices.com","risky","catch_all","no","no"
"michael@sandhwaterproofing.com","risky","catch_all","no","no"
"michael@sb-d.com","good","ok","no","no"
"michael@sprucehealth.com","good","ok","no","no"
"michael@tealet.com","good","ok","no","no"
"michael@thebanksalehouse.com","good","ok","no","no"
"michael@thecapstoneway.com","good","ok","no","no"
"michael@thefairclothgroup.com","bad","invalid","no","no"
"michael@tinguelydevelopment.com","good","ok","no","no"
"michael@triad.tech","good","ok","no","no"
"michael@tuttivacation.com","good","ok","no","no"
"michael@wmcinc.com","good","ok","no","no"
"michael@wmgsearch.com","good","ok","no","no"
"michael_allen@modernsound.net","good","ok","no","no"
"michaelc@lindseyof.com","good","ok","no","no"
"michaelcuesta@immixstrategic.com","good","ok","no","no"
"michaelg@dmamillwork.com","good","ok","no","no"
"michaelm@550construction.com","good","ok","no","no"
"michaelmott@takuengineering.com","good","ok","no","no"
"michaelo@motivationmediainc.com","risky","catch_all","no","no"
"michaelrosenblum@rosenblumrealty.com","good","ok","no","no"
"michel@polvocapital.com","good","ok","no","no"
"michele@konagolf.com","good","ok","no","no"
"michele@rarelifemedia.com","good","ok","no","no"
"michelemccrary@representwomen.org","good","ok","no","no"
"michelle.bolding@arrowsight.com","good","ok","no","no"
"michelle.clark@penta-inc.com","good","ok","no","no"
"michelle.schultz@babysteps.org","good","ok","no","no"
"michelle.stephens@acq-integ.com","good","ok","no","no"
"michelle.tavares@kawailoa.com","good","ok","no","no"
"michelle@87zerohi.com","good","ok","no","no"
"michelle@akmanagers.com","good","ok","no","no"
"michelle@bananapatchstudio.com","good","ok","no","no"
"michelle@deepsouthprint.com","good","ok","no","no"
"michelle@donovanbuildersllc.com","good","ok","no","no"
"michelle@insurancezipcode.com","good","ok","no","no"
"michelle@kwestent.com","good","ok","no","no"
"michelle@lenoxmetals.com","good","ok","no","no"
"michelle@mikeslivefoundation.org","good","ok","no","no"
"michelle@msialaska.com","good","ok","no","no"
"michelle@pacificvascularinstitute.com","good","ok","no","no"
"michelle@suddenlink.net","good","ok","no","no"
"michelleh@brackleyelectric.com","bad","invalid","no","no"
"michellel@insightmarketingak.com","good","ok","no","no"
"mickey@blairremodeling.com","good","ok","no","no"
"mickeyr@springhilltoyota.com","risky","catch_all","no","no"
"micki@3genmp.com","bad","invalid","no","no"
"miguel.leonardo@geocue.com","good","ok","no","no"
"migueld@selind.com","good","ok","no","no"
"mikaela@hellobrilliantmarketing.com","good","ok","no","no"
"mikaela@ontherock.studio","good","ok","no","no"
"mike.bactol@banyanrecruitment.com","bad","invalid","no","no"
"mike.barranco@teaminvista.com","good","ok","no","no"
"mike.billet@revolusun.com","good","ok","no","no"
"mike.foust@capstoneresearchcorp.com","good","ok","no","no"
"mike.l@prismalaska.com","good","ok","no","no"
"mike.stanfield@lincresearchinc.com","good","ok","no","no"
"mike@alabamainsurers.net","good","ok","no","no"
"mike@allenoil.com","risky","unknown","no","no"
"mike@arcadestudios.com","good","ok","no","no"
"mike@bandbhealth.com","good","ok","no","no"
"mike@crunkletonassociates.com","good","ok","no","no"
"mike@d7con.com","good","ok","no","no"
"mike@econocorp.com","good","ok","no","no"
"mike@evolvebham.com","good","ok","no","no"
"mike@flyalphaair.com","good","ok","no","no"
"mike@friendcontractors.com","risky","catch_all","no","no"
"mike@galileangroup.com","good","ok","no","no"
"mike@glassincorporated.net","good","ok","no","no"
"mike@krbd.org","good","ok","no","no"
"mike@lads2leaders.com","good","ok","no","no"
"mike@manabrandmarketing.com","good","ok","no","no"
"mike@marineandmainland.com","good","ok","no","no"
"mike@mbscopiers.com","risky","unknown","no","no"
"mike@mikedrutar.com","good","ok","no","no"
"mike@npcesllc.com","good","ok","no","no"
"mike@oneononekickingcamps.com","risky","catch_all","no","no"
"mike@osbornconcretecutting.com","risky","catch_all","no","no"
"mike@prophousebirmingham.com","good","ok","no","no"
"mike@qengineersinc.com","good","ok","no","no"
"mike@reddoorhomesal.com","good","ok","no","no"
"mike@sappfitness.net","good","ok","no","no"
"mike@sefp.net","good","ok","no","no"
"mike@sightandsoundhawaii.com","good","ok","no","no"
"mike@solventsco.com","good","ok","no","no"
"mike@southernradio.net","risky","catch_all","no","no"
"mike@switch-av.com","good","ok","no","no"
"mike@takorean.com","good","ok","no","no"
"mike@templejelectric.com","good","ok","no","no"
"mike@trinitybuildingsystems.com","good","ok","no","no"
"mike@twigsgifts.com","good","ok","no","no"
"mike@vervichr.com","good","ok","no","no"
"mike@wyattbuilds.com","bad","invalid","no","no"
"mikeb@akintegrated.com","good","ok","no","no"
"mikeb@clarkmemorials.com","good","ok","no","no"
"mikee@bragusa.com","good","ok","no","no"
"mikegaston@blueplainstech.com","good","ok","no","no"
"mikejr@eightpoint.com","good","ok","no","no"
"mikemanning@cullmanpowerboard.com","good","ok","no","no"
"mikenelson@budgetblinds.com","good","ok","no","no"
"mikep@seaquesthawaii.com","good","ok","no","no"
"miker@alloyresources.com","good","ok","no","no"
"miker@springhilltoyota.com","risky","catch_all","no","no"
"mikes@mjnester.com","good","ok","no","no"
"mikesaulters@libertylinen.com","good","ok","no","no"
"mikesmith@fusionfleetservices.com","risky","catch_all","no","no"
"miki@olelo-ai.com","good","ok","no","no"
"mikki@eternitees.net","good","ok","no","no"
"mikki@konacoastvacations.com","good","ok","no","no"
"mila@hawaiicentral.org","good","ok","no","no"
"mild_h@zetton-inc.com","good","ok","no","no"
"milena@henryandbrown.com","good","ok","no","no"
"miles.hooper@sue-jac.com","good","ok","no","no"
"miles@sturdevantair.com","good","ok","no","no"
"mili.rock@outrigger.com","bad","invalid","no","no"
"milica@stsimeon.org.au","bad","invalid","no","no"
"milo@orrsystems.com","risky","catch_all","no","no"
"mimi.healy@kingneel.com","good","ok","no","no"
"mimi@audubonparkapartments.com","bad","invalid","no","no"
"mimi@simsfoods.com","good","ok","no","no"
"mimi@steadmontadvisors.com","good","ok","no","no"
"mingram@libbysfriends.org","risky","unknown","no","no"
"minister@uucbham.org","good","ok","no","no"
"mir@infosoftsolutions.us","bad","invalid","no","no"
"mira@shopzaria.com","bad","invalid","no","no"
"miranda@watersedgerealty.org","risky","catch_all","no","no"
"miriam@dbatswbirmingham.com","risky","catch_all","no","no"
"mirra@transformational-healing.net","bad","invalid","no","no"
"misherwood@mtruapehu.com","bad","invalid","no","no"
"missy@peakalkalinity.com","risky","catch_all","no","no"
"misty.pigg@realtybid.com","risky","unknown","no","no"
"misty@cotiglobal.com","good","ok","no","no"
"misty@gillsalons.com","good","ok","no","no"
"misty@method-1.com","risky","catch_all","no","no"
"misty@riveroflifemission.org","good","ok","no","no"
"misty@summerfunentertainment.com","good","ok","no","no"
"mitchell@dapopadvertising.com","risky","unknown","no","no"
"mitchell@emsshi.com","good","ok","no","no"
"mitchell@huntersafetysystem.com","good","ok","no","no"
"mitchell@warriorinvestmentgrp.com","good","ok","no","no"
"miya@beyondthescript.biz","good","ok","no","no"
"mjackson@shawtechnology.com","good","ok","no","no"
"mjarmulowicz@dynamic-concepts.com","good","ok","no","no"
"mjohnson@gahin.org","good","ok","no","no"
"mjohnson@piamedical.com","good","ok","no","no"
"mjohnson@sabrefinance.org","good","ok","no","no"
"mjohnson@threadalaska.org","good","ok","no","no"
"mjones@barronnow.com","good","ok","no","no"
"mjorah@hecouncil.org","good","ok","no","no"
"mjudah@neighborhoodconcepts.org","good","ok","no","no"
"mkeliikuli@hacbed.org","good","ok","no","no"
"mkelly@espn1420am.com","bad","invalid","no","no"
"mkelly@romerhotels.com","good","ok","no","no"
"mkenney@hawaii.wish.org","good","ok","no","no"
"mking@maloufcarpetone.com","risky","catch_all","no","no"
"mkobayashi@cliffsatprinceville.com","good","ok","no","no"
"mkoretzky@trivelagroup.com","good","ok","no","no"
"mkr@mykauairealty.com","good","ok","no","no"
"mkuok@liveaction.com","bad","invalid","no","no"
"mlacy@tdalabama.com","risky","unknown","no","no"
"mlamar@alabamaretail.org","good","ok","no","no"
"mlaunius@asmglobalmobile.com","good","ok","no","no"
"mledger@feedingthegulfcoast.org","good","ok","no","no"
"mlee@crescentcd.com","good","ok","no","no"
"mleipert@bentonautogroup.com","good","ok","no","no"
"mleonard@imt.website","risky","catch_all","no","no"
"mliu@thirtyone50.com","good","ok","no","no"
"mlofano@jnag.com","bad","invalid","no","no"
"mlogan@arlingtonholdings.net","good","ok","no","no"
"mlong@solution1sales.com","risky","catch_all","no","no"
"mlucas@aiciworks.com","good","ok","no","no"
"mlucas@konabeachhotel.com","good","ok","no","no"
"mlvick@set-tool.com","good","ok","no","no"
"mlyons@aceh.org","good","ok","no","no"
"mmadamba@hotelrenew.com","good","ok","no","no"
"mmahoney@blackcreekisc.com","good","ok","no","no"
"mmarthiensen@industra.ca","good","ok","no","no"
"mmartin@dunnreal.com","good","ok","no","no"
"mmatthews@interstartransportation.net","bad","invalid","no","no"
"mmccarthy@bhamorthodontics.com","good","ok","no","no"
"mmccord@keyhose.com","good","ok","no","no"
"mmccormack@dealersauto.com","good","ok","no","no"
"mmcdougald@owwb.com","good","ok","no","no"
"mmcelroy@alabamastoneworks.com","good","ok","no","no"
"mmcgee@smec.coop","good","ok","no","no"
"mmckee@knoxkershaw.com","good","ok","no","no"
"mmckeown@hsvbg.org","good","ok","no","no"
"mmcpeak@danhartllc.com","good","ok","no","no"
"mmeenaghan@colaska.com","good","ok","no","no"
"mmeggs@royalcapitalgroupllc.com","risky","catch_all","no","no"
"mmerrithew@berlincity.com","good","ok","no","no"
"mmiessner@sd-grp.net","good","ok","no","no"
"mmiller@shawtechnology.com","good","ok","no","no"
"mmiller@thrivealabama.org","good","ok","no","no"
"mminton@akaerospace.com","good","ok","no","no"
"mmiranda@hualalairesort.com","good","ok","no","no"
"mmitchell@dothan.org","good","ok","no","no"
"mmneese@aegisfoundry.com","good","ok","no","no"
"mmoffett@nss-corp.com","risky","catch_all","no","no"
"mmoore@structuredtechnologyllc.com","good","ok","no","no"
"mmordecai@buyfromjulio.com","good","ok","no","no"
"mmosley@mosleybuildingsystems.com","good","ok","no","no"
"mmothershed@elevatebirmingham.org","good","ok","no","no"
"mnakashima@pukalanisuperette.net","good","ok","no","no"
"mnalls@mogulclients.com","risky","catch_all","no","no"
"mnelson@aklts.org","good","ok","no","no"
"mnelson@envisiontravelandmeetings.com","good","ok","no","no"
"mngdawn@mariongas.com","good","ok","no","no"
"mnoble@senworks.org","risky","catch_all","no","no"
"mnobles@universalservicesms.com","good","ok","no","no"
"mnorris@aircarealaska.com","good","ok","no","no"
"mo'reardon@icc-es.org","good","ok","no","no"
"moayad@throf.com","risky","catch_all","no","no"
"moeder@dioala.org","good","ok","no","no"
"moeen@techinoidsolutions.com","good","ok","no","no"
"mohammednazeer.ibrahim@masco.com","bad","invalid","no","no"
"moira@beyondak.com","good","ok","no","no"
"moiza@platinumfcu.org","good","ok","no","no"
"mokabe@manthosengineering.com","good","ok","no","no"
"mokano@convergedtelcom.com","good","ok","no","no"
"molly@mauimedia.net","good","ok","no","no"
"molly@pwfas.com","good","ok","no","no"
"molly@smileamile.com","good","ok","no","no"
"mona@waterjet.net","risky","catch_all","no","no"
"monacom@meridianparkoralsurgery.com","good","ok","no","no"
"moneel@continentalautogroup.com","good","ok","no","no"
"monica.clayton@catinet.com","good","ok","no","no"
"monica@allalaskatours.com","bad","invalid","no","no"
"monica@grand-escapestravel.com","risky","catch_all","no","no"
"monica@hookelehealth.com","good","ok","no","no"
"monica@monicamartin.com","good","ok","no","no"
"monica@prevailcounselingandwellness.com","good","ok","no","no"
"monica@verticalbevgroup.com","good","ok","no","no"
"monica@watkinsforge.com","good","ok","no","no"
"monika@mikarealtyhawaii.com","good","ok","no","no"
"monique@lifeline-hawaii.com","good","ok","no","no"
"montana.sharpton@renaissancemontgomery.com","good","ok","no","no"
"montanah@elementsmtn.co","good","ok","no","no"
"monte@corelogicsinc.com","good","ok","no","no"
"monte@goodtogoammo.com","good","ok","no","no"
"monte@qualityfabinc.com","good","ok","no","no"
"monte@thewhaler.com","good","ok","no","no"
"montez@vendtech.com","good","ok","no","no"
"monti@tezza.it","good","ok","no","no"
"montygoocher@enggroupse.com","good","ok","no","no"
"mor@tradestudio.io","risky","catch_all","no","no"
"morea@pacificbirthcollective.org","good","ok","no","no"
"morear@medsouthinc.net","good","ok","no","no"
"morelandd@smartbuffetware.com","good","ok","no","no"
"morelandr@stignatius.org","good","ok","no","no"
"morgan.gray@ogdenandepker.com","good","ok","no","no"
"morgan.washington@casenta.com","good","ok","no","no"
"morgan.williams@thedancecentre.net","risky","catch_all","no","no"
"morgan@alpeanuts.com","good","ok","no","no"
"morgan@graysonairconditioning.com","good","ok","no","no"
"morgan@helfercpa.com","good","ok","no","no"
"morgan@jmt.cpa","good","ok","no","no"
"morgan@magnoliaranchrecovery.com","good","ok","no","no"
"morgan@moanaevents.com","good","ok","no","no"
"morgan@spiderdoor.com","good","ok","no","no"
"morgan@thenowconsultant.com","good","ok","no","no"
"morganc@lightofthevillage.org","good","ok","no","no"
"moriahjarrett@teceagle.com","good","ok","no","no"
"morris@neinvents.org","risky","unknown","no","no"
"moshio@waikikimalia.com","good","ok","no","no"
"mp@alasconnect.com","good","ok","no","no"
"mpage@bhmlegion.com","good","ok","no","no"
"mparker@xoarmortech.com","good","ok","no","no"
"mparnell@atinapa.com","good","ok","no","no"
"mparrett@sunbeltfire.com","good","ok","no","no"
"mpartain@gosselectric.com","good","ok","no","no"
"mpascual@alohilaniresort.com","good","ok","no","no"
"mpatel@hotelsuppliesusa.com","good","ok","no","no"
"mpatti@hyprco.com","good","ok","no","no"
"mpears@avancir.com","good","ok","no","no"
"mpeck@excelalaska.org","good","ok","no","no"
"mperez@mccorquodale.biz","good","ok","no","no"
"mperry@bpaviation.com","risky","unknown","no","no"
"mpeters@cuhawaii.com","good","ok","no","no"
"mphillips@southeastclips.com","good","ok","no","no"
"mpickett@castleresorts.com","good","ok","no","no"
"mpierce@solutionsplusbank.com","bad","invalid","no","no"
"mpitzing@cullmanpowerboard.com","good","ok","no","no"
"mpoljacik@uncomplicate.tech","good","ok","no","no"
"mpou@alamericabank.com","risky","unknown","no","no"
"mpowell@blackbeltenergy.com","good","ok","no","no"
"mprather@irtliving.com","good","ok","no","no"
"mprice@neuromodulation.com","good","ok","no","no"
"mpriestley@tpcbenefits.com","good","ok","no","no"
"mpuckett@farriswholesale.com","good","ok","no","no"
"mquenneville@clearcommsales.com","good","ok","no","no"
"mr.reed@kinaole.com","good","ok","no","no"
"mrabideau@grassrootinstitute.org","good","ok","no","no"
"mramos@hondawindward.com","good","ok","no","no"
"mraqueno@hawaiianeye.com","good","ok","no","no"
"mray@sudstopcarwash.com","good","ok","no","no"
"mregalario@islandcomfort.com","good","ok","no","no"
"mrepole@corediagnosticlabs.com","good","ok","no","no"
"mrichards@mantelcraft.com","good","ok","no","no"
"mrichardson@jimowen.com","good","ok","no","no"
"mriley@no-resistance.com","good","ok","no","no"
"mripper@quadruscorp.com","good","ok","no","no"
"mrobinson@businesssolutionshi.com","good","ok","no","no"
"mrogers@goodbetterbestsolutions.com","good","ok","no","no"
"mroy@mitternight.com","good","ok","no","no"
"mroyal@safewaydoor.com","good","ok","no","no"
"mrs.combs@kaylastaxesandnotary.co","bad","invalid","no","no"
"mrstainton@potomacpointgroup.com","good","ok","no","no"
"mruss@alabamabeaches.com","good","ok","no","no"
"mrussell@proxsysrx.com","bad","invalid","no","no"
"msahagun@kellyroadbuilders.com","good","ok","no","no"
"msaines@formpartners.com","good","ok","no","no"
"msanders@cahabacreek.com","good","ok","no","no"
"mschafer@dsbpagency.com","good","ok","no","no"
"mschauer@gci.com","good","ok","no","no"
"mschwarze@stewart-amos.com","good","ok","no","no"
"msease@tlrclothiers.com","good","ok","no","no"
"msharp@claborn.com","good","ok","no","no"
"mshell@johnsonkreis.com","good","ok","no","no"
"mshelton@partnerssupply.com","good","ok","no","no"
"msherlock@lithia.com","good","ok","no","no"
"msimon@simonsolutions.com","risky","catch_all","no","no"
"msingletary@shelbydermatology.com","good","ok","no","no"
"msmith@frawnercorp.com","good","ok","no","no"
"msnider@ahtna.net","good","ok","no","no"
"msouth@dsbpagency.com","good","ok","no","no"
"mspitznagel@cfcpc.com","good","ok","no","no"
"mspivey@t-tek.com","good","ok","no","no"
"mstamps@warrendevelopmentco.com","good","ok","no","no"
"mstandohar@hyperioninc.com","good","ok","no","no"
"msteinfeld@proimagehawaii.com","good","ok","no","no"
"mstevens@geocue.com","good","ok","no","no"
"mstoebner@hondawindward.com","good","ok","no","no"
"mstoffregen@cahabavalleyvet.com","good","ok","no","no"
"mstricklin@blrfurther.com","risky","unknown","no","no"
"mstubblefield@horizonsignal.com","good","ok","no","no"
"msuesskind@infinium-interiors.com","good","ok","no","no"
"msummerlin@nssprx.com","good","ok","no","no"
"msummers@hpsllc.us","good","ok","no","no"
"mtarrant@alatrustcu.com","good","ok","no","no"
"mtaunton@malibuelectronics.net","risky","catch_all","no","no"
"mtaylor@intgconcepts.com","good","ok","no","no"
"mtoole@maxpakbalers.com","good","ok","no","no"
"mtrucks@choieyemd.com","good","ok","no","no"
"mtsuneo@hawaiici.org","risky","unknown","no","no"
"mtudor-long@invasivespeciescentre.ca","bad","invalid","no","no"
"mturney@socialtables.com","good","ok","no","no"
"muller.anita@dchcu.com","risky","unknown","no","no"
"murcia@cwa.cpa","good","ok","no","no"
"murray@saturnergonomics.com","good","ok","no","no"
"mvaden@luttrellwoodworks.com","good","ok","no","no"
"mvargas@alaskaliteracyprogram.org","good","ok","no","no"
"mvillanueva@jinyaholdings.com","good","ok","no","no"
"mvoeller@alohamortuary.com","risky","catch_all","no","no"
"mwalker@aht-al.com","good","ok","no","no"
"mwalker@bearbrothers.com","good","ok","no","no"
"mwalker@reconceptionsolutions.com","good","ok","no","no"
"mwallace@tropictoolandmold.com","risky","catch_all","no","no"
"mward@dedicatedsleep.net","good","ok","no","no"
"mweber@denali-industrial.com","good","ok","no","no"
"mweech@fgmanagementgroup.com","good","ok","no","no"
"mweiner@hemwellmd.com","good","ok","no","no"
"mwelsh@alaskaunlimited.org","risky","catch_all","no","no"
"mwermes@gmconstructioninc.com","good","ok","no","no"
"mwhaley@convoywraps.com","good","ok","no","no"
"mwhaley@sunbeltfire.com","good","ok","no","no"
"mwilliams@centrosolves.com","good","ok","no","no"
"mwilliams@epsinc.com","good","ok","no","no"
"mwilliams@huntsville.org","good","ok","no","no"
"mwilliams@iovsolutions.net","good","ok","no","no"
"mwilliams@mrelectrichsv.com","good","ok","no","no"
"mwilliford@kadre-eng.com","good","ok","no","no"
"mwillingham@garnetelectric.com","good","ok","no","no"
"mwillis@mobileinstrumentco.com","good","ok","no","no"
"mwilson@psedesigns.com","good","ok","no","no"
"mwoods@spi-al.com","good","ok","no","no"
"myasui@ceihawaii.com","good","ok","no","no"
"myearta@ycgllc.com","good","ok","no","no"
"myfavorite@favoritebay.com","good","ok","no","no"
"myles@syntriatech.ai","risky","catch_all","no","no"
"myoder@luttrellwoodworks.com","good","ok","no","no"
"myvet@animaltracksdecatur.com","good","ok","no","no"
"n.faust@thefairclothgroup.com","good","ok","no","no"
"n.hookano@lawaibeach.org","good","ok","no","no"
"n.wood@thefairclothgroup.com","good","ok","no","no"
"nada.halawi@sallaumfoundation.org","good","ok","no","no"
"nadavis@icecreambizz.com","good","ok","no","no"
"nadia.ray@pathwayshome.org","good","ok","no","no"
"nadia.scott@advics.com","good","ok","no","no"
"nailim@continentalkitchen.org","risky","catch_all","no","no"
"naish@naishproperty.co.uk","good","ok","no","no"
"nakata@nahastone.com","good","ok","no","no"
"nalvarez@istechs.net","good","ok","no","no"
"nam@hawaiiai.org","good","ok","no","no"
"nana.gigolaeva@cayusegov.com","good","ok","no","no"
"nance@geretactical.com","risky","catch_all","no","no"
"nancy.hardin@tstech.com","good","ok","no","no"
"nancy@invisiblewarriors.org","good","ok","no","no"
"nancy@mountainlakeschamber.com","good","ok","no","no"
"nancy@nuggetoutfitter.com","good","ok","no","no"
"nancy@pangcomm.com","good","ok","no","no"
"nancybenjume@lakesideprimary.com","good","ok","no","no"
"nancyowen@bundlesdiaperbank.org","good","ok","no","no"
"nandres@dothanpowersports.com","good","ok","no","no"
"nani@sinclairdrywall.com","risky","catch_all","no","no"
"naomi@acacia.co","good","ok","no","no"
"naomi@kaicoffeehawaii.com","good","ok","no","no"
"naomi@kinaieha.org","good","ok","no","no"
"narneson@aoeett.org","good","ok","no","no"
"natali@millhousehowell.com","good","ok","no","no"
"natalia@dev-island.org","good","ok","no","no"
"natalie.altieri@nhsmgt.com","good","ok","no","no"
"natalie.wentzlaff@alaskamaritime.com","good","ok","no","no"
"natalie@butterandeggadventures.com","risky","unknown","no","no"
"natalie@kaicoffeehawaii.com","good","ok","no","no"
"natalie@mustreadalaska.com","good","ok","no","no"
"natalie@rooftechnologypartners.com","good","ok","no","no"
"natalie@showdownalaska.com","risky","catch_all","no","no"
"natalietan@colemanandfort.com","bad","invalid","no","no"
"natasha@akneuronorth.com","good","ok","no","no"
"natasha@hhgservices.com","risky","unknown","no","no"
"nate.gibson@trivector.us","good","ok","no","no"
"nate@kulaglass.com","good","ok","no","no"
"nate@mix969huntsville.com","risky","catch_all","no","no"
"nate@steelstrengthtraining.com","good","ok","no","no"
"nate@tidaltouchpaint.com","good","ok","no","no"
"natelynch@earlybirdcreative.com","good","ok","no","no"
"nathan.henry@grainc.net","good","ok","no","no"
"nathan.lam@spectrum-photonics.com","good","ok","no","no"
"nathan.mccurley@inky.com","good","ok","no","no"
"nathan.scretching@surgicalreview.org","risky","catch_all","no","no"
"nathan@aexa.us","good","ok","no","no"
"nathan@careevolution.com","good","ok","no","no"
"nathan@copperheadlabs.com","good","ok","no","no"
"nathan@danielgroup.co","bad","invalid","no","no"
"nathan@tangotango.net","good","ok","no","no"
"nathan@tusctitle.com","good","ok","no","no"
"nathaniel@orangesliceak.com","risky","catch_all","no","no"
"natyeb@alaskapca.org","good","ok","no","no"
"naz@portcitymedical.com","good","ok","no","no"
"nbradshaw@crosbyelectric.com","good","ok","no","no"
"nbrown@weathertech.net","good","ok","no","no"
"ncantrell@gradkell.com","good","ok","no","no"
"nchong@christchurchbham.com","good","ok","no","no"
"nchoromanski@devise-eng.com","good","ok","no","no"
"nchun@fhpcpas.com","good","ok","no","no"
"nclendeninn@toragen.com","good","ok","no","no"
"ncogswell@sabrefinance.org","good","ok","no","no"
"ncoleman@millervalves.com","good","ok","no","no"
"ncox@bergemangroup.com","good","ok","no","no"
"ncropper@nge-tft.com","good","ok","no","no"
"ndearman@ietsystems.com","good","ok","no","no"
"ndoleys@doleysclinic.com","good","ok","no","no"
"ndoss@citizensbanktrust.com","good","ok","no","no"
"neagle@civilbeat.com","risky","catch_all","no","no"
"neal@fairvoypw.com","good","ok","no","no"
"neal@kyser.com","good","ok","no","no"
"neal@triadpminc.com","good","ok","no","no"
"nedwards@logomatsllc.com","good","ok","no","no"
"negan@alaskacf.org","good","ok","no","no"
"nehal@elitehotelsmgmt.com","good","ok","no","no"
"neil.horn@oxfoundations.com","good","ok","no","no"
"neil@hasegawastore.com","good","ok","no","no"
"neil@thewbl.com","good","ok","no","no"
"nejantkar@goapr.com","good","ok","no","no"
"nell@cottonpine.com","good","ok","no","no"
"nelson@calldryfast.com","good","ok","no","no"
"nelson@phoenixmw.net","good","ok","no","no"
"nestor.mercado@marylgroup.com","good","ok","no","no"
"neva@eghucpa.com","good","ok","no","no"
"nforeman@mhrhawaii.com","good","ok","no","no"
"ngaa.puumanawawhiti@tepuia.com","risky","catch_all","no","no"
"ngat@alaskaliteracyprogram.org","good","ok","no","no"
"ngeno@incarek12.com","good","ok","no","no"
"ngilmore@nec.co.nz","risky","catch_all","no","no"
"ngolob@gosolarup.com","bad","invalid","no","no"
"ngramberg@hawaii-stage.com","good","ok","no","no"
"ngrieco@mcac-cpa.com","good","ok","no","no"
"ngrimes@blackbeltenergy.com","good","ok","no","no"
"nhamamura@koanrisksolutions.com","good","ok","no","no"
"nhawkes@colaska.com","good","ok","no","no"
"nhemsath@institutenorth.org","good","ok","no","no"
"nhut.pham@sunsourcepower.com","good","ok","no","no"
"nhutchins@ridgelineconstructionhsv.com","risky","catch_all","no","no"
"nhwa@mauicoasthotel.com","good","ok","no","no"
"nic@gcfhawaii.com","good","ok","no","no"
"nicholas@nsafootball.com","risky","catch_all","no","no"
"nicholus.tice@spsinchsv.com","good","ok","no","no"
"nick.dexter@titanformwork.com","good","ok","no","no"
"nick.posey@sehomes.com","good","ok","no","no"
"nick@10-8video.com","good","ok","no","no"
"nick@alaskaalpineadventures.com","good","ok","no","no"
"nick@baronhospitality.com","good","ok","no","no"
"nick@ecphillipsalaska.com","good","ok","no","no"
"nick@frawnercorp.com","good","ok","no","no"
"nick@hawaiiancouncil.org","good","ok","no","no"
"nick@innovationdepot.org","good","ok","no","no"
"nick@jewellequipment.com","good","ok","no","no"
"nick@jubileedecor.com","good","ok","no","no"
"nick@ladotbrands.com","good","ok","no","no"
"nick@marineandindustrial.com","good","ok","no","no"
"nick@mntmachine.com","good","ok","no","no"
"nick@onyxstudios.co","good","ok","no","no"
"nick@ottosport.ai","good","ok","no","no"
"nick@pachawaii.com","risky","catch_all","no","no"
"nick@qorum.com","good","ok","no","no"
"nick@sunbridgehhc.org","bad","invalid","no","no"
"nick@talton.com","good","ok","no","no"
"nick@triad.tech","good","ok","no","no"
"nick@yourseedmedia.com","risky","catch_all","no","no"
"nickb@petk.net","good","ok","no","no"
"nickclayton@mobileshipchandlery.com","good","ok","no","no"
"nickey@qccutting.com","good","ok","no","no"
"nickjohnson@coderpad.io","good","ok","no","no"
"nicks@ssihawaii.com","good","ok","no","no"
"nicola.berlucchi@doings.de","bad","invalid","no","no"
"nicole.brown@turnerboone.com","good","ok","no","no"
"nicole.joyce@bayleys.co.nz","good","ok","no","no"
"nicole.moats@kastelenterprises.com","good","ok","no","no"
"nicole.thornton@apirx.com","good","ok","no","no"
"nicole@apparellab.ink","good","ok","no","no"
"nicole@charlescomm.com","good","ok","no","no"
"nicole@experiencelry.com","risky","catch_all","no","no"
"nicole@occpatax.com","good","ok","no","no"
"nicole@outfitterskauai.com","good","ok","no","no"
"nicole@pesekcounseling.com","good","ok","no","no"
"nicolette@happyguest.com","good","ok","no","no"
"nigel.widner@avalan.com","good","ok","no","no"
"nik@ecoshade.com","good","ok","no","no"
"nikhil@glas-us.com","good","ok","no","no"
"niki.j@parandpour.com","risky","catch_all","no","no"
"niki@guinservice.com","good","ok","no","no"
"nikki.lum@phadhi.com","good","ok","no","no"
"nikki@raccountinggroup.com","good","ok","no","no"
"nikkibishop@sharpcompanies.com","good","ok","no","no"
"nikkistaats@exba.com","good","ok","no","no"
"nilmini.thompson@spsinchsv.com","bad","invalid","no","no"
"nina.wagnon@comfortsystemsusa.com","risky","catch_all","no","no"
"nina@designbroker.co","good","ok","no","no"
"nina@paiainn.com","good","ok","no","no"
"nisha@mansahospitality.com","good","ok","no","no"
"niyah@galactic-inc.com","good","ok","no","no"
"njeffrey@zephyrinsurance.com","good","ok","no","no"
"njohnsen@alaskaacsa.org","good","ok","no","no"
"njones@prosperits.com","good","ok","no","no"
"nkwachka@risqconsulting.com","good","ok","no","no"
"nlau@staradvertiser.com","good","ok","no","no"
"nlear@bigislandguide.com","good","ok","no","no"
"nlee@cindysleishoppe.com","good","ok","no","no"
"nlongpre@wm-partners.com","good","ok","no","no"
"nlopez@lilihahealthcare.com","good","ok","no","no"
"nmancilla@cfnea.org","good","ok","no","no"
"nmatousek@colvilleinc.com","good","ok","no","no"
"nmaxwell-doherty@bdentertainment.com","good","ok","no","no"
"nmay@southernclaybrick.com","good","ok","no","no"
"nmclain@thesoutheastcompany.com","good","ok","no","no"
"nmiller@collateralcompanies.com","good","ok","no","no"
"nmillon@hicarpenterstraining.com","good","ok","no","no"
"nmorris@dallendev.com","good","ok","no","no"
"nmuranaka@banyannetworks.com","bad","invalid","no","no"
"nnetterville@maxis.io","good","ok","no","no"
"noah.lucia@goldrushcommunications.com","good","ok","no","no"
"noah@montgomerypowersports.com","good","ok","no","no"
"noahg@nogins.com","good","ok","no","no"
"noel@sandersaviation.com","risky","catch_all","no","no"
"nolan@accountantalabama.com","good","ok","no","no"
"nolan@briarcliffholdingsgroup.com","risky","catch_all","no","no"
"nolan@symbolic.studio","good","ok","no","no"
"nopinia@iaoceania.com","good","ok","no","no"
"norwooddaniel@crenshawmachinesystems.com","good","ok","no","no"
"nph@mtaonline.net","good","ok","no","no"
"nphillips@hawaiianethos.com","risky","catch_all","no","no"
"nreyes@hicaalabama.org","good","ok","no","no"
"nrichardson@bwmhi.org","good","ok","no","no"
"nsanders@cahabaenergysolutions.com","good","ok","no","no"
"nschmidt@salt-ak.com","good","ok","no","no"
"nscott@boozerbeam.com","good","ok","no","no"
"nsella@intelichart.com","good","ok","no","no"
"nshaw@burnett-inc.com","good","ok","no","no"
"nshigekane@cbi-hawaii.com","good","ok","no","no"
"nshoemaker@nssprx.com","good","ok","no","no"
"nsimmons@power-gem.com","good","ok","no","no"
"nslack@alaskascrap.com","good","ok","no","no"
"nsmith@frontlinehr.com","good","ok","no","no"
"nspeer@hhtech.net","good","ok","no","no"
"nstierli@infinium-interiors.com","good","ok","no","no"
"nstoudt@porterallison.com","good","ok","no","no"
"ntanaka@goldfingerholdings.com","good","ok","no","no"
"ntraverssmyre@aleutrealestate.com","good","ok","no","no"
"nunderwood@alaha.org","good","ok","no","no"
"nurses@wiseomfs.com","good","ok","no","no"
"nv@construction-r-us.net","good","ok","no","no"
"nvillegas@bekofalaska.com","good","ok","no","no"
"nwillis@aeshoals.com","good","ok","no","no"
"nwojcik@safv.org","good","ok","no","no"
"nyaden@gbdcpa.net","good","ok","no","no"
"nzucco@fairwayrisk.com","good","ok","no","no"
"ocampos@cdhomesolutions.com","good","ok","no","no"
"ocardenas@waileagolf.com","good","ok","no","no"
"odeppe@mcac-cpa.com","good","ok","no","no"
"odes_wilemon@cascades.com","good","ok","no","no"
"ofranco@hoike.org","good","ok","no","no"
"ofraser@modtechsolutions.com","good","ok","no","no"
"ohenewa@brushpic.com","good","ok","no","no"
"oksanna@onelove.org","good","ok","no","no"
"oliver.n@alaskaremoteimaging.com","good","ok","no","no"
"oliver.thompson@leafengineers.com","good","ok","no","no"
"oliverd@choat.com","good","ok","no","no"
"olivia@jeffreycampbellshoes.com","good","ok","no","no"
"olivia@koolaudistillery.com","risky","catch_all","no","no"
"olivia@portalinsurance.com","good","ok","no","no"
"olivia@revbirmingham.org","good","ok","no","no"
"oliviae@anordicspa.com","good","ok","no","no"
"olivier@beanabouttown.com","good","ok","no","no"
"olkaris.marandu@gloryevcharging.com","good","ok","no","no"
"om@aouoililani.com","good","ok","no","no"
"omirza@draftinghawaiillc.com","good","ok","no","no"
"onnie@serviceprint.com","risky","unknown","no","no"
"oolivares@jldrywall.net","good","ok","no","no"
"opadilla@sagewater.com","good","ok","no","no"
"opaisa@kleencogroup.com","good","ok","no","no"
"ottar.mobley@launchalaska.com","good","ok","no","no"
"owatson@jnag.com","bad","invalid","no","no"
"owen@alaskahousing-homeless.org","good","ok","no","no"
"owoodson@itctrng.com","good","ok","no","no"
"oxana.bykova@ancsleep.com","good","ok","no","no"
"p.sherrod@northalabamapsych.com","good","ok","no","no"
"p.worley@jtcllp.com","good","ok","no","no"
"paige.torian@jtcommercialservice.com","bad","invalid","no","no"
"paige@amahawaiitransportation.com","good","ok","no","no"
"paige@mobleyandpartners.com","good","ok","no","no"
"paige@myprominencehome.com","risky","catch_all","no","no"
"paige@weathersconstruction.com","risky","catch_all","no","no"
"paisley@lilyjaneboutique.com","risky","catch_all","no","no"
"pam.parson@vestavialibrary.org","good","ok","no","no"
"pam@alohabreathwork.com","good","ok","no","no"
"pam@alyeskatherapy.com","risky","unknown","no","no"
"pam@auburnpediatricdentistry.com","good","ok","no","no"
"pam@bevytec.com","good","ok","no","no"
"pam@shamantraffic.com","good","ok","no","no"
"pam@theagencyonpine.com","good","ok","no","no"
"pamb@mdacpa.com","good","ok","no","no"
"pamela.bolen@wacptrs.com","good","ok","no","no"
"pamela.chandler@seagrassvillagegs.com","good","ok","no","no"
"pamela@harleyofdothan.com","good","ok","no","no"
"pamela@matthewsindustries.com","good","ok","no","no"
"pams@alabamacasa.org","good","ok","no","no"
"pamsisson@serecruiting.com","good","ok","no","no"
"parker@abodehr.com","good","ok","no","no"
"parker@erwinandassociates.net","good","ok","no","no"
"parker@reifundingpartners.com","good","ok","no","no"
"parkerg@gemachine.com","good","ok","no","no"
"parri@bespokeatelier.co.uk","risky","catch_all","no","no"
"parts@yutebethel.com","risky","catch_all","no","yes"
"pat.francis@moyerfordsales.com","good","ok","no","no"
"pat.gatlin@npcoinc.com","bad","invalid","no","no"
"pat@dothanwarehouse.com","good","ok","no","no"
"pat@heartofdixiehd.com","risky","unknown","no","no"
"pat@parisforrent.com","risky","catch_all","no","no"
"pat@porterci.com","bad","invalid","no","no"
"pat@snowballderby.com","good","ok","no","no"
"patience@matsutestlab.com","good","ok","no","no"
"patricia.delabruere@juneau.org","good","ok","no","no"
"patricia@tektonux.com","good","ok","no","no"
"patriciaford@alutiiq.com","good","ok","no","no"
"patrick.cabuyadao@kamaainanissan.com","bad","invalid","no","no"
"patrick.quinn@century.church","risky","catch_all","no","no"
"patrick.shanley@ak-gravel.com","good","ok","no","no"
"patrick.wilson@oxfoundations.com","good","ok","no","no"
"patrick@alsettechnologies.com","risky","catch_all","no","no"
"patrick@cullmanvet.com","good","ok","no","no"
"patrick@earlyservices.com","good","ok","no","no"
"patrick@lawnprosoftware.com","good","ok","no","no"
"patrick@premiumpropertytrust.com","good","ok","no","no"
"patrick@pts-rep.com","good","ok","no","no"
"patrick@ronniewatkinsford.com","good","ok","no","no"
"patrickk@kirklandarchitects.com","good","ok","no","no"
"patrickmartin@fletchersupply.com","good","ok","no","no"
"patrickmcginnjr@basslumber.com","risky","catch_all","no","no"
"patsnow@bodyinteract.com","risky","catch_all","no","no"
"patti.lillie@alaska.gov","good","ok","no","no"
"patti@burkholderins.com","good","ok","no","no"
"patti@retreet.fun","good","ok","no","no"
"patti@truthexcavation.com","good","ok","no","no"
"patty@wedgworth.net","good","ok","no","no"
"paul.lewis@absimage.com","good","ok","no","no"
"paul.smith@envsyscorp.com","good","ok","no","no"
"paul.sutton@parklinesouth.com","good","ok","no","no"
"paul@adventuresitka.com","risky","catch_all","no","no"
"paul@albertabaptist.org","good","ok","no","no"
"paul@albornconstruction.com","good","ok","no","no"
"paul@ascentresidential.com","good","ok","no","no"
"paul@brandonskinnercpas.com","good","ok","no","no"
"paul@bridgrid.com","good","ok","no","no"
"paul@chilis.com","good","ok","no","no"
"paul@forthrightservicesllc.com","risky","catch_all","no","no"
"paul@hawaiipacificsolar.com","good","ok","no","no"
"paul@opsofficers.com","good","ok","no","no"
"paul@robinsoniron.com","good","ok","no","no"
"paul@systemcenter.com","good","ok","no","no"
"paul@teamquality.com","good","ok","no","no"
"paul@thinkofficellc.com","risky","catch_all","no","no"
"paula.carr@hawaiiancement.com","good","ok","no","no"
"paula@advertisermediagroup.com","bad","invalid","no","no"
"paula@alsca.org","good","ok","no","no"
"paula@realestatesoutheast.com","risky","catch_all","no","no"
"paulg@rainydayroofing.com","good","ok","no","no"
"paulh@kontosfruit.com","good","ok","no","no"
"paulina.baker@gjbandassociates.com","good","ok","no","no"
"pauline@malamalearningcenter.org","good","ok","no","no"
"pauln@aamericanflooring.com","good","ok","no","no"
"pauls@agorahawaii.com","good","ok","no","no"
"payroll@mycharterhr.com","good","ok","no","yes"
"payton@goriversidedesigns.com","good","ok","no","no"
"pbagley@trilogymontgomery.com","bad","invalid","no","no"
"pbanister@gannetbiochem.com","good","ok","no","no"
"pbaril@nvisionarch.com","good","ok","no","no"
"pbeavers@ffcuonline.com","good","ok","no","no"
"pbeck@wamhc.org","good","ok","no","no"
"pblackwell@sixllc.net","good","ok","no","no"
"pbriggs@corvus-design.com","good","ok","no","no"
"pbuckalew@sweetwaterstbk.com","good","ok","no","no"
"pburn@memorylegal.com","good","ok","no","no"
"pburnside@bandm.org","good","ok","no","no"
"pcano@kauaicoffee.com","good","ok","no","no"
"pcarter@scscabinets.com","good","ok","no","no"
"pcausey@rainbowtech.net","good","ok","no","no"
"pcopell@florcraft.com","good","ok","no","no"
"pcordeiro@alliedmachinerycorp.com","good","ok","no","no"
"pcowley@esc-supply.com","good","ok","no","no"
"pcpereira@episcopalhawaii.org","good","ok","no","no"
"pd@blackdesignarch.com","good","ok","no","no"
"pdimick@intramicron.com","good","ok","no","no"
"pdonohoo@donohoochevrolet.com","good","ok","no","no"
"pdow@hlcresearchcenter.org","good","ok","no","no"
"pdugdale@intercontpkg.com","good","ok","no","no"
"peden@alnationalfair.org","good","ok","no","no"
"peggy@safetysourceinc.com","bad","invalid","no","no"
"pendleton.jones@oneshotreliability.com","bad","invalid","no","no"
"penelope.wallington@rcm-consulting-services.com","good","ok","no","no"
"penny.gage@launchalaska.com","good","ok","no","no"
"perry.vanderford@sigsolutionsinc.com","good","ok","no","no"
"petdrmgr@gulftel.com","good","ok","no","no"
"pete.jones@klk-nho.com","good","ok","no","no"
"pete@petesprint.com","good","ok","no","no"
"pete@seamautogroup.com","good","ok","no","no"
"peten@alaskafeed.com","good","ok","no","no"
"peter.harrison@valhallashipagency.com","good","ok","no","no"
"peter.karacsony@pldsnet.com","good","ok","no","no"
"peter@4evergreen.com","good","ok","no","no"
"peter@ahtnatribal.org","good","ok","no","no"
"peter@madeinhope.org","good","ok","no","no"
"peter@mphunited.com","good","ok","no","no"
"peter@withloom.com","risky","catch_all","no","no"
"peter@worldwidewindows.net","good","ok","no","no"
"petra@airspacedoc.com","good","ok","no","no"
"petrad@alaskanaids.org","good","ok","no","no"
"pets@nehp.net","good","ok","no","no"
"peyton@battlehorsefinancial.com","good","ok","no","no"
"pfarnes@iditarod.com","good","ok","no","no"
"pgaillard@fsu.edu","good","ok","no","no"
"pgarvich@huntsvillecityfc.com","good","ok","no","no"
"pgibbs@wavelinkinc.com","good","ok","no","no"
"pgilliland@fbofna.org","good","ok","no","no"
"pgoldman@evanterry.com","good","ok","no","no"
"pharris@coosavalleytech.com","good","ok","no","no"
"phatcher@aerostar.aero","good","ok","no","no"
"phelto@cswo.com","good","ok","no","no"
"pheymann@oulifarms.com","good","ok","no","no"
"phil.trotter@lifestylecareplatforms.com","good","ok","no","no"
"phil@akhire.com","good","ok","no","no"
"phil@cornerstoneco.com","risky","catch_all","no","no"
"phil@hveri.org","good","ok","no","no"
"phil@infinity-bicycles.com","good","ok","no","no"
"phil@konahillsllc.com","good","ok","no","no"
"phil@kymindustries.com","good","ok","no","no"
"phil@machinediagnostics.com","risky","catch_all","no","no"
"philadfp@mtaonline.net","good","ok","no","no"
"philip@aktivranteradgivning.se","bad","invalid","no","no"
"philip@novationsys.com","good","ok","no","no"
"philip@projectreef.com","good","ok","no","no"
"philippe@cuttingedgelawn.biz","good","ok","no","no"
"phillip.donald@intelligrc.com","good","ok","no","no"
"phillip@barronfan.com","good","ok","no","no"
"phillip@bendersgym.com","good","ok","no","no"
"phillip@huntsvillecompounding.com","good","ok","no","no"
"phillip@motorsportssuperstore.com","good","ok","no","no"
"phillip@wagnersteam.com","good","ok","no","no"
"phillips@lawelawedefense.com","good","ok","no","no"
"phoebef@hjlinsurance.com","good","ok","no","no"
"phu-thientran@zapatatechnology.com","bad","invalid","no","no"
"phyllis@benjones.com","good","ok","no","no"
"pilots@seapa.com","good","ok","no","no"
"pio.stroligo@fenix24.com","good","ok","no","no"
"piper@pantsstore.com","good","ok","no","no"
"pisbell@industrialboiler.com","good","ok","no","no"
"pjohnson@vitalengine.com","risky","catch_all","no","no"
"pjones@islandsole.com","good","ok","no","no"
"pkiryk@timberblock.com","good","ok","no","no"
"plangley@superiorindustrialcontractors.com","good","ok","no","no"
"plankford@theparnassusgroup.com","good","ok","no","no"
"plaurendine@baldwinemc.com","good","ok","no","no"
"pleshettah.potts@adtran.com","good","ok","no","no"
"plw@blackmamasmatter.org","good","ok","no","no"
"pmcdonald@chevyman.com","good","ok","no","no"
"pmcgriff@contexta3.com","good","ok","no","no"
"pmckinney@linescaleform.com","good","ok","no","no"
"pmcnary@jaybrant.com","good","ok","no","no"
"pmelton@filterpro.com","good","ok","no","no"
"pmetz@hanahealth.org","good","ok","no","no"
"pmiller@millardmaritime.com","good","ok","no","no"
"pml@alspi.com","good","ok","no","no"
"pmunn@walthamclocks.com","good","ok","no","no"
"pmyrick@southeasterncommercial.com","good","ok","no","no"
"poffeh@geolabs.net","good","ok","no","no"
"pomaikai@wmcinc.com","good","ok","no","no"
"poulson@ak.net","good","ok","no","no"
"power.tammy@cheahastpark.com","risky","catch_all","no","no"
"ppadgett@coilplus.com","good","ok","no","no"
"pparker@modtechsolutions.com","good","ok","no","no"
"ppatel@astrape.com","good","ok","no","no"
"ppowell@eecsoil.com","bad","invalid","no","no"
"ppresley@pioneerelectric.com","good","ok","no","no"
"prelo@gadgetany.com","good","ok","no","no"
"presleec@desperationchurch.tv","good","ok","no","no"
"preston@alignedak.com","good","ok","no","no"
"preston@cedarcreative.net","good","ok","no","no"
"preston@jwrightbuildingcompany.com","risky","catch_all","no","no"
"priscila@indigo-republic.com","risky","catch_all","no","no"
"priscilla@pyramidhawaii.com","good","ok","no","no"
"probinson@baconuniversal.com","good","ok","no","no"
"program@recyclehawaii.org","good","ok","no","no"
"programs@alaskafoodpolicycouncil.org","good","ok","no","no"
"programs@copperrivermarketing.org","good","ok","no","no"
"programs@visitcenter.org","good","ok","no","no"
"pshanks@bretthillcompanies.com","good","ok","no","no"
"pshiver@vectorply.com","good","ok","no","no"
"psingleton-seay@covington.coop","risky","catch_all","no","no"
"pskaraffa@citci.org","risky","unknown","no","no"
"psmith@btcwholesale.com","good","ok","no","no"
"psteinbach@uspacdev.com","good","ok","no","no"
"ptodd@priesters.com","good","ok","no","no"
"pua@futureproof.org","good","ok","no","no"
"puaena.burgess@hawaiiliteracy.org","good","ok","no","no"
"pui-heng@aiohawaii.com","good","ok","no","no"
"pwaltercsf@catholic-schools.org","good","ok","no","no"
"pwhite@woerner.com","good","ok","no","no"
"pyeager@meetmarathon.com","good","ok","no","no"
"qbarber@gprmp.com","good","ok","no","no"
"qblocker@firstcahawba.com","good","ok","no","no"
"qchun@oldrepublictitle.com","good","ok","no","no"
"qgross@johnsoncont.com","good","ok","no","no"
"qjones@sslarch.com","good","ok","no","no"
"qmiddleton@sawgrassllc.com","good","ok","no","no"
"que@accelrentals.com","good","ok","no","no"
"quin.bixler@infirmaryhealth.org","good","ok","no","no"
"quinn@dktechsolutions.com","good","ok","no","no"
"quintin@curtains2u.co.nz","risky","catch_all","no","no"
"r.anderson@women4womenhsv.com","good","ok","no","no"
"r.feuillard@rawso.com","good","ok","no","no"
"r.harris@northsidemed.com","bad","invalid","no","no"
"r.harvey@litostroj-us.com","good","ok","no","no"
"r.holder@strumis.com","good","ok","no","no"
"r.isaac@pluginoptics.com","good","ok","no","no"
"r.neeley@citadelbrands.com","good","ok","no","no"
"r.sanchez@gotourshawaii.com","good","ok","no","no"
"r.stewart@seventhknight.com","good","ok","no","no"
"raanan@bordercounseling.com","good","ok","no","no"
"rabel@clastran.com","good","ok","no","no"
"rachael.harms@hi-line-engineering.com","good","ok","no","no"
"rachael.perrien@remoteak.com","good","ok","no","no"
"rachael@ferrarochoi.com","good","ok","no","no"
"rachael@infinitytaxandfinancial.com","good","ok","no","no"
"rachael@lostbayhelicopters.com","risky","catch_all","no","no"
"rachael@yukonsalmon.org","good","ok","no","no"
"rachel.davis@frogdata.com","good","ok","no","no"
"rachel@9embers.com","good","ok","no","no"
"rachel@9lemonshospitality.com","risky","catch_all","no","no"
"rachel@anchorpropmgt.com","risky","unknown","no","no"
"rachel@bigdaddyfoods.com","good","ok","no","no"
"rachel@bluscapegroup.com","good","ok","no","no"
"rachel@clarusgroup.net","good","ok","no","no"
"rachel@dothanwarehouse.com","bad","invalid","no","no"
"rachel@huddlbox.com","good","ok","no","no"
"rachel@j-uno-associates.com","good","ok","no","no"
"rachel@ohghotel.com","good","ok","no","no"
"rachel@rachelballphillips.com","good","ok","no","no"
"rachel@rentalsmaui.com","good","ok","no","no"
"rachel@southbaldwinchamber.com","good","ok","no","no"
"rachel@traditioncoffeeroasters.com","risky","catch_all","no","no"
"racheljones@cannoncarpetone.com","good","ok","no","no"
"rachelle@bigislandtv.com","good","ok","no","no"
"rachelo@changepointalaska.com","good","ok","no","no"
"rachelr@wilson.co.nz","good","ok","no","no"
"rachelwhatley@greenstoneau.com","good","ok","no","no"
"rachgarner@murfeemeadows.com","good","ok","no","no"
"radiant@equushotel.com","risky","catch_all","no","no"
"raegan@skylinebuildersinc.com","good","ok","no","no"
"raeo@happydoorspm.com","good","ok","no","no"
"rafael@islandbrewhawaii.com","good","ok","no","no"
"rahim@encoretechinc.com","good","ok","no","no"
"rahul@bombaydeluxe.com","good","ok","no","no"
"rahulg@possopizza.com","risky","catch_all","no","no"
"raja@smarkk.com","good","ok","no","no"
"raki@hano-hawaii.org","good","ok","no","no"
"raleigh@thehopefarm.com","good","ok","no","no"
"ralensonorin@hemic.com","good","ok","no","no"
"ralf.becher@swj-us.com","good","ok","no","no"
"rallen@briarwood.org","good","ok","no","no"
"rallman@leeinterprop.com","risky","catch_all","no","no"
"ralph.ice@samuel.com","good","ok","no","no"
"ralph.pascual@bowmantermite.com","risky","unknown","no","no"
"ralph@opticscapitaladvisors.com","good","ok","no","no"
"rama.r@kirso.net","good","ok","no","no"
"ramartin@srvetspecialists.com","risky","catch_all","no","no"
"ramona@haloaconstruction.com","good","ok","no","no"
"ramona@walkerworkforce.com","risky","unknown","no","no"
"ramt@hawaiireserves.com","risky","catch_all","no","no"
"rance.knapp@hiltonwaikikihotel.com","good","ok","no","no"
"randal.jennings@cepedasystems.com","good","ok","no","no"
"randall.wormley@sheco.com","good","ok","no","no"
"randerson@quadruscorp.com","good","ok","no","no"
"randy.martin@rosupply.net","good","ok","no","no"
"randy.p@energyprojectsolutions.com","good","ok","no","no"
"randy@alnationalfair.org","good","ok","no","no"
"randy@americanroadpatch.com","risky","catch_all","no","no"
"randy@envisionsentertainment.com","risky","catch_all","no","no"
"randy@hawaiipropertiesonline.com","risky","unknown","no","no"
"randy@hazelgreenfuneralhome.com","good","ok","no","no"
"randy@posttensiontech.com","risky","catch_all","no","no"
"randy@randrcigars.com","good","ok","no","no"
"randyhunter@transcendmedical.net","good","ok","no","no"
"randymorris@maxusinc.com","good","ok","no","no"
"rane.shoji@hisprx.com","good","ok","no","no"
"ranee.chenoweth@infirmaryhealth.org","good","ok","no","no"
"rangashetty@growsofts.com","bad","invalid","no","no"
"rani@anchorageconventioncenters.com","good","ok","no","no"
"raquel@loudmarketing.co","risky","catch_all","no","no"
"raresz@aamericanflooring.com","good","ok","no","no"
"rashada@experiencelry.com","risky","catch_all","no","no"
"rashley@fletchersupply.com","good","ok","no","no"
"raskew@azorinc.com","good","ok","no","no"
"ratih@kealafoundation.com","good","ok","no","no"
"raven@decaturathletic.com","risky","catch_all","no","no"
"ray.wooten@deluxeton.com","good","ok","no","no"
"ray.youngblood@ampsg.com","bad","invalid","no","no"
"ray@elite-mechanical.com","good","ok","no","no"
"ray@inspiredclosetshawaii.com","good","ok","no","no"
"ray@tikimoonvillas.com","good","ok","no","no"
"ray@tourmaui.com","risky","catch_all","no","no"
"raylynn@seacc.org","good","ok","no","no"
"raynor@tcuconsulting.com","good","ok","no","no"
"rb@cpi.consulting","risky","catch_all","no","no"
"rbaker@alasco.net","risky","catch_all","no","no"
"rbarry@dixiemechanical.com","good","ok","no","no"
"rbelljr@medicalplace.net","good","ok","no","no"
"rbest@kgssteel.com","good","ok","no","no"
"rbigley@atacompfund.org","good","ok","no","no"
"rblack@shapefidelity.com","risky","catch_all","no","no"
"rblair@redrockrg.com","good","ok","no","no"
"rbova@interstartransportation.net","good","ok","no","no"
"rbowen@pci-ss.com","good","ok","no","no"
"rbrandon@surgicaldermatology.com","good","ok","no","no"
"rbreeding@socialsecuritycu.com","good","ok","no","no"
"rbrooks@hfdirect.com","good","ok","no","no"
"rbroughton@vulcanoilco.com","good","ok","no","no"
"rbrown@abbacontract.com","good","ok","no","no"
"rbrown@edwardsequipment.com","good","ok","no","no"
"rbrown@pts-inc.com","good","ok","no","no"
"rbrummitt@boydbros.com","good","ok","no","no"
"rbryce@honolulubuilders.com","bad","invalid","no","no"
"rburch@botech-av.com","risky","unknown","no","no"
"rburgess@hhtech.net","good","ok","no","no"
"rburget@hudcoinc.com","good","ok","no","no"
"rburton@hawaiihie.org","good","ok","no","no"
"rcampbell@glovisala.com","good","ok","no","no"
"rcardona@capitalaccessinc.com","good","ok","no","no"
"rcarson@equinoxphysical.com","good","ok","no","no"
"rcary@jaybrant.com","good","ok","no","no"
"rcastillo@kamehamehagolf.com","good","ok","no","no"
"rcaton@cewsa.com","good","ok","no","no"
"rchinn@transforming-technologies.com","good","ok","no","no"
"rchristensen@healthymatsu.org","risky","catch_all","no","no"
"rchurchwell@vsbham.com","good","ok","no","no"
"rclanton@davisonfuels.com","good","ok","no","no"
"rclausheide@millardmaritime.com","good","ok","no","no"
"rcolburn@northportpharmacy.com","good","ok","no","no"
"rcomeaux@survtechsolutions.com","good","ok","no","no"
"rcompton@bhlfederal.com","good","ok","no","no"
"rconstantino@princeville.com","good","ok","no","no"
"rcooper@goldleafpackaging.com","good","ok","no","no"
"rcordle@victor12.com","good","ok","no","no"
"rcowart@acincorp.com","good","ok","no","no"
"rcox@trav-adsigns.com","good","ok","no","no"
"rcrezee@msicontrols.com","good","ok","no","no"
"rcrim@anchordbg.com","good","ok","no","no"
"rcronier@croniers.com","good","ok","no","no"
"rcrutcher@ves-hsv.com","good","ok","no","no"
"rdavis@istechs.net","good","ok","no","no"
"rdemeranville@laiga.org","good","ok","no","no"
"rdhiller@georgehiller.com","risky","catch_all","no","no"
"rdillmore@alsteel.us","good","ok","no","no"
"rdobrinski@opted.org","good","ok","no","no"
"rdrennon@drennoninc.com","good","ok","no","no"
"rduignan@theurbanlist.com","good","ok","no","no"
"rdunn@ys-inc.com","risky","catch_all","no","no"
"realestate@joreenk.com","good","ok","no","no"
"reatman@strategictaxllc.com","good","ok","no","no"
"reaves@baggetttransport.com","good","ok","no","no"
"reb.bailey@icsi-se.com","good","ok","no","no"
"rebecca.brown@tscassociates.com","good","ok","no","no"
"rebecca.james@caravanmarketing.co","good","ok","no","no"
"rebecca@cusouth.com","good","ok","no","no"
"rebecca@emofmobile.com","good","ok","no","no"
"rebecca@exceptionalmilitaryfam.com","good","ok","no","no"
"rebecca@happyguestofficial.com","good","ok","no","no"
"rebecca@linfordofalaska.com","good","ok","no","no"
"rebecca@marblewealth.com","good","ok","no","no"
"rebecca@mauipineapplestore.com","risky","catch_all","no","no"
"rebecca@occmed2go.com","good","ok","no","no"
"rebecca@therapydiakona.com","good","ok","no","no"
"rebeccanikolic@takuengineering.com","good","ok","no","no"
"rebeccas@lovealaska.org","good","ok","no","no"
"rebeccas@southernautomated.com","good","ok","no","no"
"rebekah.starling@cwjts.com","good","ok","no","no"
"rebekah@projectdana.org","good","ok","no","no"
"reed@ainaexcavation.com","good","ok","no","no"
"reed@selaviecreative.com","risky","catch_all","no","no"
"reem.ali@inergysolutions.net","good","ok","no","no"
"reese.kolaczek@high5health.com","good","ok","no","no"
"regan.dodd@dkpsi.com","good","ok","no","no"
"regan.potts@ndsolutionsinc.net","good","ok","no","no"
"reggie@dcc.org","good","ok","no","no"
"reggie@highpoint-furniture.com","risky","unknown","no","no"
"reggie@jazzandclassics.org","good","ok","no","no"
"regina@zornmolds.com","good","ok","no","no"
"reginald@warriorequity.com","good","ok","no","no"
"reginaz@ars-ak.com","good","ok","no","no"
"reid@r2rmovers.com","good","ok","no","no"
"reid@vitalengine.com","risky","catch_all","no","no"
"rene@crystallovecollective.com","good","ok","no","no"
"rene@equushotel.com","risky","catch_all","no","no"
"renee@globalhrservice.net","bad","invalid","no","no"
"renee@hondawindward.com","bad","invalid","no","no"
"renee@mre808.com","good","ok","no","no"
"renee@waileapoint.com","good","ok","no","no"
"reppes@syntermed.com","good","ok","no","no"
"res@sensibletechnologyservices.com","good","ok","no","no"
"retail@algulfcoastzoo.org","good","ok","no","no"
"revmalcom@thepeoplesjusticecouncil.org","good","ok","no","no"
"rex.wooten@msnst.com","good","ok","no","no"
"reyn@islandfl.com","good","ok","no","no"
"reyn@mauitaxcpa.com","good","ok","no","no"
"reynolds.smith@safesprayllc.com","risky","catch_all","no","no"
"rferris@ibgbuilds.com","good","ok","no","no"
"rfontes@biodiesel.com","good","ok","no","no"
"rford@feedingal.org","good","ok","no","no"
"rfoster@asf.net","good","ok","no","no"
"rfreeman@tidesllc.com","risky","catch_all","no","no"
"rfukunaga@fukunagaengineers.com","good","ok","no","no"
"rg@saltwater.com","good","ok","no","no"
"rgann@franklinhomesusa.com","good","ok","no","no"
"rgarrison@utilicomsupply.com","bad","invalid","no","no"
"rgeoghagan@mountvillerubber.com","good","ok","no","no"
"rgoo@pioneerpacific.com","good","ok","no","no"
"rgordon@lstgroupllc.com","good","ok","no","no"
"rgray@bmccinc.com","risky","catch_all","no","no"
"rgray@s-lokna.com","good","ok","no","no"
"rgriffice@hotmetalcoatings.com","good","ok","no","no"
"rgriggs@byarswright.com","good","ok","no","no"
"rhamilton@starkvilleutilities.com","good","ok","no","no"
"rhamilton@thnhawaii.org","good","ok","no","no"
"rhamrick@lenderworks.net","good","ok","no","no"
"rhead@headshvac.com","good","ok","no","no"
"rheber@watringtc.com","good","ok","no","no"
"rherring@constructionunlimited.us","bad","invalid","no","no"
"rhill@hillpro.com","good","ok","no","no"
"rhoda@ironvestpartners.com","good","ok","no","no"
"rhodes@heightsbuilding.com","good","ok","no","no"
"rhodesmatt@grtractors.com","good","ok","no","no"
"rhodge@atacompfund.org","good","ok","no","no"
"rhohne@alabamastoneworks.com","good","ok","no","no"
"rholland@hollandindustrial.net","good","ok","no","no"
"rholley@thefennecbham.com","risky","catch_all","no","no"
"rholmes@lenderworks.net","good","ok","no","no"
"rholt@silvermaple.com","good","ok","no","no"
"rhonda.mankus@lightshipmaritime.com","good","ok","no","no"
"rhonda@anchoringhope.com","risky","catch_all","no","no"
"rhonda@bakerbytes.com","good","ok","no","no"
"rhonda@maycoindustries.com","good","ok","no","no"
"rhorton@revds.com","good","ok","no","no"
"rhouston@bcri.org","good","ok","no","no"
"rhoytink@mobilefleetspecialists.com","good","ok","no","no"
"rhubley@mcsweeneyauto.com","good","ok","no","no"
"rhurd@lookoutpest.com","good","ok","no","no"
"rhurd@my1stchoicefs.com","risky","catch_all","no","no"
"rhurst@fnsak.net","good","ok","no","no"
"ricehc@westal.net","good","ok","no","no"
"rich.barnes@macroindustries.com","good","ok","no","no"
"rich.keating@wavecomsolutions.com","bad","invalid","no","no"
"rich.mccord@expresspros.com","good","ok","no","no"
"rich.stone@universalwelding.net","good","ok","no","no"
"rich@makaiequip.com","good","ok","no","no"
"rich@tinguelydevelopment.com","good","ok","no","no"
"richard.baxter@cairncommunities.com","good","ok","no","no"
"richard.hamlett@emunworks.com","good","ok","no","no"
"richard.hammonds@contractormail.net","good","ok","no","no"
"richard.howe@marshall-group.com","good","ok","no","no"
"richard.r@signbuildershi.com","good","ok","no","no"
"richard.suematsu@syncadd.com","good","ok","no","no"
"richard.suhr@swj-us.com","good","ok","no","no"
"richard.williams@asterian.com","good","ok","no","no"
"richard@batteryspecialistsalaska.com","good","ok","no","no"
"richard@cookandbynum.com","good","ok","no","no"
"richard@designori.net","good","ok","no","no"
"richard@hulseysystems.com","risky","unknown","no","no"
"richard@mtwaerospace.com","good","ok","no","no"
"richard@nextgenlegacyplanning.com","good","ok","no","no"
"richard@pgisteel.com","good","ok","no","no"
"richard@urbanhomemarket.com","bad","invalid","no","no"
"richard@woldeflooring.com","good","ok","no","no"
"richarda@businesssolutionshi.com","good","ok","no","no"
"richardb@csialabama.com","good","ok","no","no"
"richardcox@realtor.com","good","ok","no","no"
"richardv@rsmhawaii.com","bad","invalid","no","no"
"richie@amacbuilders.com","good","ok","no","no"
"richie@earthworkcollective.com","risky","catch_all","no","no"
"richiki@lanaiair.com","bad","invalid","no","no"
"rick@1xrpm.com","good","ok","no","no"
"rick@acs-mgmt.com","good","ok","no","no"
"rick@belzonaalabama.com","good","ok","no","no"
"rick@life-lineinsurance.com","risky","unknown","no","no"
"rick@msimktg.com","good","ok","no","no"
"rick@realtyhsv.com","good","ok","no","no"
"rick@servicemasterofalaska.com","good","ok","no","no"
"rick@yourgolfsuperstore.com","good","ok","no","no"
"rickey.vickers@synsus.com","good","ok","no","no"
"rickg@islandglasshawaii.com","good","ok","no","no"
"rickk@standardfurniture.net","bad","invalid","no","no"
"ricktait@freightzonelogistics.com","good","ok","no","no"
"ricky.higby@longevityconsulting.com","good","ok","no","no"
"ricky.schwartz@aerobotix.net","good","ok","no","no"
"ricky@citywholesale.com","good","ok","no","no"
"ricky@hawaiiselfstorage.net","good","ok","no","no"
"ricky@mauiacademy.org","bad","invalid","no","no"
"rico@gulfcoast-pestcontrol.com","risky","unknown","no","no"
"ridgeway@mb2dental.com","good","ok","no","no"
"riley.bloom@ponopm.com","good","ok","no","no"
"riley@caravanmarketing.co","good","ok","no","no"
"riley@givehsv.org","good","ok","no","no"
"riley@gogoldstar.com","good","ok","no","no"
"riley@riverbrook.com","good","ok","no","no"
"riley@royalinkdesign.com","good","ok","no","no"
"rinkey@materialcontrolsolutionsllc.com","good","ok","no","no"
"risaksonsr@lafayetteland.com","good","ok","no","no"
"rishi@dunia.ai","good","ok","no","no"
"rita@eufaulaeye.com","risky","unknown","no","no"
"rja@frontierelectricalservices.com","risky","unknown","no","no"
"rjenkins@fpsprocessing.com","good","ok","no","no"
"rjennings@essixresources.com","good","ok","no","no"
"rjk@tanakarestaurants.com","bad","invalid","no","no"
"rjohnson@aegismobile.com","good","ok","no","no"
"rjohnson@alaskacf.org","good","ok","no","no"
"rjohnson@netconninc.com","good","ok","no","no"
"rjohnson@srfinc.com","bad","invalid","no","no"
"rkang@alatrustcu.com","good","ok","no","no"
"rkarell@incoa.com","good","ok","no","no"
"rkeeton@imagehawk.com","good","ok","no","no"
"rkeeton@oxbodies.com","good","ok","no","no"
"rkelly@wilsonmachine.net","good","ok","no","no"
"rking@equisharealliance.com","risky","catch_all","no","no"
"rkingrea@84thstreetconstruction.com","good","ok","no","no"
"rkuykendall@fmi-solutions.com","good","ok","no","no"
"rlactaoen@istechs.net","good","ok","no","no"
"rlangley@omni-is.com","good","ok","no","no"
"rlaswell@jonesvalleyfab.com","good","ok","no","no"
"rlee@eyecenterofhawaii.com","good","ok","no","no"
"rlee@waikikibid.org","good","ok","no","no"
"rletts@mediamerge.com","risky","catch_all","no","no"
"rlindsay@alconcrete.org","risky","unknown","no","no"
"rlindsey@associatedmetalcast.com","risky","catch_all","no","no"
"rlloyd@fitz-thors.com","good","ok","no","no"
"rloftin@colonialcompany.com","good","ok","no","no"
"rlose@bisofficesystems.com","good","ok","no","no"
"rloveless@stellarhvacllc.com","good","ok","no","no"
"rluavasa@haseko.com","good","ok","no","no"
"rlusco@sharprealty.com","good","ok","no","no"
"rm@honoluluendo.com","risky","unknown","no","no"
"rmaddox@cienclosures.com","good","ok","no","no"
"rmangum@tekcomresources.com","good","ok","no","no"
"rmanibog@mhrhawaii.com","good","ok","no","no"
"rmann@ivycreekhealth.com","good","ok","no","no"
"rmantupar@bigislandmotors.com","good","ok","no","no"
"rmartin@iscrg.com","good","ok","no","no"
"rmau@cardaxpharma.com","good","ok","no","no"
"rmcangus@auw.org","good","ok","no","no"
"rmcgalliard@cardinal-roof.com","good","ok","no","no"
"rmethvin@aha-creative.com","good","ok","no","no"
"rmorgan@malouffurniture.com","risky","catch_all","no","no"
"rmorrissey@johnsoncont.com","good","ok","no","no"
"rmurphy@athens-utilities.com","good","ok","no","no"
"rmusic@methodisthomes.org","good","ok","no","no"
"rmylie@itchold.com","good","ok","no","no"
"rnakamura@centurycentercondo.com","good","ok","no","no"
"rnavarro@koanrisksolutions.com","good","ok","no","no"
"rnoojin@dsfocus.com","risky","catch_all","no","no"
"rnorton@firstlinetech.com","good","ok","no","no"
"rns@flowline-alaska.com","good","ok","no","no"
"rob.gilbreath@pncit.com","good","ok","no","no"
"rob.glasier@neulogixsolutions.com","bad","invalid","no","no"
"rob.sutherland@hdata.us","good","ok","no","no"
"rob@akcyclecenter.com","good","ok","no","no"
"rob@aliibuilders.com","good","ok","no","no"
"rob@gooddealmagazine.com","good","ok","no","no"
"rob@hawaii-forest.com","good","ok","no","no"
"rob@hotmetalcoatings.com","good","ok","no","no"
"rob@kolohala.com","good","ok","no","no"
"rob@magnoliarealtyllc.com","good","ok","no","no"
"rob@mooreheating.com","good","ok","no","no"
"rob@premiumpropertytrust.com","good","ok","no","no"
"robbi@808techs.com","good","ok","no","no"
"robbie@cardlockcompany.com","good","ok","no","no"
"robbiel@alaoffice.com","risky","unknown","no","no"
"robert.cantyne@westhawaiiconcrete.com","good","ok","no","no"
"robert.chua@scientic.com","good","ok","no","no"
"robert.flora@westconindustries.com","bad","invalid","no","no"
"robert.ishihara@hgv.com","good","ok","no","no"
"robert.kasco@kirso.net","good","ok","no","no"
"robert.lane@manaflex.com","good","ok","no","no"
"robert.patrick@aknorthstarfederal.com","good","ok","no","no"
"robert.pollard@premiere-ai.com","good","ok","no","no"
"robert.rihtar@swj-us.com","good","ok","no","no"
"robert@alziebler.com","good","ok","no","no"
"robert@amdekinc.com","good","ok","no","no"
"robert@apologeticspress.org","good","ok","no","no"
"robert@bentleyhq.com","good","ok","no","no"
"robert@billsdistributing.com","good","ok","no","no"
"robert@chugachmiut.org","good","ok","no","no"
"robert@ddbcllc.com","good","ok","no","no"
"robert@ecoviewwindows.com","good","ok","no","no"
"robert@evolutiamade.com","good","ok","no","no"
"robert@journeywarehousing.com","good","ok","no","no"
"robert@mantlestores.com","risky","catch_all","no","no"
"robert@mauiproperty.com","risky","catch_all","no","no"
"robert@sh-cpafirm.com","good","ok","no","no"
"robert@thebeallcorporation.com","good","ok","no","no"
"robert@welonpartners.com","risky","catch_all","no","no"
"robertab@paamg.net","good","ok","no","no"
"robertb@islandsignal.com","good","ok","no","no"
"robertm@claims411.com","good","ok","no","no"
"robertmoore@reconncs.com","good","ok","no","no"
"robertr@brelandmachinery.com","good","ok","no","no"
"roberts@ir-g.com","good","ok","no","no"
"robertt@cullmanec.com","bad","invalid","no","no"
"robin.barber@jbgottstein.com","good","ok","no","no"
"robin.hatcher@coffeeandbibletime.com","good","ok","no","no"
"robin.mulroy@sentinelu.com","good","ok","no","no"
"robin.overby@transcendrcm.com","good","ok","no","no"
"robin.rajbhandari@trigoncyber.com","good","ok","no","no"
"robin@southernblowpipe.com","good","ok","no","no"
"robin@thinkdatasolutions.com","good","ok","no","no"
"robj@danric.com","good","ok","no","no"
"robyn.white@iseeksolutionsinc.com","good","ok","no","no"
"robyn@labelkingturbo.com","good","ok","no","no"
"rochelle.cunningham@e-components.com","good","ok","no","no"
"rochelle@greatlandadventures.com","good","ok","no","no"
"rod@theinternetmarketingnerds.com","good","ok","no","no"
"rodger@covcontracting.com","good","ok","no","no"
"rodney.cousin@scouting.org","good","ok","no","no"
"rodney.pannell@stealthsync.com","good","ok","no","no"
"rodney@blaircommercialroofing.com","risky","catch_all","no","no"
"rodneym@imsprecisionmachining.com","good","ok","no","no"
"rodw@compassurgentcare.com","good","ok","no","no"
"roger.mcclellan@windstream.com","good","ok","no","no"
"roger@dixieacoustical.com","risky","catch_all","no","no"
"roger@joyva.com","good","ok","no","no"
"roger@nbtrucking.com","good","ok","no","no"
"roger@ulsvnow.com","good","ok","no","no"
"rogerd@carringtonfoods.com","good","ok","no","no"
"roland.carino@hitachirail.com","good","ok","no","no"
"roland.kam@embassysuiteswaikiki.com","good","ok","no","no"
"rolf.beutler@catinet.com","good","ok","no","no"
"roman.dixon@ppmco.com","risky","unknown","no","no"
"roman@denali-industrial.com","good","ok","no","no"
"romina@brandonskinnercpas.com","good","ok","no","no"
"ron.knight@prismsystems.com","good","ok","no","no"
"ron@alaska-cpas.com","good","ok","no","no"
"ron@chambershawaii.com","risky","catch_all","no","no"
"ron@crown-wm.com","good","ok","no","no"
"ron@hukilaulanai.biz","risky","unknown","no","no"
"ron@roncorp.com","good","ok","no","no"
"ron@rttlog.com","risky","catch_all","no","no"
"ron@uswinc.net","good","ok","no","no"
"ronald.robb@ameriserve.com","good","ok","no","no"
"ronald@dodge.com","risky","catch_all","no","no"
"ronda.prettyman@capww.com","good","ok","no","no"
"ronda@patelandscape.com","risky","catch_all","no","no"
"ronelle.shankle@wmbhawaii.com","risky","catch_all","no","no"
"ronnie.turrentine@penta-inc.com","good","ok","no","no"
"ronnie@rceskillsacademy.com","good","ok","no","no"
"rosa@livebluebird.com","good","ok","no","no"
"rosaliec@tylerrental.com","good","ok","no","no"
"rosalind.williams@asd-web.com","good","ok","no","no"
"rose.wall@makai.com","good","ok","no","no"
"rose@malamakauai.org","good","ok","no","no"
"roselle.salon@arcadia.org","good","ok","no","no"
"rosemary.judkins@tourism.alabama.gov","good","ok","no","no"
"rosemary@harvestjewels.com","good","ok","no","no"
"rosemary@imscommunities.com","good","ok","no","no"
"roshon.helm@goldrushcommunications.com","good","ok","no","no"
"rosie@staffordsmithgroup.com","risky","catch_all","no","no"
"ross.yamaguchi@eightpoint.com","good","ok","no","no"
"ross@eca-advisors.com","good","ok","no","no"
"ross@goapex.today","good","ok","no","no"
"ross@naritosm.com","good","ok","no","no"
"ross@teamquality.com","good","ok","no","no"
"rossr@hawaiianearth.com","good","ok","no","no"
"roxane.hubin@pleasanttravelservice.com","good","ok","no","no"
"roxann@hawaiimeetings.com","risky","unknown","no","no"
"roxanna@kuukpik.com","good","ok","no","no"
"roxanne@benefitplannersinc.com","good","ok","no","no"
"roy@akwater.com","good","ok","no","no"
"roy@ebikeshawaii.com","risky","catch_all","no","no"
"roy@edc-alaska.com","good","ok","no","no"
"royo@marcushawaii.com","good","ok","no","no"
"rpace@airteq.com","good","ok","no","no"
"rpatti@pci-ss.com","good","ok","no","no"
"rpaul@diamondheadwindows.com","good","ok","no","no"
"rperkins@energytwo.com","good","ok","no","no"
"rpeters@bluewaterbroadcasting.com","good","ok","no","no"
"rpetersen@knba.org","good","ok","no","no"
"rpettway@perdidotrucking.com","good","ok","no","no"
"rpineyro@nge-tft.com","good","ok","no","no"
"rpiretti@threearbor.com","good","ok","no","no"
"rposey@reliantmediallc.com","good","ok","no","no"
"rpresley@altapointe.org","good","ok","no","no"
"rredding@sampsonsteelco.com","good","ok","no","no"
"rreid@sheetmetalinc.biz","good","ok","no","no"
"rresuello@gprmp.com","good","ok","no","no"
"rrochelle@waka.com","good","ok","no","no"
"rrollins@deaverind.com","good","ok","no","no"
"rromo@islandgrocerydepot.com","good","ok","no","no"
"rromo@zetacorp.com","good","ok","no","no"
"rroper@ronbushinc.com","good","ok","no","no"
"rrossics@stlengineering.net","good","ok","no","no"
"rroye@burtonadvertising.com","good","ok","no","no"
"rrusk@firstunitedfg.biz","good","ok","no","no"
"rrussaw@wearetops.org","risky","unknown","no","no"
"rrussell@hudcoinc.com","good","ok","no","no"
"rsain@uscglass.com","good","ok","no","no"
"rsaito@asi-hawaii.org","good","ok","no","no"
"rsampson@quadruscorp.com","good","ok","no","no"
"rsanders@dayspringhospice.com","good","ok","no","no"
"rscott@wvua23.com","good","ok","no","no"
"rshar@prmg.net","good","ok","no","no"
"rsimmons@shidler.com","good","ok","no","no"
"rsingleton@generalpacific.com","good","ok","no","no"
"rsmith@corporatecfm.com","risky","unknown","no","no"
"rsp@prierconstruction.com","good","ok","no","no"
"rstansfield@ravenelectric.com","good","ok","no","no"
"rstaples@johnsoncont.com","good","ok","no","no"
"rsteadman@totaldesignengineering.com","good","ok","no","no"
"rstein@thegardenisland.com","good","ok","no","no"
"rstephens@earlyservices.com","good","ok","no","no"
"rstephens@wilsonmachine.net","bad","invalid","no","no"
"rstone@nationalenrollmentpartners.com","risky","catch_all","no","no"
"rstrickland@airperformancellc.com","good","ok","no","no"
"rstuardi@sunbeltfire.com","good","ok","no","no"
"rsullivan@smithtractorco.com","good","ok","no","no"
"rsykes@pesa.com","good","ok","no","no"
"rtaira@midcityre.com","good","ok","no","no"
"rtakashima@visiondesignengineering.com","good","ok","no","no"
"rtakushi@cardaxpharma.com","good","ok","no","no"
"rtanaka@alohashoyu.com","good","ok","no","no"
"rtanaka@employersprotectiveinsurance.com","good","ok","no","no"
"rtaniguchi@sunglobalbroadband.com","good","ok","no","no"
"rtate@wiregrass.coop","good","ok","no","no"
"rteal@terryslighauto.com","good","ok","no","no"
"rtheuer@iroquoisystems.com","good","ok","no","no"
"rtoncrey@pateholdings.net","good","ok","no","no"
"rturner@firstbankofboaz.com","good","ok","no","no"
"ruben@cahabamachine.com","risky","catch_all","no","no"
"russ.dickerson@synapsewireless.com","good","ok","no","no"
"russ@active-8.com","good","ok","no","no"
"russ@metistech.io","risky","catch_all","no","no"
"russ@peerly.com","good","ok","no","no"
"russ@wadsworthelectricinc.com","good","ok","no","no"
"russ@wealthwithoutwallstreet.com","good","ok","no","no"
"russell.king@apextk.com","good","ok","no","no"
"russell@3circlechurch.com","risky","catch_all","no","no"
"russell@bayshoreconstructionco.com","good","ok","no","no"
"russell@lfgrp.com","good","ok","no","no"
"rvalenta@anchor-technical.com","bad","invalid","no","no"
"rvann@spartaninvest.com","good","ok","no","no"
"rviellenave@silicontc.com","good","ok","no","no"
"rviggayan@parpacific.com","good","ok","no","no"
"rvillanueva@koloalandingresort.com","good","ok","no","no"
"rvines@brooklanebaptist.academy","good","ok","no","no"
"rwalker@legendarymarinags.com","good","ok","no","no"
"rwalker@leuffuel.com","good","ok","no","no"
"rwalker@sd-grp.net","good","ok","no","no"
"rwalsh@techlineint.com","good","ok","no","no"
"rwalther@pioneerdoorak.com","risky","unknown","no","no"
"rwatford@uspipe.com","good","ok","no","no"
"rwhitten@corpwarehousing.com","good","ok","no","no"
"rwilliams@sudstopcarwash.com","good","ok","no","no"
"rwj@oldinc.net","good","ok","no","no"
"rwood@catalystdc.com","good","ok","no","no"
"rwood@rives.com","bad","invalid","no","no"
"ryan.aggen@editshare.com","good","ok","no","no"
"ryan.cechovic@nss-corp.com","risky","catch_all","no","no"
"ryan.deal@kodatech.com","good","ok","no","no"
"ryan.flatt@centroresources.com","good","ok","no","no"
"ryan.orourke@pacificpanelcleaners.com","good","ok","no","no"
"ryan.shipman@pearsonhomesinc.com","bad","invalid","no","no"
"ryan.simm@prismsystems.com","good","ok","no","no"
"ryan.tilly@rayson-tech.com","good","ok","no","no"
"ryan@3tieralaska.com","good","ok","no","no"
"ryan@actuscapital.com","good","ok","no","no"
"ryan@alabamacustomflooring.com","good","ok","no","no"
"ryan@americanlandscapingpartners.com","good","ok","no","no"
"ryan@apexhm.com","good","ok","no","no"
"ryan@baldwinsandandgravel.com","good","ok","no","no"
"ryan@cahababrewing.com","risky","catch_all","no","no"
"ryan@detailbookie.com","risky","catch_all","no","no"
"ryan@druidcityvitalcare.com","good","ok","no","no"
"ryan@eavesconstruction.com","risky","catch_all","no","no"
"ryan@enlightenak.com","bad","invalid","no","no"
"ryan@hometownhealthcarems.com","risky","unknown","no","no"
"ryan@impaktgym.com","risky","catch_all","no","no"
"ryan@kytheralabs.com","good","ok","no","no"
"ryan@mansahospitality.com","good","ok","no","no"
"ryan@nboundconsulting.com","good","ok","no","no"
"ryan@norco.net","risky","unknown","no","no"
"ryan@ohanataxservice.com","good","ok","no","no"
"ryan@operationreconnect.org","good","ok","no","no"
"ryan@streetmetrics.com","good","ok","no","no"
"ryan@texrus.com","risky","catch_all","no","no"
"ryan@toland-inc.com","good","ok","no","no"
"ryan@transform9.com","good","ok","no","no"
"ryan@upstreamfullvision.design","good","ok","no","no"
"ryan@vaginarehabdoctor.com","risky","catch_all","no","no"
"ryan@woodhamconcrete.com","good","ok","no","no"
"ryana@redmondvalleywide.com","good","ok","no","no"
"ryand@bradfordbuilding.com","good","ok","no","no"
"ryang@geolabs.net","good","ok","no","no"
"ryankabel@kabelsync.com","good","ok","no","no"
"rykley@radstudio-usa.com","good","ok","no","no"
"ryoung@alabamastoneworks.com","good","ok","no","no"
"ryoung@palolohome.org","good","ok","no","no"
"s.clampitt@akrvo.org","good","ok","no","no"
"s.clarke@ohanaparking.com","good","ok","no","no"
"s.harris@schoolinsites.com","risky","catch_all","no","no"
"s.lee@celebrationministrystaffing.com","good","ok","no","no"
"s.m.slater@acsalaska.net","good","ok","no","no"
"s.staryak@winstonhardwood.com","good","ok","no","no"
"sabrina@battsandassoc.com","bad","invalid","no","no"
"sabrina@proxipr.com","risky","catch_all","no","no"
"sae@jhisrael.com","good","ok","no","no"
"saevar@emunworks.com","good","ok","no","no"
"safety@spirit-coach.com","good","ok","no","no"
"sage@cunninghamdelaney.com","good","ok","no","no"
"sage@protectorinnovations.com","good","ok","no","no"
"sage@valleymarket.com","good","ok","no","no"
"sak@akinaka.com","good","ok","no","no"
"sakthi@parklens.com","good","ok","no","no"
"salem@explorerchick.com","risky","catch_all","no","no"
"sallen@360-ak.com","good","ok","no","no"
"sally@bbpetstop.com","good","ok","no","no"
"sam.harris@madebymca.com","good","ok","no","no"
"sam@builtbybryan.com","good","ok","no","no"
"sam@fishhopper.com","risky","catch_all","no","no"
"sam@highcotton-homes.com","good","ok","no","no"
"sam@imperialfencesupply.com","good","ok","no","no"
"sam@legacycompounding.com","bad","invalid","no","no"
"sam@priestsforlife.org","risky","catch_all","no","no"
"sam@samwinter.com","good","ok","no","no"
"sam@studio2hd.com","good","ok","no","no"
"sam@uspi-hi.com","good","ok","no","no"
"sam@voltagevessels.com","risky","catch_all","no","no"
"sam@wishestravel.com","bad","invalid","no","no"
"samantha.belcher@gulfcoastfamilycenter.org","good","ok","no","no"
"samantha.davis@littlepeach.org","good","ok","no","no"
"samantha.morgan@aptr.group","good","ok","no","no"
"samantha.reed@grand1847.com","good","ok","no","no"
"samantha@advisorrankings.io","good","ok","no","no"
"samantha@cornerstonecivil.com","good","ok","no","no"
"samantha@raffaadvisers.com","good","ok","no","no"
"samantha@ronniewatkinsford.com","good","ok","no","no"
"samantha@southak.com","risky","catch_all","no","no"
"samantha@tangoptt.com","good","ok","no","no"
"samanthab@paamg.net","good","ok","no","no"
"samanthac@americanfuneralfinancial.com","good","ok","no","no"
"sami.hazim@wtvy.com","good","ok","no","no"
"samison@elbaed.com","good","ok","no","no"
"samsen@sunlandnutrition.com","good","ok","no","no"
"samuel.song@klichs.com","good","ok","no","no"
"samuel@inspiritek.com","risky","catch_all","no","no"
"samuellopez@cactuscantina.com","risky","catch_all","no","no"
"sandi@boostrdisplays.com","good","ok","no","no"
"sandi@coastsafelock.com","good","ok","no","no"
"sandon@qengineersinc.com","good","ok","no","no"
"sandra.hobson@llhhc.com","good","ok","no","no"
"sandra@amauiweddingday.com","good","ok","no","no"
"sandra@pentoir.com","bad","invalid","no","no"
"sandy.lee@dixonlumber.com","good","ok","no","no"
"sandy.parker@goziohealth.com","good","ok","no","no"
"sandy@hondawindward.com","good","ok","no","no"
"sandy@moorepropllc.com","risky","catch_all","no","no"
"sandy@redruncannabiscompany.com","risky","catch_all","no","no"
"sandy@vantageconnect.org","risky","catch_all","no","no"
"sandyl@completesigns.net","good","ok","no","no"
"sangbin@intocell.co.kr","risky","unknown","no","no"
"saque@istechs.net","good","ok","no","no"
"sara.hix@watershedhealth.com","good","ok","no","no"
"sara@agcak.org","good","ok","no","no"
"sara@carepathconsultants.com","risky","catch_all","no","no"
"sara@casbenefits.com","good","ok","no","no"
"sara@conceptsusa.com","good","ok","no","no"
"sara@desotoprinting.com","good","ok","no","no"
"sara@kohinamedia.com","good","ok","no","no"
"sara@resellc.com","risky","catch_all","no","no"
"sara@revitalizerealty.com","good","ok","no","no"
"sara@salesranch.com","good","ok","no","no"
"sara@sparrowcounsel.com","good","ok","no","no"
"sara@thomasroofing.com","good","ok","no","no"
"sara@vitruvias.com","good","ok","no","no"
"sarah.bishop@noblebank.com","good","ok","no","no"
"sarah.ellis@priesters.com","good","ok","no","no"
"sarah.fleming@salesmail.com","good","ok","no","no"
"sarah.gorring@sunbound.ai","risky","catch_all","no","no"
"sarah.mackintosh@ahecinfo.org","good","ok","no","no"
"sarah.marshall@sam.biz","risky","catch_all","no","no"
"sarah@amplifyecomm.com","risky","catch_all","no","no"
"sarah@bowerdevelopmentllc.com","good","ok","no","no"
"sarah@greenconnection.net","good","ok","no","no"
"sarah@hawaiiagfoundation.org","good","ok","no","no"
"sarah@industrystandardpro.com","risky","catch_all","no","no"
"sarah@kauaicsc.org","bad","invalid","no","no"
"sarah@laughlinservice.com","good","ok","no","no"
"sarah@longshrs.com","good","ok","no","no"
"sarah@mcebrandsolutions.com","good","ok","no","no"
"sarah@murphyhomesal.com","good","ok","no","no"
"sarah@namahanafoundation.org","good","ok","no","no"
"sarah@optimapublicrelations.com","risky","catch_all","no","no"
"sarah@parcalabama.org","good","ok","no","no"
"sarah@sanctuarycw.com","risky","catch_all","no","no"
"sarah@tortorigi.com","good","ok","no","no"
"sarap@bmcak.com","good","ok","no","no"
"sarita@theewefoundation.org","good","ok","no","no"
"sarmstrong@solutionsplusbank.com","good","ok","no","no"
"sashley@fermworx.com","good","ok","no","no"
"savanah@r2rmovers.com","good","ok","no","no"
"savanna.carleton@icubate.com","good","ok","no","no"
"savanna.harper@247.dog","good","ok","no","no"
"savanna.noa@altres.com","risky","catch_all","no","no"
"savannah@olympiamanagement.net","good","ok","no","no"
"savannah@revolutionroofingco.com","good","ok","no","no"
"sayaha@myersroberts.com","risky","catch_all","no","no"
"sbailey@guzzler.com","good","ok","no","no"
"sbaird@lot22media.com","good","ok","no","no"
"sbane@pcgus.com","good","ok","no","no"
"sbarber@rhcak.com","bad","invalid","no","no"
"sbarksdale@rccbi.com","risky","unknown","no","no"
"sbarnett@nelbran.com","good","ok","no","no"
"sbaxter@midsouthtl.com","good","ok","no","no"
"sbeedle@truenorthfcu.org","good","ok","no","no"
"sberryhill@laborchex.com","good","ok","no","no"
"sbfp@sbfp.net","good","ok","no","no"
"sbourret@islandabaoahu.com","good","ok","no","no"
"sboyer@eswallowusa.com","good","ok","no","no"
"sbraddock@maxfluidpower.com","good","ok","no","no"
"sbrasington@firstcahawba.com","good","ok","no","no"
"sbrave@latchlab.com","risky","catch_all","no","no"
"sbriggs@baggetttransport.com","good","ok","no","no"
"sbrignet@mdwellnessbham.com","good","ok","no","no"
"sbritch@alaska4x4rentals.com","good","ok","no","no"
"sbroder@bmmllc.com","good","ok","no","no"
"sbrown@suncoastbedding.com","good","ok","no","no"
"sbuchanan@106jefferson.com","good","ok","no","no"
"sbugno@greatlandadventures.com","good","ok","no","no"
"sbullard@steelcitypvf.com","bad","invalid","no","no"
"sbunch@drakewaterfowl.com","good","ok","no","no"
"sburke@washingtoncrane.com","good","ok","no","no"
"scabler@empowershoals.com","good","ok","no","no"
"scahela@nearen.com","good","ok","no","no"
"scallins@hodgeswarehouse.com","good","ok","no","no"
"scampisi@royalautomotive.net","risky","catch_all","no","no"
"scantley@falicfashiongroup.com","bad","invalid","no","no"
"scantrell@servpro9392.com","good","ok","no","no"
"scarmicheal@2wrinc.com","bad","invalid","no","no"
"scarter@wagerusa.com","good","ok","no","no"
"schambers@hstci.com","good","ok","no","no"
"schaves@pthlife.com","bad","invalid","no","no"
"schiotakis@infinitycomgroup.com","good","ok","no","no"
"schnarre.twyman@northalcc.org","good","ok","no","no"
"school@windwardnazarene.com","good","ok","no","yes"
"sconway@daystarhomes.us","risky","catch_all","no","no"
"scook@arco1.com","good","ok","no","no"
"scooley@indevtech.com","good","ok","no","no"
"scopley@alaskacf.org","good","ok","no","no"
"scorpuz@hawaii.wish.org","good","ok","no","no"
"scorsair@nalent.com","good","ok","no","no"
"scot@icckona.com","good","ok","no","no"
"scott.atchley@realtybid.com","risky","unknown","no","no"
"scott.bell@bradleyreid.com","risky","catch_all","no","no"
"scott.bohenstengel@clearprocesssolutions.com","good","ok","no","no"
"scott.conner@saviteam.com","good","ok","no","no"
"scott.culbert@syncrocorp.com","good","ok","no","no"
"scott.dilts@culturatech.com","good","ok","no","no"
"scott.fairbanks@integrasoft.com","good","ok","no","no"
"scott.fields@fieldslandmanagementinc.com","good","ok","no","no"
"scott.goodsell@guardianintegrators.com","good","ok","no","no"
"scott.hall@kodatech.com","good","ok","no","no"
"scott.isbell@loading-automation.com","good","ok","no","no"
"scott.kazunaga@embassysuiteswaikiki.com","bad","invalid","no","no"
"scott.learned@steesefire.org","good","ok","no","no"
"scott.lee@nova-sol.com","risky","unknown","no","no"
"scott.macgibbon@fernenergy.co.nz","good","ok","no","no"
"scott.mcknight@nm.com","good","ok","no","no"
"scott.mitch@arrowsight.com","good","ok","no","no"
"scott.pearson@independentmed.com","good","ok","no","no"
"scott.seaburn@waysine.com","risky","catch_all","no","no"
"scott.stejskal@pneumatech.com","good","ok","no","no"
"scott.willenbrock@restrategies.com","good","ok","no","no"
"scott.wyatt@thermallheating.com","risky","catch_all","no","no"
"scott@akdoors.com","good","ok","no","no"
"scott@andrewsllc.com","good","ok","no","no"
"scott@andromatusa.com","good","ok","no","no"
"scott@aragonfo.com","risky","unknown","no","no"
"scott@atradersroad.com","risky","catch_all","no","no"
"scott@birminghampeds.com","good","ok","no","no"
"scott@brownleemorrowenterprises.com","bad","invalid","no","no"
"scott@brownlumber.com","good","ok","no","no"
"scott@butlerstudio.net","risky","unknown","no","no"
"scott@campersunlimited.net","good","ok","no","no"
"scott@dukeskauai.com","good","ok","no","no"
"scott@goramair.com","good","ok","no","no"
"scott@gshofalabama.com","good","ok","no","no"
"scott@hamptonservices.net","good","ok","no","no"
"scott@johnsonandhayes.com","good","ok","no","no"
"scott@mavenmtg.com","good","ok","no","no"
"scott@mcwc-bao.org","good","ok","no","no"
"scott@murphreepaving.com","good","ok","no","no"
"scott@nomis.com","good","ok","no","no"
"scott@oakbridgerestoration.com","good","ok","no","no"
"scott@patelandscape.com","risky","catch_all","no","no"
"scott@singingrivertrail.com","good","ok","no","no"
"scott@southgen.org","risky","catch_all","no","no"
"scott@tutkallc.com","good","ok","no","no"
"scott@wagsnwhiskersofthewiregrass.com","risky","catch_all","no","no"
"scott@welcomestranger.co","risky","unknown","no","no"
"scotti@kane-steel.com","good","ok","no","no"
"scottk@mauicountryclub.org","good","ok","no","no"
"scottt@farmerstel.com","good","ok","no","no"
"scottv@hawaiienergyconnection.com","good","ok","no","no"
"scotty.hughes@runergyusa.com","good","ok","no","no"
"scotty.lee@keyknife.com","good","ok","no","no"
"scotty@follo.co","risky","catch_all","no","no"
"scounts@mcema.net","bad","invalid","no","no"
"scrabtree@alabamagrocers.org","good","ok","no","no"
"scramer@mobilearts.org","good","ok","no","no"
"sculhane@esecuritytitle.com","bad","invalid","no","no"
"scurtis@visionwheel.com","good","ok","no","no"
"scutrell@olelo.org","good","ok","no","no"
"sdanner@kuukpik.com","good","ok","no","no"
"sdavis@advrotors.com","good","ok","no","no"
"sdear@blackcreekisc.com","good","ok","no","no"
"sdglover@phoenixhsv.org","good","ok","no","no"
"sdick@opaparts.com","good","ok","no","no"
"sdollar@makegr.com","good","ok","no","no"
"sdooley@alaskacrane.net","good","ok","no","no"
"sdyess@marspec.com","good","ok","no","no"
"sean.bragg@thegrtteam.com","good","ok","no","no"
"sean.daly@thynkhealth.com","good","ok","no","no"
"sean.davis@matthewsindustries.com","good","ok","no","no"
"sean.smith@avnikdefense.com","bad","invalid","no","no"
"sean@arakawasurfboards.com","risky","catch_all","no","no"
"sean@getsuperteacher.com","risky","catch_all","no","no"
"sean@gigaisland.com","good","ok","no","no"
"sean@imgoinglive.com","good","ok","no","no"
"sean@kauaiexclusive.com","good","ok","no","no"
"sean@lakekeoweeautogroup.com","risky","unknown","no","no"
"sean@metzlercontracting.com","good","ok","no","no"
"sean@ohanasurfproject.com","good","ok","no","no"
"sean@orthomasterclass.com","risky","catch_all","no","no"
"sean@plantkinetics.com","good","ok","no","no"
"sean@portchilkootdistillery.com","good","ok","no","no"
"sean@saltywahine.com","good","ok","no","no"
"seana@pdthawaii.com","good","ok","no","no"
"seanb@jwii.com","good","ok","no","no"
"seanhiller@vulcanmovement.com","risky","catch_all","no","no"
"seastham@schmolckmechanical.com","good","ok","no","no"
"sebastian@taylorfire.com","risky","catch_all","no","no"
"selene@welltheory.com","good","ok","no","no"
"selliott@cypressgroupinc.net","good","ok","no","no"
"seneca@lonohana.com","risky","catch_all","no","no"
"sepps@ctuusa.com","good","ok","no","no"
"serena@goldennorth.com","good","ok","no","no"
"serra@bhmtalks.org","risky","catch_all","no","no"
"sescajeda@ayko-group.com","good","ok","no","no"
"sessary@eprintgroup.com","good","ok","no","no"
"seth.ary@alabamaoncology.com","good","ok","no","no"
"seth.smiley@transformationchurch.com","good","ok","no","no"
"seth.wise@awwu.biz","good","ok","no","no"
"seth@arab-electric.org","good","ok","no","no"
"seth@danielgroup.co","good","ok","no","no"
"seth@hrgranite.com","risky","catch_all","no","no"
"seth@peacockins.com","good","ok","no","no"
"seth@pelhameyecenter.com","good","ok","no","no"
"sey@kkotani.com","good","ok","no","no"
"sfaucett@controlaltprotect.com","good","ok","no","no"
"sfell@cayennecreative.com","good","ok","no","no"
"sfett@pmi-hvac.net","good","ok","no","no"
"sfields@mstpco.com","risky","unknown","no","no"
"sfitzpatrick@brice-builders.com","good","ok","no","no"
"sfletcher@mwburger.com","bad","invalid","no","no"
"sflinn@lecroycpagroup.com","good","ok","no","no"
"sfloyd@alaskapac.org","good","ok","no","no"
"sfloyd@vision-financialgroup.com","good","ok","no","no"
"sfonseca@rsa-ak.com","risky","unknown","no","no"
"sford@mbservicesllc.net","good","ok","no","no"
"sfreund@cuhawaii.com","good","ok","no","no"
"sfry@americanalloy.com","good","ok","no","no"
"sgarner@specrubber.com","good","ok","no","no"
"sgatlin@gbibuilt.com","good","ok","no","no"
"sgelineau@mmbal.org","good","ok","no","no"
"sgifford@modeltees.com","risky","unknown","no","no"
"sginwright@amaccompany.com","good","ok","no","no"
"sgoins@evergreensiteworks.com","risky","unknown","no","no"
"sgraziano@ipchawaii.com","good","ok","no","no"
"sgreen@pylonbuilding.com","risky","unknown","no","no"
"sgrier@svp.vet","good","ok","no","no"
"sgroppel@heritagecontracting.us","good","ok","no","no"
"sgroves@26glaciers.com","good","ok","no","no"
"sgwin@southernbiotech.com","good","ok","no","no"
"shagood@quantum3d.com","good","ok","no","no"
"shalei@dktechsolutions.com","good","ok","no","no"
"shall@send.org","good","ok","no","no"
"shana@hawaiititaniumrings.com","good","ok","no","no"
"shanamoto@kobayashi-group.com","good","ok","no","no"
"shanda@backyardmonkey.com","good","ok","no","no"
"shandi@soldbystratford.com","good","ok","no","no"
"shane.hudson@novationsys.com","good","ok","no","no"
"shane.m@prudentamerican.com","good","ok","no","no"
"shane.shitabata@kamaainamotors.com","bad","invalid","no","no"
"shane@bakerwoodward.com","risky","catch_all","no","no"
"shane@brightsideexteriors.com","risky","catch_all","no","no"
"shane@cherryco.com","good","ok","no","no"
"shane@francisbryant.com","good","ok","no","no"
"shane@insiderexperience.com","good","ok","no","no"
"shane@jimskinnerhonda.com","risky","unknown","no","no"
"shane@marksmanpestcontrol.com","risky","catch_all","no","no"
"shane@packagingmaterialsandsupply.com","good","ok","no","no"
"shane@wallstreetmarketsllc.com","good","ok","no","no"
"shanebryson@callmc.com","risky","catch_all","no","no"
"shanejohnston@kw.com","good","ok","no","no"
"shanelle@ultaca.com","good","ok","no","no"
"shannakeezer@raginggazebo.com","good","ok","no","no"
"shannon.halquist@mbtw.beer","risky","catch_all","no","no"
"shannon@aed808.com","good","ok","no","no"
"shannon@bigcom.com","good","ok","no","no"
"shannon@hawaiiansolutions.com","good","ok","no","no"
"shannon@jenkinseyecare.com","good","ok","no","no"
"shannon@mdhconstructionservices.com","good","ok","no","no"
"shannon@newellroadbuilders.com","good","ok","no","no"
"shannon@sdcinc.org","good","ok","no","no"
"shannon@thamesbatre.com","good","ok","no","no"
"shannon@yashsolutions.com","good","ok","no","no"
"shannonb@lawelawedefense.com","good","ok","no","no"
"shannonr@gammie.com","good","ok","no","no"
"shannonthreeton@oldhamchem.com","good","ok","no","no"
"shanon@smgmortgage.com","good","ok","no","no"
"shara@truepointagency.com","good","ok","no","no"
"sharbison@perfectionchain.com","good","ok","no","no"
"sharbour@chapmansisson.com","good","ok","no","no"
"shari.wilson@wulftalent.com","good","ok","no","no"
"shari@upstreamfamily.org","good","ok","no","no"
"sharita@whiteheadrealtyonline.com","good","ok","no","no"
"sharlene@hiinfo.com","good","ok","no","no"
"sharlene@northpolevet.com","risky","unknown","no","no"
"sharon.matherne@dcnr.alabama.gov","good","ok","no","no"
"sharon.scott@silversageusa.com","good","ok","no","no"
"sharon@cheahawealthmanagement.com","bad","invalid","no","no"
"sharon@fivestartrans.com","good","ok","no","no"
"sharon@kootznoowoo.com","good","ok","no","no"
"sharon@linearmtg.com","good","ok","no","no"
"sharon@profitwiseaccounting.biz","good","ok","no","no"
"sharon@roanokecontrols.com","good","ok","no","no"
"sharon@shutterluxe.com","good","ok","no","no"
"sharona@southernfocusvision.com","bad","invalid","no","no"
"sharonfoy@jimmassey.com","good","ok","no","no"
"sharron@premierliving.com","good","ok","no","no"
"sharronw@bbssllc.com","good","ok","no","no"
"shaun@innovationdepot.org","good","ok","no","no"
"shaun@lococookers.com","good","ok","no","no"
"shauna@pureenergystream.com","good","ok","no","no"
"shawn.karn@bmwhawaii.com","good","ok","no","no"
"shawn.smith@carcelandg.com","good","ok","no","no"
"shawn@athomehawaii.com","good","ok","no","no"
"shawn@batwconsulting.com","good","ok","no","no"
"shawn@briankoon.com","risky","unknown","no","no"
"shawna.faniel@tourism.alabama.gov","good","ok","no","no"
"shawna@veinspecialistsalaska.com","good","ok","no","no"
"shawng@sitkaelectric.com","good","ok","no","no"
"shaydan@gardenislandfcu.com","bad","invalid","no","no"
"shayla@ark-ins.com","good","ok","no","no"
"shaylisse@mauifarm.org","good","ok","no","no"
"shayne@thissideupmoving.com","risky","catch_all","no","no"
"shayne@udpllc.com","good","ok","no","no"
"shaynew@ktmbuildersllc.com","good","ok","no","no"
"shays@alatrustcu.com","good","ok","no","no"
"shea.beard@missiondrivenresearch.com","good","ok","no","no"
"shealyn@gardenislandfcu.com","good","ok","no","no"
"sheard@ccominteriors.com","good","ok","no","no"
"sheba@businessinsuranceassociates.com","good","ok","no","no"
"sheffieldmgr@pkhousing.com","good","ok","no","no"
"sheila@northbrookbc.com","good","ok","no","no"
"sheilachatman@batesenterprises.com","good","ok","no","no"
"sheilam@ninestar.com","good","ok","no","no"
"shelby.vaughn@adastrasteammedia.com","good","ok","no","no"
"shelby@seedscoffee.com","good","ok","no","no"
"shelby@thevanguardtheory.com","good","ok","no","no"
"shelden@harlessandcompany.com","good","ok","no","no"
"sheldon@kaimanajerky.com","risky","catch_all","no","no"
"shella@getprismm.com","risky","catch_all","no","no"
"shelley.hoffman@wtvy.com","good","ok","no","no"
"shelley.willis@mitchellauto.com","good","ok","no","no"
"shelley@hnpsiteplan.com","good","ok","no","no"
"shelley@yourjuneauhome.com","bad","invalid","no","no"
"shellie@mix969huntsville.com","risky","catch_all","no","no"
"shelly@orcatheater.com","good","ok","no","no"
"shelly@specclutch.com","good","ok","no","no"
"shelton@wearematey.com","risky","catch_all","no","no"
"shena@bsmmag.com","risky","unknown","no","no"
"sheneka.smith@etranservices.com","good","ok","no","no"
"shepard@uagpo.com","good","ok","no","no"
"sheppard@mtaonline.net","good","ok","no","no"
"sheri@highspeedalliance.com","risky","catch_all","no","no"
"shernandez@hicaalabama.org","good","ok","no","no"
"sherrell@friendbank.net","good","ok","no","no"
"sherri.williamson@gpsig.com","good","ok","no","no"
"sherri@dhsol.com","risky","unknown","no","no"
"sherri@redorwhitewine.com","good","ok","no","no"
"sherri@surveyorshawaii.com","good","ok","no","no"
"sherri@tristate-graphics.com","good","ok","no","no"
"sherry.bray@firstlightshelter.org","good","ok","no","no"
"sherry.jones@winstonhb.com","good","ok","no","no"
"sherry@alabamacatfishfeedmill.com","good","ok","no","no"
"sherry@gulfguaranty.com","good","ok","no","no"
"sherwind@rsmhawaii.com","good","ok","no","no"
"sheryls@protpa.com","good","ok","no","no"
"shey@betterfasterrepairs.com","good","ok","no","no"
"shigeru.ota@tetrisonline.com","good","ok","no","no"
"shilburn@calcean.com","risky","catch_all","no","no"
"shilhi@passionroots.com","risky","catch_all","no","no"
"shill2@advancerecruitment.com","good","ok","no","no"
"shill@hudsoncoinc.com","good","ok","no","no"
"shill@princeinstitute.edu","bad","invalid","no","no"
"shinkle@stormshelter.com","risky","catch_all","no","no"
"shirah@cadenzahealth.com","good","ok","no","no"
"shirley@argosyfnd.org","good","ok","no","no"
"shirlynn@csibuildershawaii.com","good","ok","no","no"
"shlynn.curry@lynxsupport.net","good","ok","no","no"
"shmanager@rockpointrealestate.com","risky","catch_all","no","no"
"shoggle@arsroofing.net","good","ok","no","no"
"shollis@southerncare.org","good","ok","no","no"
"sholloway@usc-power.com","good","ok","no","no"
"sholman@denalifoods.com","good","ok","no","no"
"shondra@mariettacarcenter.com","bad","invalid","no","no"
"shonna@northalabamaglass.com","good","ok","no","no"
"shontoria@dothankidney.com","good","ok","no","no"
"shou@redondos.com","good","ok","no","no"
"showell@carolinaatlantic.com","good","ok","no","no"
"shudson@garrettcontracting.com","good","ok","no","no"
"shyrah@sohaliving.com","good","ok","no","no"
"sid@marannook.org","good","ok","no","no"
"sid@sidphelps.com","good","ok","no","no"
"sidney@engagedbirmingham.com","good","ok","no","no"
"sierra@alutiiqprideak.org","good","ok","no","no"
"simon.harrison@alaskamarinepower.com","good","ok","no","no"
"sjackson@mplonline.org","good","ok","no","no"
"sjames@embreegroup.com","good","ok","no","no"
"sjensen@alasco.net","risky","catch_all","no","no"
"sjohnson@govesi.com","good","ok","no","no"
"sjohnston@apgkids.com","good","ok","no","no"
"sjohnston@mvsdocs.com","good","ok","no","no"
"sjones@dreamhomemortgagellc.com","good","ok","no","no"
"sjones@eventsathaven.com","good","ok","no","no"
"sjones@rpm-east.com","good","ok","no","no"
"sjoslin@otiservices.com","good","ok","no","no"
"skaneko@hicoffeeco.com","good","ok","no","no"
"skealoha@elc-hi.com","good","ok","no","no"
"skelley@beknetworks.com","good","ok","no","no"
"skelly@greenhillscm.com","good","ok","no","no"
"skent@apicda.com","good","ok","no","no"
"skirkpatrick@marketlauncher.com","good","ok","no","no"
"sknight@yourubt.com","good","ok","no","no"
"skoerner@waka.com","good","ok","no","no"
"skye@forbiddenpeak.com","good","ok","no","no"
"skylar.lewis@riseandshinerg.com","good","ok","no","no"
"slagman@mhrhawaii.com","good","ok","no","no"
"slandrum@alamericabank.com","good","ok","no","no"
"slater.robinson@smartfox.us","bad","invalid","no","no"
"slau@hitechsupport.net","good","ok","no","no"
"slay@sunbeltfire.com","good","ok","no","no"
"slbrown@weathertech.net","good","ok","no","no"
"sleeth@burmancompanies.com","good","ok","no","no"
"sleone@anjc.net","good","ok","no","no"
"slight@edgeautonomy.io","good","ok","no","no"
"slim@hdbinsurance.com","good","ok","no","no"
"slindburg@laylowwaikiki.com","good","ok","no","no"
"sllarson@ptialaska.net","good","ok","no","no"
"sloos@wetnwildhawaii.com","good","ok","no","no"
"slopes@welcometotheislands.com","good","ok","no","no"
"slyon@exitrealtylyon.com","good","ok","no","no"
"sm1@sigmaco.com","good","ok","no","no"
"sma@seward.net","risky","unknown","no","no"
"smack@mappatestlab.com","risky","unknown","no","no"
"smaki@legacycreditunion.com","good","ok","no","no"
"smann@abhomeinspections.com","good","ok","no","no"
"smason@dsbpagency.com","good","ok","no","no"
"smassey@russellcountyal.org","good","ok","no","no"
"smaughan@harrison-const.com","good","ok","no","no"
"smay@cookmuseum.org","good","ok","no","no"
"smcardle@sealcap.org","good","ok","no","no"
"smccain@bdwarchitects.com","good","ok","no","no"
"smccarthy@aklts.org","good","ok","no","no"
"smcclelland@pedhealthcare.com","good","ok","no","no"
"smcclendon@lakesidechiefs.com","good","ok","no","no"
"smcclenney@nelsonwholesale.com","good","ok","no","no"
"smcclurg@psedesigns.com","good","ok","no","no"
"smccown@vonbrauncenter.com","good","ok","no","no"
"smcdaniel@fullermedicalsolutions.com","good","ok","no","no"
"smcdaniel@turf-worx.com","good","ok","no","no"
"smhettich@weathertech.net","good","ok","no","no"
"smiller@rtjgolf.com","good","ok","no","no"
"smiller@turenneteam.com","risky","unknown","no","no"
"smintken@colaska.com","good","ok","no","no"
"smitchell@smec.coop","good","ok","no","no"
"smithm@dothanvw.com","risky","unknown","no","no"
"smiths@chemgroup.com","good","ok","no","no"
"smm@stomax.com","good","ok","no","no"
"smodisette@auw.org","good","ok","no","no"
"smoore@hatleyhealthcare.com","good","ok","no","no"
"smoore@nationalplantnetwork.com","good","ok","no","no"
"smoriki@hbws.org","good","ok","no","no"
"smorris@atmorechristianschool.com","good","ok","no","no"
"smorris@coosavalleyec.com","good","ok","no","no"
"smorris@mtgquote.com","good","ok","no","no"
"smullen@denalisg.com","good","ok","no","no"
"smyers@ashof.org","good","ok","no","no"
"snaeata@bobbybenson.org","good","ok","no","no"
"snair@mitternight.com","good","ok","no","no"
"snashiro@cyrcahealth.com","good","ok","no","no"
"sneal@southtownmotors.com","risky","unknown","no","no"
"snell.taylor@moneymizer.net","good","ok","no","no"
"snikaido@kahuluifcu.com","good","ok","no","no"
"snoceda@garnetelectric.com","good","ok","no","no"
"sohaib@pvthawaii.com","good","ok","no","no"
"sohara@aknss.com","good","ok","no","no"
"soishi@nationalbenefitsadmin.com","good","ok","no","no"
"sokazaki@kapiliconstruction.com","risky","catch_all","no","no"
"sonia@donkeymillartcenter.org","good","ok","no","no"
"sonya.caudle@rockyresearch.com","good","ok","no","no"
"sonya.lankford@empirian.com","good","ok","no","no"
"sonya@bibandtuckersewop.org","risky","catch_all","no","no"
"sonya@struct-engr.com","good","ok","no","no"
"soojin.cho@gummoonusa.com","good","ok","no","no"
"sophia@protectorinnovations.com","good","ok","no","no"
"sortiz@tonygroup.com","good","ok","no","no"
"southpointe@tonsmeireproperties.com","good","ok","no","no"
"sowens@fairwaymg.com","good","ok","no","no"
"sp@eastsidepartners.com","good","ok","no","no"
"spadgett@nbcsecurities.com","good","ok","no","no"
"spanishoaks@morrowapts.com","good","ok","no","no"
"spatel@alanaig.com","good","ok","no","no"
"spayne@edgeautonomy.io","good","ok","no","no"
"spencer.harrison@n2linc.com","risky","catch_all","no","no"
"spencer@hawaiianpieco.com","good","ok","no","no"
"spencerk@hsbc.org","good","ok","no","no"
"sperkins@arhaonline.com","risky","unknown","no","no"
"sperry@forestdalefire.com","risky","catch_all","no","no"
"sphillips@omaha-trucking.com","good","ok","no","no"
"sphillips@thevantagegroup.biz","risky","catch_all","no","no"
"splatt@recoveralaska.org","good","ok","no","no"
"splearr@wis-inc.com","good","ok","no","no"
"spoole@jtrayco.com","good","ok","no","no"
"spoynter@tradewindgrp.com","good","ok","no","no"
"spradhan@mauioil.com","good","ok","no","no"
"sprice@bca-inc.com","good","ok","no","no"
"sprinsloo@acincorp.com","good","ok","no","no"
"sradon@sepb.net","good","ok","no","no"
"sramaraju@unlimitedhawaii.com","bad","invalid","no","no"
"sramos@alarmhawaii.com","good","ok","no","no"
"srbc@alaska.net","good","ok","no","no"
"sreeves@catoma.com","good","ok","no","no"
"sreynolds@nucaremd.com","good","ok","no","no"
"sreynoldswestin@ak.org","good","ok","no","no"
"sri.ganeshan@religendx.com","good","ok","no","no"
"srichardson@lot22media.com","good","ok","no","no"
"sriley@shoalselectric.com","good","ok","no","no"
"srobinson@artshuntsville.org","good","ok","no","no"
"srobinson@askbis.com","bad","invalid","no","no"
"srobinson@brooklanefamilydental.com","risky","catch_all","no","no"
"srose@cyberprotex.com","good","ok","no","no"
"srowe@sgcak.com","good","ok","no","no"
"srowton@alosf.org","good","ok","no","no"
"srwood@montgomeryal.gov","good","ok","no","no"
"ssadaoka@cutterauto.com","good","ok","no","no"
"ssheekey@sbsaccountants.com","good","ok","no","no"
"ssheffield@energyvision.net","good","ok","no","no"
"ssimmons@esptank.com","good","ok","no","no"
"ssingletary@trav-adsigns.com","good","ok","no","no"
"ssmith@coastal-hr.com","good","ok","no","no"
"ssouthern@kcsgis.com","good","ok","no","no"
"sspain@fletchersupply.com","good","ok","no","no"
"sstanford@nexbillpay.com","good","ok","no","no"
"sstatham@jcmsalabama.org","good","ok","no","no"
"ssteele@bcauseican.net","good","ok","no","no"
"sstjean@wrenchers.com","good","ok","no","no"
"sstone@jaybrant.com","good","ok","no","no"
"ssundbeck@fairhopebuildingcompany.com","good","ok","no","no"
"ssunderlin@meridianwaste.com","good","ok","no","no"
"ssutherland@wendysalaska.com","good","ok","no","no"
"ssutphin@nehp.net","good","ok","no","no"
"sszapiel@cariberesort.com","risky","catch_all","no","no"
"stacey.tighe@owuscholarship.org","good","ok","no","no"
"stacey@accumulus.co","good","ok","no","no"
"stacey@arab-electric.org","good","ok","no","no"
"stacey@creative-concepts.com","good","ok","no","no"
"stacey@hughesconstructionservices.com","good","ok","no","no"
"stacey@innbill.com","good","ok","no","no"
"stacey@lawpff.com","good","ok","no","no"
"stacey@mbs-cpa.com","good","ok","no","no"
"staceyfukushima@newhopelegacy.com","good","ok","no","no"
"staci@hawaiifoodandwinefestival.com","good","ok","no","no"
"stacie@dntusa.com","good","ok","no","no"
"stacie@thetalonsgroup.com","good","ok","no","no"
"stacy.pedrina@mdxhawaii.com","good","ok","no","no"
"stacy@huddlbox.com","good","ok","no","no"
"stacy@maisonmariann.com","good","ok","no","no"
"stacy@primrosemeadowbrook.com","good","ok","no","no"
"stacy@struthersrec.com","good","ok","no","no"
"stamashiro@abs.cc","good","ok","no","no"
"stan.bailey@ironlineadvisors.com","good","ok","no","no"
"stan.johnson@axometrics.com","good","ok","no","no"
"stan@cypac.com","good","ok","no","no"
"stan@rampcatalyst.net","good","ok","no","no"
"stanzilo@dingsco.com","good","ok","no","no"
"star@regalostore.com","risky","catch_all","no","no"
"starla@cusouth.com","bad","invalid","no","no"
"statum@modularconnections.com","good","ok","no","no"
"staunton@mediamerge.com","risky","catch_all","no","no"
"stefan.motz@pmglobalcorp.com","good","ok","no","no"
"stefanie@hopeinstitute.org","risky","unknown","no","no"
"steffens@ivmsolutions.com","good","ok","no","no"
"stemplet@woodlandhomes.com","good","ok","no","no"
"steph@engagedbirmingham.com","good","ok","no","no"
"stephanie.cox@processservicegroup.com","good","ok","no","no"
"stephanie@foodrecruiting.com","good","ok","no","no"
"stephanie@hummingbirdideas.com","good","ok","no","no"
"stephanie@ifsalabama.com","good","ok","no","no"
"stephanie@mainstreetcomputing.com","good","ok","no","no"
"stephanie@msbmd.com","good","ok","no","no"
"stephanie@mybeachgetaways.com","good","ok","no","no"
"stephanie@paradisemassage.net.au","bad","invalid","no","no"
"stephanie@reliablesigns.com","good","ok","no","no"
"stephen.grimes@envsyscorp.com","good","ok","no","no"
"stephen.knox@clientsecureit.com","good","ok","no","no"
"stephen.moore@cosoventures.com","good","ok","no","no"
"stephen.todd@carcelandg.com","good","ok","no","no"
"stephen@aurexgroup.com","good","ok","no","no"
"stephen@cartdr.com","good","ok","no","no"
"stephen@disongroup.com","risky","catch_all","no","no"
"stephen@duwattselectric.com","good","ok","no","no"
"stephen@hawaiiselfstorage.net","good","ok","no","no"
"stephen@intownpartners.com","good","ok","no","no"
"stephen@jparchitecturedesign.com","good","ok","no","no"
"stephen@pinebelt.net","good","ok","no","no"
"stephen@regionalproduce.net","good","ok","no","no"
"stephen@rev4solutions.com","good","ok","no","no"
"stephenroberts@mistymountaingaming.com","risky","catch_all","no","no"
"sterling@putitonashirtetc.com","good","ok","no","no"
"sterlingrs@ci.anchorage.ak.us","risky","unknown","no","no"
"steve.corpuz@kamaainamotors.com","bad","invalid","no","no"
"steve.g@tcuconsulting.com","good","ok","no","no"
"steve.gaddy@trin.com","risky","catch_all","no","no"
"steve.lackey@nightshade-tech.com","good","ok","no","no"
"steve.miller@outrigger.com","good","ok","no","no"
"steve.osborne@osborneanimalclinic.com","bad","invalid","no","no"
"steve.overby@sae-llc.net","good","ok","no","no"
"steve.robinson@alexandercitychamber.com","good","ok","no","no"
"steve.scarcliff@shipmobile.com","good","ok","no","no"
"steve.telander@downtoearth.org","good","ok","no","no"
"steve@brightlight.biz","good","ok","no","no"
"steve@campersunlimited.net","good","ok","no","no"
"steve@dpsgroup.net","good","ok","no","no"
"steve@easternshorepharmacy.com","good","ok","no","no"
"steve@equityhawaii.com","good","ok","no","no"
"steve@greatlandadventures.com","good","ok","no","no"
"steve@halebldg.com","good","ok","no","no"
"steve@islandfoodsvc.com","good","ok","no","no"
"steve@kenaicatering.com","good","ok","no","no"
"steve@mdinvested.com","good","ok","no","no"
"steve@metropolitangarage.com","good","ok","no","no"
"steve@peacockpavers.com","good","ok","no","no"
"steve@surfaceshieldroofing.com","good","ok","no","no"
"steve@theairexperts.net","bad","invalid","no","no"
"steve@thematrx.net","good","ok","no","no"
"steve@web907.com","risky","catch_all","no","no"
"steve_reifenstuhl@nsraa.org","bad","invalid","no","no"
"steve_wiechmann@dipac.net","good","ok","no","no"
"steveg@briceinc.com","good","ok","no","no"
"stevegunnells@hunteroil.net","good","ok","no","no"
"steven.byrd@dhsol.com","risky","unknown","no","no"
"steven.campbell@nhtc.coop","good","ok","no","no"
"steven@blaircommercialroofing.com","risky","catch_all","no","no"
"steven@centeredsupportservice.org","good","ok","no","no"
"steven@clinksurveying.com","risky","catch_all","no","no"
"steven@dogwoodproductions.com","good","ok","no","no"
"steven@handfmedia.net","risky","catch_all","no","no"
"steven@legacygymnastics.com","good","ok","no","no"
"steven@lizziesplace.com","good","ok","no","no"
"steven@realtimeapps.com","good","ok","no","no"
"steven@southernshutter.com","good","ok","no","no"
"steven@woodlawnunited.org","good","ok","no","no"
"stevent@cmfieldservices.com","good","ok","no","no"
"stevie@projectreef.com","good","ok","no","no"
"stevier@travelsteadgroup.com","good","ok","no","no"
"stewart@bandbroofinginc.com","good","ok","no","no"
"sthomas@aegismobile.com","good","ok","no","no"
"sthomas@evergreensiteworks.com","risky","unknown","no","no"
"stow@mmg-inc.com","good","ok","no","no"
"stow@skywaveantennas.com","good","ok","no","no"
"stravis@pylonbuilding.com","risky","unknown","no","no"
"struss@diversifiedsupply.com","good","ok","no","no"
"stuart@e-wwg.com","good","ok","no","no"
"stuart@graham.life","good","ok","no","no"
"stuartbentley@masontractorco.com","good","ok","no","no"
"stucker@johnsoncont.com","good","ok","no","no"
"sturner@chem-intl.com","good","ok","no","no"
"styler@petroak.com","good","ok","no","no"
"sue@snaaa.com","good","ok","no","no"
"suehennessy@decaturent.com","good","ok","no","no"
"sugeethk@selero.io","good","ok","no","no"
"suher@alohaccounting.com","good","ok","no","no"
"summer.smith@cacpro.net","risky","catch_all","no","no"
"summer@yogaunderthepalms.com","good","ok","no","no"
"suna@wamc.co.kr","risky","catch_all","no","no"
"sundown@communityfoundationhsv.org","good","ok","no","no"
"suraiya@xirepair.com","good","ok","no","no"
"suresh.gorle@evonik.com","good","ok","no","no"
"susan.ault@alaska.gov","good","ok","no","no"
"susan.easterling@aldensys.com","good","ok","no","no"
"susan.tessier@maniilaq.org","good","ok","no","no"
"susan.voyles@ahtnaheritage.org","bad","invalid","no","no"
"susan@alabamatheatre.com","good","ok","no","no"
"susan@avalanchepress.com","good","ok","no","no"
"susan@calltarget.net","good","ok","no","no"
"susan@danalabels.com","risky","catch_all","no","no"
"susan@leadershipbirmingham.org","good","ok","no","no"
"susan@mccolloughinstitute.com","good","ok","no","no"
"susan@mitchell-associates.net","good","ok","no","no"
"susan@ojayfence.com","good","ok","no","no"
"susan@photon-x.com","good","ok","no","no"
"susan@pmiwiregrass.com","risky","catch_all","no","no"
"susan@realtyplus-gadsden.com","risky","unknown","no","no"
"susan@servicewithasmile.info","good","ok","no","no"
"susan@southernthreadworks.com","good","ok","no","no"
"susan@susanjacksonrealestate.com","risky","catch_all","no","no"
"susan@windhammotorco.com","good","ok","no","no"
"susanlsato@amghi.com","good","ok","no","no"
"susannah@ourbighouse.org","good","ok","no","no"
"susanne.izzo@spawnideas.com","good","ok","no","no"
"sutmgr@amcllc.net","risky","unknown","no","no"
"suzanne.russell@pninsurance.com","good","ok","no","no"
"suzanne@worldteamnow.org","good","ok","no","no"
"suzette@inspiredclosetshawaii.com","good","ok","no","no"
"suzi@airborneaviationhawaii.com","risky","catch_all","no","no"
"suzie@leapsandboundaries.com","risky","unknown","no","no"
"svaughn@ahoarch.com","good","ok","no","no"
"svt@toomeys-mardigras.com","good","ok","no","no"
"swagner@dickinsoncameron.com","good","ok","no","no"
"swalker@ccrosslogistics.com","good","ok","no","no"
"swalker@jaengineering.com","good","ok","no","no"
"swallen@haasinsulation.net","good","ok","no","no"
"sward@preppykitchen.com","good","ok","no","no"
"swarner@baldwin911.org","good","ok","no","no"
"swatim@ninthfloortech.com","good","ok","no","no"
"sweaver@hoseaweaver.com","good","ok","no","no"
"swebb@pjcoinsurance.com","good","ok","no","no"
"sweet@seamaui.com","good","ok","no","no"
"swetter@hawaiipetroleum.com","good","ok","no","no"
"swhitman@woodlandhomes.com","good","ok","no","no"
"swhittington@dentalez.com","good","ok","no","no"
"swhittle@rpm-east.com","good","ok","no","no"
"swiggins@ccsipower.com","risky","catch_all","no","no"
"swilliams@floorsincorporated.com","good","ok","no","no"
"swintzell@dentalwhitesburg.com","good","ok","no","no"
"swolfe@fifthwheel.com","good","ok","no","no"
"swong@nicetocuhawaii.com","good","ok","no","no"
"swysock@theomnifamily.com","good","ok","no","no"
"syarbrough@meridian.us","good","ok","no","no"
"syd@yellowhammercoffee.com","risky","catch_all","no","no"
"sydney@a4pc.org","good","ok","no","no"
"sydney@coldwaterlandscapes.com","bad","invalid","no","no"
"sydney@krbd.org","good","ok","no","no"
"sydney@toritobrands.com","good","ok","no","no"
"sylvia@fasthelpcaregivers.com","good","ok","no","no"
"syoung@hannasteel.com","good","ok","no","no"
"szieke@cookmuseum.org","good","ok","no","no"
"szimmerman@aceh.org","good","ok","no","no"
"t.griffin@thomins.com","good","ok","no","no"
"t.harris@pineridgefarmsinc.com","good","ok","no","no"
"t.shelton@industrialproperties.net","bad","invalid","no","no"
"t.shields@hardshelllabs.com","good","ok","no","no"
"t.smith@whaleycci.com","risky","unknown","no","no"
"tab@focushl.com","good","ok","no","no"
"tabitha.scott@ifusa.com","good","ok","no","no"
"tabitha@hicsurf.com","risky","unknown","no","no"
"tabor@montgomerysubaru.com","good","ok","no","no"
"tadams@mobile.org","bad","invalid","no","no"
"tadamson@brightsouls.co","good","ok","no","no"
"tadar@adarderm.com","risky","catch_all","no","no"
"taelyn@jadefood.com","good","ok","no","no"
"taitd@energyandpolicy.org","good","ok","no","no"
"takashi@hi-accounting.com","good","ok","no","no"
"talia@hd-premier.com","good","ok","no","no"
"tamara@rclarybuilders.com","risky","unknown","no","no"
"tamara@visitnewportbeach.com","bad","invalid","no","no"
"tamarasmith@ctcmanagers.com","risky","catch_all","no","no"
"tamera@twelveoakslandscape.com","risky","catch_all","no","no"
"tami@bbsri.org","good","ok","no","no"
"tami@handfmedia.net","risky","catch_all","no","no"
"tami@legacyoutdoorservices.com","good","ok","no","no"
"tami@orcaak.com","risky","unknown","no","no"
"tamih@autolaundrysystems.com","good","ok","no","no"
"taminko@coolbirdstudios.com","good","ok","no","no"
"tamitha@projectm25.org","risky","catch_all","no","no"
"tammi.edwards@marathon-targets.com","good","ok","no","no"
"tammy.griffin@sai-al.com","good","ok","no","no"
"tammy@arab-electric.org","good","ok","no","no"
"tammy@compassurgentcare.com","good","ok","no","no"
"tammy@wagnersrunwalk.com","good","ok","no","no"
"tammys@pinnacleegr.com","good","ok","no","no"
"tamrah.tucker@besha.org","good","ok","no","no"
"tana.bartels@northpolecoffee.com","good","ok","no","no"
"tanchors@sprayroq.com","good","ok","no","no"
"tanner.grant@grantsfarm.com","bad","invalid","no","no"
"tanner.julia@tomdodd.com","good","ok","no","no"
"tanner.newhouse@restrategies.com","good","ok","no","no"
"tanner@fastlaneleasing.com","good","ok","no","no"
"tanner@whitetailhill.com","risky","catch_all","no","no"
"tanner@wkupchurch.com","risky","catch_all","no","no"
"tanya.williams@holidaycompanies.com","bad","invalid","no","no"
"tanya@izcinsurance.com","good","ok","no","no"
"tara.watkins@penta-inc.com","good","ok","no","no"
"tara@blanketforthope.org","good","ok","no","no"
"tara@fbxclimateaction.org","risky","catch_all","no","no"
"tara@hoolafarms.org","good","ok","no","no"
"tara@ketchikanwellness.org","good","ok","no","no"
"tara@moffitt-tech.com","good","ok","no","no"
"tara@ransomministries.com","good","ok","no","no"
"tara@spec-systems.com","good","ok","no","no"
"taro@hawaiian.net","good","ok","no","no"
"tarsi@thesethreeboutique.com","good","ok","no","no"
"taryn.murata@hawaiiwomenshealthcare.org","risky","unknown","no","no"
"tasha.richey@brecco.com","good","ok","no","no"
"tashia@markharrishomes.com","good","ok","no","no"
"tate@tlrbusinessservices.com","good","ok","no","no"
"tatenance@exba.com","good","ok","no","no"
"taustel@ssrco.com","good","ok","no","no"
"tawna@seextinguisher.com","good","ok","no","no"
"tayler@igehawaii.com","good","ok","no","no"
"taylor.hardin@johnstonefg.com","good","ok","no","no"
"taylor.johnson@sheco.com","good","ok","no","no"
"taylor.lang@hearst.com","good","ok","no","no"
"taylor.smith@lubingusa.com","good","ok","no","no"
"taylor.waltrip@intl-hi.com","good","ok","no","no"
"taylor@amcoinc.com","good","ok","no","no"
"taylor@asistoneimports.com","good","ok","no","no"
"taylor@cahabamachine.com","risky","catch_all","no","no"
"taylor@clarusgroup.net","good","ok","no","no"
"taylor@edfarm.org","good","ok","no","no"
"taylor@fortcondeinn.com","good","ok","no","no"
"taylor@goodmerchsupply.com","risky","catch_all","no","no"
"taylor@hawaiiverse.com","good","ok","no","no"
"taylor@jadeowls.com","good","ok","no","no"
"taylor@seasonbuilder.org","risky","catch_all","no","no"
"taylor@showerup.org","good","ok","no","no"
"taylor@tocaroblue.com","good","ok","no","no"
"taylor@westhawaiirealtors.com","good","ok","no","no"
"taylorromans@singingriverdentistry.net","good","ok","no","no"
"taylorwitt@edfarm.org","good","ok","no","no"
"tbarron@intramicron.com","good","ok","no","no"
"tbeadlecomb@johnsonkreis.com","good","ok","no","no"
"tbell@smartstartpediatrics.com","good","ok","no","no"
"tbennefield@cullmanim.com","good","ok","no","no"
"tbenton@energyvision.net","good","ok","no","no"
"tbickers@corelinc.com","good","ok","no","no"
"tblake@alabamainternalmedicine.com","good","ok","no","no"
"tblalock@srfinc.com","bad","invalid","no","no"
"tbramlett@clinekthealth.com","good","ok","no","no"
"tbright@teamtsi.com","risky","unknown","no","no"
"tbrooks@morguard.com","risky","catch_all","no","no"
"tbrown@robertsonexcavating.com","bad","invalid","no","no"
"tcallison@mbasei.com","good","ok","no","no"
"tcantu@eufaulapt.com","good","ok","no","no"
"tcarroll@solutionsplusbank.com","good","ok","no","no"
"tcarswell@evergreensiteworks.com","risky","unknown","no","no"
"tcasper@spacescienceservices.com","good","ok","no","no"
"tcavazos@turnagain.us","good","ok","no","no"
"tchandler@legacycreditunion.com","good","ok","no","no"
"tclayton@alaskatia.org","good","ok","no","no"
"tclearman@satsumalibrary.com","good","ok","no","no"
"tclementi@standardheating.net","good","ok","no","no"
"tcleveland@bankcfcu.org","bad","invalid","no","no"
"tcline@vulcanvaluepartners.com","good","ok","no","no"
"tcollins@walwc.com","good","ok","no","no"
"tconwell@oechurch.org","good","ok","no","no"
"tcotton@fa.ua.edu","good","ok","no","no"
"tcropley@colaska.com","good","ok","no","no"
"tculbreth@aegismobile.com","good","ok","no","no"
"tcurrier@tlcbookkeepinginc.com","bad","invalid","no","no"
"tdaniels@tekpakinc.com","good","ok","no","no"
"tdavis@surgicaldoctors.com","good","ok","no","no"
"tdiserafino@arserv.com","good","ok","no","no"
"tdodel@sphome.com","good","ok","no","no"
"tdrake@danieliron.com","good","ok","no","no"
"tdrake@gci.com","good","ok","no","no"
"tdubose@travelleaders.com","risky","catch_all","no","no"
"tduhe@habitatswalabama.org","good","ok","no","no"
"tdunagan@dpg-inc.com","good","ok","no","no"
"ted.coy@valiify.com","good","ok","no","no"
"teddy@resopm.com","good","ok","no","no"
"tedeker@pixallure.com","good","ok","no","no"
"tednieblas@armaments.us","good","ok","no","no"
"tenille@wrightfuneralandcrematory.com","risky","unknown","no","no"
"tennille@searchyouralaskahome.com","good","ok","no","no"
"teresa.woodruff@moultonadvertiser.com","bad","invalid","no","no"
"teresa@aplusportablerestrooms.com","good","ok","no","no"
"teresa@fertilityalabama.com","good","ok","no","no"
"teresa@lakewedoweebrokers.com","good","ok","no","no"
"teresa@pellcityfumc.org","good","ok","no","no"
"teresar@is-talk.com","good","ok","no","no"
"teri@brookslock.com","risky","unknown","no","no"
"teri@coastalsigngraphics.com","risky","unknown","no","no"
"teri_shaw@assetsinc.org","good","ok","no","no"
"terra@aloharoadwayservices.com","risky","catch_all","no","no"
"terrell.mcgrew@cuacg.com","good","ok","no","no"
"terrell@therefinerycustomcabinets.com","good","ok","no","no"
"terri@auburnrentals.com","good","ok","no","no"
"terrim@crutchfieldandgraves.com","good","ok","no","no"
"terry.brown@vencora.com","good","ok","no","no"
"terry.burton@spsinchsv.com","good","ok","no","no"
"terry.montgomery@thegrtteam.com","good","ok","no","no"
"terry@bastcore.com","good","ok","no","no"
"terry@gabrielcares.com","good","ok","no","no"
"terry@meldstudio.co","risky","catch_all","no","no"
"terry@pinebelt.net","good","ok","no","no"
"terryd@arcticak.com","good","ok","no","no"
"terryturner@nextgenerationaisolutions.com","good","ok","no","no"
"tessa@alabamaretail.org","good","ok","no","no"
"tessa@leahlaniskincare.com","good","ok","no","no"
"tessa@savorbrands.com","good","ok","no","no"
"tevia@sjlcontractors.com","good","ok","no","no"
"tfaagau@papaolalokahi.org","good","ok","no","no"
"tfisk@echcorp.us.com","risky","unknown","no","no"
"tfox@edgestaffingpartners.com","good","ok","no","no"
"tfox@hooversoccerclub.com","good","ok","no","no"
"tfree@mercedesoftuscaloosa.com","good","ok","no","no"
"tfrey@methodworks-ak.com","good","ok","no","no"
"tgabriel@spitfiresocial.com","risky","unknown","no","no"
"tgardner@fivestaronline.net","good","ok","no","no"
"tgardner@phasedn.com","good","ok","no","no"
"tgee@vetcor.com","good","ok","no","no"
"tgleason@compositetechnologies.com","good","ok","no","no"
"tgonzales@mypartsxpress.com","good","ok","no","no"
"tgough@tripleaughtdesign.com","good","ok","no","no"
"tgraham@alaskapac.org","good","ok","no","no"
"tgreen@tsperfection.com","good","ok","no","no"
"tgrissom@legacycreditunion.com","good","ok","no","no"
"tgundberg@vectorply.com","good","ok","no","no"
"tguthrie@rossdowning.com","bad","invalid","no","no"
"thaddeusbruce@iconnlogistics.com","risky","unknown","no","no"
"thaines@usbp.com","bad","invalid","no","no"
"thall@visit-ketchikan.com","good","ok","no","no"
"tharbin@cleartrackhr.com","good","ok","no","no"
"tharbin@harbinautomotive.com","good","ok","no","no"
"tharris@proximuseng.com","good","ok","no","no"
"tharrison@littleriversolutions.com","good","ok","no","no"
"tharter@brooklanebaptist.academy","good","ok","no","no"
"tharvey@infinitibhm.com","good","ok","no","no"
"thawkins@h3tech.net","good","ok","no","no"
"thayes@esinuclear.com","good","ok","no","no"
"thazen@teckrez.com","good","ok","no","no"
"thedoctors@rebelutionhealthcare.com","risky","catch_all","no","no"
"theelroymgr@high5residential.com","good","ok","no","no"
"thelma@alan-shintani.com","good","ok","no","no"
"thenderson@amwinc.com","good","ok","no","no"
"theresa.shore@jmafcu.org","good","ok","no","no"
"theresa@koloarum.com","good","ok","no","no"
"theresa@polysurveying.com","good","ok","no","no"
"theron.anders@cmpsinc.com","good","ok","no","no"
"thibert@nine-brains.com","risky","catch_all","no","no"
"thimsen@ualocal367.org","good","ok","no","no"
"thixson@bedocs.com","good","ok","no","no"
"thobbs@baldwinemc.com","good","ok","no","no"
"tholley@associatedmetalcast.com","risky","catch_all","no","no"
"thomas.anile@aescurb.com","risky","catch_all","no","no"
"thomas.felsmaier@rendernetworks.com","good","ok","no","no"
"thomas.hallford@tscassociates.com","good","ok","no","no"
"thomas.lee@locationshawaii.com","good","ok","no","no"
"thomas.minkus@veristage.com","risky","catch_all","no","no"
"thomas.senseman@jfs.us","good","ok","no","no"
"thomas.thrasher@iron-will.us","good","ok","no","no"
"thomas@becksturf.com","good","ok","no","no"
"thomas@brandonskinnercpas.com","good","ok","no","no"
"thomas@cisalaska.com","good","ok","no","no"
"thomas@easyrxcloud.com","good","ok","no","no"
"thomas@fm360consulting.com","risky","unknown","no","no"
"thomas@frolichawaii.com","good","ok","no","no"
"thomas@greenvillechevrolet.com","good","ok","no","no"
"thomas@icecreamboxsolutions.com","risky","catch_all","no","no"
"thomas@printingsolutions.com","risky","catch_all","no","no"
"thomas@tableandthyme.co","good","ok","no","no"
"thomasg@gbibuilt.com","good","ok","no","no"
"thomasina.chavers@pauldavis.com","good","ok","no","no"
"thomass@commercialroofinginc.com","good","ok","no","no"
"thorne@cbdogpark.com","risky","unknown","no","no"
"thrasherr@hvsc.net","good","ok","no","no"
"thuber@1013integrated.com","good","ok","no","no"
"thulsman@4ovation.com","good","ok","no","no"
"thuy@i-ongroup.design","good","ok","no","no"
"tietjen.hynes@konabrewinghawaii.com","good","ok","no","no"
"tiffani@rmirealtygroup.com","good","ok","no","no"
"tiffany.brewer@chilis.com","good","ok","no","no"
"tiffany.russo@capstone-companies.com","bad","invalid","no","no"
"tiffany@combsinsurance.com","good","ok","no","no"
"tiffany@dogtownwest.com","risky","unknown","no","no"
"tiffany@joinimmediate.com","good","ok","no","no"
"tiffany@kmwealthmanagement.com","good","ok","no","no"
"tiffany@mrrbusa.com","good","ok","no","no"
"tiffany@nightingalecmi.com","risky","catch_all","no","no"
"tiffany@stak.energy","risky","catch_all","no","no"
"tiffany@tauntoncpa.com","good","ok","no","no"
"tiffany@thechalkergroup.com","good","ok","no","no"
"tiffany@venturehaven.com","good","ok","no","no"
"tiffany@zarzourco.com","good","ok","no","no"
"tiffp@troycable.net","bad","invalid","no","no"
"tijana@travelcarehawaii.com","good","ok","no","no"
"tila@apnalarm.com","good","ok","no","no"
"tillery@gaengineers.com","good","ok","no","no"
"tim.atkins@trivector.us","good","ok","no","no"
"tim.brothers@circool.com","good","ok","no","no"
"tim.campbell@msdepot.com","good","ok","no","no"
"tim.champagne@fausaktire.com","good","ok","no","no"
"tim.killen@swj-us.com","good","ok","no","no"
"tim.leach@launchalaska.com","good","ok","no","no"
"tim.rishel@orbitalaviation.com","good","ok","no","no"
"tim.silvernale@gpsalaska.com","good","ok","no","no"
"tim@aftrucking.com","good","ok","no","no"
"tim@allenoil.com","risky","unknown","no","no"
"tim@alliancegrp.net","good","ok","no","no"
"tim@digivortex.com","risky","catch_all","no","no"
"tim@evolutiamade.com","good","ok","no","no"
"tim@fairhopechurch.com","good","ok","no","no"
"tim@fikes.com","bad","invalid","no","no"
"tim@hawaii-fa.com","good","ok","no","no"
"tim@hayleymanagement.com","good","ok","no","no"
"tim@kemkobuildings.com","good","ok","no","no"
"tim@livingwatersllc.com","good","ok","no","no"
"tim@mrrbusa.com","good","ok","no","no"
"tim@mynamarketing.com","good","ok","no","no"
"tim@nuspatial.com","good","ok","no","no"
"tim@olebay.com","risky","catch_all","no","no"
"tim@pyramidhawaii.com","good","ok","no","no"
"tim@sandmtnpest.com","good","ok","no","no"
"tim@thepennington-group.com","good","ok","no","no"
"timfreund@shoalcreekclub.com","good","ok","no","no"
"timo@bevyhawaii.com","good","ok","no","no"
"timo@vpltransport.com","risky","unknown","no","no"
"timothy.dirks@filmsite.org","risky","unknown","no","no"
"timothy.hawthorne@epsilonfab.com","good","ok","no","no"
"tina.chaney@kaihonua.com","good","ok","no","no"
"tina.kunze@christianschoolproducts.com","risky","unknown","no","no"
"tina@featheringillcapital.com","good","ok","no","no"
"tina@freeenterprisewarriors.com","risky","catch_all","no","no"
"tina@leecorealtors.com","good","ok","no","no"
"tina@metacnbeauty.com","risky","catch_all","no","no"
"tina@sustainablemolokai.org","good","ok","no","no"
"tina@wikoffcombscpa.com","good","ok","no","no"
"tingram@c2techgroup.com","bad","invalid","no","no"
"tinisha@hawaiicommunitylending.com","good","ok","no","no"
"tisha@spilltheteacafe.org","good","ok","no","no"
"titus@pullpandave.com","risky","catch_all","no","no"
"tizumoto@kaimukisolutions.com","good","ok","no","no"
"tj@907steel.com","good","ok","no","no"
"tj@hrsbham.com","risky","catch_all","no","no"
"tj@mate-usa.com","good","ok","no","no"
"tjackson@agileis.com","good","ok","no","no"
"tjenkins@bgtak.com","good","ok","no","no"
"tjohnson@colaska.com","good","ok","no","no"
"tjohnson@hpsubfloors.com","good","ok","no","no"
"tjohnson@orthotom.com","good","ok","no","no"
"tjohnston@fsc-hsv.org","good","ok","no","no"
"tjohnston@ruralenergy.com","good","ok","no","no"
"tjones@arcusrestoration.com","good","ok","no","no"
"tjordan@semoice.com","good","ok","no","no"
"tjunkins@baggetttransport.com","good","ok","no","no"
"tkatafias@papakearesort.org","good","ok","no","no"
"tkather@risearmored.com","good","ok","no","no"
"tkenny@potterroemer.com","good","ok","no","no"
"tkerr@innovativeplasticsinc.com","good","ok","no","no"
"tkoneal@maridancorp.com","good","ok","no","no"
"tkucera@brightinvestmentsllc.com","good","ok","no","no"
"tkupau@mutual-housing.org","good","ok","no","no"
"tkurosu@abs.cc","good","ok","no","no"
"tkwright@llbarch.com","good","ok","no","no"
"tlackey@birminghamassoc.com","good","ok","no","no"
"tlang@regionalsteelproducts.com","good","ok","no","no"
"tlawson@mobile.org","bad","invalid","no","no"
"tlawton@knba.org","good","ok","no","no"
"tlei@kwcpasllc.com","good","ok","no","no"
"tlittle@evamor.com","good","ok","no","no"
"tlogan@mullinaxford.com","good","ok","no","no"
"tlosey@aracak.com","good","ok","no","no"
"tlovelace@infinium-interiors.com","good","ok","no","no"
"tmarks@dermcarealabama.com","risky","catch_all","no","no"
"tmarr@bamabuggies.com","good","ok","no","no"
"tmatsumoto@tamuras-hi.com","good","ok","no","no"
"tmayhew@bmccinc.com","risky","catch_all","no","no"
"tmayo@norflexinc.com","good","ok","no","no"
"tmayweather@legacycreditunion.com","good","ok","no","no"
"tmcelroy@uabmc.edu","risky","catch_all","no","no"
"tmcneal@bbrc.biz","good","ok","no","no"
"tmedina@bigislandenergy.com","good","ok","no","no"
"tmetcalf@lewis-smithsupply.com","good","ok","no","no"
"tmims@cpsbattery.com","good","ok","no","no"
"tminor@girlsinc-columbus.org","good","ok","no","no"
"tmonaghan@colaska.com","good","ok","no","no"
"tmongrue@bhmlegion.com","bad","invalid","no","no"
"tmoore@sonici.com","bad","invalid","no","no"
"tmorita@nationalbenefitsadmin.com","good","ok","no","no"
"tmorrow@shoalselectric.com","good","ok","no","no"
"tmoulton@fifthwheel.com","good","ok","no","no"
"tnoel@hstigers.org","bad","invalid","no","no"
"tnoh@excelhealth.co","risky","catch_all","no","no"
"tnokelby@eighthsq.com","good","ok","no","no"
"tnorris@advancedmaintenance.com","good","ok","no","no"
"tobrien@gprmp.com","good","ok","no","no"
"toby.harrison@emunworks.com","good","ok","no","no"
"toby@sjlcontractors.com","good","ok","no","no"
"todd.carpenter@carpentermediagroup.com","good","ok","no","no"
"todd.jackson@foamfabga.com","good","ok","no","no"
"todd.kirkpatrick@cgmh.com","good","ok","no","no"
"todd.peltzer@hepburnandsons.com","good","ok","no","no"
"todd.sims@kodatech.com","good","ok","no","no"
"todd@cyberhornetetfs.com","good","ok","no","no"
"todd@enchantedlakept.com","good","ok","no","no"
"todd@naturalactiontech.com","good","ok","no","no"
"todd@one-stop-adjuster.com","good","ok","no","no"
"todd@reboundhawaii.com","risky","unknown","no","no"
"todd@shinsatorealty.com","good","ok","no","no"
"todd@tangoptt.com","good","ok","no","no"
"todd@toddbransonstoneworks.com","good","ok","no","no"
"todd@townsendhonda.com","risky","unknown","no","no"
"todd@ua.edu","good","ok","no","no"
"todd@validatedsoftware.com","risky","unknown","no","no"
"todd@vulcaninc.com","good","ok","no","no"
"todd@wagnersteam.com","good","ok","no","no"
"todd@warriorriverwater.com","good","ok","no","no"
"toddhedrick@bluerockhi.com","good","ok","no","no"
"tol.fishburn@anchorageak.gov","good","ok","no","no"
"tom.cunningham@grazr.net","risky","unknown","no","no"
"tom.gale@astraius.com","good","ok","no","no"
"tom@brentcg.com","good","ok","no","no"
"tom@dcashmere.net","bad","invalid","no","no"
"tom@hlwiginton.com","good","ok","no","no"
"tom@mitchellauto.com","good","ok","no","no"
"tom@palmshawaii.com","good","ok","no","no"
"tom@rlohana.com","good","ok","no","no"
"tom@rpippi.com","good","ok","no","no"
"tom@smokeybayair.com","risky","catch_all","no","no"
"tom@surfingthenations.com","good","ok","no","no"
"tom@timmyts.com","risky","catch_all","no","no"
"tom@tombeckbe.com","risky","catch_all","no","no"
"tommy.killebrew@tide-usa.com","good","ok","no","no"
"tommy.reiher@pryzmhi.com","good","ok","no","no"
"tommy.waldrop@alabamalightwave.com","good","ok","no","no"
"tommy@montgomerysubaru.com","good","ok","no","no"
"tommy@oakmountainlanes.com","good","ok","no","no"
"tommy@railroadpark.org","good","ok","no","no"
"tommy@talonhiring.com","good","ok","no","no"
"tommys@pacallied.com","good","ok","no","no"
"tomo.hikichi@outrigger.com","good","ok","no","no"
"tomt@pinnacleegr.com","good","ok","no","no"
"tonetteosb@shmon.org","good","ok","no","no"
"toni@mintodevelopmentcorp.com","good","ok","no","no"
"tonia.gann@edtinc.net","good","ok","no","no"
"tonorey@aomh.org","good","ok","no","no"
"tony.espiritu@hiltonwaikikihotel.com","good","ok","no","no"
"tony.gonzalez@aldensys.com","good","ok","no","no"
"tony.smith@ak-gravel.com","good","ok","no","no"
"tony@anderspool.com","good","ok","no","no"
"tony@bhamparking.com","bad","invalid","no","no"
"tony@carolscarpet.com","risky","unknown","no","no"
"tony@jcooperusa.com","risky","catch_all","no","no"
"tony@novuresidential.com","good","ok","no","no"
"tonya.lagergren@bayfourdesign.com","risky","catch_all","no","no"
"tonya@batchelorsservice.com","good","ok","no","no"
"tonya@kingscathedral.com","good","ok","no","no"
"tonya@mintdentalak.com","good","ok","no","no"
"tonyallison@advsysunlimited.com","good","ok","no","no"
"tonyar@wynnsgrainandspice.com","good","ok","no","no"
"tonyc@hhtech.net","good","ok","no","no"
"tonyf@cadencegeneral.com","good","ok","no","no"
"tonyp@tradeweb.net","good","ok","no","no"
"tori.farm@urbiafurniture.com","risky","catch_all","no","no"
"tori@eastdeckcreative.com","good","ok","no","no"
"torian.blackburn@theorionhuntsville.com","risky","catch_all","no","no"
"torrey@lynncanalconservation.org","good","ok","no","no"
"tpankey@csnetting.com","bad","invalid","no","no"
"tpayne@hileyhuntsville.com","good","ok","no","no"
"tpearson@aggaston.com","good","ok","no","no"
"tpeters@alaskaseafood.org","good","ok","no","no"
"tpetersen@pps-hsv.com","good","ok","no","no"
"tpinkerton@envisionoutdoorliving.com","bad","invalid","no","no"
"tpraytor@alabamaprofessional.com","good","ok","no","no"
"tracey.goacher@mangastool.com","good","ok","no","no"
"tracey@prevmedhealth.com","good","ok","no","no"
"traceystottkelley@stott.com","good","ok","no","no"
"traci.nagao@griswoldcare.com","good","ok","no","no"
"traci@1ststrike.com","good","ok","no","no"
"traci@triadpminc.com","good","ok","no","no"
"traci@tubebending.net","good","ok","no","no"
"tracie@unitekhawaii.com","risky","catch_all","no","no"
"tracy.bartlemus@nitalaska.com","good","ok","no","no"
"tracy.bridges@emiliar.com","bad","invalid","no","no"
"tracy.langseth@bank-47.com","good","ok","no","no"
"tracy.mountain@iseeksolutionsinc.com","good","ok","no","no"
"tracy@azaleacitydental.net","risky","catch_all","no","no"
"tracy@graysonairconditioning.com","good","ok","no","no"
"tracy@remoteak.com","good","ok","no","no"
"tracy@texaircompany.com","good","ok","no","no"
"travis.bailey@ak-gravel.com","good","ok","no","no"
"travis.dillard@sarcoa.org","good","ok","no","no"
"travis.norwood@hcsinc.net","good","ok","no","no"
"travis.premo@lewisross.com","good","ok","no","no"
"travis.staggs@hearthbrands.com","good","ok","no","no"
"travis.swafford@craftohana.com","good","ok","no","no"
"travis@constructorshawaii.com","good","ok","no","no"
"travis@homeaidhawaii.org","good","ok","no","no"
"travis@optimizedco.com","good","ok","no","no"
"travis@redbranchconstruction.com","risky","catch_all","no","no"
"travis@shopsweetpineapple.com","good","ok","no","no"
"travis@showcar.us","risky","unknown","no","no"
"travis@southbaldwinchamber.com","good","ok","no","no"
"travis@southsidebistro.com","good","ok","no","no"
"trb@doraduspartners.com","good","ok","no","no"
"trcarter@fleetdirectsales.com","good","ok","no","no"
"tre@onecubeup.com","risky","catch_all","no","no"
"treid@libertyfi.com","good","ok","no","no"
"tremaine@kilohnl.com","risky","catch_all","no","no"
"trenk@alpenglowpain.com","good","ok","no","no"
"trent.baker@1819news.com","risky","catch_all","no","no"
"trent.robertson@makai.com","good","ok","no","no"
"trent@eqcse.com","good","ok","no","no"
"trent@konasupercoffee.com","good","ok","no","no"
"trent@lakeandcoast.com","risky","catch_all","no","no"
"trent@lbr1co.com","good","ok","no","no"
"trent@thinkofficellc.com","risky","catch_all","no","no"
"treston@visionaryviewsllc.com","good","ok","no","no"
"treva@realhealthyhabits.com","good","ok","no","no"
"trevor.gevers@tekfive.com","risky","catch_all","no","no"
"trevor@b2mhawaii.org","good","ok","no","no"
"trevor@flyalphaair.com","good","ok","no","no"
"trevor@revolutionexteriors.com","risky","catch_all","no","no"
"trevorw@alabamacabinetco.com","good","ok","no","no"
"trey.hargett@uah.edu","good","ok","no","no"
"trey.preston@kam-technologies.com","good","ok","no","no"
"trey@insurebeacon.com","good","ok","no","no"
"trey@jmanifold.com","good","ok","no","no"
"trey@kinardlawoffice.com","good","ok","no","no"
"trey@mossyoakads.com","risky","catch_all","no","no"
"trey@norrisbuildingcompany.com","risky","unknown","no","no"
"trey@southak.com","risky","catch_all","no","no"
"trey@wiregrassequity.com","good","ok","no","no"
"treyb@dynamicairsolutions.us","good","ok","no","no"
"treygamble@ppximaging.com","good","ok","no","no"
"treyvion@storeease.com","good","ok","no","no"
"trichardson@happihealth.org","good","ok","no","no"
"trina@comercompanies.com","good","ok","no","no"
"trinak@shoresidepetroleum.com","good","ok","no","no"
"trinidad@northernepics.com","good","ok","no","no"
"trinity@earlyservices.com","good","ok","no","no"
"trinity@sidestreetinn.com","risky","catch_all","no","no"
"tripp@integruspartners.com","risky","catch_all","no","no"
"trish@hukilausalon.com","good","ok","no","no"
"trish@kwxx.com","good","ok","no","no"
"trish@tmwork808.com","good","ok","no","no"
"trishajohnston@docrx.com","good","ok","no","no"
"trishas@alohagourmet.net","good","ok","no","no"
"trista@megaagentrentals.com","risky","catch_all","no","no"
"tristan@fbxclimateaction.org","risky","catch_all","no","no"
"tristian@atlystudios.com","risky","catch_all","no","no"
"tristian@pmielevation.com","good","ok","no","no"
"tristin@heistenwrenn.com","good","ok","no","no"
"trixie@apt-hi.com","good","ok","no","no"
"trobinson@sdcinc.org","bad","invalid","no","no"
"trodrigues@honpm.com","risky","unknown","no","no"
"trogers@donlingold.com","good","ok","no","no"
"trogers@nbumail.com","good","ok","no","no"
"trogers@russellala.com","good","ok","no","no"
"troy@inpacwealth.com","good","ok","no","no"
"troy@petermeier.com","good","ok","no","no"
"troy@shilstonandassociates.com","good","ok","no","no"
"troyb@phillipsscales.com","good","ok","no","no"
"trubio@lakeviewrisk.com","risky","catch_all","no","no"
"trung@valentiprintgroup.com","good","ok","no","no"
"trussell@wedgewood-inc.com","good","ok","no","no"
"trussi@historicanchoragehotel.com","good","ok","no","no"
"tryan@cookinlethousing.org","risky","catch_all","no","no"
"tsandrell@deltasteelandtube.com","good","ok","no","no"
"tsaturno@hawaii-tax.com","good","ok","no","no"
"tschwartz@uofsdocs.com","good","ok","no","no"
"tseay@metrobankpc.com","good","ok","no","no"
"tshappley@dunnconstruction.com","good","ok","no","no"
"tshores@northern-lights.com","good","ok","no","no"
"tsikora@ironclaim.com","good","ok","no","no"
"tsimonds@actiontruckcenter.com","good","ok","no","no"
"tsimreewong@nextdesignllc.com","good","ok","no","no"
"tsims@hoomautherapy.com","risky","catch_all","no","no"
"tsinn@honolulubuilders.com","good","ok","no","no"
"tsmith@cesindustries.net","good","ok","no","no"
"tsmith@interstateprinting.com","good","ok","no","no"
"tsmith@iscrg.com","good","ok","no","no"
"tspates@chal.org","bad","invalid","no","no"
"tstaples@cureoahu.com","good","ok","no","no"
"tsu.i@lupiciausa.com","risky","unknown","no","no"
"tsukada@reiwa-us.com","good","ok","no","no"
"tsurumi.hamasu@ftz9.org","good","ok","no","no"
"tsutton@redhillregistry.org","good","ok","no","no"
"tsvetin@molokairanch.com","good","ok","no","no"
"tsweeney@bearcreek.com","risky","catch_all","no","no"
"ttimmons@alaskacenter.org","good","ok","no","no"
"ttownsend@dpeds.org","good","ok","no","no"
"ttuihalafatai@mutual-housing.org","good","ok","no","no"
"tturley@sheltonstate.edu","good","ok","no","no"
"ttutor@lumenchristiak.com","good","ok","no","no"
"tua@tumusolutions.com","good","ok","no","no"
"tuckerl@westernak.com","good","ok","no","no"
"tumeno@connorshawaii.com","good","ok","no","no"
"tunangst@collateralcompanies.com","good","ok","no","no"
"tuscaloosa@letslose.com","risky","catch_all","no","no"
"tvanderburg@jonesmachineandwelding.com","risky","catch_all","no","no"
"tvines@pacconsultants.net","good","ok","no","no"
"twacaster@factorinc.com","good","ok","no","no"
"twalker@perfectionchain.com","good","ok","no","no"
"twalls@firstunitedfg.biz","good","ok","no","no"
"twarner@oflex.com","good","ok","no","no"
"twebb@exploreum.com","good","ok","no","no"
"tweber@colaska.com","good","ok","no","no"
"twebster@birminghamreporting.com","good","ok","no","no"
"tweston@myschoolshares.com","good","ok","no","no"
"twhite@legacycreditunion.com","good","ok","no","no"
"twhite@sitkascience.org","good","ok","no","no"
"twickord@afinidamkt.com","good","ok","no","no"
"twilbourne@marion-bank.com","good","ok","no","no"
"twillard@brooksrangesupply.com","good","ok","no","no"
"twilson@set-tool.com","good","ok","no","no"
"twoo@zephyrinsurance.com","good","ok","no","no"
"twright@bedocs.com","good","ok","no","no"
"twyana.davis@birminghamal.gov","good","ok","no","no"
"ty@rightspacecre.com","good","ok","no","no"
"ty@wrighttrans.com","good","ok","no","no"
"tyamanaka@pioneerhawaii.com","good","ok","no","no"
"tyerby@dunn-companies.com","good","ok","no","no"
"tyler.belt@mmtherapystaffing.com","good","ok","no","no"
"tyler.clark@atlas-inno.com","good","ok","no","no"
"tyler.knaut@adxconstruction.com","good","ok","no","no"
"tyler.obrien@flightlinefirst.aero","good","ok","no","no"
"tyler.smith@alafarm.com","good","ok","no","no"
"tyler@1ststrike.com","good","ok","no","no"
"tyler@anasourcing.com","good","ok","no","no"
"tyler@beckleymechanical.com","good","ok","no","no"
"tyler@bekindly.app","risky","catch_all","no","no"
"tyler@duckettfishing.com","good","ok","no","no"
"tyler@eastwestresearch.com","good","ok","no","no"
"tyler@formula.design","bad","invalid","no","no"
"tyler@fullcirclega.com","risky","catch_all","no","no"
"tyler@intownpartners.com","good","ok","no","no"
"tyler@mccak.net","good","ok","no","no"
"tyler@mljtitle.com","good","ok","no","no"
"tyler@prometheusconstruction.com","good","ok","no","no"
"tyler@refineptp.com","risky","catch_all","no","no"
"tyler@selero.io","good","ok","no","no"
"tyler@streetmetrics.com","good","ok","no","no"
"tyler@tlcghawaii.com","good","ok","no","no"
"tylercain@thompsontractor.com","good","ok","no","no"
"tylerj@paninipetes.com","risky","catch_all","no","no"
"tylerkime@standardheating.net","good","ok","no","no"
"tylers@draykohawaii.com","good","ok","no","no"
"tyna@cfoservicesgroup.com","good","ok","no","no"
"tyoung@tuskegeepha.org","good","ok","no","no"
"tyrone@cfwheelock.com","good","ok","no","no"
"tyson@lbr1co.com","good","ok","no","no"
"tysonhunter@urbainmarketing.com","good","ok","no","no"
"tzoghby@arbourvalley.com","bad","invalid","no","no"
"ubrandt@auctioninsurance.com","good","ok","no","no"
"unclejoe@mccoyoutdoorco.com","risky","catch_all","no","no"
"upatterson@scadc.net","good","ok","no","no"
"urquharthen@contmech.com","good","ok","no","no"
"vabdes@mtaonline.net","good","ok","no","no"
"vacolles@akbuilt.net","good","ok","no","no"
"val@ahuradesigns.com","good","ok","no","no"
"val@denaliraft.com","good","ok","no","no"
"val@primegroupdev.com","good","ok","no","no"
"val@unlimitedhawaii.com","bad","invalid","no","no"
"valencia.jackson@halodentalworkshop.com","risky","unknown","no","no"
"valencia@collaborative-solutions.net","good","ok","no","no"
"valeriap@psycode.io","good","ok","no","no"
"valerie@batehgroup.com","good","ok","no","no"
"valerie@gillandchevrolet.com","good","ok","no","no"
"valerie@kaimukichristian.org","good","ok","no","no"
"valerie@ulucreative.com","good","ok","no","no"
"valette.keller@alaska.gov","good","ok","no","no"
"valford@mitchellcompany.com","bad","invalid","no","no"
"valorie.garner@rsgnic.com","bad","invalid","no","no"
"valynanglin@studiovhelena.com","good","ok","no","no"
"vance@koawoodranch.com","good","ok","no","no"
"vance@trustlasik.com","risky","unknown","no","no"
"vanda@smiledestinations.com","good","ok","no","no"
"vanderson@hageroil.com","good","ok","no","no"
"vanessa.kacer@kodatech.com","good","ok","no","no"
"vanessa@northalabamamortgage.com","good","ok","no","no"
"vargas@baeri.org","good","ok","no","no"
"vaughn@marksoutdoors.com","risky","catch_all","no","no"
"vbell@vitalfuelsystems.com","good","ok","no","no"
"vcacho@pukalanisuperette.net","good","ok","no","no"
"vcastellano@xoarmortech.com","bad","invalid","no","no"
"vdelaveaga@skylinehawaii.com","risky","catch_all","no","no"
"vditoro@twisttechnologyllc.com","good","ok","no","no"
"vendors@floorworksstore.com","good","ok","no","yes"
"veranda@abtprofessionals.org","good","ok","no","no"
"verna@greatershiloh.org","good","ok","no","no"
"vernesia@medphysicalsplus.com","good","ok","no","no"
"veronica.schack@oahumpo.org","good","ok","no","no"
"ves@simplifiedcapital.com","good","ok","no","no"
"vester@cheahawm.com","good","ok","no","no"
"vhan@abs.cc","good","ok","no","no"
"vic.dejohn@merchantssales.com","good","ok","no","no"
"vicki@alaskaheliskiing.com","good","ok","no","no"
"vicki@drtungs.com","good","ok","no","no"
"vicki@ibreathewell.com","good","ok","no","no"
"vickiw@alabamatractor.com","good","ok","no","no"
"victoria@5starrecruiting.com","good","ok","no","no"
"victoria@akbha.org","good","ok","no","no"
"victoria@baysideanimalhospital.vet","good","ok","no","no"
"victorn@changepointalaska.com","good","ok","no","no"
"vince.golden@parkersonshvac.com","good","ok","no","no"
"vince@landanconstruction.com","bad","invalid","no","no"
"vincent@gidens.com","risky","catch_all","no","no"
"vincent@truckdrivernews.com","bad","invalid","no","no"
"vineeth@iris-health.com","good","ok","no","no"
"vinh@worktogethertalent.com","good","ok","no","no"
"vinny@pcmfab.com","good","ok","no","no"
"virginia@konasnorkeltrips.com","good","ok","no","no"
"virginia@theologicalhorizons.org","good","ok","no","no"
"virginia@yoursocialu.com","bad","invalid","no","no"
"vita@brandonskinnercpas.com","good","ok","no","no"
"vjszabo@healytibbitts.com","good","ok","no","no"
"vkline@akeela.org","good","ok","no","no"
"vlpeterson@wearswoop.com","risky","catch_all","no","no"
"vmauri@aptak.com","good","ok","no","no"
"vmcpherson@keelpoint.com","good","ok","no","no"
"vnguyen@abs.cc","good","ok","no","no"
"vnutty@akneurosurgery.com","good","ok","no","no"
"vperreira@foundationshawaii.com","good","ok","no","no"
"vportwood@ahba.net","risky","catch_all","no","no"
"vramos@gprmp.com","good","ok","no","no"
"vrezell@crossbaydigital.com","risky","catch_all","no","no"
"vrussell@arlingtoncapitaladvisors.com","good","ok","no","no"
"vsimpson@blancashouse.org","good","ok","no","no"
"vtemple@montgomerytransit.com","good","ok","no","no"
"vterawaki@hualalairesort.com","good","ok","no","no"
"vthomas@radhunt.com","good","ok","no","no"
"vtyndall@pipehorn.com","good","ok","no","no"
"vwong@hawaiielitechiropractic.com","good","ok","no","no"
"vwoods@alaskanaids.org","good","ok","no","no"
"w.wooley@seabrook-solutions.com","good","ok","no","no"
"wade.holder@tmssinc.com","good","ok","no","no"
"wade.sims@clearwatersol.com","bad","invalid","no","no"
"wade@alabamatool.com","good","ok","no","no"
"wade@carolscarpet.com","risky","unknown","no","no"
"wade@cultoncompanies.com","risky","catch_all","no","no"
"wade@grantcopacific.com","good","ok","no","no"
"wade@holleyhenley.com","good","ok","no","no"
"wade@slimspowertools.com","good","ok","no","no"
"wade@southerntoolinc.com","good","ok","no","no"
"wadew@corporatetaxadvisors.com","good","ok","no","no"
"wailani@kulaniakea.org","good","ok","no","no"
"walexander@vulcanac.com","good","ok","no","no"
"walid@veilgenomics.com","good","ok","no","no"
"walker@mobilemitsubishi.com","good","ok","no","no"
"wallace@allthingsrealestate.co","risky","catch_all","no","no"
"wallburgg@vulcangroup.com","good","ok","no","no"
"walt@bes-design-build.com","bad","invalid","no","no"
"walt@iwebvisit.com","good","ok","no","no"
"walt@struxhub.com","good","ok","no","no"
"walt@usaes.net","good","ok","no","no"
"wanda@signbuilders.com","good","ok","no","no"
"warren@evolutiamade.com","good","ok","no","no"
"watanabe.toshiyuki@his-world.com","good","ok","no","no"
"waterford@gatewaymgt.com","good","ok","no","no"
"wayne.gaudet@plantpower.com","good","ok","no","no"
"wayne.williams@spsinchsv.com","bad","invalid","no","no"
"wayne@hcsgroupet.com","good","ok","no","no"
"wayne@howardbentley.com","good","ok","no","no"
"wayne@lastresortguns.com","good","ok","no","no"
"wayne@mrcroofing.com","good","ok","no","no"
"wayne@myhawaii.realestate","good","ok","no","no"
"wayne@performancemineralscorp.com","good","ok","no","no"
"wayne@sniderindustries.com","good","ok","no","no"
"wayne@synmod.com","good","ok","no","no"
"waynephillips@wam.services","good","ok","no","no"
"waynewatford@firstteamconstruction.com","good","ok","no","no"
"wbacxa@fsswh.org","good","ok","no","no"
"wbarnett@106jefferson.com","good","ok","no","no"
"wblackmon@4redi.com","good","ok","no","no"
"wblackwell@phoenixengineering.com","good","ok","no","no"
"wblakely@sfxcatholic.com","good","ok","no","no"
"wblevins@agileis.com","good","ok","no","no"
"wblue@donalsonvillega.org","bad","invalid","no","no"
"wbrammer@florcraft.com","good","ok","no","no"
"wbryant@magiccitydoor.com","good","ok","no","no"
"wchandler@asfservices.com","good","ok","no","no"
"wcook@flowdynamics.net","good","ok","no","no"
"wcook@uluhitech.com","good","ok","no","no"
"wd@innov8.agency","good","ok","no","no"
"wdahl@advancedmarinevehicles.com","bad","invalid","no","no"
"wdavis@colaska.com","good","ok","no","no"
"wduffy@cliffsatprinceville.com","bad","invalid","no","no"
"wdupton@windwoodequestrian.com","good","ok","no","no"
"weathersd@eeiteam.com","good","ok","no","no"
"wendi@spagreystone.com","risky","unknown","no","no"
"wendy.elliott@linearmtg.com","good","ok","no","no"
"wendy@checkdepot.net","risky","catch_all","no","no"
"wendy@ehawaiidestinationservices.com","risky","catch_all","no","no"
"wendy@globalextremism.org","good","ok","no","no"
"wendy@ritenowlogistics.com","good","ok","no","no"
"wendy@suttonplanning.com","good","ok","no","no"
"wendy@valleyhomeshsv.com","risky","catch_all","no","no"
"wendycoppock@lahrealestate.com","good","ok","no","no"
"wendygann@murfeemeadows.com","good","ok","no","no"
"wes.morrison@aladyn.com","good","ok","no","no"
"wes.thomas@paywerx.com","good","ok","no","no"
"wes@millhousehowell.com","good","ok","no","no"
"wes@piggenterprises.com","bad","invalid","no","no"
"wes@proamsteel.com","good","ok","no","no"
"wes@realpropertyleaders.com","good","ok","no","no"
"wes@willowpw.com","good","ok","no","no"
"wesley.sparks@ajax-defense.com","good","ok","no","no"
"wesley@2walkonwater.org","good","ok","no","no"
"wesley@clinksurveying.com","risky","catch_all","no","no"
"wesleyqualls@eagleprollc.com","risky","catch_all","no","no"
"weston@akbizmag.com","good","ok","no","no"
"weston@yamadaenterprises.com","bad","invalid","no","no"
"wfields@myprogressbank.com","good","ok","no","no"
"wfountain@lenderscooperative.com","good","ok","no","no"
"wgarrett@ssbank.bank","good","ok","no","no"
"wguice@ccg-al.com","good","ok","no","no"
"wgulley@agicorp.com","good","ok","no","no"
"wharless@sunbeltfire.com","good","ok","no","no"
"wheartsill@kadre-eng.com","good","ok","no","no"
"whiga@arisumibrothersinc.com","good","ok","no","no"
"whitney@dcwins.com","good","ok","no","no"
"whitney@h2realestate.com","good","ok","no","no"
"whitney@markleassociates.net","bad","invalid","no","no"
"whitney@revbirmingham.org","good","ok","no","no"
"whitney@watsonauction.net","bad","invalid","no","no"
"whitt@sfealabama.com","good","ok","no","no"
"whowell@recovernow.com","good","ok","no","no"
"wil.herring@ecaholdings.com","good","ok","no","no"
"wiley@calldryfast.com","good","ok","no","no"
"will.gaskill@lasusallc.com","good","ok","no","no"
"will.gump@mcaleers.com","good","ok","no","no"
"will.jones@bagbyelevator.com","good","ok","no","no"
"will.taylor@officeoftheciso.com","good","ok","no","no"
"will@gocgjones.com","risky","catch_all","no","no"
"will@imiteam.com","good","ok","no","no"
"will@nortonsflorist.com","bad","invalid","no","no"
"will@nutecmetalfinishing.com","good","ok","no","no"
"will@shererengineers.com","good","ok","no","no"
"will@shortwave.com","good","ok","no","no"
"willard@fapa.aero","risky","catch_all","no","no"
"willbeh@b-core.co","risky","catch_all","no","no"
"willhester@htlprinting.com","good","ok","no","no"
"william.boulware@cfafranchisee.com","good","ok","no","no"
"william.dykes@alexisav.com","good","ok","no","no"
"william.edmonds@lsinc.com","bad","invalid","no","no"
"william.goldberg@guestassociates.com","good","ok","no","no"
"william.henderson@thenineminds.com","good","ok","no","no"
"william.murray@pattonchapelac.com","risky","catch_all","no","no"
"william.stubbs@vtmae.com","bad","invalid","no","no"
"william.throop@hollywoodgardensbar.com","risky","unknown","no","no"
"william.vance@trivector.us","good","ok","no","no"
"william@bishopcabinets.com","risky","catch_all","no","no"
"william@cottagehillpackage.com","good","ok","no","no"
"william@herringfab.com","good","ok","no","no"
"william@sb-d.com","good","ok","no","no"
"williamss@datacomusa.net","good","ok","no","no"
"willie@thebackyardexperience.org","risky","catch_all","no","no"
"wilmaris.rodriguez@gci.pt","bad","invalid","no","no"
"wilsonhand@bhamlongevity.com","risky","unknown","no","no"
"winfield@magnoliasoapandbath.com","good","ok","no","no"
"winhorn@fairwayinvestments.com","bad","invalid","no","no"
"winston@enlightenak.com","good","ok","no","no"
"wkaberline@rtcc.net","good","ok","no","no"
"wkelly@harrison-const.com","good","ok","no","no"
"wkim@hpllab.com","good","ok","no","no"
"wking@nelbran.com","good","ok","no","no"
"wkynes@ajaxhealth.com","good","ok","no","no"
"wlati001@uab.edu","good","ok","no","no"
"wlester@npoki.org","good","ok","no","no"
"wluker@byarswright.com","good","ok","no","no"
"wlund@opdec.com","good","ok","no","no"
"wmarshall@hodgeswarehouse.com","good","ok","no","no"
"wmartin@elliementalhealth.com","good","ok","no","no"
"wmcannally@heavy-llc.com","good","ok","no","no"
"wmccullough@wilcockbuilders.com","good","ok","no","no"
"wmcguire@shieldtechus.com","good","ok","no","no"
"wmiller@florcraft.com","good","ok","no","no"
"wmiller@yellowhammernews.com","risky","catch_all","no","no"
"wmiyake@theavco.net","good","ok","no","no"
"wndell.harvey@trin.com","risky","catch_all","no","no"
"woody.isbell@southerncasearts.com","good","ok","no","no"
"workshops@domegaia.com","good","ok","no","no"
"wpruitt@curbtech.net","good","ok","no","no"
"wrickels@mullinsbp.com","good","ok","no","no"
"wroot@oulifarms.com","good","ok","no","no"
"ws@situshawk.com","good","ok","no","no"
"wselby@naecoop.com","good","ok","no","no"
"wsmith@tuskegeealabama.gov","good","ok","no","no"
"wsmith@wave.link","good","ok","no","no"
"wstockstill@wls2.com","good","ok","no","no"
"wtsuha@tsuhafoundation.org","good","ok","no","no"
"wturner@tfco.com","good","ok","no","no"
"wwalker@survtechsolutions.com","good","ok","no","no"
"wwalters@lagniappebranding.com","good","ok","no","no"
"wwofford@alexinc.com","good","ok","no","no"
"wyatt.nakamura@minihawaii.com","good","ok","no","no"
"wyatt@hultquisthomes.com","good","ok","no","no"
"wynston.gully@res-tek.net","bad","invalid","no","no"
"wyoshimitsu@rcchawaii.org","good","ok","no","no"
"wyoung@regionaldentalcenter.com","good","ok","no","no"
"wzamos@anchorageconcerts.org","good","ok","no","no"
"xdekarske@athens-utilities.com","good","ok","no","no"
"y.takagi@yukizaki-usa.com","good","ok","no","no"
"yazmyn@urbanbarandkitchen.com","good","ok","no","no"
"yelena@thinkofficellc.com","risky","catch_all","no","no"
"yhtgm@yachtharbortowers.org","good","ok","no","no"
"ynash@avec.org","good","ok","no","no"
"yolanda@cizzlebio.com","good","ok","no","no"
"yolanda@koslinkahn.com","good","ok","no","no"
"yonathan@luanagroup.com","good","ok","no","no"
"yoonbo.shim@doctorhere.com","good","ok","no","no"
"yoshimuras@isemotocontracting.com","bad","invalid","no","no"
"youngd@amk-services.com","good","ok","no","no"
"yrjo@afs-ak.com","bad","invalid","no","no"
"yuki@alakaisearch.com","risky","catch_all","no","no"
"yuki@brugbakery.com","good","ok","no","no"
"yuku@stealth.net","good","ok","no","no"
"yunah@hanaleicoffeeroasters.com","risky","catch_all","no","no"
"yuval@goldennorthinn.com","good","ok","no","no"
"yvette.jones-smedley@arts.alabama.gov","good","ok","no","no"
"yvette@tennesseevalleymedical.com","risky","catch_all","no","no"
"yvonne@angroupcn.com","good","ok","no","no"
"yvonne@mauigrown.com","good","ok","no","no"
"yvonne@yvonnedesign.com","good","ok","no","no"
"zac@peckfuneralhome.com","good","ok","no","no"
"zach.beaman@bcsolutions-llc.com","good","ok","no","no"
"zach.hewitt@keystonecommercellc.com","good","ok","no","no"
"zach.johnson@missiondrivenresearch.com","good","ok","no","no"
"zach.lovelady@pyramidindustrial.com","good","ok","no","no"
"zach.pigg@ashtonandco.com","risky","unknown","no","no"
"zach@aladdinlightlift.com","good","ok","no","no"
"zach@burrindustriesllc.com","risky","catch_all","no","no"
"zach@covefreight.com","good","ok","no","no"
"zach@gbibuilt.com","good","ok","no","no"
"zach@murphyhomesal.com","good","ok","no","no"
"zach@priostone.com","risky","catch_all","no","no"
"zach@prnroofing.com","risky","catch_all","no","no"
"zach@willowpw.com","good","ok","no","no"
"zachary.folk@camelotsecure.com","good","ok","no","no"
"zachary.storey@wtvy.com","good","ok","no","no"
"zack.mcanally@ftxinfotech.com","good","ok","no","no"
"zack@actuscapital.com","good","ok","no","no"
"zack@arrisconstruction.com","good","ok","no","no"
"zack@legacyinsurance.org","good","ok","no","no"
"zack@thebenjamingroup.biz","good","ok","no","no"
"zack@unitedgymstarsandcheer.com","good","ok","no","no"
"zackryw@railtrac.com","good","ok","no","no"
"zahead@ua.edu","good","ok","no","no"
"zak@forestwood.com","good","ok","no","no"
"zara@lylahhealth.com","good","ok","no","no"
"zcrawford@clarkexchange.com","good","ok","no","no"
"zcrow@aeshoals.com","good","ok","no","no"
"zeb@jraee.com","good","ok","no","no"
"zebbie@eugeneshotchicken.com","good","ok","no","no"
"zfiney@cleartrackhr.com","good","ok","no","no"
"zgraham@mypartsxpress.com","good","ok","no","no"
"zgreene@liveattollo.com","good","ok","no","no"
"zhangsunjing@made-in-china.com","good","ok","no","no"
"zhumphries@nextsolutionllc.com","good","ok","no","no"
"zhurst@cots.com","bad","invalid","no","no"
"zion@thrillofit.info","good","ok","no","no"
"zkennedy@bakeshophawaii.com","good","ok","no","no"
"zmorrow@hhtech.net","good","ok","no","no"
"zpope@hemsi.org","good","ok","no","no"
"zrivers@mwburger.com","good","ok","no","no"
"zrumph@kwzcontracting.com","good","ok","no","no"
"zshelton@cgnw.com","good","ok","no","no"
"zsims@coolcareprotection.com","good","ok","no","no"
"ztarence@foundersib.com","good","ok","no","no"
"zuko@terribleposture.com","risky","catch_all","no","no"
"zuzana@runnersedge.physio","risky","catch_all","no","no"
"zwinter@prestigehealthnet.com","good","ok","no","no"
"zwood@nearen.com","good","ok","no","no"
"zyna@tradewinds-software.com","good","ok","no","no"
