"email","quality","result","free","role"
"a.haggar@bwoodscompany.com","good","ok","no","no"
"a.hartzog@greencorridors.com","good","ok","no","no"
"a.lowden@hignell.com","good","ok","no","no"
"a.madrigal@unicare247.com","good","ok","no","no"
"a.spellman@cfmkc.com","good","ok","no","no"
"aamort@cascade-env.com","good","ok","no","no"
"aaron.clark@tabapay.com","good","ok","no","no"
"aaron.cochran@wago.com","good","ok","no","no"
"aaron@southeastexhibit.com","good","ok","no","no"
"aaron@swattsgroup.com","good","ok","no","no"
"abautista@westernshield.com","good","ok","no","no"
"abbas.khan@qbiquity.com","risky","catch_all","no","no"
"abecker@helpstone.io","good","ok","no","no"
"abecker@revealdata.com","good","ok","no","no"
"abeutler@kelbli.com","good","ok","no","no"
"abhishek@azaaki.com","good","ok","no","no"
"abodan2835@sdsu.edu","good","ok","no","no"
"abuch@hyspan.com","good","ok","no","no"
"acarpenter@vancebrothers.com","good","ok","no","no"
"acasella@flytucson.com","good","ok","no","no"
"acatano@8020.net","bad","invalid","no","no"
"achavez@xlconcretemasonry.com","good","ok","no","no"
"acheverton@wherible.com","good","ok","no","no"
"aclark@teamconstruction.com","good","ok","no","no"
"acuda@schefloweng.com","good","ok","no","no"
"adam.bird@wattsgroupiowa.com","good","ok","no","no"
"adam.farmer@drivenplastics.com","good","ok","no","no"
"adam.farrell@essentia-inc.com","good","ok","no","no"
"adam.newlin@ryseelevator.com","good","ok","no","no"
"adam.ward@stuut.co","good","ok","no","no"
"adam@firstrecon.ai","good","ok","no","no"
"adam@kennagroup.com","risky","catch_all","no","no"
"adamholley@manwahusa.com","good","ok","no","no"
"adecker@bankofgrandin.net","good","ok","no","no"
"adelaney@haliatx.com","good","ok","no","no"
"adison@theshoeguys.org","bad","invalid","no","no"
"aedmonds@rarerecapture.com","good","ok","no","no"
"aerturkuner@trinityhunt.com","good","ok","no","no"
"aforsmo@mediahorizons.com","bad","invalid","no","no"
"afoster@pathexterior.com","good","ok","no","no"
"aga.brzozowska@postie.com","good","ok","no","no"
"agamboa@tjh.com","good","ok","no","no"
"aj.mann@metalsinc.com","bad","invalid","no","no"
"aj@windycitylaundry.com","good","ok","no","no"
"ajanapati@joinsunfish.com","risky","catch_all","no","no"
"ajordan@bryanthealthconsultants.com","good","ok","no","no"
"akan@biolinq.com","good","ok","no","no"
"akuta@streetlevelinvestments.com","good","ok","no","no"
"akutner@andoverprop.com","good","ok","no","no"
"al@digicopy.org","good","ok","no","no"
"alaina.winston@heitman.com","good","ok","no","no"
"alamb@sunwestbank.com","bad","invalid","no","no"
"alan.kennedy@listentech.com","risky","catch_all","no","no"
"alesya@inworld.ai","good","ok","no","no"
"alex.anastasi@umusic.com","good","ok","no","no"
"alex.elliott@chillpro.com","good","ok","no","no"
"alex.gianni@umtglobal.com","good","ok","no","no"
"alex.jannke@aircar.com","good","ok","no","no"
"alex.jones@onto.health","good","ok","no","no"
"alex.juttner@primemachine.com","good","ok","no","no"
"alex@conduant.com","risky","catch_all","no","no"
"alex@pillarandpeacock.com","good","ok","no","no"
"alexa.beck@stoneconsultingteam.com","good","ok","no","no"
"alexander.peterson@ticketure.com","good","ok","no","no"
"alexander.sonsthagen@tandemtheory.com","good","ok","no","no"
"alexandra.flores@virtixhealth.com","good","ok","no","no"
"alexandra@onxsports.com","risky","catch_all","no","no"
"alexis@963it.ai","good","ok","no","no"
"alexr@instandcontrols.com","good","ok","no","no"
"ali@leisuresociety.com","good","ok","no","no"
"allan@idvera.com","good","ok","no","no"
"allison.richmond@statushp.com","good","ok","no","no"
"allison@sellcord.co","good","ok","no","no"
"alma.hansen@sba.gov","bad","invalid","no","no"
"almerz@paseap.com","good","ok","no","no"
"alyssa@northlinkservices.com","good","ok","no","no"
"amanda@compassionneurohealth.com","good","ok","no","no"
"amanda@phelpsandfrias.com","risky","catch_all","no","no"
"amandaj@imageworksdirect.com","risky","catch_all","no","no"
"amccann@medgyn.com","good","ok","no","no"
"amelia@nailegacy.com","risky","catch_all","no","no"
"amendez@surterreproperties.com","good","ok","no","no"
"amir.volk@lyte.ai","good","ok","no","no"
"amorita@delawie.com","bad","invalid","no","no"
"amos.indranada@lilacsolutions.com","good","ok","no","no"
"amunje@ftcsolar.com","good","ok","no","no"
"amy.s@thrombolex.com","good","ok","no","no"
"anair@legion.co","good","ok","no","no"
"anderson@garlicbarrier.com","good","ok","no","no"
"andersond@warn.com","good","ok","no","no"
"andrea@forwardcoaching.com","good","ok","no","no"
"andrea_harvey@mohawkind.com","good","ok","no","no"
"andres.velez@grandbridge.com","good","ok","no","no"
"andrew.burke@tristar.com","good","ok","no","no"
"andrew.kucienski@pinnsales.com","good","ok","no","no"
"andrew.peterson@uptower.com","good","ok","no","no"
"andrew@alphamunitions.com","good","ok","no","no"
"andrew@insureucolorado.com","good","ok","no","no"
"andrews@actfulfillment.com","good","ok","no","no"
"andrewz@roebbelen.com","good","ok","no","no"
"andy.samaras@swds.net","good","ok","no","no"
"andy.sirjord@us.panasonic.com","good","ok","no","no"
"andyyeo@commonroom.io","good","ok","no","no"
"angela.cutler@cargorx.com","good","ok","no","no"
"anita@ips-pipe.com","good","ok","no","no"
"ann@privatuscp.asia","good","ok","no","no"
"anna.crean@i-techsupport.com","good","ok","no","no"
"anna.villierme@sanfranciscosignal.com","good","ok","no","no"
"anna@signalgroup.co","good","ok","no","no"
"annapage@omnicommander.com","good","ok","no","no"
"anthony.hesano@joindeleteme.com","good","ok","no","no"
"anthony.wahba@onsitelasermedic.com","good","ok","no","no"
"anthony.weber@royalbanksnet.com","bad","invalid","no","no"
"anthonyb@wnplumbing.com","good","ok","no","no"
"anwer.hussain@archerwell.com","bad","invalid","no","no"
"aochabauer@ecc.net","good","ok","no","no"
"apatton@revertsystems.com","good","ok","no","no"
"aphillips@interimhealthcare.com","good","ok","no","no"
"aploozian@omnisaves.com","good","ok","no","no"
"april.devore@iampoetic.org","good","ok","no","no"
"ari@factapartners.com","good","ok","no","no"
"ariel.tovar@level.us","bad","invalid","no","no"
"armando@venderaresources.com","good","ok","no","no"
"arne@tivitri.com","good","ok","no","no"
"arnold.soto@onqhomeloans.com","good","ok","no","no"
"aron@apexdesign.build","good","ok","no","no"
"arshan@solusil.com","good","ok","no","no"
"aschroder@convenerisk.com","good","ok","no","no"
"ash@medmo.com","good","ok","no","no"
"ashishk@parthenoncapital.com","good","ok","no","no"
"ashley.taylor@mcs360.com","good","ok","no","no"
"ashley@andersonlampe.com","good","ok","no","no"
"ashley@gcg-re.com","good","ok","no","no"
"ashley@incrediblepizza.com","good","ok","no","no"
"ashutosh.kavathekar@simplifyalpha.com","good","ok","no","no"
"asires@silverstatewire.com","good","ok","no","no"
"askillern@mccarthy.com","good","ok","no","no"
"asparks@pacificbiosciences.com","good","ok","no","no"
"asparks@secondwavept.com","good","ok","no","no"
"aspeni@tcbssb.com","bad","invalid","no","no"
"asuarez@estrellamedia.com","good","ok","no","no"
"atsushi.osaki@aisintca.com","risky","catch_all","no","no"
"aure@reynoldspackaging.net","risky","unknown","no","no"
"austin.zwilling@trustbank.net","good","ok","no","no"
"austin@maioil.com","good","ok","no","no"
"austin@mavenroyalty.com","good","ok","no","no"
"austin@metcalfbuilders.com","good","ok","no","no"
"austin@muneracapital.com","good","ok","no","no"
"austin@runsybil.com","risky","catch_all","no","no"
"avanam@transportone.ai","good","ok","no","no"
"avery.kim@creditgenie.com","good","ok","no","no"
"awagh@alas.com","good","ok","no","no"
"awalkup@valir.com","good","ok","no","no"
"aweiss@dura.software","good","ok","no","no"
"awhitsell@cascade-env.com","good","ok","no","no"
"aya.shitanishi@teterae.com","good","ok","no","no"
"ayakah@pacificappliancegroup.com","good","ok","no","no"
"b.kiet@omni-lite.com","good","ok","no","no"
"b.williams@edelrid.com","good","ok","no","no"
"baileyn@huntingplc.com","risky","catch_all","no","no"
"ballen@mesfire.com","good","ok","no","no"
"bandish@clsolutionscorp.com","good","ok","no","no"
"bar@wisechoiceremodel.com","good","ok","no","yes"
"barry@nelsonmgmt.com","good","ok","no","no"
"bart@advantify.ai","good","ok","no","no"
"bassel.s@harrishealthcare.com","bad","invalid","no","no"
"bbattle@drexelrealtypartners.com","good","ok","no","no"
"bbishop@oneascent.com","good","ok","no","no"
"bclabaugh@infuzecu.org","good","ok","no","no"
"bcooney@nuuvia.com","good","ok","no","no"
"bcoppinger@pjcbermuda.com","good","ok","no","no"
"bcox@66eng.com","risky","catch_all","no","no"
"bcraig@diversifiedland.com","good","ok","no","no"
"bcskarbek@coronaltd.com","risky","unknown","no","no"
"bdailey@indeck-power.com","good","ok","no","no"
"bdaniel@gwaymanagement.com","good","ok","no","no"
"bdimemmo@avataracloud.com","good","ok","no","no"
"bdore@tcbssb.com","bad","invalid","no","no"
"bdrvol@dimatic.com","good","ok","no","no"
"bechara@teyoi.com","good","ok","no","no"
"behlers@hersheystatebank.com","good","ok","no","no"
"bellsworth@royalbank-usa.com","good","ok","no","no"
"ben.greer@mendaera.com","good","ok","no","no"
"ben.marmion@jardengroup.com.au","good","ok","no","no"
"ben@landproperty.com","good","ok","no","no"
"benjamin@bonafidecglm.org","good","ok","no","no"
"benny@nalcc.com","good","ok","no","no"
"bethany.ockerman@mcs360.com","good","ok","no","no"
"bfields@whittiertrust.com","good","ok","no","no"
"bford@honrchemicals.com","good","ok","no","no"
"bgabrielse@vermeerwisconsin.com","good","ok","no","no"
"bgeis@peoplesmortgage.com","good","ok","no","no"
"bgirolami@accurategroup.com","bad","invalid","no","no"
"bgleaton@fairgameus.com","good","ok","no","no"
"bgraham@grandcanyoninc.com","bad","invalid","no","no"
"bgrote@emarquettebank.com","good","ok","no","no"
"bhamilton@olatheford.com","good","ok","no","no"
"bharper@lynden.com","good","ok","no","no"
"bharvey@hhbuilders.com","bad","invalid","no","no"
"bhelmeid@afi-kc.com","good","ok","no","no"
"bhermis@thirdcoast.bank","good","ok","no","no"
"bhomerstad@unittexas.com","good","ok","no","no"
"bhooshan.karnik@ingios.com","good","ok","no","no"
"bhorvath@republicebank.com","bad","invalid","no","no"
"bilal.mirza@icjc.org","good","ok","no","no"
"bill.groce@ronparco.com","good","ok","no","no"
"bill.jordan@engie.com","good","ok","no","no"
"bill.mccann@gardner-white.com","bad","invalid","no","no"
"bill@jaffagroup.com","good","ok","no","yes"
"billie.grawe@mercbanx.com","risky","unknown","no","no"
"birgit.volk@farmcreditil.com","risky","catch_all","no","no"
"bjuranek@terraofs.com","good","ok","no","no"
"blake@cm2supply.com","good","ok","no","no"
"blake@hennesseyperformance.com","good","ok","no","no"
"blake@parklandcp.com","risky","catch_all","no","no"
"blaket@william-macrae.com","good","ok","no","no"
"bleake@jencoroofing.com","good","ok","no","no"
"blindsey@broadwayhomemed.com","good","ok","no","no"
"blok@caruso.com","good","ok","no","no"
"blopez@alternawm.com","good","ok","no","no"
"bluneau@tmc.edu","good","ok","no","no"
"bmann@ricpartners.com","good","ok","no","no"
"bmartin@brennanllc.com","good","ok","no","no"
"bmatzen@26n.com","good","ok","no","no"
"bmillerbaugh@sciencofast.com","good","ok","no","no"
"bnail@lidoadvisors.com","good","ok","no","no"
"bnanberg@hdsideas.com","good","ok","no","no"
"bnelson@watercressgroup.com","good","ok","no","no"
"bnewman@faircroft.com","good","ok","no","no"
"bnguyen@breckis.com","good","ok","no","no"
"bo@hwmedia.com","good","ok","no","no"
"bob.gray@jet-infrastructure.com","good","ok","no","no"
"bob.mcelearney@mei.com","bad","invalid","no","no"
"bob.smith@recom.co","good","ok","no","no"
"bobby.schmidt@jamssoftware.com","good","ok","no","no"
"bobby.vanthuyne@affiniuscapital.com","bad","invalid","no","no"
"bobby@premiumoilfield.com","good","ok","no","no"
"bonnie@blandfordhomes.com","good","ok","no","no"
"bonniek@healthcasts.com","good","ok","no","no"
"bpentzien@pointmtg.com","good","ok","no","no"
"bpereyda@owlee.com","good","ok","no","no"
"bpettke@unitedhq.com","good","ok","no","no"
"bpiske@eaglemechllc.com","good","ok","no","no"
"brad@edcoair.com","good","ok","no","no"
"bradb@crilifetree.com","risky","catch_all","no","no"
"bradley.hammer@heitman.com","good","ok","no","no"
"bradley@securitybankkc.com","bad","invalid","no","no"
"brady@legacychems.com","risky","catch_all","no","no"
"bradyn.j@onengine.ai","good","ok","no","no"
"brandan@fiveelms.com","good","ok","no","no"
"brandon.ibarra@taggngo.com","good","ok","no","no"
"brandon.kaufman@videoamp.com","good","ok","no","no"
"brandon.phillips@sct.us","good","ok","no","no"
"brandon@mytrinityins.com","bad","invalid","no","no"
"brandon@tristate-graphics.com","good","ok","no","no"
"brandonbrewer@republictitle.com","good","ok","no","no"
"brandy@freshbenies.com","good","ok","no","no"
"brandy@ifgservices.com","risky","catch_all","no","no"
"braville@hrockerelectric.com","good","ok","no","no"
"brblackburn@conradindustries.com","good","ok","no","no"
"breed@easymetrics.com","good","ok","no","no"
"brenda@darrenhardy.com","risky","catch_all","no","no"
"brendan.steinway@marcone.com","risky","catch_all","no","no"
"brendan@tivolidistributing.com","good","ok","no","no"
"brennan.jeretina@postoakgroup.co","risky","catch_all","no","no"
"brennen@duketalent.online","good","ok","no","no"
"brent@betterrisecapital.com","risky","catch_all","no","no"
"brestani@alarmax.com","good","ok","no","no"
"brett.dowling@serko.com","good","ok","no","no"
"brett@aircontx.com","good","ok","no","no"
"brettmilde@kw.com","good","ok","no","no"
"bria.ward@respirehomecare.com","good","ok","no","no"
"brian.columbus@engineerup.com","good","ok","no","no"
"brian.connors@crm.microport.com","good","ok","no","no"
"brian.hillen@msgmi.com","good","ok","no","no"
"brian.kimpel@lbgil.com","good","ok","no","no"
"brian.larson@fordtool.com","good","ok","no","no"
"brian.s@ulrichlifestyle.com","good","ok","no","no"
"brian.sandahl@atmosphere.tv","good","ok","no","no"
"brian.seibert@draperandkramer.com","good","ok","no","no"
"brian.westlund@abmnow.com","good","ok","no","no"
"brian.wigginton@riyex.com","good","ok","no","no"
"brian@chargescape.com","good","ok","no","no"
"brian@finalytics.ai","good","ok","no","no"
"brian@generaltranslation.com","good","ok","no","no"
"brian@geotrekvans.com","risky","catch_all","no","no"
"brian@goodwinconsultinggroup.net","good","ok","no","no"
"brian@ilawyermarketing.com","good","ok","no","no"
"brian@primetimeproduce.com","good","ok","no","no"
"brian@welch-sandon.com","good","ok","no","no"
"briana.drumm@tpncommerce.com","good","ok","no","no"
"britny@elitemids.com","good","ok","no","no"
"brittany.hernandez@tdc-properties.com","good","ok","no","no"
"brock.dieterle@arizonaccc.com","good","ok","no","no"
"brock.glessner@gisbenefits.net","good","ok","no","no"
"brolsing@csigc.com","bad","invalid","no","no"
"bronson@direct-meds.com","good","ok","no","no"
"brooks@sw-electric.com","good","ok","no","no"
"bruce.bonham@ashcraftcompany.com","good","ok","no","no"
"bryan.cournoyer@sothebysrealty.com","bad","invalid","no","no"
"bryan@designerstonecenter.com","risky","catch_all","no","no"
"bryan@ohcllc.us","good","ok","no","no"
"bryan@pjexcavating.com","bad","invalid","no","no"
"bryanna.lewis@communitynational.net","good","ok","no","no"
"bryce@exerplay.com","good","ok","no","no"
"brynna.desantiago@gogtp.com","good","ok","no","no"
"bryson@t3sixty.com","good","ok","no","no"
"bsawyer@mocproducts.com","good","ok","no","no"
"bshelton@westgate.bank","risky","unknown","no","no"
"bshivers@goeversolve.com","good","ok","no","no"
"bsims@wrscpa.com","good","ok","no","no"
"bsoule@civil-one.com","good","ok","no","no"
"bspears@weststarbank.com","bad","invalid","no","no"
"bstroup@consolidatedtruck.com","good","ok","no","no"
"bstuart@shorecp.com","good","ok","no","no"
"btometich@petrocard.com","bad","invalid","no","no"
"btsoi@elhamcredit.com","good","ok","no","no"
"bwalker@mymax.com","bad","invalid","no","no"
"bweber@chmpgrp.com","good","ok","no","no"
"bwest@valorc3.com","bad","invalid","no","no"
"bwhitmer@amrestoration.com","good","ok","no","no"
"byron.boyd@3-sservices.com","bad","invalid","no","no"
"c.carlberg@vaqueroresources.com","good","ok","no","no"
"c.davies@morrow.com","good","ok","no","no"
"c.lowenthal@alignproperties.co","good","ok","no","no"
"c.morley@craneengineering.net","good","ok","no","no"
"c.soto@tndtx.com","good","ok","no","no"
"cait.dilallo@healix.com","good","ok","no","no"
"caleb@mendellhelium.com","good","ok","no","no"
"caltevogt@surepayfinance.com","good","ok","no","no"
"cameron.doran@sprbrk.com","good","ok","no","no"
"cameron.trice@basepointacademy.com","bad","invalid","no","no"
"camille@opositiv.com","good","ok","no","no"
"canderson@intellicheck.com","good","ok","no","no"
"cara.ryan@ipx1031.com","good","ok","no","no"
"caren@reliatronics.com","bad","invalid","no","no"
"carey.wood@lucenthealth.com","good","ok","no","no"
"carey@turnkeynet.com","bad","invalid","no","no"
"carie.blow@fitnessintl.com","good","ok","no","no"
"carla.roberts@southernadmin.com","good","ok","no","no"
"carla@redbud.partners","good","ok","no","no"
"carlos.quintana@toughbuilt.com","good","ok","no","no"
"carly@adlabs.app","good","ok","no","no"
"caroll@ocfooddistributorllc.com","risky","catch_all","no","no"
"caryn@simplyyearbook.com","good","ok","no","no"
"casey.holgado@atlasspace.com","good","ok","no","no"
"casey.hoopes@buildhavn.com","good","ok","no","no"
"casey.marcin@pph-americas.com","good","ok","no","no"
"casey.miller@hartfordfunds.com","good","ok","no","no"
"cassandra.rauch@sheridanproduction.com","good","ok","no","no"
"catherine@branchlab.com","good","ok","no","no"
"cathy@vivetexashomes.com","good","ok","no","no"
"cbarlow@insurewithcompass.com","good","ok","no","no"
"cbartling@greenbeltbank.com","good","ok","no","no"
"cbohrer@wic.insurance","good","ok","no","no"
"cborders@ccichemical.com","good","ok","no","no"
"cboyter@legendary.com","risky","catch_all","no","no"
"cbrinegar@atlasseniorliving.com","good","ok","no","no"
"cburkhart@gnty.com","risky","catch_all","no","no"
"cchow@lasermach.com","bad","invalid","no","no"
"ccleveland@cbrrv.com","bad","invalid","no","no"
"ccrawley@texonlp.com","good","ok","no","no"
"ccyzman@kammco.com","good","ok","no","no"
"cdebenham@diagnosticgreen.com","good","ok","no","no"
"cdejong@inspirofinancial.com","good","ok","no","no"
"cdormire@wesanco-zsi.com","good","ok","no","no"
"ce@thefamilie.com","good","ok","no","no"
"cesar.ochoa@ubeusa.com","good","ok","no","no"
"cesarjr@mmgtx.com","good","ok","no","no"
"cfarr@es2built.com","good","ok","no","no"
"cfrancis@goppertfb.com","good","ok","no","no"
"cfranks@kwmce.com","good","ok","no","no"
"cgagne@cfgef.com","risky","catch_all","no","no"
"cgasper@oakstarbank.com","good","ok","no","no"
"cgier@excellere.com","good","ok","no","no"
"cgilley@pksti.com","good","ok","no","no"
"cgossen@plainscommerce.com","good","ok","no","no"
"cgraham@sdsal.net","good","ok","no","no"
"cgriffin@rkienergy.com","good","ok","no","no"
"chad.deshler@espresa.com","good","ok","no","no"
"chad@hstr.com","good","ok","no","no"
"chad@makewellness.com","good","ok","no","no"
"chad@trojansteel.com","good","ok","no","no"
"chance.talbot@legendhomelending.com","good","ok","no","no"
"chandler@medvelle.com","good","ok","no","no"
"charles.kreamer@slemco.com","good","ok","no","no"
"charles@moglass.net","good","ok","no","no"
"charlie.noser@reged.com","good","ok","no","no"
"charp@topwater-es.com","good","ok","no","no"
"chart@tayloroilfield.com","good","ok","no","no"
"chartlage@energyrecovery.com","good","ok","no","no"
"chase@ault.com","good","ok","no","no"
"chavey@whyterra.com","good","ok","no","no"
"chen@luminxai.com","risky","catch_all","no","no"
"cheryl@carotherstx.com","good","ok","no","no"
"cheurtin@accesshealthla.org","risky","catch_all","no","no"
"chico@built4it.com","risky","catch_all","no","no"
"chiko@smithgeiger.com","good","ok","no","no"
"cholst@megastarfinancial.com","bad","invalid","no","no"
"chorton@cardiacmarkers.org","good","ok","no","no"
"chotz@fergusonpartners.com","good","ok","no","no"
"chris.bostock@translucent.co","good","ok","no","no"
"chris.casey@wholenutritions.com","bad","invalid","no","no"
"chris.drinkwine@iconcrane.com","good","ok","no","no"
"chris.edwards@optilogic.com","good","ok","no","no"
"chris.fredrickson@silacins.com","good","ok","no","no"
"chris.higgins@codemetal.ai","good","ok","no","no"
"chris.marquis@mcs360.com","good","ok","no","no"
"chris.morbey@tamboran.com","good","ok","no","no"
"chris.patino@zartico.com","good","ok","no","no"
"chris.seider@currentpower.com","good","ok","no","no"
"chris.thorman@integratedopenings.com","good","ok","no","no"
"chris.tosti@originpoint.com","good","ok","no","no"
"chris.vogler@calibercollision.com","good","ok","no","no"
"chris@arbushospitality.com","good","ok","no","no"
"chris@californiacoastplumbers.com","risky","catch_all","no","no"
"chris@championhoistandcrane.com","good","ok","no","no"
"chris@defectdojo.com","risky","catch_all","no","no"
"chris@hinesinc.com","good","ok","no","no"
"chris@kinfine.com","good","ok","no","no"
"chris@vollanoil.com","good","ok","no","no"
"chrisp@audixusa.com","risky","catch_all","no","no"
"christian.holcomb@nglep.com","good","ok","no","no"
"christina@creativeballoonsmfg.com","risky","unknown","no","no"
"christinac@deanbaldwinpainting.com","good","ok","no","no"
"christine.biddle@speckidsaba.com","good","ok","no","no"
"christine@altsol.com","good","ok","no","no"
"chuck@roofingangels.com","good","ok","no","no"
"chuddleston@trojanco.com","good","ok","no","no"
"chughes@encorenationwide.com","good","ok","no","no"
"cindee@countertek.com","good","ok","no","no"
"cindy.kenner@brandaddition.com","good","ok","no","no"
"cindy@aikinsdist.com","good","ok","no","no"
"cindyheller@jaryco.com","good","ok","no","no"
"cira.jones@volt-logistics.com","good","ok","no","no"
"cjurowski@precollc.com","good","ok","no","no"
"ckim@sequoiacap.com","risky","catch_all","no","no"
"cking@bankiowa.bank","bad","invalid","no","no"
"ckruse@ohana-ventures.com","good","ok","no","no"
"claire.broussard@flywheelenergy.com","good","ok","no","no"
"clark@backops.ai","good","ok","no","no"
"clau@venrock.com","good","ok","no","no"
"claudia.cockerham@peoplesbank-wa.com","bad","invalid","no","no"
"clazarian@criticalpoint.com","good","ok","no","no"
"clefevre@horizontechfinance.com","good","ok","no","no"
"cleibold@nortonpackaging.com","good","ok","no","no"
"clement.gayral@aeriusleasing.com","good","ok","no","no"
"cliddle@educationdynamics.com","risky","catch_all","no","no"
"cliff.crocker@embrace.io","risky","catch_all","no","no"
"cliff@grandsolar.org","good","ok","no","no"
"clint.welch@durhampecan.com","good","ok","no","no"
"clint@calelectroinc.com","good","ok","no","no"
"clinte@pecorp.net","good","ok","no","no"
"clynn@groomeindustrial.com","good","ok","no","no"
"cmattingly@bluegrassbit.com","good","ok","no","no"
"cmicek@dedicatedgbc.com","good","ok","no","no"
"cmoody@ctrinvestors.com","good","ok","no","no"
"cmurray@mp.bank","good","ok","no","no"
"cneisen@justassociates.com","good","ok","no","no"
"cnelson@completegenomics.com","good","ok","no","no"
"codymcdonald@kapitalsteel.com","risky","catch_all","no","no"
"codyw@forumcre.com","risky","unknown","no","no"
"cole.wagaman@naturestarglobal.com","risky","unknown","no","no"
"cole@glass-imaging.com","risky","catch_all","no","no"
"cole@sunnysidecalifornia.com","good","ok","no","no"
"coleman@summitproline.com","risky","catch_all","no","no"
"colin.erdman@trinetx.com","bad","invalid","no","no"
"colton.anner@saygo.com","good","ok","no","no"
"connor.ericson@rice.edu","risky","catch_all","no","no"
"connor@omen.ai","good","ok","no","no"
"corbin@strategicag.net","good","ok","no","no"
"cordon@lincolncapitalgroup.com","good","ok","no","no"
"corey@ddindustries.com","good","ok","no","no"
"corinne.gilliard.fisher@pushkin.fm","good","ok","no","no"
"corley@leadingpharma.com","bad","invalid","no","no"
"costwald@idenvironmental.com","good","ok","no","no"
"cote@coseoproperties.com","good","ok","no","no"
"courtney.clark@gallusdetox.com","good","ok","no","no"
"cpananides@emmerandrye.com","good","ok","no","no"
"cparker@jgparker.com","good","ok","no","no"
"cpentella@guthy-renker.com","good","ok","no","no"
"cpierce@skylineroofingpartners.com","good","ok","no","no"
"cpowell@penskeautomotive.com","good","ok","no","no"
"craig.anderson@planeta.energy","good","ok","no","no"
"craig@ardroofing.com","good","ok","no","no"
"craiglangseth@sbjames.com","good","ok","no","no"
"cransome@missioncriticalgroup.com","good","ok","no","no"
"creutter@reynoldsap.com","good","ok","no","no"
"cristian@flexxon.com","good","ok","no","no"
"croll@ffb.com","bad","invalid","no","no"
"crystal@enrightgrp.com","risky","catch_all","no","no"
"csalinetro@keystonetech.com","good","ok","no","no"
"cshaw@windishrv.com","good","ok","no","no"
"cshipman@reservoirdata.com","good","ok","no","no"
"csnipes@clicktherapeutics.com","good","ok","no","no"
"csoreano@lee-associates.com","good","ok","no","no"
"cstjohn@vegasexperience.com","good","ok","no","no"
"cthompson@t4resources.com","good","ok","no","no"
"ctodd@synergyequip.com","bad","invalid","no","no"
"ctorrez@r2technologies.com","good","ok","no","no"
"cvelasquez@latination.com","good","ok","no","no"
"cwheaton@firstib.com","good","ok","no","no"
"cwilliams@broadswordinvestors.com","good","ok","no","no"
"cwilson@hecateenergy.com","good","ok","no","no"
"cwomack@solidearthconstruction.com","good","ok","no","no"
"cynthia.benavidez@ellironres.com","good","ok","no","no"
"cynthia@runlayer.com","risky","catch_all","no","no"
"cyril@singularityus.com","good","ok","no","no"
"cyrusk@ten-x.com","good","ok","no","no"
"czauner@luxorworkspaces.com","good","ok","no","no"
"d.avery@kinders.com","good","ok","no","no"
"d.manka@pipermaddox.com","good","ok","no","no"
"dahsahn.davenport@arkshirefinancial.com","risky","catch_all","no","no"
"dale.robbins@srsre.com","good","ok","no","no"
"dale@badgermarine.com","risky","unknown","no","no"
"dale@setscrewmfg.com","good","ok","no","no"
"dalexander@goarriva.com","good","ok","no","no"
"damian@felixpago.com","risky","catch_all","no","no"
"damien@unclematts.com","good","ok","no","no"
"dan.franz@halff.com","good","ok","no","no"
"dan.mize@oncoursehome.com","good","ok","no","no"
"dan.topp@crosstelecom.ro","bad","invalid","no","no"
"dan@rocomcorp.com","good","ok","no","no"
"dan@suturegard.com","good","ok","no","no"
"dana.blass@brownmanagement.com","good","ok","no","no"
"danak@bannerfire.com","risky","catch_all","no","no"
"dani@creativealliancegroup.com","good","ok","no","no"
"daniel.bevan@spendhq.com","good","ok","no","no"
"daniel.hintze@nebat.com","good","ok","no","no"
"daniel.zurakov@prophetexchange.com","risky","catch_all","no","no"
"daniel@americanhousing.com","good","ok","no","no"
"daniel@bolismedia.com","good","ok","no","no"
"danielc@harris-bruno.com","good","ok","no","no"
"danielwingo@communityansweringservice.com","bad","invalid","no","no"
"danny@rjkool.com","good","ok","no","no"
"dantet@lanova.com","good","ok","no","no"
"darcy.otis@energysolutions-solar.com","good","ok","no","no"
"darcy.shunk@mechasys.ca","good","ok","no","no"
"dardies@imagenetconsulting.com","good","ok","no","no"
"daren.lee@pico.net","good","ok","no","no"
"darlingten.nwaokoro@asipartner.com","risky","catch_all","no","no"
"darnell@rhcrx.com","risky","catch_all","no","no"
"daron@slick-response.com","good","ok","no","no"
"darrel.rubin@diskcopy.com","good","ok","no","no"
"darren.louie@proof.com","good","ok","no","no"
"darring@1st-lake.com","good","ok","no","no"
"darryl@headstartwarrantygroup.com","good","ok","no","no"
"darville@bridgepointmultifamily.com","good","ok","no","no"
"daryl.stevenson@stacytuschl.com","good","ok","no","no"
"daryn.gilstrap@berschauergroup.com","good","ok","no","no"
"dat.nguyen@roundedcube.com","good","ok","no","no"
"dave.bozich@renishaw.com","good","ok","no","no"
"dave.cook@marcone.com","risky","catch_all","no","no"
"dave@chapmancompany.net","bad","invalid","no","no"
"dave@stonegrillusa.com","good","ok","no","no"
"davecrumbaugh@andon.com","good","ok","no","no"
"davek@mwnelson.com","risky","catch_all","no","no"
"davel@moshield.com","good","ok","no","no"
"david.blanchette@elevationpoint.com","good","ok","no","no"
"david.cornell@legacymedicalconsultants.com","good","ok","no","no"
"david.dai@sgscm.com","good","ok","no","no"
"david.king@rigidbuilding.com","good","ok","no","no"
"david.kleiber@ceteraadvisors.com","risky","unknown","no","no"
"david.reiter@tapinnov.com","good","ok","no","no"
"david.thurber@cacspecialty.com","good","ok","no","no"
"david.vasquez@sheaproperties.com","bad","invalid","no","no"
"david@combsinsurance.com","good","ok","no","no"
"david@darkhorsemetals.com","bad","invalid","no","no"
"david@emsshi.com","good","ok","no","no"
"david@fluidfortress.com","risky","unknown","no","no"
"david@hasi.bet","good","ok","no","no"
"david@its-thermal.com","good","ok","no","no"
"david@jbandersonplanning.com","risky","catch_all","no","no"
"david@matwest.com","good","ok","no","no"
"david@pinkertonpartners.com","good","ok","no","no"
"david@purewaternorth.com","good","ok","no","no"
"david@qualityttr.com","good","ok","no","no"
"david@texasheritagebank.com","good","ok","no","no"
"davidc@statenational.com","good","ok","no","no"
"davidsm@copiers-plus.com","bad","invalid","no","no"
"davidtucker@cochranconstructioncompany.com","bad","invalid","no","no"
"dawn.patella@dimont.com","good","ok","no","no"
"dbailin@safetrust.com","good","ok","no","no"
"dbarbee@griswoldremgmt.com","good","ok","no","no"
"dbeightler@apextrash.com","good","ok","no","no"
"dbingham@statenational.com","good","ok","no","no"
"dblair@paradisepay.net","good","ok","no","no"
"dbrandwick@oertelarchitects.com","risky","catch_all","no","no"
"dbrunskole@leonardgreen.com","good","ok","no","no"
"dcarter@kraftcm.com","good","ok","no","no"
"dcarter@sletteninc.com","good","ok","no","no"
"dcorcio@trinity-s.com","risky","unknown","no","no"
"dcoriell@gardnernational.com","bad","invalid","no","no"
"ddavis@corroeng.com","risky","unknown","no","no"
"ddehaven@northernbiogas.com","good","ok","no","no"
"ddempster@changemtg.com","good","ok","no","no"
"ddennett@zeller.us","good","ok","no","no"
"ddodson@accufixsurgical.com","risky","catch_all","no","no"
"ddthibodeau@tacticalcleaning.com","good","ok","no","no"
"dean.madden@iac.aero","risky","catch_all","no","no"
"deanna@quantumdigital.com","risky","catch_all","no","no"
"deanr@cnbcrockett.com","good","ok","no","no"
"debbie.jonesohel@silverlake.com","good","ok","no","no"
"debbieb@bluedicap.com","good","ok","no","no"
"debi@coppellac.com","good","ok","no","no"
"dedwards@aceaero.com","good","ok","no","no"
"deh@linbeck.com","good","ok","no","no"
"demarcus@animalernwh.com","risky","catch_all","no","no"
"denae@brayconstruction.com","good","ok","no","no"
"denis@kinto-usa.com","good","ok","no","no"
"denise@postscriptmedia.net","good","ok","no","no"
"dennis.donovan@allstarservicesnow.com","good","ok","no","no"
"dennis@liquitube.com","good","ok","no","no"
"dennislugar@nics.org","good","ok","no","no"
"derek@kinkaidcivil.com","risky","catch_all","no","no"
"derrick_halsey@olympicelectric.net","bad","invalid","no","no"
"devang.p@bsemis.com","good","ok","no","no"
"dflick@infinitycappartners.com","good","ok","no","no"
"dfogle@inductiveautomation.com","good","ok","no","no"
"dfults@voitco.com","good","ok","no","no"
"dglaser@arnolds-supply.com","bad","invalid","no","no"
"dgonzalez@galacapitalpartners.com","good","ok","no","no"
"dgrace@mcmenergy.com","risky","catch_all","no","no"
"dgrosko@ljoinc.com","good","ok","no","no"
"dhart@ghcapital.com","bad","invalid","no","no"
"dhenton@hawaiigas.com","good","ok","no","no"
"dheraty@mi-jack.com","good","ok","no","no"
"dhillon@pakingduck.com","risky","catch_all","no","no"
"dhines@calstatela-fcu.org","good","ok","no","no"
"dhoegemeier@quickfitting.com","good","ok","no","no"
"diana.marshall@magrinopr.com","good","ok","no","no"
"diana@cosmicshielding.com","good","ok","no","no"
"diannedalton@uscityenergy.com","bad","invalid","no","no"
"dick@benchmarkdisplays.com","risky","unknown","no","no"
"diegoguajardo@traildsoftware.com","good","ok","no","no"
"dionna.brown@universalbeauty.com","good","ok","no","no"
"djames@craneagency.com","good","ok","no","no"
"djohnson@varigenbio.com","bad","invalid","no","no"
"djones@phmc.com","good","ok","no","no"
"dkiesewetter@ffgbank.net","good","ok","no","no"
"dlaughlin@willmeng.com","good","ok","no","no"
"dleong@lidoadvisors.com","good","ok","no","no"
"dmarkides@teamarn.com","good","ok","no","no"
"dmarten@haydon.com","risky","catch_all","no","no"
"dmaxwell@capstone-dev.com","good","ok","no","no"
"dmckinnon@tertco.com","good","ok","no","no"
"dmeyer@ifcnationalmarketing.com","good","ok","no","no"
"dmontoya@clearsiteconstruction.com","risky","catch_all","no","no"
"dmorales@spinnerprinting.com","bad","invalid","no","no"
"dmoran@smithmoore.com","good","ok","no","no"
"do.kim@newamsterdampharma.com","good","ok","no","no"
"dodell@gssmail.com","good","ok","no","no"
"dominic.gaudino@jumpmodel.com","good","ok","no","no"
"don.boll@steelreef.ca","good","ok","no","no"
"don.danley@wosupply.com","good","ok","no","no"
"don.keeling@alltechautoparts.com","good","ok","no","no"
"don@consolidatedcontainment.com","good","ok","no","no"
"don@noblesparkmarketing.com","risky","catch_all","no","no"
"donavon.reed@plasticrecycling.us","good","ok","no","no"
"donna.liao@gattai.com","good","ok","no","no"
"donna.smith@levingston.com","good","ok","no","no"
"doug.lafleur@duratech.com","good","ok","no","no"
"doug@oakwoodcomm.com","good","ok","no","no"
"dougmichor@ibccind.com","good","ok","no","no"
"dow@diversifiedsourcingsolutions.com","risky","unknown","no","no"
"dpatel@dtengineering.com","good","ok","no","no"
"dpstiel@stielinsurance.com","good","ok","no","no"
"drae@oacsvcs.com","good","ok","no","no"
"dremondi@generalcatalyst.com","good","ok","no","no"
"drew@jerrysmithaa.com","good","ok","no","no"
"drew@shrpa.com","bad","invalid","no","no"
"drewi@sfacontracting.com","good","ok","no","no"
"drice@twooaksconstruction.net","good","ok","no","no"
"drodgers@longlakeltd.com","good","ok","no","no"
"drozell@tfifamily.org","good","ok","no","no"
"drucker@hgiworld.com","good","ok","no","no"
"dsalassi@atlaslagroup.com","risky","unknown","no","no"
"dschiffer@pc-lwla.com","good","ok","no","no"
"dsiebert@paric.com","good","ok","no","no"
"dskornyakov@resicentral.com","good","ok","no","no"
"dsmith@tbcap.com","risky","catch_all","no","no"
"dsteenerson@rjkool.com","good","ok","no","no"
"dstickney@avalonapparel.com","good","ok","no","no"
"dsuarez@monroecap.com","good","ok","no","no"
"dthibault@banklandmark.com","good","ok","no","no"
"dthome@buckner.com","good","ok","no","no"
"dtrainor@shanwil.com","good","ok","no","no"
"dustin.hickman@lancashiregroup.com","risky","unknown","no","no"
"dusty.goppert@goppertfoundation.com","good","ok","no","no"
"dwersing@prospera-bh.com","risky","unknown","no","no"
"dwhite@kuvare.com","good","ok","no","no"
"dwilkerson@davidsonhomesllc.com","bad","invalid","no","no"
"dwood@texasrefinery.com","good","ok","no","no"
"dwright@poydrashome.com","good","ok","no","no"
"dylan@jonespoultry.com","good","ok","no","no"
"dzettle@signaturebrands.com","good","ok","no","no"
"dzink@southwestautomated.com","good","ok","no","no"
"e.fillmore@nexamobility.com","good","ok","no","no"
"ean@fusionelectric-inc.com","risky","catch_all","no","no"
"earlc@brinshore.com","good","ok","no","no"
"ebaier@hylands.com","good","ok","no","no"
"ebennett@seniormarketsales.com","risky","catch_all","no","no"
"ebonner@fslins.com","good","ok","no","no"
"ebowman@dmbowman.com","bad","invalid","no","no"
"ebruskotter@surgicaltheater.com","good","ok","no","no"
"ecasaldi@urgentcarekids.com","good","ok","no","no"
"ecorrea@trpndirectpay.com","good","ok","no","no"
"ecurzola@petersonpartners.com","good","ok","no","no"
"ed@wmpg.insure","good","ok","no","no"
"edame@presidentsclubsports.com","good","ok","no","no"
"edavis@mercurygse.com","good","ok","no","no"
"edawson@mainstreetfamilycare.com","good","ok","no","no"
"eddie@lenoxhilldesign.com","good","ok","no","no"
"eduvall@dutchtest.com","good","ok","no","no"
"eerdmann@viarohealth.com","good","ok","no","no"
"eescontrias@signaturemd.com","good","ok","no","no"
"egrande@demac.com","good","ok","no","no"
"eherbst@unifiedcommunications.com","good","ok","no","no"
"eileen@bellapierre.com","risky","catch_all","no","no"
"eileen@indmetfin.com","good","ok","no","no"
"ejordan@sprucebio.com","good","ok","no","no"
"ekachoris@pmmimediagroup.com","good","ok","no","no"
"ekarp@technomics.com","bad","invalid","no","no"
"ekoehn@fndscreening.com","good","ok","no","no"
"ekulczak@menswearhouse.com","bad","invalid","no","no"
"elaine.kanelos@catamountinc.com","good","ok","no","no"
"elarson@rfgadvisory.com","good","ok","no","no"
"elena.hunter@maravai.com","good","ok","no","no"
"eleonore.dailly@silverlake.com","good","ok","no","no"
"eli@ktts.us","good","ok","no","no"
"elisamuel@eadfwtax.com","good","ok","no","no"
"elizabeth.nguyen@silverlake.com","good","ok","no","no"
"elizabeth.prats@rbbpr.com","good","ok","no","no"
"elizabeth@powercaaction.org","good","ok","no","no"
"elizabeth@provadoinc.com","good","ok","no","no"
"ellen.seithamer@duratech.com","good","ok","no","no"
"ellen@sjsstudiosinc.com","risky","catch_all","no","no"
"ellie.cochran@kccurling.com","good","ok","no","no"
"elopez@beckamfc.com","good","ok","no","no"
"elsa@kakaduaustralia.com","risky","catch_all","no","no"
"eluquin@dannywhitepainting.com","good","ok","no","no"
"ematthews@optronicsinc.com","good","ok","no","no"
"emickelson@crbt.com","good","ok","no","no"
"emiller@solanopacific.com","bad","invalid","no","no"
"emily@luckysplumbing.com","bad","invalid","no","no"
"emily@stirlingshire.com","good","ok","no","no"
"emily@tivitri.com","good","ok","no","no"
"emir.ergec@gulfperlite.com","good","ok","no","no"
"emmon.luo@seatrium.com","good","ok","no","no"
"emmy@safirepartners.com","risky","catch_all","no","no"
"emyers@automatik.com","good","ok","no","no"
"enewman@dexter.com","good","ok","no","no"
"entela@superdial.com","good","ok","no","no"
"eparviz@ucsd.edu","risky","catch_all","no","no"
"erdem.menges@xbow.com","good","ok","no","no"
"eric.deng@cacgroup.com","good","ok","no","no"
"eric.gray@deltatech1.com","good","ok","no","no"
"eric.rosenberg@bryantchristie.com","good","ok","no","no"
"eric.simms@aps-plp.com","good","ok","no","no"
"eric@crickethuddle.com","good","ok","no","no"
"eric@jetsonhome.com","good","ok","no","no"
"eric@legacycounters.com","good","ok","no","no"
"erica.jacobs@nightingaleicecream.com","good","ok","no","no"
"erica.vonderloh@bvk.com","good","ok","no","no"
"erich@prizmpackaging.com","good","ok","no","no"
"erich@supmfg.com","good","ok","no","no"
"erick@kmrtexas.com","good","ok","no","no"
"ericka@edreformnow.org","good","ok","no","no"
"ericmorse@confluenceenvironmental.com","good","ok","no","no"
"erik.anderson@mcs360.com","good","ok","no","no"
"erik@alrightconcrete.com","risky","catch_all","no","no"
"erik@pavlustravel.com","good","ok","no","no"
"erik@titanaeroins.com","good","ok","no","no"
"erika.kean@lancashiregroup.com","risky","unknown","no","no"
"erikv@wpitulsa.com","good","ok","no","no"
"erin.davis@arimagenomics.com","good","ok","no","no"
"erin.kalafut@ppmamerica.com","good","ok","no","no"
"erin.kaufmann@hartfordfunds.com","good","ok","no","no"
"ernie@bakeraltech.com","good","ok","no","no"
"erodriguez@firmatrust.com","good","ok","no","no"
"erossiter@jetout.com","good","ok","no","no"
"eryan@mac-tech.com","good","ok","no","no"
"esther.wang@keppel.com","good","ok","no","no"
"esther@deepecology.org","good","ok","no","no"
"eterrazas@pacificacompanies.com","good","ok","no","no"
"ethanmoser@smgengr.com","good","ok","no","no"
"eva@sdre.com","good","ok","no","no"
"evan.field@restlessspiritsdistilling.com","good","ok","no","no"
"evanhees@moline.com","good","ok","no","no"
"evelyn.song@agjeans.com","good","ok","no","no"
"ewalters@pnicorp.com","good","ok","no","no"
"ewelch@airdusco.com","good","ok","no","no"
"ewidvey@seasonscenter.org","good","ok","no","no"
"ewilliamson@rtsinspection.com","good","ok","no","no"
"fallyn.lawson@risewithaurora.com","good","ok","no","no"
"fbalerdi@pscnda.com","good","ok","no","no"
"fernanda@stallingcapitalpartners.com","good","ok","no","no"
"fhelmick@westyost.com","bad","invalid","no","no"
"fhenderson@cogentcompanies.com","good","ok","no","no"
"fhutchison@drburtonhealthcare.com","good","ok","no","no"
"finkc@welspunusa.com","good","ok","no","no"
"fitzpatrick@collaborativecommunications.com","good","ok","no","no"
"fopolski@pearl-energy.com","good","ok","no","no"
"fpedota@chicagoblower.com","good","ok","no","no"
"francinew@careington.com","good","ok","no","no"
"frank.abruzzo@wmc-us.com","bad","invalid","no","no"
"frank@apollotowingdfw.com","risky","catch_all","no","no"
"frank@brandamped.com","good","ok","no","no"
"franklin.parker@woodbineseniorliving.com","good","ok","no","no"
"frederick@agnieconsulting.com","good","ok","no","no"
"fvetrano@rfgadvisory.com","good","ok","no","no"
"gabrieljr.lechuga@airexmfg.com","good","ok","no","no"
"gagan.bhardwaj@octagos.com","good","ok","no","no"
"gage.dyer@cacgroup.com","good","ok","no","no"
"gail.milani@equitablebank.net","good","ok","no","no"
"garrett@2020robotics.com","good","ok","no","no"
"garyb@gainesinvestmenttrust.com","good","ok","no","no"
"gavan.hennessy@swift-nav.com","good","ok","no","no"
"gbell@spectir.com","good","ok","no","no"
"gbourg@honiron.com","good","ok","no","no"
"geacret@securitybankkc.com","bad","invalid","no","no"
"gene@velocitygroupre.com","good","ok","no","no"
"geoff@pantherun.com","bad","invalid","no","no"
"george@celtachem.com","good","ok","no","no"
"gfrisch@duraflame.com","bad","invalid","no","no"
"ggarland@baraleinc.com","good","ok","no","no"
"ghannah@kingoperating.com","bad","invalid","no","no"
"gharrison@fhsinsurance.com","good","ok","no","no"
"ghilgendorf@mussonbrothers.com","good","ok","no","no"
"ghirsh@waystar.com","bad","invalid","no","no"
"ghirshenzon@rubiconcarbon.com","good","ok","no","no"
"gia@balsasdirectional.com","good","ok","no","no"
"gil.davila@goldenpetbrands.com","good","ok","no","no"
"gilr@maxxtow.com","good","ok","no","no"
"gina@greyten.com","good","ok","no","no"
"gjones@kascope.com","risky","catch_all","no","no"
"gklein@atlaslift.com","bad","invalid","no","no"
"glen.dupagne@madergroup.ca","good","ok","no","no"
"glenn@dimvest.com","bad","invalid","no","no"
"glenn_okuno@ameroncoatings.com","bad","invalid","no","no"
"gloria@texasnorthstartitle.com","good","ok","no","no"
"glupevegajr@vegabm.com","risky","unknown","no","no"
"gmorris@fuelfox.net","good","ok","no","no"
"gmurray@plantmachineworks.com","good","ok","no","no"
"gneel@medsysgroup.com","good","ok","no","no"
"gneuberger@kamranco.com","good","ok","no","no"
"grahamb@teserraoutdoors.com","good","ok","no","no"
"grahja@excellere.com","good","ok","no","no"
"grant.manon@beaconsoftware.com","good","ok","no","no"
"grant@jetstreamtx.com","good","ok","no","no"
"grant@wsanetwork.org","good","ok","no","no"
"greg.colbert@img.com","risky","catch_all","no","no"
"greg.e@bct-us.com","good","ok","no","no"
"greg.miller@christenson.com","good","ok","no","no"
"greg.pospisal@cfmglobal.com","good","ok","no","no"
"greg@airsideinc.com","bad","invalid","no","no"
"greg@firstamericanfa.com","good","ok","no","no"
"greg@homeownersfg.com","bad","invalid","no","no"
"greg@recoverymoviemeetups.com","good","ok","no","no"
"greg@slanginbirdz.com","bad","invalid","no","no"
"greg@topstepelectric.com","risky","catch_all","no","no"
"greg@zenlytic.com","good","ok","no","no"
"grege@statepipe.com","good","ok","no","no"
"gregp@tvfp.us","risky","catch_all","no","no"
"griffin.mcgee@spoonfulofcomfort.com","good","ok","no","no"
"griffinhfirmin@arizona.edu","good","ok","no","no"
"grossman@barcus.com","bad","invalid","no","no"
"gthakar@american-usa.com","good","ok","no","no"
"gthompson@guidantpower.com","good","ok","no","no"
"gus@quantumooh.com","good","ok","no","no"
"guy@terradot.earth","good","ok","no","no"
"guybarker@ntsafety.com","good","ok","no","no"
"h.king@jwacompanies.com","good","ok","no","no"
"h.montalban@l-charge.net","good","ok","no","no"
"harrison.wardle@silverlake.com","good","ok","no","no"
"harryfeng@chestnut.bot","good","ok","no","no"
"hayden.raymer@dxenterprises.com","good","ok","no","no"
"haydon@rolltexinc.com","good","ok","no","no"
"hcraig@corebank.com","good","ok","no","no"
"hdemint@unitedcu.org","bad","invalid","no","no"
"heath.macie@champstpo.com","good","ok","no","no"
"heather.benjamin@reliance-trust.com","risky","unknown","no","no"
"heather.crossner@decaco.com","good","ok","no","no"
"heather.g@baiconnect.com","good","ok","no","no"
"heather.randel@coralconnect.com","good","ok","no","no"
"heather@urgood.com","good","ok","no","no"
"heather@weichertgriffin.com","good","ok","no","no"
"hectorv@cbelow.com","good","ok","no","no"
"helen.chen@jlahome.com","good","ok","no","no"
"helen.lim@silverlake.com","good","ok","no","no"
"henry.gutierrez@ajk-a.com","good","ok","no","no"
"henry.hamilton@crestafunds.com","good","ok","no","no"
"henry.tinajero@weststarbank.com","bad","invalid","no","no"
"hereford@hiwaay.net","risky","unknown","no","no"
"heroiyce@reliableshipsupply.com","good","ok","no","no"
"hether@expressairtesting.net","risky","catch_all","no","no"
"hfeldkamp@awayday.com","good","ok","no","no"
"hhall@coladv.com","bad","invalid","no","no"
"hhermsmeier@gimletlabs.ai","good","ok","no","no"
"higgins@unitcorp.com","bad","invalid","no","no"
"hilary@sonomatech.com","good","ok","no","no"
"hjohnson@lkeeco.com","good","ok","no","no"
"hkelley@soarqsr.com","good","ok","no","no"
"hollace@lodestonepacific.com","risky","unknown","no","no"
"hossein.saberi@flightlab.com","good","ok","no","no"
"hschuster@gmtexploration.com","good","ok","no","no"
"hshah@lumilens.com","good","ok","no","no"
"hspooner@mwagri.com","good","ok","no","no"
"hugh.easley@mshc.com","bad","invalid","no","no"
"hunter.hyneman@southernpioneer.com","good","ok","no","no"
"hunter.lin@regions.com","good","ok","no","no"
"hunter@3wenergyservices.com","good","ok","no","no"
"hunter@bagbyelevator.com","good","ok","no","no"
"hunter@labdenim.com","good","ok","no","no"
"hussein@qeen.ai","good","ok","no","no"
"hviruete@rmc.com","good","ok","no","no"
"hyan@manus.ai","good","ok","no","no"
"hyman.zhu@cardinfolink.com","good","ok","no","no"
"hynam@medithinq.com","good","ok","no","no"
"i@df.com","risky","catch_all","no","no"
"ian.coletti@getambassador.com","good","ok","no","no"
"ibajrovic@juratatf.com","good","ok","no","no"
"icalvello@baysiderp.com","good","ok","no","no"
"ife@mondrio.io","risky","catch_all","no","no"
"igomez@crestinv.com","good","ok","no","no"
"imbenia.kline@harborstone.com","good","ok","no","no"
"irinacpa@pepetools.com","risky","catch_all","no","no"
"isabel.bernal@maravai.com","good","ok","no","no"
"isabellew@hmcinc.biz","good","ok","no","no"
"isharman@lpidev.net","good","ok","no","no"
"ivan.stanchev@aeris.net","good","ok","no","no"
"ivan@malvaes.com","risky","unknown","no","no"
"ivana@argilepartners.com","good","ok","no","no"
"j.coleman@flyadvancedair.com","good","ok","no","no"
"j.kapp@kappconstruction.com","risky","catch_all","no","no"
"j.orlando@symliv.com","risky","catch_all","no","no"
"j.sanchez@highlandcabinetryinc.com","good","ok","no","no"
"jack.chang@silverlake.com","good","ok","no","no"
"jack.cornell@srsre.com","good","ok","no","no"
"jack.l@lateralim.com","good","ok","no","no"
"jack.marsh@weyerhaeuser.com","bad","invalid","no","no"
"jack.zogg@ajg.com","bad","invalid","no","no"
"jack@lakefrontfutures.com","good","ok","no","no"
"jack@nilandco.com","good","ok","no","no"
"jack@openspace.ai","good","ok","no","no"
"jackie.winawer@bubblefactory.com","risky","unknown","no","no"
"jackie@phronesisgrowthlabs.com","good","ok","no","no"
"jackson.curtis@airepublictalent.com","good","ok","no","no"
"jacob.creech@solana.org","good","ok","no","no"
"jacob.moradel@flooringos.com","good","ok","no","no"
"jacobr@hiberniaresources.com","good","ok","no","no"
"jacqlyn@fancypeasant.com","risky","catch_all","no","no"
"jaguar@novofogo.com","good","ok","no","no"
"jake.condon@newwestbc.com","good","ok","no","no"
"jake.marshall@marcusmillichap.com","good","ok","no","no"
"jake.petzke@refractroi.com","good","ok","no","no"
"jake.waterkotte@slymanbros.com","risky","catch_all","no","no"
"jake@ingstadmedia.com","good","ok","no","no"
"jake@innovatemr.com","good","ok","no","no"
"jake@resolvegrid.ai","good","ok","no","no"
"jakeb@nebcoinc.com","bad","invalid","no","no"
"jakec@jovainc.com","good","ok","no","no"
"jakej@johnsonrollforming.com","good","ok","no","no"
"james.nguyen@fdhaero.com","good","ok","no","no"
"james.tesdall@pledgeadvisors.com","risky","unknown","no","no"
"james.wright@hawaiimoves.com","good","ok","no","no"
"james@bassboss.com","risky","catch_all","no","no"
"james@fjevans.net","risky","catch_all","no","no"
"james@kightconstruction.com","good","ok","no","no"
"james@mhrs.org.au","good","ok","no","no"
"james@pay-cross.com","good","ok","no","no"
"james@revopshq.com","risky","catch_all","no","no"
"jameson.sheppard@thebluebirdgrp.com","good","ok","no","no"
"jameson@savassoftware.com","good","ok","no","no"
"jamie.thomas@pendanthealth.com","risky","catch_all","no","no"
"jamie@acceleratesg.com","good","ok","no","no"
"jamie@brokerpro.com","risky","catch_all","no","no"
"jamieh@trautcompanies.com","good","ok","no","no"
"jamies@texenvironmental.com","bad","invalid","no","no"
"jan@mcompany.com","good","ok","no","no"
"janes@worthe.com","good","ok","no","no"
"janet.myers@nm.org","good","ok","no","no"
"janice.hataway@austintitle.com","good","ok","no","no"
"janice.wong@smbc.aero","good","ok","no","no"
"janiece@olympicpoolsandspas.net","good","ok","no","no"
"jarchibald@aegrouptx.com","good","ok","no","no"
"jared.logan@alabamapowersolutions.com","risky","unknown","no","no"
"jared@sheryllowedesigns.com","good","ok","no","no"
"jaredd@virtusense.com","good","ok","no","no"
"jargabright@fragilepak.com","good","ok","no","no"
"jarnstein@troikasol.com","bad","invalid","no","no"
"jarrod.pyne@acuaquire.com","risky","unknown","no","no"
"jasen.pinkerton@ptma.com","good","ok","no","no"
"jashawn.kong@freightlinks.net","good","ok","no","no"
"jasher@mcalvain.com","good","ok","no","no"
"jasmine.st.john@monarchtechnology.com","risky","catch_all","no","no"
"jasmine@opositiv.com","good","ok","no","no"
"jason.bush@southernagcredit.com","good","ok","no","no"
"jason.cockburn@secondchancefoundationwa.org","good","ok","no","no"
"jason.conway@matadorresources.com","good","ok","no","no"
"jason.falconer@wolterskluwer.com","good","ok","no","no"
"jason.myers@mcs360.com","good","ok","no","no"
"jason.pratt@spekit.co","good","ok","no","no"
"jason.rim@karmeltech.com","risky","catch_all","no","no"
"jason.schick@tdk.com","good","ok","no","no"
"jason.sorce@bandogrp.com","good","ok","no","no"
"jason.theisen@gridor.com","good","ok","no","no"
"jason@abralighting.com","good","ok","no","no"
"jason@ashercustomhomes.com","good","ok","no","no"
"jason@fulcrumef.com","good","ok","no","no"
"jason@globalcomix.com","risky","catch_all","no","no"
"jason@hillsideair.com","good","ok","no","no"
"jason@wichitastaffing.com","risky","catch_all","no","no"
"jasong@yanceyroofing.com","good","ok","no","no"
"jasons@packagingconceptsinc.com","good","ok","no","no"
"jasper.westerveld@us-itility.com","good","ok","no","no"
"jay.sabatini@richardgroup.com","good","ok","no","no"
"jay@lagear.com","good","ok","no","no"
"jay@lascruceshomesales.com","risky","catch_all","no","no"
"jbarrera@lulac.org","good","ok","no","no"
"jbartelloni@trialcard.com","risky","catch_all","no","no"
"jbarton@amsurg.com","good","ok","no","no"
"jbenke@encoreofs.com","good","ok","no","no"
"jbenline@wmgdevelopment.com","risky","unknown","no","no"
"jbergeson@novaspect.com","good","ok","no","no"
"jbluvas@jpcooke.com","good","ok","no","no"
"jbousk@independenceplus.com","good","ok","no","no"
"jbrookman@thirdcoast.bank","good","ok","no","no"
"jbush@ramindustrialllc.com","good","ok","no","no"
"jbywaters@libertycapitalbank.com","bad","invalid","no","no"
"jc@arizonayfl.com","good","ok","no","no"
"jcarlisle@easymoneynow.com","bad","invalid","no","no"
"jcernok@missionlandscape.com","good","ok","no","no"
"jclark@opportune.com","risky","catch_all","no","no"
"jcomeaux@accesshealthla.org","risky","catch_all","no","no"
"jconnolly@imperialdade.com","good","ok","no","no"
"jcotton@southernskyaviation.com","good","ok","no","no"
"jcox@megawestern.com","good","ok","no","no"
"jcramer@tbigos.com","good","ok","no","no"
"jcsandez@mamcommunication.com","good","ok","no","no"
"jdenucci@insurancequantified.com","good","ok","no","no"
"jdodds@viatracfertilizer.com","risky","unknown","no","no"
"jdonath@magellanfinancial.com","good","ok","no","no"
"jdtop@qcsdirect.com","good","ok","no","no"
"jdyke@environmentalworks.com","good","ok","no","no"
"jeanluc.girardet@mirumpharma.com","good","ok","no","no"
"jebner@instrumentum.com","good","ok","no","no"
"jedd@crystalcoach.com","good","ok","no","no"
"jeddy@taftelectric.com","good","ok","no","no"
"jeff.anderson@morphisec.com","good","ok","no","no"
"jeff.baldwin@gurobi.com","good","ok","no","no"
"jeff.connell@mcs360.com","good","ok","no","no"
"jeff.corns.11@remarcable.com","risky","catch_all","no","no"
"jeff.gordon@growtharc.com","good","ok","no","no"
"jeff.penning@nelsonelectric.biz","good","ok","no","no"
"jeff.westenhaver@aspenview.com","good","ok","no","no"
"jeff@crushsecurity.com","good","ok","no","no"
"jeff@dnc.com","good","ok","no","no"
"jeff@pasadenatrailer.com","good","ok","no","no"
"jeff@raideresearch.com","good","ok","no","no"
"jeff@shoplans.com","good","ok","no","no"
"jeffbohn@treeoflifenursery.com","good","ok","no","no"
"jeffrey.tan@runsun.com","good","ok","no","no"
"jemerling@crarent.com","good","ok","no","no"
"jen.brown@worldly.io","risky","catch_all","no","no"
"jen@denpark3d.com","risky","unknown","no","no"
"jen@grangernationalbank.com","good","ok","no","no"
"jen@one-partners.com","risky","catch_all","no","no"
"jen@perceptview.com","risky","catch_all","no","no"
"jenna.chorn@ocient.com","risky","catch_all","no","no"
"jennifer.karlan@mcallenders.com","good","ok","no","no"
"jennifer.shyu@fnf.com","good","ok","no","no"
"jennifer.stefanacci@bluevector.ai","good","ok","no","no"
"jennifer@westcentralauctionco.com","risky","unknown","no","no"
"jenny@cedruswg.com","good","ok","no","no"
"jentatroe@tatroeelectric.com","good","ok","no","no"
"jerdunn@citgo.com","good","ok","no","no"
"jeremiah.selander@trillion.com","good","ok","no","no"
"jeremiah@doctormgt.com","good","ok","no","no"
"jeremiah@joinmochi.com","good","ok","no","no"
"jeremiahp@scmg.com","risky","catch_all","no","no"
"jeremy.dozier@garrettx.com","good","ok","no","no"
"jeremy.stappard@roland.com","good","ok","no","no"
"jeremy@ascark.com","good","ok","no","no"
"jeremy@collegiatemobile.com","good","ok","no","no"
"jeremy@lendwisemtg.com","good","ok","no","no"
"jeremy@pricemanagement.com","good","ok","no","no"
"jeremyb@pioneer1.com","good","ok","no","no"
"jeremyd@demaeng.com","good","ok","no","no"
"jeremysztapka@cometelectric.com","good","ok","no","no"
"jerry.moynagh@deerwoodbank.com","good","ok","no","no"
"jerry.pullen@ref-chem.com","bad","invalid","no","no"
"jerry.sannicolas@papillon.com","good","ok","no","no"
"jerry@fcl-ic.com","good","ok","no","no"
"jerry@spectrumresource.com","good","ok","no","no"
"jesse@mahalbros.com","good","ok","no","no"
"jessica.hindmarch@duncansolutions.com","good","ok","no","no"
"jessica.matthews@skydance.com","good","ok","no","no"
"jessica@ezlocator.com","risky","catch_all","no","no"
"jessica@guidewheel.com","good","ok","no","no"
"jessica@itsjustpermits.com","good","ok","no","no"
"jessica@loonsystems.com","good","ok","no","no"
"jessica@modsprout.com","good","ok","no","no"
"jessica@stitchedlifestyle.com","good","ok","no","no"
"jessica@threesixzero.com","good","ok","no","no"
"jessica@wearebond.com","good","ok","no","no"
"jessicai@agprorepair.com","good","ok","no","no"
"jesus@superiorenviro.ca","bad","invalid","no","no"
"jesusm@xondapower.com","good","ok","no","no"
"jevener@sscorp.com","good","ok","no","no"
"jfeinstein@perchenergy.com","good","ok","no","no"
"jfikse@colorescience.com","bad","invalid","no","no"
"jfitz@cacarlin.com","good","ok","no","no"
"jfreeman@comtrea.org","good","ok","no","no"
"jfrump@metcapbank.com","good","ok","no","no"
"jfuentes@1888is.com","good","ok","no","no"
"jgalba@sagerestorationkc.com","good","ok","no","no"
"jgannon@tk1sc.com","bad","invalid","no","no"
"jgarcia@buffalorun.com","good","ok","no","no"
"jgmyrick@dixieply.com","good","ok","no","no"
"jgrace@yjosllc.com","good","ok","no","no"
"jgunter@voltus.co","good","ok","no","no"
"jhale@jgiinvestments.com","bad","invalid","no","no"
"jhargis@blucurrent.org","good","ok","no","no"
"jharvey@stonehaven.uk.com","bad","invalid","no","no"
"jhatch@chicagoatlantic.com","good","ok","no","no"
"jhaworth@livecomfortably.com","good","ok","no","no"
"jheidenreich@foleyentertainmentgroup.com","good","ok","no","no"
"jhemby@lsi-consulting.com","bad","invalid","no","no"
"jherrera23@csuchico.edu","good","ok","no","no"
"jhill@aguirreroden.com","bad","invalid","no","no"
"jhoenscheidt@greatnecksaw.com","good","ok","no","no"
"jholley@detalus.com","good","ok","no","no"
"jhoyer@winterservicesinc.com","risky","catch_all","no","no"
"jhu@arthrosi.com","good","ok","no","no"
"jhurley@ringoai.com","good","ok","no","no"
"jianwei.liu@xenter.io","good","ok","no","no"
"jianwei.zhang@lightwheel.ai","good","ok","no","no"
"jill.adragna@aiworldwide.com","good","ok","no","no"
"jill.jaksich@ainmd.com","good","ok","no","no"
"jill.taylor@gatewayloan.com","good","ok","no","no"
"jilla@parthenoncapital.com","good","ok","no","no"
"jim.drew@zenflow.com","good","ok","no","no"
"jim.frederick@toysfortrucks.com","risky","catch_all","no","no"
"jim@elevatednetworks.us","good","ok","no","no"
"jim@outlast.earth","good","ok","no","no"
"jim@socalbike.com","good","ok","no","no"
"jim@trophywindows.com","good","ok","no","no"
"jim@wilcoxmarketing.com","good","ok","no","no"
"jime@brooksandsparks.com","good","ok","no","no"
"jimmie@honorcodemedical.com","risky","catch_all","no","no"
"jimmy.holcomb@srsre.com","good","ok","no","no"
"jimmyd@georgesdistributing.com","risky","catch_all","no","no"
"jinman@revmedcenters.com","risky","catch_all","no","no"
"jinyoung.kim@biotechconnectionbay.org","risky","catch_all","no","no"
"jisi@phantom.app","good","ok","no","no"
"jjennings@commpac.com","bad","invalid","no","no"
"jjensen@broadwaymediagroup.com","risky","unknown","no","no"
"jjones@firstar-bank.com","good","ok","no","no"
"jjoynt@wesselsoil.com","good","ok","no","no"
"jknapp@alearium.com","good","ok","no","no"
"jkoehler@trnsact.com","good","ok","no","no"
"jkrebsbach@tevaag.com","good","ok","no","no"
"jkush@sequoiacap.com","risky","catch_all","no","no"
"jlatino@northernbiogas.com","good","ok","no","no"
"jlee@swopehealth.org","good","ok","no","no"
"jlehrer@nisi.net","risky","catch_all","no","no"
"jleigh@global-aero.com","bad","invalid","no","no"
"jlibowitz@cvhldgs.com","bad","invalid","no","no"
"jlindsey@buckindustrial.com","good","ok","no","no"
"jlittle@frenzyag.com","risky","catch_all","no","no"
"jlopez@usgins.com","good","ok","no","no"
"jlow@summitvista.com","good","ok","no","no"
"jmacdonald@mwenergy.com","good","ok","no","no"
"jmalnero@avidron.ai","risky","catch_all","no","no"
"jmarchand@newhomeco.com","good","ok","no","no"
"jmartinez@paragones.com","good","ok","no","no"
"jmasters@tdp-arch.com","good","ok","no","no"
"jmatthai@ustransinc.com","good","ok","no","no"
"jmcconahie@babelstreet.com","good","ok","no","no"
"jmcmullen@statenational.com","good","ok","no","no"
"jmeagher@bal-env.com","good","ok","no","no"
"jmiller@remsa-cf.com","bad","invalid","no","no"
"jmiller@tnemec.com","good","ok","no","no"
"jmoore@bobcatcontracting.com","good","ok","no","no"
"jmulbery@bhinc.com","good","ok","no","no"
"jnacci@batbox.com","risky","catch_all","no","no"
"jnitti@primescaffold.com","good","ok","no","no"
"jnutting@lmses.com","good","ok","no","no"
"joan.buell@cyrqenergy.com","good","ok","no","no"
"joan.schiffer@virtuous.org","good","ok","no","no"
"joann@cttraina.com","good","ok","no","no"
"joaquinf@a-plussigns.com","good","ok","no","no"
"joccing.tay@gogolook.com","good","ok","no","no"
"jodi.wilson@customessence.com","good","ok","no","no"
"jodinorton@weiss-ins.com","good","ok","no","no"
"jody.faust@teamapex.com","good","ok","no","no"
"jody@milwaukeeroyallimo.com","good","ok","no","no"
"joe.blancato@napster.com","good","ok","no","no"
"joe.dallimore@loanpro.io","good","ok","no","no"
"joe.leonard@kihomac.com","good","ok","no","no"
"joe.reed@wresourcesllc.com","good","ok","no","no"
"joe.utterback@nglep.com","good","ok","no","no"
"joe@actiontermitecontrol.com","good","ok","no","no"
"joe@excaliburcaulkinginc.com","good","ok","no","no"
"joe@klcfinancial.com","good","ok","no","no"
"joe@sandiegoweld.com","good","ok","no","no"
"john.carney@inlandprivatecapital.com","good","ok","no","no"
"john.chisum@checkitlabs.com","good","ok","no","no"
"john.davis@northreefcapital.com","good","ok","no","no"
"john.hamill@rmp.org.au","good","ok","no","no"
"john.harrier@raynewater.com","good","ok","no","no"
"john.hill@biosplice.com","good","ok","no","no"
"john.kubiak@mobileinnovations.com","good","ok","no","no"
"john.mulkey@bankcom.com","good","ok","no","no"
"john.peck@fellers.com","good","ok","no","no"
"john.powers@petco.com","risky","catch_all","no","no"
"john.sheridan@lassonde.com","good","ok","no","no"
"john.tuck@interstatebilling.com","good","ok","no","no"
"john.walsh@intpark.com","good","ok","no","no"
"john@arwineandspirits.com","good","ok","no","no"
"john@ethosep.com","good","ok","no","no"
"john@expresscapital.com","good","ok","no","no"
"john@fahl1.com","risky","catch_all","no","no"
"john@integralproducts.com","good","ok","no","no"
"john@precoinc.com","bad","invalid","no","no"
"john@richdevelopment.com","good","ok","no","no"
"johnbolt@professionalbuilding.net","good","ok","no","no"
"jolivieri@medlive.com","good","ok","no","no"
"jon.fujinaka@pyramidins.com","good","ok","no","no"
"jon.lee@davispaint.com","good","ok","no","no"
"jon.m@retaildispense.com","good","ok","no","no"
"jon.reeves@elroyair.com","good","ok","no","no"
"jon@oneraven.com","good","ok","no","no"
"jonathan.strand@bbqguys.com","good","ok","no","no"
"jonathan@agavedurango.com","good","ok","no","no"
"jonathan@cer.bo","good","ok","no","no"
"jonathan@cnsoccmed.com","good","ok","no","no"
"jonathan@frischhertz.com","good","ok","no","no"
"jonathan@wowl.io","good","ok","no","no"
"jong@cam-usa.com","good","ok","no","no"
"jonny@thebeachlifefestival.com","risky","catch_all","no","no"
"jordan.moore@butterflymx.com","good","ok","no","no"
"jordan.statz@statzpainting.com","good","ok","no","no"
"jordan@420kingdom.com","good","ok","no","no"
"jordan@divwin.com","good","ok","no","no"
"jordan@ecosourceiowa.com","good","ok","no","no"
"jordanc@nathab.com","good","ok","no","no"
"jorgen@nailegacy.com","risky","catch_all","no","no"
"jose@nasser-holdings.com","good","ok","no","no"
"joseph.lee@awbury.com","good","ok","no","no"
"joseph.ramos@tridatainc.com","good","ok","no","no"
"josh.joiner@brown-industrial.com","good","ok","no","no"
"josh.mast.lhgh@statefarm.com","good","ok","no","no"
"josh.peters@afschem.com","bad","invalid","no","no"
"josh.puckridge@cthermal.com","good","ok","no","no"
"josh.wiercinski@smartmatch.com","good","ok","no","no"
"josh@fiveelms.com","good","ok","no","no"
"joshg@vertisys.net","good","ok","no","no"
"joshstucky@pylantmedical.com","good","ok","no","no"
"joshua.grundt@worldlinkspecialty.com","good","ok","no","no"
"joss@dittmannusa.com","good","ok","no","no"
"joy@getsojo.com","good","ok","no","no"
"jpaul@tacticalairsupport.com","good","ok","no","no"
"jpenquite@exactbilling.com","good","ok","no","no"
"jpferrari@lineagecre.com","good","ok","no","no"
"jpost@stinebaugh.com","good","ok","no","no"
"jpost@strategicperformancegroupllc.com","bad","invalid","no","no"
"jprovost@themallchannel.tv","good","ok","no","no"
"jpsyhogios@leadingre.com","good","ok","no","no"
"jqi@taluspay.com","good","ok","no","no"
"jradford@laketownelectric.com","good","ok","no","no"
"jralphs@sunrise-eng.com","good","ok","no","no"
"jreed@storee.com","good","ok","no","no"
"jreitzel@preferredre.com","good","ok","no","no"
"jrickers@hlcminc.com","good","ok","no","no"
"jrmcgowen@nrfsinc.com","good","ok","no","no"
"jrodriguez@genergycable.com","good","ok","no","no"
"jroemer@fullerre.com","bad","invalid","no","no"
"jromano@rlspring.com","good","ok","no","no"
"jrosseau@villagebankonline.com","good","ok","no","no"
"jrowley@a10capital.com","bad","invalid","no","no"
"jrsinger@loopllc.com","good","ok","no","no"
"jsalazar@powerfundingltd.com","good","ok","no","no"
"jsalem@thedeerpointgroup.com","good","ok","no","no"
"jsantangelo@windsormortgage.com","good","ok","no","no"
"jsaunders@4110media.com","good","ok","no","no"
"jsavage@jsltechinc.com","bad","invalid","no","no"
"jschmerer@prescouter.com","good","ok","no","no"
"jschneider@bekynder.com","risky","catch_all","no","no"
"jschwandt@woworksusa.com","good","ok","no","no"
"jscott@rmsassist.com","good","ok","no","no"
"jscribner@mcclainforestproducts.com","good","ok","no","no"
"jseastrunk@redriverbank.net","good","ok","no","no"
"jshea@dopplerdrives.com","good","ok","no","no"
"jshepard@tcbssb.com","bad","invalid","no","no"
"jskaar@valleycabinetinc.com","good","ok","no","no"
"jsnyder@hawaiifamilydental.com","good","ok","no","no"
"jsokolowski@perfectcleanpropertyservices.com","good","ok","no","no"
"jsosnowski@seaga.com","good","ok","no","no"
"jswei@pppllc.com","good","ok","no","no"
"jtarifa@bolmexfinancial.com","good","ok","no","no"
"jtepper@spectrumequity.com","good","ok","no","no"
"juan.bosquez@vrxglobal.com","good","ok","no","no"
"juan@energyshieldwd.com","bad","invalid","no","no"
"juan@plunge.com","good","ok","no","no"
"juanmh@olsenguerra.com","risky","unknown","no","no"
"julia.harman@staud.clothing","good","ok","no","no"
"julia.howard@lodgingdynamics.com","good","ok","no","no"
"julia.rosiello@everwonder.studio","good","ok","no","no"
"julia@fuegoleads.io","good","ok","no","no"
"julianne.ugo@premiernutrition.com","good","ok","no","no"
"julie@landproperty.com","good","ok","no","no"
"julied@naehas.com","risky","catch_all","no","no"
"julieh@worldwideenergy.com","risky","catch_all","no","no"
"julienne.lin@tpncommerce.com","good","ok","no","no"
"julio.padovani@stamicarbon.com","bad","invalid","no","no"
"june.weiss@whgroup.com","good","ok","no","no"
"jungwoo@bsqcapital.com","good","ok","no","no"
"justin.little@preservegold.com","good","ok","no","no"
"justin.ullestad@boodle.ai","risky","catch_all","no","no"
"justin@gosolsource.com","good","ok","no","no"
"justin@precisepropellant.com","good","ok","no","no"
"justin@teamindigoco.com","good","ok","no","no"
"justinm@jariggs.com","good","ok","no","no"
"jvangelder@taylorwaterproofing.com","good","ok","no","no"
"jvarela@weststarbank.com","good","ok","no","no"
"jvedensky@criticalpoint.com","good","ok","no","no"
"jvendryes@amplifire.com","good","ok","no","no"
"jvise@phoenixpumps.com","good","ok","no","no"
"jwallis@pentabldggroup.com","good","ok","no","no"
"jwalton@betco.com","good","ok","no","no"
"jwarren@sfhtx.com","good","ok","no","no"
"jwhite@medefy.com","bad","invalid","no","no"
"jwilliams@cswcommercial.com","good","ok","no","no"
"jwoodard@recoiloilfieldservices.com","risky","catch_all","no","no"
"jzaun@pkggroup.com","good","ok","no","no"
"jzupan@mckeeutility.com","good","ok","no","no"
"k.calkins@highlandcabinetryinc.com","good","ok","no","no"
"k.dejong@astroscale-us.com","good","ok","no","no"
"k.odinet@cycleconstruction.com","bad","invalid","no","no"
"kaitlin@coverwhale.com","good","ok","no","no"
"kaity.reinertsen@rooftechnologypartners.com","good","ok","no","no"
"kalpana.shah@simplifyx.ai","good","ok","no","no"
"karap@prescottinds.com","good","ok","no","no"
"karen.mccarty@rivercap.com","bad","invalid","no","no"
"karey.crump@wellfit.com","good","ok","no","no"
"karihatfield@42mp.com","good","ok","no","no"
"karishma.mehta@jarden.co.nz","good","ok","no","no"
"karl@stratastaffglobal.com","good","ok","no","no"
"kate.jarman@brookfieldproperties.com","good","ok","no","no"
"kate.quattlebaum@nbcuni.com","good","ok","no","no"
"katelyn@hooray.agency","good","ok","no","no"
"kathy.massey@foxridgecapital.com","good","ok","no","no"
"kathy@fourcornersne.com","good","ok","no","no"
"katie@antelopepets.com","good","ok","no","no"
"katies@neuralogix.biz","good","ok","no","no"
"katlyn.nesvold@supremecomms.ai","good","ok","no","no"
"kavi@akuahealth.com","good","ok","no","no"
"kavya.gopinath@intellinum.com","good","ok","no","no"
"kaya.kulas@foractive.com","risky","catch_all","no","no"
"kayhan@emcan.us","good","ok","no","no"
"kayla.shetty@obexp.com","good","ok","no","no"
"kayley.herrmann@starthealth.com","good","ok","no","no"
"kazuki.kudo@kaneka.com","good","ok","no","no"
"kbaldwin@donorserviceslab.com","good","ok","no","no"
"kbartak@nesb.bank","good","ok","no","no"
"kbirrell@broncoutah.com","good","ok","no","no"
"kboren@highlandsmortgage.com","good","ok","no","no"
"kbruce@siteworkstone.com","good","ok","no","no"
"kchristmann@bcibrands.com","good","ok","no","no"
"kcook@coderedsafety.com","good","ok","no","no"
"kcunningham@criticalpoint.com","good","ok","no","no"
"kdemirjian@calnetix.com","good","ok","no","no"
"kdubois@theabcbank.com","good","ok","no","no"
"kdunn@pinnpack.com","good","ok","no","no"
"keiden@idiq.com","good","ok","no","no"
"keith.johnson@fxmusa.com","good","ok","no","no"
"keith.lee@echelonsupply.com","good","ok","no","no"
"keith.lindberg@fremarq.com","bad","invalid","no","no"
"keith.mcdonnell@buildgc.com","good","ok","no","no"
"keith@goodfaithfund.com","good","ok","no","no"
"keith@mwhc.biz","good","ok","no","no"
"keithg@daveycoach.com","good","ok","no","no"
"keithsmithpeters@tascosalesreps.com","good","ok","no","no"
"kelli.dewett@odysseyautism.com","good","ok","no","no"
"kelli.templeton@pnwcc.edu","good","ok","no","no"
"kelli@irishrealty.com","good","ok","no","no"
"kelly.atkinson@astrodynetdi.com","bad","invalid","no","no"
"kelly.lyon@hanseisolutions.com","good","ok","no","no"
"kelly.prentiss@excoresources.com","bad","invalid","no","no"
"kelly.wade@strategylateral.com","good","ok","no","no"
"kelly@zacbrown.com","good","ok","no","no"
"kellyr@bonnevillebuilders.com","good","ok","no","no"
"kelseyh@winterhawks.com","good","ok","no","no"
"ken.hulbert@daumcommercial.com","good","ok","no","no"
"ken.turek@paramont-eo.com","bad","invalid","no","no"
"ken@seniorverse.com","risky","catch_all","no","no"
"kenbabcock@axon-es.com","good","ok","no","no"
"kenjohnson@directmg.com","bad","invalid","no","no"
"kennon@stopfire.com","good","ok","no","no"
"kent.orthner@bayasystems.com","good","ok","no","no"
"kenw@novagrp.com","good","ok","no","no"
"kerrif@kurtzon.com","good","ok","no","no"
"kevin.jones@agentbly.com","good","ok","no","no"
"kevin.kloehn@vantagepnt.com","good","ok","no","no"
"kevin.peters@davey.com","good","ok","no","no"
"kevin.shannon@engie.com","good","ok","no","no"
"kevin.w@ripariancapitalpartners.com","good","ok","no","no"
"kevin@kcservices.biz","good","ok","no","no"
"kevin@leeoinsurance.com","good","ok","no","no"
"kevin@michaelmenn.com","good","ok","no","no"
"kevin@satsuma.ai","good","ok","no","no"
"kevin@teamily.ai","good","ok","no","no"
"keving@smokinburrow.com","good","ok","no","no"
"kevinshively@pantheon.io","good","ok","no","no"
"kfoster@icicolorado.com","good","ok","no","no"
"kgalloway@mtmrecognition.com","risky","catch_all","no","no"
"kgarza@ghp1.com","good","ok","no","no"
"kgendron@waspbarcode.com","good","ok","no","no"
"kgeorge@landmarkrealestate.net","good","ok","no","no"
"kgibbons@bankboc.com","good","ok","no","no"
"kgore@affiniahealthcare.org","good","ok","no","no"
"kgraf@imewest.com","good","ok","no","no"
"kgraham@nvp.com","good","ok","no","no"
"kheadle@valortechnicalcleaning.com","good","ok","no","no"
"khemmen@graphco.com","good","ok","no","no"
"kim@petersonbroshawaii.com","good","ok","no","no"
"kimb@redstonevisual.com","good","ok","no","no"
"kirsten@phantom.app","good","ok","no","no"
"kjohnson@clinkenbeard.com","good","ok","no","no"
"kkelly@capitaltech1.com","good","ok","no","no"
"kkorth@simplicity.coop","risky","catch_all","no","no"
"kkrichmar@ehsinc.org","good","ok","no","no"
"kkyster@mt2.com","good","ok","no","no"
"klawal@thehausergroup.com","good","ok","no","no"
"kleck@jmttg.com","good","ok","no","no"
"klollar@trueinsightcs.com","good","ok","no","no"
"kmartin@cardata.co","good","ok","no","no"
"kmatsuda@phswest.com","good","ok","no","no"
"knelsen@mnorch.org","risky","catch_all","no","no"
"knemmers@bhate.com","good","ok","no","no"
"kohl@bridgepointmultifamily.com","good","ok","no","no"
"koki@price.com","good","ok","no","no"
"kpeterson@thermalholdings.com","bad","invalid","no","no"
"kphillips@npetex.com","good","ok","no","no"
"krademaker@key-state.com","good","ok","no","no"
"krash@sprint-mechanical.com","good","ok","no","no"
"krauch@loescherhvac.com","good","ok","no","no"
"krause@mbn-gmbh.de","bad","invalid","no","no"
"kris.dolan@nrucfc.coop","bad","invalid","no","no"
"krish@connerhomes.com","good","ok","no","no"
"kristen@pavestudios.com","good","ok","no","no"
"kristin.willoughby@eresimortgage.com","good","ok","no","no"
"kristin@silvermarkinsurance.com","good","ok","no","no"
"kristyn.scheriger@cierabank.com","good","ok","no","no"
"krouse@xxiicentury.com","good","ok","no","no"
"kstarr@aquatechnicspools.com","good","ok","no","no"
"ksuder@smithbrothersabstract.com","good","ok","no","no"
"ktheisen@one.health","good","ok","no","no"
"ktsuzuruki@sumitomo-wh.com","good","ok","no","no"
"ktusay@nasb.com","good","ok","no","no"
"ktuscaney@casadelosninos.org","good","ok","no","no"
"kurtw@mastermoldllc.com","good","ok","no","no"
"kvandyk@vandykconstruction.com","good","ok","no","no"
"kvnguyen@micro-analog.com","good","ok","no","no"
"kwilliamson@l5-fitness.com","good","ok","no","no"
"kwyffels@musiccenter.org","good","ok","no","no"
"kxia@quintanaminerals.com","good","ok","no","no"
"kyle.eilers@dynamiclifting.com","good","ok","no","no"
"kyle.lawson@axa-insurance.co.uk","good","ok","no","no"
"kyle.lund@recom.co","good","ok","no","no"
"kyle.middendorf@lowrystate.bank","good","ok","no","no"
"kyle.nowokunski@spectrumcommercial.com","good","ok","no","no"
"kyle.randolph@bankencore.com","good","ok","no","no"
"kyle@anzaengineering.com","good","ok","no","no"
"kyle@sentriqs.com","risky","catch_all","no","no"
"kyle@tagdatasolutions.com","good","ok","no","no"
"kyndall.wiedrich@realberry.com","good","ok","no","no"
"kyoung@drivewealth.com","good","ok","no","no"
"l.ching@dpl-us.com","good","ok","no","no"
"l.mattea@aes-energy.com","risky","catch_all","no","no"
"l.plumb@localbank.com","good","ok","no","no"
"ladkins@priorityonebank.com","good","ok","no","no"
"lagale.hull@amerihome.com","good","ok","no","no"
"laguirre@sqaservices.com","good","ok","no","no"
"lance@pocomos.com","good","ok","no","no"
"landerson@metgreensolutions.com","good","ok","no","no"
"landon@tecnadyne.com","good","ok","no","no"
"lane.duncan@oaktrussgroup.com","good","ok","no","no"
"lanny@hawkinsprecision.com","good","ok","no","no"
"larry.lorin@mesadigital.co","bad","invalid","no","no"
"larry.tieu@curafi.com","good","ok","no","no"
"larry.williams@floridafood.com","good","ok","no","no"
"larry@tbsg.com","good","ok","no","no"
"larrye@killionindustries.com","bad","invalid","no","no"
"lars@stepping-stones-unlimited.com","good","ok","no","no"
"lathan@adamscountybank.net","good","ok","no","no"
"laura.rinkus@vergesense.com","good","ok","no","no"
"laura@cliffordandbradford.com","good","ok","no","no"
"laura@demopolisequity.com","good","ok","no","no"
"laurel@noticeninja.com","good","ok","no","no"
"lauren@ameriturf.com","good","ok","no","no"
"lauren@startuphealth.com","good","ok","no","no"
"lauren@surfdog.com","good","ok","no","no"
"lawrence@guidewheel.com","good","ok","no","no"
"lawrence@oldevelopment.net","good","ok","no","no"
"lberrospid@meyerci.com","good","ok","no","no"
"lbloom@mhala.org","good","ok","no","no"
"lborroto@nwdrivetrain.com","good","ok","no","no"
"lcabassa@gritstone.com","good","ok","no","no"
"lcohen@jadiancapital.com","good","ok","no","no"
"ldubuc@netchexonline.com","risky","catch_all","no","no"
"lduong@wncinc.com","good","ok","no","no"
"ldwoskin@uky.edu","good","ok","no","no"
"leah@rayatheapp.com","good","ok","no","no"
"leah@sagaseniorliving.com","good","ok","no","no"
"leddy@bryanthealthconsultants.com","good","ok","no","no"
"lee@jasperfortress.com","good","ok","no","no"
"lerickson@watermansteele.com","good","ok","no","no"
"levy@vmgpartners.com","good","ok","no","no"
"lgalvez@scoutsolar.com","risky","catch_all","no","no"
"libee@endeavorcommunities.com","good","ok","no","no"
"lina.rogers@lifecareassurance.com","risky","unknown","no","no"
"lincoln.owens@walterswholesale.com","good","ok","no","no"
"linda.jiang@silverlake.com","good","ok","no","no"
"linda.nicol@tyreeoil.com","good","ok","no","no"
"linda@homecleaningcenters.com","good","ok","no","no"
"linda@perelelhealth.com","good","ok","no","no"
"lindsey.houke@imsinc.us","good","ok","no","no"
"lisa.althoff@riversidebank.com","good","ok","no","no"
"lisa.buch@consensusinc.com","risky","catch_all","no","no"
"lisa.johnson@civco.com","good","ok","no","no"
"lisa@intelepeer.com","good","ok","no","no"
"lisa@sullivanfurniture.com","good","ok","no","no"
"lisa@v1invest.com","good","ok","no","no"
"lisacomstock@ibc.com","good","ok","no","no"
"lizcarter@feetures.com","good","ok","no","no"
"lkriger@communityhopefcu.org","bad","invalid","no","no"
"llarson@saukvalleybank.com","good","ok","no","no"
"llin@luminus.com","good","ok","no","no"
"lmalechuk@mas-bd.com","good","ok","no","no"
"lmarr@lifeline-group.com","good","ok","no","no"
"lmcclean@dynamicstocktransfer.com","good","ok","no","no"
"lmeehan@smithkroeger.com","good","ok","no","no"
"lmossessian@fastfixfranchise.com","good","ok","no","no"
"lnussbaum@environmentalin.com","good","ok","no","no"
"logan.bajoras@meritbank.com","good","ok","no","no"
"london@penningtonconcrete.com","good","ok","no","yes"
"loren@skyh2o.com","good","ok","no","no"
"lorr@youngoneusa.com","good","ok","no","no"
"lorraine@slideclear.com","good","ok","no","no"
"louanne.strickland@stewartorg.com","bad","invalid","no","no"
"lphillips@armstrongbank.com","good","ok","no","no"
"lprace@thebluebook.com","bad","invalid","no","no"
"lrisinger@ufsrw.com","good","ok","no","no"
"lrodriguez@sure-staff.com","good","ok","no","no"
"lrusso@activtrak.com","risky","catch_all","no","no"
"lsandifer@decaturbolt.com","good","ok","no","no"
"lschepis@lpea.coop","good","ok","no","no"
"lschneider@tealcommunications.com","good","ok","no","no"
"lsmith@criticalarccx.com","good","ok","no","no"
"ltidmore@sobanco.com","bad","invalid","no","no"
"ltregurtha@agrpartners.com","good","ok","no","no"
"ltwombly@thebig.red","risky","catch_all","no","no"
"lucy@thorpcorp.net","good","ok","no","no"
"luis@ampriondx.com","good","ok","no","no"
"luis@callradius.io","good","ok","no","no"
"luka.radosevic@ppmamerica.com","good","ok","no","no"
"luke@freezconstruction.com","good","ok","no","no"
"lvanasselt@grandbridge.com","good","ok","no","no"
"lvandyke@lokalhomes.com","good","ok","no","no"
"lvermeire@terrapincarestation.com","good","ok","no","no"
"lwalk@automotiveaftermarketservices.com","good","ok","no","no"
"lydia.ameka@usmdhospital.com","good","ok","no","no"
"lyedalyan@reswellhealth.com","good","ok","no","no"
"lynsey@anatgerstein.com","good","ok","no","no"
"lzayek@astrophysics.com","risky","unknown","no","no"
"m.jamison@dcxchol.com","risky","catch_all","no","no"
"m.smith@brightsidewindows.com","good","ok","no","no"
"mabarca@pacsouthwestirr.com","good","ok","no","no"
"madee@bandcvalues.com","good","ok","no","no"
"madellow@ews-abq.net","good","ok","no","no"
"madison.vickery@signaturesolar.com","good","ok","no","no"
"maja.gettrust@cousinssubs.com","good","ok","no","no"
"malcolm@patriosinsurance.com","risky","catch_all","no","no"
"maltschul@magnitech.com","good","ok","no","no"
"manderson@riskmgmtadvisors.com","good","ok","no","no"
"marc@outdoortech.com","good","ok","no","no"
"marc@pacificbuildingservices.com","good","ok","no","no"
"marco.tapia@growthzone.com","good","ok","no","no"
"marcus@bunkleyelectric.com","good","ok","no","no"
"marcus@care-serve.com","risky","unknown","no","no"
"marcus@specialistroofing.com","good","ok","no","no"
"marcus@teamhlx.com","risky","catch_all","no","no"
"marcus@uniforcesecurity.sg","good","ok","no","no"
"margaretw@truveta.com","good","ok","no","no"
"margritlehmann@thecmsolution.com","good","ok","no","no"
"mari.anderson@lighthousecu.org","good","ok","no","no"
"maria@myalloy.com","good","ok","no","no"
"maria@nakoaco.com","good","ok","no","no"
"marie.mcdonald@tonersociety.com","risky","unknown","no","no"
"marie@svanerejser.dk","bad","invalid","no","no"
"mario@gurmanlogistics.com","good","ok","no","no"
"mario_panoringan@150pelican.com","good","ok","no","no"
"mark.foley@newrez.com","good","ok","no","no"
"mark.grammatke@skydance.com","good","ok","no","no"
"mark.heimann@farmcreditil.com","risky","catch_all","no","no"
"mark.mcdonald@kmag.com","risky","catch_all","no","no"
"mark.pearl@serko.com","good","ok","no","no"
"mark.schuch@superradiatorcoils.com","good","ok","no","no"
"mark.slosson@kavingroup.ca","bad","invalid","no","no"
"mark.tiggeloven@advantagebusinesscapital.com","risky","catch_all","no","no"
"mark.trudeau@drinkflowater.com","good","ok","no","no"
"mark.wilburn@truitycu.org","good","ok","no","no"
"mark.wilson@carusllc.com","risky","catch_all","no","no"
"mark@amiinfosys.com","good","ok","no","no"
"mark@corcelcorp.com","bad","invalid","no","no"
"mark@pinnacle-ltg.com","bad","invalid","no","no"
"mark@subqdocs.ai","risky","catch_all","no","no"
"mark_kresser@k2studios.us","good","ok","no","no"
"markc@mttamfresh.com","good","ok","no","no"
"markr@priorityhospitalgroup.com","good","ok","no","no"
"marlene.ashpole@central-bank.com","bad","invalid","no","no"
"marsha@corridorbusiness.com","risky","catch_all","no","no"
"marsha@dl-designs.co.uk","bad","invalid","no","no"
"marta.wasko@protongreen.com","good","ok","no","no"
"martin.weiner@postoakgroup.co","risky","catch_all","no","no"
"martin@eagle.co.za","risky","catch_all","no","no"
"martine.mccash@xr.health","good","ok","no","no"
"marty.kennelly@thewheelgroup.com","good","ok","no","no"
"mary@dicksonbrothers.com","bad","invalid","no","no"
"mason.martinez@kudosnets.com","good","ok","no","no"
"mason.mcclendon@advantageliftsolutions.com","good","ok","no","no"
"matt.callicoat@cargt.com","good","ok","no","no"
"matt.halbach@surgenex.com","risky","catch_all","no","no"
"matt.maley@iconicfounders.com","good","ok","no","no"
"matt@ambientproptech.com","good","ok","no","no"
"matt@bottomlineconsultinginc.com","risky","catch_all","no","no"
"matt@carecareer.com","good","ok","no","no"
"matt@customonemn.com","good","ok","no","no"
"matt@daloss.com","risky","unknown","no","no"
"matt@edgemarkets.io","good","ok","no","no"
"matt@lvcollective.com","good","ok","no","no"
"matt@msfboise.com","good","ok","no","no"
"matt@navigatorcre.com","good","ok","no","no"
"matt@strategicdev.com","good","ok","no","no"
"matt@stratosdevgroup.com","risky","catch_all","no","no"
"matt@tubularip.com","good","ok","no","no"
"matt@wisedigitalpartners.com","good","ok","no","no"
"matthew.danielson@southstarbank.com","good","ok","no","no"
"matthew.james@forcepsi.com","good","ok","no","no"
"matthew.roberts@themallchannel.tv","good","ok","no","no"
"matthew@5thgait.com","good","ok","no","no"
"matthew@fitpgroup.com","good","ok","no","no"
"matthew@qualityvalves.com","bad","invalid","no","no"
"matthew@taupoint.com","risky","unknown","no","no"
"matthewp@agilerobotics.com","good","ok","no","no"
"mattmuir@valenciapipe.com","good","ok","no","no"
"maureen_werner@aar.com","good","ok","no","no"
"max.white@stonemontfinancial.com","good","ok","no","no"
"max@bonsaihealth.com","risky","catch_all","no","no"
"mbain@transtechgroup.com","good","ok","no","no"
"mbell@choosethechief.com","good","ok","no","no"
"mbell@figma.com","good","ok","no","no"
"mbeny@cecsd.com","good","ok","no","no"
"mberry@lkeeco.com","good","ok","no","no"
"mbeyaert@sightsciences.com","good","ok","no","no"
"mbrewer@cenergistic.com","good","ok","no","no"
"mbuckwalter@erlengroup.com","good","ok","no","no"
"mburk@upstreamengineering.com","good","ok","no","no"
"mbuth@als3pl.com","good","ok","no","no"
"mcannon@risingpointcapital.com","good","ok","no","no"
"mcartwright@precisioninkcorp.com","good","ok","no","no"
"mcharboneau@nspproteins.com","good","ok","no","no"
"mcheung@asianfamilymkt.com","good","ok","no","no"
"mchoi@anaheimr.com","good","ok","no","no"
"mckenzie@ips-pays.com","good","ok","no","no"
"mconrad@apta-health.com","good","ok","no","no"
"mcorkern@ace-c-d.com","good","ok","no","no"
"mcoughlin@hallgroup.com","good","ok","no","no"
"mcraes@oilequipco.com","good","ok","no","no"
"mdahlquist@fscu.com","bad","invalid","no","no"
"mdean@airemasters-ac.com","good","ok","no","no"
"mderr@trucksandparts.com","good","ok","no","no"
"mdouglas@cyrusone.com","good","ok","no","no"
"mdunbar@masonrycenter.com","good","ok","no","no"
"mdurham@compassdevco.com","good","ok","no","no"
"megan@bulletproof.com","good","ok","no","no"
"megan@flintg.com","good","ok","no","no"
"megan@glowbar.com","good","ok","no","no"
"megan@primarywealthgroup.com","good","ok","no","no"
"mei.cheng@smmttx.com","good","ok","no","no"
"mej.ellsworth@fnf.com","good","ok","no","no"
"melanie@prophethomes.com","good","ok","no","no"
"melinda.tipton@nglep.com","good","ok","no","no"
"melissa.zwerin@cacgroup.com","good","ok","no","no"
"melissa@eeo.com","good","ok","no","no"
"mellis@marcusfoodco.com","bad","invalid","no","no"
"memery@shieldsat.com","good","ok","no","no"
"mengyao@drgem.co.kr","risky","unknown","no","no"
"mfalls@danestreet.com","good","ok","no","no"
"mfechter@walser.com","good","ok","no","no"
"mfetter@mtb.com","good","ok","no","no"
"mfiddes@cccinc.net","good","ok","no","no"
"mfmunroe@pickenskane.com","good","ok","no","no"
"mgarcia@falconbank.com","good","ok","no","no"
"mgaribay@sunridgemanagement.com","good","ok","no","no"
"mgero@vlgllc.com","good","ok","no","no"
"mhammer@aquascapeinc.com","good","ok","no","no"
"mharris@omnimd.com","good","ok","no","no"
"mhopp@revolutionworld.com","good","ok","no","no"
"mhoppe@dmsi.com","good","ok","no","no"
"mhughes@gradientib.com","good","ok","no","no"
"mia@gourmetxpressllc.com","risky","catch_all","no","no"
"miamellecker@ypacarts.com","risky","catch_all","no","no"
"michael.barnett@tutorelectric.com","good","ok","no","no"
"michael.beasley@communitynational.net","bad","invalid","no","no"
"michael.colvin@medifastinc.com","good","ok","no","no"
"michael.harvey@trueanomaly.space","risky","catch_all","no","no"
"michael.hayden@nuvisioncu.org","good","ok","no","no"
"michael.hodges@amboxkc.com","good","ok","no","no"
"michael.lamothe@bobabeverage.com","good","ok","no","no"
"michael.lee@biomedrealty.com","good","ok","no","no"
"michael.marchetti@effectual.com","good","ok","no","no"
"michael.matuella@geodehealth.com","good","ok","no","no"
"michael.mccormack@pizzahut.com","bad","invalid","no","no"
"michael.stanton@agilitycredit.com","risky","catch_all","no","no"
"michael@advisorygroupsf.com","good","ok","no","no"
"michaela@kielmortgage.com","risky","unknown","no","no"
"michaele.simkovic@momar.com","good","ok","no","no"
"michaell@usecreditunion.org","good","ok","no","no"
"michaelm@foodmatch.com","good","ok","no","no"
"michaelp@typco.com","good","ok","no","no"
"michele@cottonbeltfcu.com","good","ok","no","no"
"michelle.shillinglaw@thejoint.com","risky","catch_all","no","no"
"michelle@atlanticvacationhomes.com","good","ok","no","no"
"michelle@fractalpay.com","good","ok","no","no"
"michelle_sypher@ajg.com","good","ok","no","no"
"michi@asteroom.com","good","ok","no","no"
"mickeyt@fg-inc.net","good","ok","no","no"
"mikael.setterberg@epcpower.com","good","ok","no","no"
"mike.argo@mindbridge.ai","good","ok","no","no"
"mike.bohacek@beis.com","good","ok","no","no"
"mike.cullather@soonerpipe.com","good","ok","no","no"
"mike.davis@momar.com","good","ok","no","no"
"mike.east@mountainregionaleq.com","good","ok","no","no"
"mike.foxworthy@daumcommercial.com","good","ok","no","no"
"mike.giles@mastery.net","good","ok","no","no"
"mike.guinn@nglep.com","good","ok","no","no"
"mike.janak@cashplus.com","risky","catch_all","no","no"
"mike.luthiger@claritas.com","good","ok","no","no"
"mike.sanchez@pantheon.io","good","ok","no","no"
"mike.walsh@martinharris.com","good","ok","no","no"
"mike.white@bpi-power.com","bad","invalid","no","no"
"mike@cardconnectsolutions.com","bad","invalid","no","no"
"mike@combsaz.com","good","ok","no","no"
"mike@eaglemotorsports.com","good","ok","no","no"
"mike@evergreenexhibitions.com","good","ok","no","no"
"mike@flowtec.com","good","ok","no","no"
"mike@iexdelivery.com","good","ok","no","no"
"mikec@arkansastrailer.com","good","ok","no","no"
"milan.shah@summitinterconnect.com","good","ok","no","no"
"miles@pitch59.com","risky","catch_all","no","no"
"millerm@ucla.edu","good","ok","no","no"
"min@lunewave.com","good","ok","no","no"
"mingjian.fei@abiosciences.com","good","ok","no","no"
"miranda.spiro@lifeworksaustin.org","good","ok","no","no"
"miroslav.lukic@gowithmmg.com","good","ok","no","no"
"mitch@hightrekpos.com","risky","catch_all","no","no"
"mitchell.golden@legrand.com","good","ok","no","no"
"mjb@shanwil.com","bad","invalid","no","no"
"mkang@reald.com","good","ok","no","no"
"mkesler@modusadvanced.com","good","ok","no","no"
"mkitowski@engagepeo.com","good","ok","no","no"
"mknodell@nevadacement.com","good","ok","no","no"
"mkramer@altoingredients.com","good","ok","no","no"
"mkrenc@inlandgc.com","good","ok","no","no"
"mkuratko@centerwell.com","good","ok","no","no"
"mledoux@accuratesecurityinc.com","good","ok","no","no"
"mlindsey@thequantum.com","good","ok","no","no"
"mluedke@essind.com","good","ok","no","no"
"mlynch@cglcompanies.com","good","ok","no","no"
"mmarks@forgen.com","good","ok","no","no"
"mmarquez@whittiertrust.com","good","ok","no","no"
"mmcdowell@globalbinbuilders.com","good","ok","no","no"
"mmcguire@bankadvisorsltd.com","good","ok","no","no"
"mmeans@stssc.com","good","ok","no","no"
"mmeinecke@moldex.com","good","ok","no","no"
"mmikes@berger-engr.com","good","ok","no","no"
"mmillion@vivoagency.com","risky","catch_all","no","no"
"mmitchell@bestbuddyco.com","good","ok","no","no"
"mmridings@gasequipment.com","good","ok","no","no"
"mnunes@concordservicing.com","good","ok","no","no"
"mnunley@lacapfcu.org","bad","invalid","no","no"
"mohamed.elsayed@rb.com","risky","catch_all","no","no"
"mohamed.h@sfrdc.com","good","ok","no","no"
"mohammad.darwazah@energyaspects.com","good","ok","no","no"
"mohammad.ramadan@mcnichols.com","good","ok","no","no"
"moheany@trumarkco.com","good","ok","no","no"
"moilan@masterpumps.com","risky","catch_all","no","no"
"mollie.mundy@abspectrum.org","good","ok","no","no"
"monica@exteriorworlds.com","good","ok","no","no"
"monicam@centralnational.com","good","ok","no","no"
"monicams@ogdenre.com","good","ok","no","no"
"morndorff@reynoldspolymer.com","good","ok","no","no"
"morten@sellsadvisors.com","good","ok","no","no"
"mortiz@firstnewmexicobank.com","good","ok","no","no"
"mpacione@euclidbeverage.com","bad","invalid","no","no"
"mparker@xoarmortech.com","good","ok","no","no"
"mpfannenstiel@hadleydevelopment.com","good","ok","no","no"
"mpierce@firstpaymentservices.com","good","ok","no","no"
"mprince@fccfinance.com","good","ok","no","no"
"mramirez@sunwestbank.com","good","ok","no","no"
"mroach@centennialmortgage.com","good","ok","no","no"
"mroder@forgeconstructors.com","good","ok","no","no"
"mrojas@firstbankchicago.com","good","ok","no","no"
"mrollins@lacrossefootwear.com","good","ok","no","no"
"mrosson@pmcu.org","risky","catch_all","no","no"
"mroth@cycleconstruction.com","good","ok","no","no"
"mryan@spipumps.net","good","ok","no","no"
"msargent@newberrytanks.com","good","ok","no","no"
"mschiavone@republicebank.com","bad","invalid","no","no"
"mschwersenska@brakebush.com","risky","unknown","no","no"
"msepahi@joagroup.com","bad","invalid","no","no"
"msheldon@robertsonryan.com","good","ok","no","no"
"mshellenberg@cbobanker.com","risky","catch_all","no","no"
"msi@trucatchtraps.com","risky","catch_all","no","no"
"mspinks@championshiptitle.com","good","ok","no","no"
"mstaal@ditchwitch.com","bad","invalid","no","no"
"mstanek@openlending.com","good","ok","no","no"
"mstanton@dormantrading.com","good","ok","no","no"
"mstavrakis@fpcu.org","risky","catch_all","no","no"
"mswikard@tflandscape.com","good","ok","no","no"
"mt@aiinsure.com","good","ok","no","no"
"mtancer@nurixtx.com","good","ok","no","no"
"mteaff@dh-united.com","good","ok","no","no"
"mtehrlich@centralbuilders.net","good","ok","no","no"
"mthompson@cogc.com","good","ok","no","no"
"mtmayo@fgb.net","good","ok","no","no"
"mtribelhorn@samsonrope.com","good","ok","no","no"
"mukul.awasthi@avionnetworks.com","good","ok","no","no"
"munderhill@cswcommercial.com","good","ok","no","no"
"muriel@visionsigninc.com","good","ok","no","no"
"mustafa.alhajami@petrolink.com","good","ok","no","no"
"mvivier@evergreensg.com","good","ok","no","no"
"mwarrick@gradientfg.com","good","ok","no","no"
"mwaterman@tahoesupply.com","good","ok","no","no"
"mwatson@butleramerica.com","good","ok","no","no"
"mwiggins@dmeexpress.com","good","ok","no","no"
"mwilkison@mybrb.com","bad","invalid","no","no"
"mwilson@horizonra.com","good","ok","no","no"
"mwozniak@airsyseng.com","good","ok","no","no"
"mwright@citybanktexas.com","good","ok","no","no"
"mylinh.nguyen@karlstorz.com","good","ok","no","no"
"n.bobo@orchardplace.org","bad","invalid","no","no"
"n.reed@resiliencecmw.com","good","ok","no","no"
"nanderson@wbourne.com","good","ok","no","no"
"naoma.nicholls@yucaipaco.com","good","ok","no","no"
"nash@oscardelarenta.com","bad","invalid","no","no"
"natalie.rohde@hiya.com","good","ok","no","no"
"nate.oliver@pestcontrol.help","risky","unknown","no","no"
"nate@ironconnect.com","good","ok","no","no"
"nathan@vhgusa.com","good","ok","no","no"
"nathansultemeier@frs.net","good","ok","no","no"
"nbansal@demac.com","good","ok","no","no"
"nbpauley@bankofholyrood.com","good","ok","no","no"
"ncarter@parkerandsons.com","good","ok","no","no"
"ncharalab@physiciangrowthpartners.com","good","ok","no","no"
"nguinn@biggsplumbing.com","good","ok","no","no"
"ngupta@a10capital.com","good","ok","no","no"
"nhill@accordancebible.com","good","ok","no","no"
"nhoffman@exclusiveresorts.com","good","ok","no","no"
"nicholas@axiapartners.com","good","ok","no","no"
"nicholas@metroinstitute.com","risky","catch_all","no","no"
"nichols.brian@lucasoil.com","bad","invalid","no","no"
"nick.anaclerio@showseeker.com","good","ok","no","no"
"nick@cora.ai","good","ok","no","no"
"nick@emenergyservices.com","good","ok","no","no"
"nick@rehabmedia.com","good","ok","no","no"
"nickalbert@albertair.com","risky","unknown","no","no"
"nicolas.gramstad@campspot.com","good","ok","no","no"
"nicole.pastore@hypte.com","good","ok","no","no"
"nicoleh@superiorchoice.com","good","ok","no","no"
"niina.fujioka@playableworlds.com","good","ok","no","no"
"nikhil@lightmatter.co","good","ok","no","no"
"nikki.patton@curantissolutions.com","good","ok","no","no"
"nikki@mmicid.com","good","ok","no","no"
"niko@winsteadcustomhomes.com","good","ok","no","no"
"nikolay.rubanov@persimmons.ai","good","ok","no","no"
"nishanthi@lindsey.com","good","ok","no","no"
"njudd@cfbankco.com","bad","invalid","no","no"
"njunge@worldclassind.com","good","ok","no","no"
"nlee@ravapartners.com","good","ok","no","no"
"nmiyata@mitsuwa.com","good","ok","no","no"
"nmoorhead@gipartners.com","good","ok","no","no"
"nnofal@ansco.us","risky","catch_all","no","no"
"noel.orcutt@dowaero.com","good","ok","no","no"
"norm@rigalipackaging.com","good","ok","no","no"
"npatel@swopehealth.org","good","ok","no","no"
"nroppolo@connerindustries.com","good","ok","no","no"
"nshah@rsi.aero","good","ok","no","no"
"nspear@datasystem.com","good","ok","no","no"
"nswentek@merchantscapital.com","good","ok","no","no"
"ntonsich@caemaritime.com","good","ok","no","no"
"nvanderbeek@specservices.com","good","ok","no","no"
"nwong@wideorbit.com","good","ok","no","no"
"ofarah@psgmn.com","risky","catch_all","no","no"
"ojedac@falconbank.com","good","ok","no","no"
"olivia@hdconstruction.com","risky","unknown","no","no"
"omayra.escobar@helloeventify.com","bad","invalid","no","no"
"osalmina@tanagerbank.com","good","ok","no","no"
"osman.ghafoor@silverlake.com","good","ok","no","no"
"p.detrempe@dynamosoftware.com","good","ok","no","no"
"p.duncan@pictordx.com","good","ok","no","no"
"pablo.mejia@magnetdefense.com","good","ok","no","no"
"paco@megasupplyllc.com","good","ok","no","no"
"palakc@gogomedicaltransport.com","risky","catch_all","no","no"
"pamelac@echoworkshop.com","good","ok","no","no"
"parker.chenault@cccoa.com","good","ok","no","no"
"parva@cainex.com","good","ok","no","no"
"pascal@appdome.com","good","ok","no","no"
"pashu@psyop.tv","good","ok","no","no"
"pat.aldridge@gtfcu.org","bad","invalid","no","no"
"pat.chuinard@centerlinebiomedical.com","good","ok","no","no"
"pat.sanders@ascentris.com","good","ok","no","no"
"pat.stevens@adsenv.com","risky","unknown","no","no"
"pat@ipscranes.com","good","ok","no","no"
"patrick.boyne@fbol.com","bad","invalid","no","no"
"patrick.carter@onewellworld.com","good","ok","no","no"
"patrick.lynch@laudio.com","bad","invalid","no","no"
"patrick@conrardyco.com","good","ok","no","no"
"patrick@holmeshomes.com","good","ok","no","no"
"patrick@petrolad.com","good","ok","no","no"
"patti.jenson@clarest.com","risky","catch_all","no","no"
"patty.dyce@manpower.com","bad","invalid","no","no"
"paul.mccarthy@iren.com","good","ok","no","no"
"paul@armorous.com","risky","catch_all","no","no"
"paul@drip-ai.com","good","ok","no","no"
"paula.wilkie@cibolohealth.com","risky","catch_all","no","no"
"pauld@silverthornegroup.com","good","ok","no","no"
"paulettehubbard@republictitle.com","good","ok","no","no"
"payton@industrialoilsinc.com","good","ok","no","no"
"pbarron@skplumbinginc.com","good","ok","no","no"
"pbraun@vpicompounding.com","risky","catch_all","no","no"
"pbrekke@telarus.com","good","ok","no","no"
"pconroy@wrscompass.com","bad","invalid","no","no"
"pcorder@afcu.org","good","ok","no","no"
"pdekema@claimstream.com","good","ok","no","no"
"pdengenis@red8.com","good","ok","no","no"
"pdeoraj@northstarbank.com","good","ok","no","no"
"peccles@salaera.com","good","ok","no","no"
"pejmanz@lowskycommercial.com","good","ok","no","no"
"perry@fsbdent-perham.com","bad","invalid","no","no"
"pete@arizonaline-x.com","good","ok","no","no"
"peter.batton@caprockoiltools.com","good","ok","no","no"
"peter.j@nano-di.com","good","ok","no","no"
"peter.schwartz@springeq.com","good","ok","no","no"
"peter.tatrai@outset.ai","good","ok","no","no"
"peter@epicproducesales.com","risky","catch_all","no","no"
"peter@hybridpresents.com","risky","unknown","no","no"
"peter@qloo.com","good","ok","no","no"
"petersenj@cascadechristian.org","good","ok","no","no"
"peterz@bitari.net","risky","catch_all","no","no"
"pfullmer@fullmer-proserv.com","bad","invalid","no","no"
"pgollnick@hammonplating.com","good","ok","no","no"
"pgregg@hivoltenergy.com","good","ok","no","no"
"phil.landoll@landoll.com","good","ok","no","no"
"philb@bongi.io","risky","unknown","no","no"
"philc@paceengrs.com","good","ok","no","no"
"philip_ott@fin-rec.com","good","ok","no","no"
"phillip.liu01@bitdeer.com","good","ok","no","no"
"phillipa@plantco.com","good","ok","no","no"
"phillips@studiolafayette.com","good","ok","no","no"
"philtextor@advconcrete.com","good","ok","no","no"
"phyllis@tresconsulting.com","bad","invalid","no","no"
"pjellison@structureproperties.com","good","ok","no","no"
"pjf@firminconstruction.com","good","ok","no","no"
"pkwan@lemacassociates.com","bad","invalid","no","no"
"plabeau@fieldconnections.net","good","ok","no","no"
"plee@skyebiologics.com","good","ok","no","no"
"plove@metrobankpc.com","good","ok","no","no"
"plupardus@curie.bio","good","ok","no","no"
"pmarch@campagnamotors.com","good","ok","no","no"
"pooja.sjansen@elantis.ai","good","ok","no","no"
"ppatel@shapco.com","bad","invalid","no","no"
"pplamann@trilogycares.com","good","ok","no","no"
"pprince@vcgenergy.com","good","ok","no","no"
"pranay@exaforce.com","good","ok","no","no"
"prasanth@polymr.tech","good","ok","no","no"
"procurement@selricoservices.com","good","ok","no","yes"
"pryan@bankofallon.com","good","ok","no","no"
"psauve-c@digitalremedy.com","good","ok","no","no"
"pvaladez@tseg.com","good","ok","no","no"
"pwilliams@bohsolutions.com","good","ok","no","no"
"r.post@nautilusdt.com","risky","unknown","no","no"
"r.vanginkel@fencespecialties.us","good","ok","no","no"
"r.white@wsb.bank","bad","invalid","no","no"
"rachel.kight@stonetrustinsurance.com","good","ok","no","no"
"raeann@parrotmedia.com","good","ok","no","no"
"raffaele@compasslandadvisors.com","risky","unknown","no","no"
"rahil@bondingai.io","risky","catch_all","no","no"
"raimi.kong@paizo.com","good","ok","no","no"
"ramsey@shilohventure.com","risky","catch_all","no","no"
"randall.swatland@oncoursehome.com","good","ok","no","no"
"randerson@ctrinvestors.com","good","ok","no","no"
"randy.floyd@protecservicesinc.com","risky","unknown","no","no"
"randy@besttownagents.com","risky","catch_all","no","no"
"randy@djlteam.com","risky","catch_all","no","no"
"randy@pandpimports.com","bad","invalid","no","no"
"randy@wcstriegel.com","risky","catch_all","no","no"
"raul.aldana@zoodigital.com","good","ok","no","no"
"ravi.kiran@cellvec.com","good","ok","no","no"
"ravi@cslenergy.com","good","ok","no","no"
"ray@3toneent.com","good","ok","no","no"
"ray@bigimage.net","good","ok","no","no"
"ray@biolinq.com","good","ok","no","no"
"raymondk@ccbill.com","good","ok","no","no"
"raymora@ahifs.com","good","ok","no","no"
"rbohlman@jonesstevedoring.com","good","ok","no","no"
"rbranum@thermalstructures.com","good","ok","no","no"
"rbugayong@sscwaz.com","good","ok","no","no"
"rcady@imprintengine.com","good","ok","no","no"
"rcalhoun@crewsfs.com","good","ok","no","no"
"rcarrillo@rlsqinc.com","good","ok","no","no"
"rcompton@epublishing.com","good","ok","no","no"
"rcook@cnitucson.com","good","ok","no","no"
"rdetz@delmarmortgage.com","good","ok","no","no"
"rdickison@texaspools.com","good","ok","no","no"
"rdirks@hicksholdings.com","good","ok","no","no"
"rdistefano@ddmasonrykc.com","good","ok","no","no"
"rdumelle@aragail.com","good","ok","no","no"
"rebecca.chambliss@carmodyre.com","risky","catch_all","no","no"
"rebecca.mcgregor@goldfishss.com","good","ok","no","no"
"rebeccaw@kimblesfood.com","good","ok","no","no"
"reesha@pi.security","good","ok","no","no"
"reg@sonant.com","good","ok","no","yes"
"rene@calsplendor.com","good","ok","no","no"
"reneeg@tmwrk.net","good","ok","no","no"
"rex@getbrick.com","risky","catch_all","no","no"
"rex@uniqvision.com","good","ok","no","no"
"reza.mahalati@lyte.ai","good","ok","no","no"
"rfeeney@rmfenterprisesinc.com","risky","catch_all","no","no"
"rfinn@nationsequipmentfinance.com","risky","catch_all","no","no"
"rfurman@powerxco.com","good","ok","no","no"
"rgarry@lagrangecrane.com","good","ok","no","no"
"rgarza@leadingedgenm.com","bad","invalid","no","no"
"rgast@shorewest.com","good","ok","no","no"
"rgaston@chemcoprod.com","good","ok","no","no"
"rgeist@avataraplatform.com","good","ok","no","no"
"rgordon@unitrin.com","risky","catch_all","no","no"
"rgozalians@americanintegrated.com","good","ok","no","no"
"rgrant@midwestbankcentre.com","good","ok","no","no"
"rgreen@packpowerco.com","good","ok","no","no"
"rhall@prestonspire.com","good","ok","no","no"
"rharrington@ltspower.com","bad","invalid","no","no"
"rhelfrich@sigmatechconsult.com","good","ok","no","no"
"rhines@thepharmaforce.com","good","ok","no","no"
"rhofmann@precoindustries.com","risky","unknown","no","no"
"rhwang@wisq.com","good","ok","no","no"
"ria.vanhoef@1factory.com","good","ok","no","no"
"rich.couturier@bremnerduke.com","bad","invalid","no","no"
"richard.tango@peakt.com","good","ok","no","no"
"richard_dasilva@msig-asia.com","risky","catch_all","no","no"
"richard_farco@mason-dallas.com","good","ok","no","no"
"richardr@cohengroup.com","bad","invalid","no","no"
"richw@gencapgc.com","good","ok","no","no"
"rick.eilers@northland-mn.com","good","ok","no","no"
"rick.foxworthy@esmcivil.com","good","ok","no","no"
"rick.haggart@nops.io","good","ok","no","no"
"rick.highfill@universalpro.com","risky","catch_all","no","no"
"rick@bsbgroupintl.com","risky","catch_all","no","no"
"rick@dbspublicadjusters.com","good","ok","no","no"
"rick@shieldsos.com","good","ok","no","no"
"rickcabo@amarillasinternet.com","good","ok","no","no"
"rickm@equus.com","good","ok","no","no"
"riley@masterbrands.us","good","ok","no","no"
"rileymoreland@safewealthadvisors.com","good","ok","no","no"
"rinkou.aki@obayashi-usa.com","good","ok","no","no"
"rizza.mendoza@regask.com","good","ok","no","no"
"rjavdani@careismatic.com","good","ok","no","no"
"rjones@derbyenergy.com","good","ok","no","no"
"rkurtz@marathoncapital.com","good","ok","no","no"
"rlangst@federalprotection.com","good","ok","no","no"
"rm@solventenergy.com","good","ok","no","no"
"rmadrigal@thgfinancial1.com","good","ok","no","no"
"rmartinez@nwframing.com","bad","invalid","no","no"
"rmeade@wine.com","good","ok","no","no"
"rmessey@firstbankersbanc.com","risky","unknown","no","no"
"rmestas@premieronepayments.com","good","ok","no","no"
"rmillard@ymca-snoco.org","good","ok","no","no"
"rmorioka@hdcc.com","good","ok","no","no"
"rob.c@westsidebuild.com","good","ok","no","no"
"rob.johnson@infinitysolarusa.com","good","ok","no","no"
"rob.malkin@nearmap.com","good","ok","no","no"
"rob@grantsheetmetal.com","good","ok","no","no"
"robert.gordon@atintegration.com","good","ok","no","no"
"robert.means@graymatterlogic.com","good","ok","no","no"
"robert.rosen@allata.com","good","ok","no","no"
"robert.santor@agatools.com","good","ok","no","no"
"robert@abcirrigation.com","good","ok","no","no"
"robert_degraves@gallagherre.com","bad","invalid","no","no"
"roberto.garcia@sherpapointllc.com","good","ok","no","no"
"rod@tyson20.com","good","ok","no","no"
"roger@bellgasinc.com","good","ok","no","no"
"rohit.aitharaju@techtammina.com","bad","invalid","no","no"
"rolfsnobeck@lmarshallroofing.com","good","ok","no","no"
"rolson@imprimus.com","bad","invalid","no","no"
"rolson@larsondistributing.com","bad","invalid","no","no"
"roman@jetfreightservices.com","risky","catch_all","no","no"
"ronh@columbiabody.com","good","ok","no","no"
"ronv@rogersgardens.com","good","ok","no","no"
"rosalyn.chan@riaschool.com.sg","good","ok","no","no"
"roshan@aaacapitalinvestment.com","bad","invalid","no","no"
"ross.terry@riverbankandtrust.com","bad","invalid","no","no"
"ross@grapesfromcalifornia.com","good","ok","no","no"
"ross@pacificsurfacing.com","good","ok","no","no"
"rowena.okialda@ecc-exteriors.com","good","ok","no","no"
"roy.boldt@ampam.com","good","ok","no","no"
"roy@lightmatter.co","good","ok","no","no"
"rpanczak@frontenac.com","good","ok","no","no"
"rpolu@ifscoatings.com","good","ok","no","no"
"rread@libertytrailers.com","good","ok","no","no"
"rrodebaugh@gannetbiochem.com","good","ok","no","no"
"rrowley@docufree.com","good","ok","no","no"
"rsousa@pacsouthwestirr.com","good","ok","no","no"
"rsterling@davinciep.com","good","ok","no","no"
"rstockbauer@worldwide-logistics.com","good","ok","no","no"
"rtower@greenladdertech.com","good","ok","no","no"
"rtucker@advantagewoundcare.org","good","ok","no","no"
"rtung@tonslogistics.com","good","ok","no","no"
"ruben@enhancelandscapeinc.com","good","ok","no","no"
"ruben@windowtechinc.com","good","ok","no","no"
"rudi.micheletti@hayatx.com","good","ok","no","no"
"rudy.holliday@mcs360.com","good","ok","no","no"
"russell@asynchservices.com","good","ok","no","no"
"rusty.thatcher@santansolar.com","good","ok","no","no"
"ruth.horns@cccu.com","bad","invalid","no","no"
"ruth@intldelicacies.com","good","ok","no","no"
"rwalker@hightechlending.com","good","ok","no","no"
"rwalton@greenarrow.com","good","ok","no","no"
"rwasenius@centersquare.com","good","ok","no","no"
"rworley@sunrise-eng.com","good","ok","no","no"
"ryamamoto@sumitomo-wh.com","good","ok","no","no"
"ryan.baird@eunasolutions.com","good","ok","no","no"
"ryan.carter@clearwatersavings.com","good","ok","no","no"
"ryan.clark@bruno.com","good","ok","no","no"
"ryan.culhane@galacticadvisors.com","good","ok","no","no"
"ryan.douglas@surgenex.com","risky","catch_all","no","no"
"ryan.green@shawndt.com","good","ok","no","no"
"ryan.johnson@blitzinsurance.com","good","ok","no","no"
"ryan.odonnell@heitman.com","good","ok","no","no"
"ryan.wilkinson@tiaa.org","good","ok","no","no"
"ryan@lndg.net","good","ok","no","no"
"ryan@sharkeyinsurance.biz","risky","catch_all","no","no"
"ryanh@skagitfarmers.com","good","ok","no","no"
"ryanr@excelinstore.com","good","ok","no","no"
"ryanwood@mytimerecovery.com","good","ok","no","no"
"rzamparini@montminyco.com","good","ok","no","no"
"s.bridges@solvdus.com","good","ok","no","no"
"s.hannawi@amouage.com","good","ok","no","no"
"sa@talent-works.com","bad","invalid","no","no"
"sabrina@ssfscavenger.com","good","ok","no","no"
"sabrina@ultraviolette.com.au","good","ok","no","no"
"sales@technitoolinc.com","good","ok","no","yes"
"sally.im@nuvisioncu.org","good","ok","no","no"
"sallyellingsen@umpquabank.com","bad","invalid","no","no"
"sam@ame.com","good","ok","no","no"
"sam@everythingcamper.com","risky","unknown","no","no"
"samantha.lin@redwoodtrust.com","good","ok","no","no"
"samantha@ascendantcapital.com","good","ok","no","no"
"samantha@twinroseinvestments.com","good","ok","no","no"
"sami@wolfpackps.com","risky","unknown","no","no"
"samm@myremedi8.com","good","ok","no","no"
"samuel.small@hadleyproperties.com","good","ok","no","no"
"sandeep.mirani@simplifyalpha.com","good","ok","no","no"
"sandeep@lightmatter.co","good","ok","no","no"
"sandersm@westernstatebuilder.com","good","ok","no","no"
"sandra@pivot-agency.com","good","ok","no","no"
"sandy.brown@burke.com","good","ok","no","no"
"sanna@oliveandgoose.com","good","ok","no","no"
"santosh.kumar@behavox.com","good","ok","no","no"
"sara.livingood@duluthsteeltrading.com","good","ok","no","no"
"sara@autoignitemanagement.com","good","ok","no","no"
"sara@heritagebankozarks.com","good","ok","no","no"
"sarah.brown@northwest-bank.com","good","ok","no","no"
"sarah@cdlstaffing.com","good","ok","no","no"
"sarah@lolablankets.com","good","ok","no","no"
"sarah@turnstoneenvironmental.com","good","ok","no","no"
"sarap@bmcak.com","good","ok","no","no"
"sarina.basch@intoo.com","good","ok","no","no"
"sashby@bankofutah.com","good","ok","no","no"
"satara.britton@saferentsolutions.com","good","ok","no","no"
"sazevedo@iwins.com","good","ok","no","no"
"sbacon@desertis.us","risky","catch_all","no","no"
"sbaker@chasewoodbank.com","bad","invalid","no","no"
"sbender@nbcbanking.com","good","ok","no","no"
"sbergh@ainorsigns.com","good","ok","no","no"
"sblunt@medata.com","good","ok","no","no"
"sbreaux@staticflo.com","good","ok","no","no"
"sbrooks@epiloguesystems.com","good","ok","no","no"
"scamp@hwgc.com","good","ok","no","no"
"scampbell@pelotonaerospace.com","good","ok","no","no"
"scanup@figpartners.co","bad","invalid","no","no"
"scarlat@titans.nfl.com","good","ok","no","no"
"schneidd@draperandkramer.com","good","ok","no","no"
"sclegg@stonecastlesecurities.com","good","ok","no","no"
"sconner@republictitle.com","bad","invalid","no","no"
"scot@mcaofiowa.org","good","ok","no","no"
"scott.fennell@lh.tech","good","ok","no","no"
"scott.gates@bzsensors.com","good","ok","no","no"
"scott.harris@whitehaveninsurance.com","good","ok","no","no"
"scott.hutchens@trca.com","good","ok","no","no"
"scott.manos@darlingltd.com","good","ok","no","no"
"scott.mcmahan@mdxhealth.com","good","ok","no","no"
"scott.radmall@nusano.com","good","ok","no","no"
"scott.senko@visioncollective.io","good","ok","no","no"
"scott@converted.co.uk","risky","catch_all","no","no"
"scott@crediblemind.com","risky","catch_all","no","no"
"scott@danielfamily.com","risky","unknown","no","no"
"scott@fiveelms.com","bad","invalid","no","no"
"scott@webilent.com","good","ok","no","no"
"scottp@lowen.com","good","ok","no","no"
"sdebysingh@skybluehc.com","good","ok","no","no"
"sdevooght@thehomehalo.com","good","ok","no","no"
"sdorenfeld@neighborhoodforward.com","good","ok","no","no"
"sean.odonnell@beansprouts.com","good","ok","no","no"
"sean.ohare@exchangebank.com","good","ok","no","no"
"sean@corgi.com","good","ok","no","no"
"sean@flexontechnologies.com","good","ok","no","no"
"serena.gutierrez@vitasorahealth.com","good","ok","no","no"
"sesau@adler-industrial.com","good","ok","no","no"
"seth.feder@zetaris.com","risky","catch_all","no","no"
"sethblanchard@pylantmedical.com","good","ok","no","no"
"sfoo@avivarcapital.com","good","ok","no","no"
"sfradin@r2.me","good","ok","no","no"
"sgardner@bonadmin.com","good","ok","no","no"
"sgarner@legacymhc.com","good","ok","no","no"
"sgomes@fieldwire.com","good","ok","no","no"
"sgribble@argenica.com.au","good","ok","no","no"
"shaanep@sw-electric.com","good","ok","no","no"
"shah.fulvati@pcsionline.net","bad","invalid","no","no"
"shane.annas@pneudraulics.com","good","ok","no","no"
"shane.beasley@lockecs.com","good","ok","no","no"
"shane.kroeplin@proximal.com","good","ok","no","no"
"shanecarlson@nwseaplanes.com","good","ok","no","no"
"shanepurcel@timelinecontractors.com","risky","unknown","no","no"
"shang@hallow.app","good","ok","no","no"
"shankla@nexus-datacenters.com","good","ok","no","no"
"shannon.callies@exaptive.com","risky","catch_all","no","no"
"shannon@dreamday.la","good","ok","no","no"
"shannon@gentlepathtx.com","good","ok","no","no"
"shannon@knowwn.co","good","ok","no","no"
"shannon@sladcostl.com","good","ok","no","no"
"sharon.vossen@ursusfg.com","risky","catch_all","no","no"
"shauna.lorenzen@exchangebank.com","good","ok","no","no"
"shawn.williams@geosoftware.com","good","ok","no","no"
"shawn@novexmedical.com","risky","catch_all","no","no"
"shawn@pimaoil.com","risky","catch_all","no","no"
"shays@radioeng.com","good","ok","no","no"
"sheila.pamittan@heitman.com","good","ok","no","no"
"shelby.dixon@go2fbt.com","good","ok","no","no"
"sher@kgcbuilders.com","good","ok","no","no"
"sheri.fuhrmann@peoplesbank-wa.com","good","ok","no","no"
"sheric@coasthills.coop","good","ok","no","no"
"sherri@dfwimproved.com","good","ok","no","no"
"sherry.sun@silverlake.com","good","ok","no","no"
"sholmes@builderfinance.com","good","ok","no","no"
"showell@ddiinternational.com","bad","invalid","no","no"
"shreyas.patel@johnsonscreens.com","good","ok","no","no"
"shussong@transportsos.com","good","ok","no","no"
"sides-gregory@aramark.com","good","ok","no","no"
"sirvine@barneytrucking.com","good","ok","no","no"
"sisdaner@landmarkretailgroup.com","bad","invalid","no","no"
"sjagodzinski@seniorpartners.com","risky","unknown","no","no"
"sjit@onecommunityhealth.com","good","ok","no","no"
"sjones@cedarcreekma.com","good","ok","no","no"
"sjoshi@viantinc.com","risky","catch_all","no","no"
"skapur@norwest.com","good","ok","no","no"
"skerns@cdsintexas.com","good","ok","no","no"
"skingston@standardrestaurant.com","good","ok","no","no"
"skm@theraedio.com","good","ok","no","no"
"sknight@abrsolutions.org","risky","unknown","no","no"
"skoneru@humankindforall.com","good","ok","no","no"
"skorica@aircontrolsystems.net","good","ok","no","no"
"skunschke@jrmachine.com","good","ok","no","no"
"skupanoff@nbcbenefits.com","good","ok","no","no"
"skyler.spooner@fixated.com","good","ok","no","no"
"slangston@bakerintl.com","good","ok","no","no"
"slappe@bulley.com","good","ok","no","no"
"slhommedieu@arco1.com","good","ok","no","no"
"slockettlittell@beckway.com","good","ok","no","no"
"smackenzie@promusequity.com","good","ok","no","no"
"smaejima@haseko.com","good","ok","no","no"
"smallory@agrpartners.com","good","ok","no","no"
"sminer@ablecomm.net","good","ok","no","no"
"snewman@jacksonandblanc.com","good","ok","no","no"
"snino@teamraft.com","good","ok","no","no"
"sohrab@thezig.io","good","ok","no","no"
"solazabal@lbarealty.com","good","ok","no","no"
"sparker@trusttexas.bank","good","ok","no","no"
"spelletier@meyerci.com","good","ok","no","no"
"spencer@cruzan.co","good","ok","no","no"
"sporter@southalabamabrick.com","good","ok","no","no"
"sramanathan@salofltd.com","good","ok","no","no"
"srichardson@truhome.com","good","ok","no","no"
"sriram@integralops.com","risky","catch_all","no","no"
"sriram@unconv.ai","good","ok","no","no"
"srobertson@projectenhancement.com","good","ok","no","no"
"srobinson@austinsymphony.org","bad","invalid","no","no"
"srosenblum@phantom.app","good","ok","no","no"
"sruehman@bankdirectcapital.com","good","ok","no","no"
"srzimmerman@whyterra.com","good","ok","no","no"
"sschilling@gbbinc.com","good","ok","no","no"
"ssheth@lidoadvisors.com","good","ok","no","no"
"ssmith@indak.com","good","ok","no","no"
"ssmith@pic-corp.com","good","ok","no","no"
"ssnipes@natcem.com","good","ok","no","no"
"ssnyder@toolsinc.com","good","ok","no","no"
"sstapleton01@mbsaba.com","good","ok","no","no"
"sstell@enchantedrock.com","good","ok","no","no"
"sswan@cenergistic.com","good","ok","no","no"
"sswartz@loanadvisorgroup.com","good","ok","no","no"
"stacy.liu@athvision.com","risky","catch_all","no","no"
"stacy@cascaravacations.com","good","ok","no","no"
"stanford@apisecurityservices.com","bad","invalid","no","no"
"stanley.walukonis@o3indus.com","good","ok","no","no"
"stanos@ellisonmw.com","bad","invalid","no","no"
"stanton@murraywomble.com","good","ok","no","no"
"stephanie.hunt@crslimited.com","good","ok","no","no"
"stephanie.jattuso@ironmountainsolutions.com","good","ok","no","no"
"stephanie.morris@sitomni.com","good","ok","no","no"
"stephanie@kajabi.com","good","ok","no","no"
"stephanieswanson@iacx.com","good","ok","no","no"
"stephen@domainmoney.com","good","ok","no","no"
"stephen@oathverified.com","good","ok","no","no"
"steve.chavira@mortgagesolutions.net","risky","catch_all","no","no"
"steve.davis@drinkpres.com","risky","catch_all","no","no"
"steve.ford@wellermetal.com","good","ok","no","no"
"steve.forton@moceanla.com","good","ok","no","no"
"steve.spivey@cnanational.com","bad","invalid","no","no"
"steve@cascaderadon.com","risky","catch_all","no","no"
"steve@tropicalfoodsllc.com","good","ok","no","no"
"steven.arakawa@lanzatech.com","good","ok","no","no"
"steven.chapin@hingebio.com","good","ok","no","no"
"steven.noonan@dlmarketing.com","good","ok","no","no"
"steven@maloneconstructiontx.com","good","ok","no","no"
"steven_corvi@c-hawk.com","risky","catch_all","no","no"
"stevie.gerrells@nm.com","good","ok","no","no"
"stotonchian@petrosmith.com","good","ok","no","no"
"sue.oaks@rysemgt.com","good","ok","no","no"
"sue.smith@ffbh.bg","risky","catch_all","no","no"
"suraj@ecabrella.com","good","ok","no","no"
"suyash.k@mintextechnologies.com","good","ok","no","no"
"suzanna@asimedical.com","good","ok","no","no"
"suzieo@volumedist.com","bad","invalid","no","no"
"swd@byrnesoftware.com","good","ok","no","no"
"swhite@occjajail.org","good","ok","no","no"
"sxphiali@stanford.edu","good","ok","no","no"
"sydnie.heinz@insurefortress.com","good","ok","no","no"
"syung@gmpseminars.com","good","ok","no","no"
"szu.liu@dexima.ai","risky","catch_all","no","no"
"szumhofe@coastalbank.com","bad","invalid","no","no"
"tabitha@helmhealth.com","good","ok","no","no"
"tabshire@waveoperating.com","good","ok","no","no"
"tamer@e6software.com","risky","catch_all","no","no"
"tammie@pmanetwork.com","good","ok","no","no"
"tammy@mccoyroofing.com","risky","catch_all","no","no"
"tammyj@hdfowler.com","good","ok","no","no"
"taneha@kingsravenwine.com","good","ok","no","no"
"tannersmith@essolar.com","good","ok","no","no"
"taok@warn.com","good","ok","no","no"
"tara.latham@certaintyhomelending.com","good","ok","no","no"
"tara@laurenshope.com","good","ok","no","no"
"tara@ppm1875.com","good","ok","no","no"
"tara@systemsoffice.com","good","ok","no","no"
"tarek@smrpros.com","good","ok","no","no"
"tasha@petrospartners.com","good","ok","no","no"
"taylor.cheatham@l4cp.com","good","ok","no","no"
"taylor@mightygoodsolutions.com","good","ok","no","no"
"tbean@insurefigo.com","good","ok","no","no"
"tbethel@libertycapital.bank","good","ok","no","no"
"tbissonnette@atlanticvisionpartners.com","bad","invalid","no","no"
"tboehme@pecopallet.com","good","ok","no","no"
"tbowers@opifexenterprises.com","bad","invalid","no","no"
"tburton@flexpak.net","good","ok","no","no"
"tcantwell@gpdnow.com","risky","unknown","no","no"
"tcarper@nelsoncommunities.com","good","ok","no","no"
"tcastanie@astellc.com","good","ok","no","no"
"tculver@uniteduptime.com","good","ok","no","no"
"tdavis@ultraxinc.com","good","ok","no","no"
"tday@aghornenergy.com","good","ok","no","no"
"tdevore@covantagecu.org","bad","invalid","no","no"
"tdunphy@lamontfin.com","bad","invalid","no","no"
"ted@tcspirit.com","good","ok","no","no"
"teri@ucucb.omhcoxmail.com","risky","unknown","no","no"
"terry@certifiedusa.net","good","ok","no","no"
"terryr@primeis.com","good","ok","no","no"
"tess@systemcenter.com","good","ok","no","no"
"texanne@deliveriesondemand.com","good","ok","no","no"
"tganschow@diamondmasonry.net","good","ok","no","no"
"tgarner@republicelite.com","good","ok","no","no"
"tgrayless@engagepeo.com","good","ok","no","no"
"thad@creamcitycyber.com","good","ok","no","no"
"thanos@cbthera.com","good","ok","no","no"
"thebert@metroboilertube.com","good","ok","no","no"
"theodore.morris@qtimaging.com","good","ok","no","no"
"theresa@tradewindstowing.com","good","ok","no","no"
"thom@premierfinishing.com","good","ok","no","no"
"thomas.king@get10up.com","good","ok","no","no"
"thomas@hansonconsultgroup.com","good","ok","no","no"
"thompsonm@neumannbros.com","good","ok","no","no"
"thor.shavers@wozniakindustries.com","good","ok","no","no"
"thovhannisyan@goldenstatebank.com","good","ok","no","no"
"thurley@westernabatement.com","good","ok","no","no"
"thurst@activepath.com","good","ok","no","no"
"tiffany@thegenesiscompany.com","good","ok","no","no"
"tim.young@nciinstallation.net","good","ok","no","no"
"tim@heloevac.com","risky","unknown","no","no"
"tim@midoil.com","good","ok","no","no"
"tim@redwoodkyudojo.com","good","ok","no","no"
"timothy.miggins@mionettousa.com","good","ok","no","no"
"timothy@parmelacreamery.com","good","ok","no","no"
"timothyc@laposadagv.com","good","ok","no","no"
"tj.botkin@ion-fs.com","good","ok","no","no"
"tjohnson@auburnbank.com","bad","invalid","no","no"
"tjones@mwprecastsupply.com","good","ok","no","no"
"tjones@tcs-stlouis.com","good","ok","no","no"
"tkisner@krakenoil.com","good","ok","no","no"
"tlain@gnty.com","risky","catch_all","no","no"
"tlapoint@aeiconsultants.com","good","ok","no","no"
"tlipkin@altimetersg.com","good","ok","no","no"
"tmattingly@lovatousa.com","good","ok","no","no"
"tmdereiko@ericksongroup.com","good","ok","no","no"
"tmeyer@taylorconstr.com","good","ok","no","no"
"tmitchell@mycarrier.io","good","ok","no","no"
"tmoore@jonfweber.com","good","ok","no","no"
"tmoosa@westcapitallending.com","good","ok","no","no"
"tnguyen@taprecision.com","good","ok","no","no"
"todd.souers@comalwoodproducts.com","good","ok","no","no"
"todd@profloat.com","good","ok","no","no"
"toddh@alvastatebank.com","risky","unknown","no","no"
"tom.morris@elevationpoint.com","good","ok","no","no"
"tom@fa-llc.com","good","ok","no","no"
"tom@komfg.com","bad","invalid","no","no"
"tom@spindrifttechnologies.com","good","ok","no","no"
"tom@uspetfood.com","risky","unknown","no","no"
"tomas.restrepo@kaszek.com","risky","catch_all","no","no"
"tomcuddiejr@recuddie.com","good","ok","no","no"
"tonab@cooperativecu.com","good","ok","no","no"
"tonimantese@umpquabank.com","bad","invalid","no","no"
"tony.boyle@roarkgroup.com","good","ok","no","no"
"tony.uribe@exchangebank.com","good","ok","no","no"
"tony@sheetmetalwerks.com","good","ok","no","no"
"towsons@draperandkramer.com","bad","invalid","no","no"
"tpost@newgenadv.com","good","ok","no","no"
"tquintero@grbkmortgage.com","good","ok","no","no"
"traci.walsh@familycredit.org","good","ok","no","no"
"tracy@kaufmanconstruction.com","risky","unknown","no","no"
"tracy@mdelitelaser.com","good","ok","no","no"
"trae_edwards@ajg.com","good","ok","no","no"
"travis.paulson@christensenusa.com","good","ok","no","no"
"travis.richards@microage.com","good","ok","no","no"
"travis@chemsult.com","good","ok","no","no"
"travis@steamgenerationcorp.com","good","ok","no","no"
"trent@remento.co","good","ok","no","no"
"trevor.barnett@nrucfc.coop","good","ok","no","no"
"trey@edun.co","good","ok","no","no"
"tricia@capluscarenetwork.com","good","ok","no","no"
"trodgers@tahoeequity.com","good","ok","no","no"
"trowland@firstsecuritybk.com","good","ok","no","no"
"troy@citywidecre.com","good","ok","no","no"
"troy@umhd.com","good","ok","no","no"
"tsimon@aib.org","good","ok","no","no"
"tsmith@trugridpower.com","good","ok","no","no"
"tstevens@efcu.org","good","ok","no","no"
"ttropsa@oy6capital.com","good","ok","no","no"
"tvalasek@legacycreditunion.com","good","ok","no","no"
"tvanmeter@fluidmarine.com","good","ok","no","no"
"twatson@bhate.com","good","ok","no","no"
"tyler.clark@atlas-inno.com","good","ok","no","no"
"tyler.estes@nglep.com","good","ok","no","no"
"tyler@beckleymechanical.com","good","ok","no","no"
"tyler@pebblelife.com","good","ok","no","no"
"tylerl@keglogistics.com","good","ok","no","no"
"tyntema@bmg360.com","good","ok","no","no"
"v.packett@ndgi.com","risky","catch_all","no","no"
"vabraham@cv-limbsalvage.com","good","ok","no","no"
"vaibhav@healthharbor.co","risky","catch_all","no","no"
"vanessa.j@conexusrecruiting.com","good","ok","no","no"
"vanessa@clearstem.com","good","ok","no","no"
"vanessa@demandgrowthdigital.ai","good","ok","no","no"
"vbalakrishnan@ucageneral.com","good","ok","no","no"
"vburkhart@se-fi.com","good","ok","no","no"
"veronica@kartel.ai","good","ok","no","no"
"vfugina@jacksonprop.com","good","ok","no","no"
"vgao@bcegi.us","risky","catch_all","no","no"
"vic@losangelesmoves.com","good","ok","no","no"
"vick@getbild.com","good","ok","no","no"
"vicki@theprescottcompany.com","risky","catch_all","no","no"
"vignesh@strivecomputing.com","good","ok","no","no"
"vince.tan@aispeech.com","good","ok","no","no"
"vkouvelis@vancestreetcapital.com","good","ok","no","no"
"vmowrer@latahcu.coop","good","ok","no","no"
"vnguyen@apricorn.com","good","ok","no","no"
"wadrianson@cleancapital.com","good","ok","no","no"
"walsh@naicapital.com","bad","invalid","no","no"
"wbass@lithosresources.com","good","ok","no","no"
"wboothe@foundershsg.com","good","ok","no","no"
"wdraughon@afco.com","good","ok","no","no"
"wendi.lincoln@lincplumbing.com","good","ok","no","no"
"weplace@byrnesandrupkey.com","bad","invalid","no","no"
"wes@lakemanagementinc.net","risky","catch_all","no","no"
"wesley@ridgleatheater.com","risky","unknown","no","no"
"wesselm@calybre.global","good","ok","no","no"
"wheath@cnettechnologies.com","good","ok","no","no"
"white@millenniumpipeline.com","good","ok","no","no"
"will.murchison@junctionusa.com","good","ok","no","no"
"will.strickland@anderson-global.com","good","ok","no","no"
"will@catenahomes.com","risky","catch_all","no","no"
"will@furtherai.com","good","ok","no","no"
"william.armenta@excelconstruction.biz","good","ok","no","no"
"willy@knrplservices.com","good","ok","no","no"
"wiremesh@standardwiresteel.com","good","ok","no","no"
"wmarx@clayresidential.com","good","ok","no","no"
"wmead@fourmileconstruction.com","good","ok","no","no"
"wspaulding@aed123.com","good","ok","no","no"
"wtan@micro-mechanics.com","good","ok","no","no"
"wvaneman@fidelity-usa.com","good","ok","no","no"
"wwarne@carlile.biz","good","ok","no","no"
"wzhao@homepartners.com","good","ok","no","no"
"yang.jing@venerable.com","good","ok","no","no"
"ygonzalez@narisk.com","good","ok","no","no"
"yolanda@acera.org.au","good","ok","no","no"
"young@sylrealty.com","risky","unknown","no","no"
"yshields@mypfb.bank","good","ok","no","no"
"ytijerina@bnkwest.com","bad","invalid","no","no"
"yufeng.wang@sg.bosch.com","good","ok","no","no"
"zac.fidler@relevantsolutions.com","good","ok","no","no"
"zac@dlfootwear.com","risky","unknown","no","no"
"zach@crosstimbers.com","good","ok","no","no"
"zach@ushelicals.com","good","ok","no","no"
"zacharyboyd@silktide.com","good","ok","no","no"
"zarrabi@bcre.la","good","ok","no","no"
"zfernandez@altavistacu.org","good","ok","no","no"
"zia.ye@keppel.com","good","ok","no","no"
"zlarson@beaconoffshore.com","good","ok","no","no"
"zoe@socialcoach.io","risky","catch_all","no","no"
"zoie@woodchuckcase.com","good","ok","no","no"
